  0
SECTION
  2
HEADER
  9
$ANGBASE
  50
0.0
  9
$ANGDIR
  70
1
  9
$MEASUREMENT
  70
0
  0
ENDSEC
  0
SECTION
  2
TABLES
  0
TABLE
  2
LTYPE
  70
4
  0
LTYPE
  5
40F
  2
CONTINUOUS
  70
0
  3
Solid line
  72
65
  73
0
  40
0.0
  0
LTYPE
  5
410
  2
DASHDOT
 70
0
  3
Dash Dot ____ _ ____ _
 72
65
 73
4
 40
2.0
 49
1.25
 49
-0.25
 49
0.25
 49
-0.25
  0
LTYPE
  5
411
  2
DASHED
 70
0
  3
Dashed __ __ __ __ __
 72
65
 73
2
 40
0.75
 49
0.5
 49
-0.25
  0
LTYPE
  5
43B
  2
DOTTED
 70
0
  3
Dotted .  .  .  .
 72
65
 73
2
 40
0.2
 49
0.0
 49
-0.2
  0
ENDTAB
  0
TABLE
  2
STYLE
  70
4
  0
STYLE
  2
KICAD
  70
0
  40
0
  41
1
  42
1
  50
0
  71
0
  3
isocp.shx
  0
STYLE
  2
KICADB
  70
0
  40
0
  41
1
  42
1
  50
0
  71
0
  3
isocp.shx
  0
STYLE
  2
KICADI
  70
0
  40
0
  41
1
  42
1
  50
15
  71
0
  3
isocp.shx
  0
STYLE
  2
KICADBI
  70
0
  40
0
  41
1
  42
1
  50
15
  71
0
  3
isocp.shx
  0
ENDTAB
  0
TABLE
  2
LAYER
  70
1
  0
LAYER
  2
BLACK
  70
0
  62
7
  6
CONTINUOUS
  0
ENDTAB
  0
ENDSEC
  0
SECTION
  2
ENTITIES
0
LINE
8
BLACK
6
CONTINUOUS
10
5.5316409055118108
20
-4.7851625984251971
11
5.53270531496063
21
-4.7856035039370077
0
LINE
8
BLACK
6
CONTINUOUS
10
5.53270531496063
20
-4.7856035039370077
11
5.5335199606299215
21
-4.7864181496062992
0
LINE
8
BLACK
6
CONTINUOUS
10
5.5335199606299215
20
-4.7864181496062992
11
5.5339608661417321
21
-4.7874825590551184
0
LINE
8
BLACK
6
CONTINUOUS
10
5.5339608661417321
20
-4.7874825590551184
11
5.5339608661417321
21
-4.7886346850393702
0
LINE
8
BLACK
6
CONTINUOUS
10
5.5339608661417321
20
-4.7886346850393702
11
5.5335199606299215
21
-4.7896990944881885
0
LINE
8
BLACK
6
CONTINUOUS
10
5.5335199606299215
20
-4.7896990944881885
11
5.53270531496063
21
-4.79051374015748
0
LINE
8
BLACK
6
CONTINUOUS
10
5.53270531496063
20
-4.79051374015748
11
5.5316409055118108
21
-4.7909546456692915
0
LINE
8
BLACK
6
CONTINUOUS
10
5.5316409055118108
20
-4.7909546456692915
11
5.5310648425196849
21
-4.7910113779527554
0
LINE
8
BLACK
6
CONTINUOUS
10
5.5310648425196849
20
-4.7910113779527554
11
5.4710648425196853
21
-4.7910113779527554
0
LINE
8
BLACK
6
CONTINUOUS
10
5.4710648425196853
20
-4.7910113779527554
11
5.4704887795275585
21
-4.7909546456692915
0
LINE
8
BLACK
6
CONTINUOUS
10
5.4704887795275585
20
-4.7909546456692915
11
5.4694243700787402
21
-4.79051374015748
0
LINE
8
BLACK
6
CONTINUOUS
10
5.4694243700787402
20
-4.79051374015748
11
5.4686097244094487
21
-4.7896990944881885
0
LINE
8
BLACK
6
CONTINUOUS
10
5.4686097244094487
20
-4.7896990944881885
11
5.4681688188976381
21
-4.7886346850393702
0
LINE
8
BLACK
6
CONTINUOUS
10
5.4681688188976381
20
-4.7886346850393702
11
5.4681688188976381
21
-4.7874825590551184
0
LINE
8
BLACK
6
CONTINUOUS
10
5.4681688188976381
20
-4.7874825590551184
11
5.4686097244094487
21
-4.7864181496062992
0
LINE
8
BLACK
6
CONTINUOUS
10
5.4686097244094487
20
-4.7864181496062992
11
5.4694243700787402
21
-4.7856035039370077
0
LINE
8
BLACK
6
CONTINUOUS
10
5.4694243700787402
20
-4.7856035039370077
11
5.4704887795275585
21
-4.7851625984251971
0
LINE
8
BLACK
6
CONTINUOUS
10
5.4704887795275585
20
-4.7851625984251971
11
5.4710648425196853
21
-4.7851058661417323
0
LINE
8
BLACK
6
CONTINUOUS
10
5.4710648425196853
20
-4.7851058661417323
11
5.5310648425196849
21
-4.7851058661417323
0
LINE
8
BLACK
6
CONTINUOUS
10
5.5310648425196849
20
-4.7851058661417323
11
5.5316409055118108
21
-4.7851625984251971
0
LINE
8
BLACK
6
CONTINUOUS
10
5.6316409055118113
20
-4.7851625984251971
11
5.6327053149606297
21
-4.7856035039370077
0
LINE
8
BLACK
6
CONTINUOUS
10
5.6327053149606297
20
-4.7856035039370077
11
5.6335199606299211
21
-4.7864181496062992
0
LINE
8
BLACK
6
CONTINUOUS
10
5.6335199606299211
20
-4.7864181496062992
11
5.6339608661417317
21
-4.7874825590551184
0
LINE
8
BLACK
6
CONTINUOUS
10
5.6339608661417317
20
-4.7874825590551184
11
5.6339608661417317
21
-4.7886346850393702
0
LINE
8
BLACK
6
CONTINUOUS
10
5.6339608661417317
20
-4.7886346850393702
11
5.6335199606299211
21
-4.7896990944881885
0
LINE
8
BLACK
6
CONTINUOUS
10
5.6335199606299211
20
-4.7896990944881885
11
5.6327053149606297
21
-4.79051374015748
0
LINE
8
BLACK
6
CONTINUOUS
10
5.6327053149606297
20
-4.79051374015748
11
5.6316409055118113
21
-4.7909546456692915
0
LINE
8
BLACK
6
CONTINUOUS
10
5.6316409055118113
20
-4.7909546456692915
11
5.6310648425196845
21
-4.7910113779527554
0
LINE
8
BLACK
6
CONTINUOUS
10
5.6310648425196845
20
-4.7910113779527554
11
5.5710648425196849
21
-4.7910113779527554
0
LINE
8
BLACK
6
CONTINUOUS
10
5.5710648425196849
20
-4.7910113779527554
11
5.5704887795275591
21
-4.7909546456692915
0
LINE
8
BLACK
6
CONTINUOUS
10
5.5704887795275591
20
-4.7909546456692915
11
5.5694243700787398
21
-4.79051374015748
0
LINE
8
BLACK
6
CONTINUOUS
10
5.5694243700787398
20
-4.79051374015748
11
5.5686097244094483
21
-4.7896990944881885
0
LINE
8
BLACK
6
CONTINUOUS
10
5.5686097244094483
20
-4.7896990944881885
11
5.5681688188976377
21
-4.7886346850393702
0
LINE
8
BLACK
6
CONTINUOUS
10
5.5681688188976377
20
-4.7886346850393702
11
5.5681688188976377
21
-4.7874825590551184
0
LINE
8
BLACK
6
CONTINUOUS
10
5.5681688188976377
20
-4.7874825590551184
11
5.5686097244094483
21
-4.7864181496062992
0
LINE
8
BLACK
6
CONTINUOUS
10
5.5686097244094483
20
-4.7864181496062992
11
5.5694243700787398
21
-4.7856035039370077
0
LINE
8
BLACK
6
CONTINUOUS
10
5.5694243700787398
20
-4.7856035039370077
11
5.5704887795275591
21
-4.7851625984251971
0
LINE
8
BLACK
6
CONTINUOUS
10
5.5704887795275591
20
-4.7851625984251971
11
5.5710648425196849
21
-4.7851058661417323
0
LINE
8
BLACK
6
CONTINUOUS
10
5.5710648425196849
20
-4.7851058661417323
11
5.6310648425196845
21
-4.7851058661417323
0
LINE
8
BLACK
6
CONTINUOUS
10
5.6310648425196845
20
-4.7851058661417323
11
5.6316409055118113
21
-4.7851625984251971
0
LINE
8
BLACK
6
CONTINUOUS
10
6.0316409055118108
20
-4.7851625984251971
11
6.03270531496063
21
-4.7856035039370077
0
LINE
8
BLACK
6
CONTINUOUS
10
6.03270531496063
20
-4.7856035039370077
11
6.0335199606299215
21
-4.7864181496062992
0
LINE
8
BLACK
6
CONTINUOUS
10
6.0335199606299215
20
-4.7864181496062992
11
6.0339608661417321
21
-4.7874825590551184
0
LINE
8
BLACK
6
CONTINUOUS
10
6.0339608661417321
20
-4.7874825590551184
11
6.0339608661417321
21
-4.7886346850393702
0
LINE
8
BLACK
6
CONTINUOUS
10
6.0339608661417321
20
-4.7886346850393702
11
6.0335199606299215
21
-4.7896990944881885
0
LINE
8
BLACK
6
CONTINUOUS
10
6.0335199606299215
20
-4.7896990944881885
11
6.03270531496063
21
-4.79051374015748
0
LINE
8
BLACK
6
CONTINUOUS
10
6.03270531496063
20
-4.79051374015748
11
6.0316409055118108
21
-4.7909546456692915
0
LINE
8
BLACK
6
CONTINUOUS
10
6.0316409055118108
20
-4.7909546456692915
11
6.0310648425196849
21
-4.7910113779527554
0
LINE
8
BLACK
6
CONTINUOUS
10
6.0310648425196849
20
-4.7910113779527554
11
5.9710648425196853
21
-4.7910113779527554
0
LINE
8
BLACK
6
CONTINUOUS
10
5.9710648425196853
20
-4.7910113779527554
11
5.9704887795275585
21
-4.7909546456692915
0
LINE
8
BLACK
6
CONTINUOUS
10
5.9704887795275585
20
-4.7909546456692915
11
5.9694243700787402
21
-4.79051374015748
0
LINE
8
BLACK
6
CONTINUOUS
10
5.9694243700787402
20
-4.79051374015748
11
5.9686097244094487
21
-4.7896990944881885
0
LINE
8
BLACK
6
CONTINUOUS
10
5.9686097244094487
20
-4.7896990944881885
11
5.9681688188976381
21
-4.7886346850393702
0
LINE
8
BLACK
6
CONTINUOUS
10
5.9681688188976381
20
-4.7886346850393702
11
5.9681688188976381
21
-4.7874825590551184
0
LINE
8
BLACK
6
CONTINUOUS
10
5.9681688188976381
20
-4.7874825590551184
11
5.9686097244094487
21
-4.7864181496062992
0
LINE
8
BLACK
6
CONTINUOUS
10
5.9686097244094487
20
-4.7864181496062992
11
5.9694243700787402
21
-4.7856035039370077
0
LINE
8
BLACK
6
CONTINUOUS
10
5.9694243700787402
20
-4.7856035039370077
11
5.9704887795275585
21
-4.7851625984251971
0
LINE
8
BLACK
6
CONTINUOUS
10
5.9704887795275585
20
-4.7851625984251971
11
5.9710648425196853
21
-4.7851058661417323
0
LINE
8
BLACK
6
CONTINUOUS
10
5.9710648425196853
20
-4.7851058661417323
11
6.0310648425196849
21
-4.7851058661417323
0
LINE
8
BLACK
6
CONTINUOUS
10
6.0310648425196849
20
-4.7851058661417323
11
6.0316409055118108
21
-4.7851625984251971
0
LINE
8
BLACK
6
CONTINUOUS
10
6.1316409055118113
20
-4.7851625984251971
11
6.1327053149606297
21
-4.7856035039370077
0
LINE
8
BLACK
6
CONTINUOUS
10
6.1327053149606297
20
-4.7856035039370077
11
6.1335199606299211
21
-4.7864181496062992
0
LINE
8
BLACK
6
CONTINUOUS
10
6.1335199606299211
20
-4.7864181496062992
11
6.1339608661417317
21
-4.7874825590551184
0
LINE
8
BLACK
6
CONTINUOUS
10
6.1339608661417317
20
-4.7874825590551184
11
6.1339608661417317
21
-4.7886346850393702
0
LINE
8
BLACK
6
CONTINUOUS
10
6.1339608661417317
20
-4.7886346850393702
11
6.1335199606299211
21
-4.7896990944881885
0
LINE
8
BLACK
6
CONTINUOUS
10
6.1335199606299211
20
-4.7896990944881885
11
6.1327053149606297
21
-4.79051374015748
0
LINE
8
BLACK
6
CONTINUOUS
10
6.1327053149606297
20
-4.79051374015748
11
6.1316409055118113
21
-4.7909546456692915
0
LINE
8
BLACK
6
CONTINUOUS
10
6.1316409055118113
20
-4.7909546456692915
11
6.1310648425196845
21
-4.7910113779527554
0
LINE
8
BLACK
6
CONTINUOUS
10
6.1310648425196845
20
-4.7910113779527554
11
6.0710648425196849
21
-4.7910113779527554
0
LINE
8
BLACK
6
CONTINUOUS
10
6.0710648425196849
20
-4.7910113779527554
11
6.0704887795275591
21
-4.7909546456692915
0
LINE
8
BLACK
6
CONTINUOUS
10
6.0704887795275591
20
-4.7909546456692915
11
6.0694243700787398
21
-4.79051374015748
0
LINE
8
BLACK
6
CONTINUOUS
10
6.0694243700787398
20
-4.79051374015748
11
6.0686097244094483
21
-4.7896990944881885
0
LINE
8
BLACK
6
CONTINUOUS
10
6.0686097244094483
20
-4.7896990944881885
11
6.0681688188976377
21
-4.7886346850393702
0
LINE
8
BLACK
6
CONTINUOUS
10
6.0681688188976377
20
-4.7886346850393702
11
6.0681688188976377
21
-4.7874825590551184
0
LINE
8
BLACK
6
CONTINUOUS
10
6.0681688188976377
20
-4.7874825590551184
11
6.0686097244094483
21
-4.7864181496062992
0
LINE
8
BLACK
6
CONTINUOUS
10
6.0686097244094483
20
-4.7864181496062992
11
6.0694243700787398
21
-4.7856035039370077
0
LINE
8
BLACK
6
CONTINUOUS
10
6.0694243700787398
20
-4.7856035039370077
11
6.0704887795275591
21
-4.7851625984251971
0
LINE
8
BLACK
6
CONTINUOUS
10
6.0704887795275591
20
-4.7851625984251971
11
6.0710648425196849
21
-4.7851058661417323
0
LINE
8
BLACK
6
CONTINUOUS
10
6.0710648425196849
20
-4.7851058661417323
11
6.1310648425196845
21
-4.7851058661417323
0
LINE
8
BLACK
6
CONTINUOUS
10
6.1310648425196845
20
-4.7851058661417323
11
6.1316409055118113
21
-4.7851625984251971
0
LINE
8
BLACK
6
CONTINUOUS
10
5.4732472440944884
20
-4.7121546456692913
11
5.473427047244094
21
-4.7130586220472441
0
LINE
8
BLACK
6
CONTINUOUS
10
5.473427047244094
20
-4.7130586220472441
11
5.473427047244094
21
-4.7430586220472444
0
LINE
8
BLACK
6
CONTINUOUS
10
5.473427047244094
20
-4.7430586220472444
11
5.4732472440944884
21
-4.7439625984251972
0
LINE
8
BLACK
6
CONTINUOUS
10
5.4732472440944884
20
-4.7439625984251972
11
5.4719688188976381
21
-4.7452410236220475
0
LINE
8
BLACK
6
CONTINUOUS
10
5.4719688188976381
20
-4.7452410236220475
11
5.4701608661417325
21
-4.7452410236220475
0
LINE
8
BLACK
6
CONTINUOUS
10
5.4701608661417325
20
-4.7452410236220475
11
5.4688824409448822
21
-4.7439625984251972
0
LINE
8
BLACK
6
CONTINUOUS
10
5.4688824409448822
20
-4.7439625984251972
11
5.4687026377952757
21
-4.7430586220472444
0
LINE
8
BLACK
6
CONTINUOUS
10
5.4687026377952757
20
-4.7430586220472444
11
5.4687026377952757
21
-4.7130586220472441
0
LINE
8
BLACK
6
CONTINUOUS
10
5.4687026377952757
20
-4.7130586220472441
11
5.4688824409448822
21
-4.7121546456692913
0
LINE
8
BLACK
6
CONTINUOUS
10
5.4688824409448822
20
-4.7121546456692913
11
5.4701608661417325
21
-4.710876220472441
0
LINE
8
BLACK
6
CONTINUOUS
10
5.4701608661417325
20
-4.710876220472441
11
5.4719688188976381
21
-4.710876220472441
0
LINE
8
BLACK
6
CONTINUOUS
10
5.4719688188976381
20
-4.710876220472441
11
5.4732472440944884
21
-4.7121546456692913
0
LINE
8
BLACK
6
CONTINUOUS
10
5.533247244094488
20
-4.7121546456692913
11
5.5334270472440945
21
-4.7130586220472441
0
LINE
8
BLACK
6
CONTINUOUS
10
5.5334270472440945
20
-4.7130586220472441
11
5.5334270472440945
21
-4.7430586220472444
0
LINE
8
BLACK
6
CONTINUOUS
10
5.5334270472440945
20
-4.7430586220472444
11
5.533247244094488
21
-4.7439625984251972
0
LINE
8
BLACK
6
CONTINUOUS
10
5.533247244094488
20
-4.7439625984251972
11
5.5319688188976377
21
-4.7452410236220475
0
LINE
8
BLACK
6
CONTINUOUS
10
5.5319688188976377
20
-4.7452410236220475
11
5.5301608661417321
21
-4.7452410236220475
0
LINE
8
BLACK
6
CONTINUOUS
10
5.5301608661417321
20
-4.7452410236220475
11
5.5288824409448818
21
-4.7439625984251972
0
LINE
8
BLACK
6
CONTINUOUS
10
5.5288824409448818
20
-4.7439625984251972
11
5.5287026377952753
21
-4.7430586220472444
0
LINE
8
BLACK
6
CONTINUOUS
10
5.5287026377952753
20
-4.7430586220472444
11
5.5287026377952753
21
-4.7130586220472441
0
LINE
8
BLACK
6
CONTINUOUS
10
5.5287026377952753
20
-4.7130586220472441
11
5.5288824409448818
21
-4.7121546456692913
0
LINE
8
BLACK
6
CONTINUOUS
10
5.5288824409448818
20
-4.7121546456692913
11
5.5301608661417321
21
-4.710876220472441
0
LINE
8
BLACK
6
CONTINUOUS
10
5.5301608661417321
20
-4.710876220472441
11
5.5319688188976377
21
-4.710876220472441
0
LINE
8
BLACK
6
CONTINUOUS
10
5.5319688188976377
20
-4.710876220472441
11
5.533247244094488
21
-4.7121546456692913
0
LINE
8
BLACK
6
CONTINUOUS
10
5.573247244094488
20
-4.7121546456692913
11
5.5734270472440945
21
-4.7130586220472441
0
LINE
8
BLACK
6
CONTINUOUS
10
5.5734270472440945
20
-4.7130586220472441
11
5.5734270472440945
21
-4.7430586220472444
0
LINE
8
BLACK
6
CONTINUOUS
10
5.5734270472440945
20
-4.7430586220472444
11
5.573247244094488
21
-4.7439625984251972
0
LINE
8
BLACK
6
CONTINUOUS
10
5.573247244094488
20
-4.7439625984251972
11
5.5719688188976377
21
-4.7452410236220475
0
LINE
8
BLACK
6
CONTINUOUS
10
5.5719688188976377
20
-4.7452410236220475
11
5.5701608661417321
21
-4.7452410236220475
0
LINE
8
BLACK
6
CONTINUOUS
10
5.5701608661417321
20
-4.7452410236220475
11
5.5688824409448818
21
-4.7439625984251972
0
LINE
8
BLACK
6
CONTINUOUS
10
5.5688824409448818
20
-4.7439625984251972
11
5.5687026377952753
21
-4.7430586220472444
0
LINE
8
BLACK
6
CONTINUOUS
10
5.5687026377952753
20
-4.7430586220472444
11
5.5687026377952753
21
-4.7130586220472441
0
LINE
8
BLACK
6
CONTINUOUS
10
5.5687026377952753
20
-4.7130586220472441
11
5.5688824409448818
21
-4.7121546456692913
0
LINE
8
BLACK
6
CONTINUOUS
10
5.5688824409448818
20
-4.7121546456692913
11
5.5701608661417321
21
-4.710876220472441
0
LINE
8
BLACK
6
CONTINUOUS
10
5.5701608661417321
20
-4.710876220472441
11
5.5719688188976377
21
-4.710876220472441
0
LINE
8
BLACK
6
CONTINUOUS
10
5.5719688188976377
20
-4.710876220472441
11
5.573247244094488
21
-4.7121546456692913
0
LINE
8
BLACK
6
CONTINUOUS
10
5.6332472440944876
20
-4.7121546456692913
11
5.6334270472440942
21
-4.7130586220472441
0
LINE
8
BLACK
6
CONTINUOUS
10
5.6334270472440942
20
-4.7130586220472441
11
5.6334270472440942
21
-4.7430586220472444
0
LINE
8
BLACK
6
CONTINUOUS
10
5.6334270472440942
20
-4.7430586220472444
11
5.6332472440944876
21
-4.7439625984251972
0
LINE
8
BLACK
6
CONTINUOUS
10
5.6332472440944876
20
-4.7439625984251972
11
5.6319688188976373
21
-4.7452410236220475
0
LINE
8
BLACK
6
CONTINUOUS
10
5.6319688188976373
20
-4.7452410236220475
11
5.6301608661417317
21
-4.7452410236220475
0
LINE
8
BLACK
6
CONTINUOUS
10
5.6301608661417317
20
-4.7452410236220475
11
5.6288824409448814
21
-4.7439625984251972
0
LINE
8
BLACK
6
CONTINUOUS
10
5.6288824409448814
20
-4.7439625984251972
11
5.6287026377952758
21
-4.7430586220472444
0
LINE
8
BLACK
6
CONTINUOUS
10
5.6287026377952758
20
-4.7430586220472444
11
5.6287026377952758
21
-4.7130586220472441
0
LINE
8
BLACK
6
CONTINUOUS
10
5.6287026377952758
20
-4.7130586220472441
11
5.6288824409448814
21
-4.7121546456692913
0
LINE
8
BLACK
6
CONTINUOUS
10
5.6288824409448814
20
-4.7121546456692913
11
5.6301608661417317
21
-4.710876220472441
0
LINE
8
BLACK
6
CONTINUOUS
10
5.6301608661417317
20
-4.710876220472441
11
5.6319688188976373
21
-4.710876220472441
0
LINE
8
BLACK
6
CONTINUOUS
10
5.6319688188976373
20
-4.710876220472441
11
5.6332472440944876
21
-4.7121546456692913
0
LINE
8
BLACK
6
CONTINUOUS
10
5.9732472440944884
20
-4.7121546456692913
11
5.973427047244094
21
-4.7130586220472441
0
LINE
8
BLACK
6
CONTINUOUS
10
5.973427047244094
20
-4.7130586220472441
11
5.973427047244094
21
-4.7430586220472444
0
LINE
8
BLACK
6
CONTINUOUS
10
5.973427047244094
20
-4.7430586220472444
11
5.9732472440944884
21
-4.7439625984251972
0
LINE
8
BLACK
6
CONTINUOUS
10
5.9732472440944884
20
-4.7439625984251972
11
5.9719688188976381
21
-4.7452410236220475
0
LINE
8
BLACK
6
CONTINUOUS
10
5.9719688188976381
20
-4.7452410236220475
11
5.9701608661417325
21
-4.7452410236220475
0
LINE
8
BLACK
6
CONTINUOUS
10
5.9701608661417325
20
-4.7452410236220475
11
5.9688824409448822
21
-4.7439625984251972
0
LINE
8
BLACK
6
CONTINUOUS
10
5.9688824409448822
20
-4.7439625984251972
11
5.9687026377952757
21
-4.7430586220472444
0
LINE
8
BLACK
6
CONTINUOUS
10
5.9687026377952757
20
-4.7430586220472444
11
5.9687026377952757
21
-4.7130586220472441
0
LINE
8
BLACK
6
CONTINUOUS
10
5.9687026377952757
20
-4.7130586220472441
11
5.9688824409448822
21
-4.7121546456692913
0
LINE
8
BLACK
6
CONTINUOUS
10
5.9688824409448822
20
-4.7121546456692913
11
5.9701608661417325
21
-4.710876220472441
0
LINE
8
BLACK
6
CONTINUOUS
10
5.9701608661417325
20
-4.710876220472441
11
5.9719688188976381
21
-4.710876220472441
0
LINE
8
BLACK
6
CONTINUOUS
10
5.9719688188976381
20
-4.710876220472441
11
5.9732472440944884
21
-4.7121546456692913
0
LINE
8
BLACK
6
CONTINUOUS
10
6.033247244094488
20
-4.7121546456692913
11
6.0334270472440945
21
-4.7130586220472441
0
LINE
8
BLACK
6
CONTINUOUS
10
6.0334270472440945
20
-4.7130586220472441
11
6.0334270472440945
21
-4.7430586220472444
0
LINE
8
BLACK
6
CONTINUOUS
10
6.0334270472440945
20
-4.7430586220472444
11
6.033247244094488
21
-4.7439625984251972
0
LINE
8
BLACK
6
CONTINUOUS
10
6.033247244094488
20
-4.7439625984251972
11
6.0319688188976377
21
-4.7452410236220475
0
LINE
8
BLACK
6
CONTINUOUS
10
6.0319688188976377
20
-4.7452410236220475
11
6.0301608661417321
21
-4.7452410236220475
0
LINE
8
BLACK
6
CONTINUOUS
10
6.0301608661417321
20
-4.7452410236220475
11
6.0288824409448818
21
-4.7439625984251972
0
LINE
8
BLACK
6
CONTINUOUS
10
6.0288824409448818
20
-4.7439625984251972
11
6.0287026377952753
21
-4.7430586220472444
0
LINE
8
BLACK
6
CONTINUOUS
10
6.0287026377952753
20
-4.7430586220472444
11
6.0287026377952753
21
-4.7130586220472441
0
LINE
8
BLACK
6
CONTINUOUS
10
6.0287026377952753
20
-4.7130586220472441
11
6.0288824409448818
21
-4.7121546456692913
0
LINE
8
BLACK
6
CONTINUOUS
10
6.0288824409448818
20
-4.7121546456692913
11
6.0301608661417321
21
-4.710876220472441
0
LINE
8
BLACK
6
CONTINUOUS
10
6.0301608661417321
20
-4.710876220472441
11
6.0319688188976377
21
-4.710876220472441
0
LINE
8
BLACK
6
CONTINUOUS
10
6.0319688188976377
20
-4.710876220472441
11
6.033247244094488
21
-4.7121546456692913
0
LINE
8
BLACK
6
CONTINUOUS
10
6.073247244094488
20
-4.7121546456692913
11
6.0734270472440945
21
-4.7130586220472441
0
LINE
8
BLACK
6
CONTINUOUS
10
6.0734270472440945
20
-4.7130586220472441
11
6.0734270472440945
21
-4.7430586220472444
0
LINE
8
BLACK
6
CONTINUOUS
10
6.0734270472440945
20
-4.7430586220472444
11
6.073247244094488
21
-4.7439625984251972
0
LINE
8
BLACK
6
CONTINUOUS
10
6.073247244094488
20
-4.7439625984251972
11
6.0719688188976377
21
-4.7452410236220475
0
LINE
8
BLACK
6
CONTINUOUS
10
6.0719688188976377
20
-4.7452410236220475
11
6.0701608661417321
21
-4.7452410236220475
0
LINE
8
BLACK
6
CONTINUOUS
10
6.0701608661417321
20
-4.7452410236220475
11
6.0688824409448818
21
-4.7439625984251972
0
LINE
8
BLACK
6
CONTINUOUS
10
6.0688824409448818
20
-4.7439625984251972
11
6.0687026377952753
21
-4.7430586220472444
0
LINE
8
BLACK
6
CONTINUOUS
10
6.0687026377952753
20
-4.7430586220472444
11
6.0687026377952753
21
-4.7130586220472441
0
LINE
8
BLACK
6
CONTINUOUS
10
6.0687026377952753
20
-4.7130586220472441
11
6.0688824409448818
21
-4.7121546456692913
0
LINE
8
BLACK
6
CONTINUOUS
10
6.0688824409448818
20
-4.7121546456692913
11
6.0701608661417321
21
-4.710876220472441
0
LINE
8
BLACK
6
CONTINUOUS
10
6.0701608661417321
20
-4.710876220472441
11
6.0719688188976377
21
-4.710876220472441
0
LINE
8
BLACK
6
CONTINUOUS
10
6.0719688188976377
20
-4.710876220472441
11
6.073247244094488
21
-4.7121546456692913
0
LINE
8
BLACK
6
CONTINUOUS
10
6.1332472440944876
20
-4.7121546456692913
11
6.1334270472440942
21
-4.7130586220472441
0
LINE
8
BLACK
6
CONTINUOUS
10
6.1334270472440942
20
-4.7130586220472441
11
6.1334270472440942
21
-4.7430586220472444
0
LINE
8
BLACK
6
CONTINUOUS
10
6.1334270472440942
20
-4.7430586220472444
11
6.1332472440944876
21
-4.7439625984251972
0
LINE
8
BLACK
6
CONTINUOUS
10
6.1332472440944876
20
-4.7439625984251972
11
6.1319688188976373
21
-4.7452410236220475
0
LINE
8
BLACK
6
CONTINUOUS
10
6.1319688188976373
20
-4.7452410236220475
11
6.1301608661417317
21
-4.7452410236220475
0
LINE
8
BLACK
6
CONTINUOUS
10
6.1301608661417317
20
-4.7452410236220475
11
6.1288824409448814
21
-4.7439625984251972
0
LINE
8
BLACK
6
CONTINUOUS
10
6.1288824409448814
20
-4.7439625984251972
11
6.1287026377952758
21
-4.7430586220472444
0
LINE
8
BLACK
6
CONTINUOUS
10
6.1287026377952758
20
-4.7430586220472444
11
6.1287026377952758
21
-4.7130586220472441
0
LINE
8
BLACK
6
CONTINUOUS
10
6.1287026377952758
20
-4.7130586220472441
11
6.1288824409448814
21
-4.7121546456692913
0
LINE
8
BLACK
6
CONTINUOUS
10
6.1288824409448814
20
-4.7121546456692913
11
6.1301608661417317
21
-4.710876220472441
0
LINE
8
BLACK
6
CONTINUOUS
10
6.1301608661417317
20
-4.710876220472441
11
6.1319688188976373
21
-4.710876220472441
0
LINE
8
BLACK
6
CONTINUOUS
10
6.1319688188976373
20
-4.710876220472441
11
6.1332472440944876
21
-4.7121546456692913
0
LINE
8
BLACK
6
CONTINUOUS
10
5.5316409055118108
20
-4.665162598425197
11
5.53270531496063
21
-4.6656035039370076
0
LINE
8
BLACK
6
CONTINUOUS
10
5.53270531496063
20
-4.6656035039370076
11
5.5335199606299215
21
-4.6664181496062991
0
LINE
8
BLACK
6
CONTINUOUS
10
5.5335199606299215
20
-4.6664181496062991
11
5.5339608661417321
21
-4.6674825590551183
0
LINE
8
BLACK
6
CONTINUOUS
10
5.5339608661417321
20
-4.6674825590551183
11
5.5339608661417321
21
-4.6686346850393701
0
LINE
8
BLACK
6
CONTINUOUS
10
5.5339608661417321
20
-4.6686346850393701
11
5.5335199606299215
21
-4.6696990944881884
0
LINE
8
BLACK
6
CONTINUOUS
10
5.5335199606299215
20
-4.6696990944881884
11
5.53270531496063
21
-4.6705137401574799
0
LINE
8
BLACK
6
CONTINUOUS
10
5.53270531496063
20
-4.6705137401574799
11
5.5316409055118108
21
-4.6709546456692914
0
LINE
8
BLACK
6
CONTINUOUS
10
5.5316409055118108
20
-4.6709546456692914
11
5.5310648425196849
21
-4.6710113779527562
0
LINE
8
BLACK
6
CONTINUOUS
10
5.5310648425196849
20
-4.6710113779527562
11
5.4710648425196853
21
-4.6710113779527562
0
LINE
8
BLACK
6
CONTINUOUS
10
5.4710648425196853
20
-4.6710113779527562
11
5.4704887795275585
21
-4.6709546456692914
0
LINE
8
BLACK
6
CONTINUOUS
10
5.4704887795275585
20
-4.6709546456692914
11
5.4694243700787402
21
-4.6705137401574799
0
LINE
8
BLACK
6
CONTINUOUS
10
5.4694243700787402
20
-4.6705137401574799
11
5.4686097244094487
21
-4.6696990944881884
0
LINE
8
BLACK
6
CONTINUOUS
10
5.4686097244094487
20
-4.6696990944881884
11
5.4681688188976381
21
-4.6686346850393701
0
LINE
8
BLACK
6
CONTINUOUS
10
5.4681688188976381
20
-4.6686346850393701
11
5.4681688188976381
21
-4.6674825590551183
0
LINE
8
BLACK
6
CONTINUOUS
10
5.4681688188976381
20
-4.6674825590551183
11
5.4686097244094487
21
-4.6664181496062991
0
LINE
8
BLACK
6
CONTINUOUS
10
5.4686097244094487
20
-4.6664181496062991
11
5.4694243700787402
21
-4.6656035039370076
0
LINE
8
BLACK
6
CONTINUOUS
10
5.4694243700787402
20
-4.6656035039370076
11
5.4704887795275585
21
-4.665162598425197
0
LINE
8
BLACK
6
CONTINUOUS
10
5.4704887795275585
20
-4.665162598425197
11
5.4710648425196853
21
-4.6651058661417322
0
LINE
8
BLACK
6
CONTINUOUS
10
5.4710648425196853
20
-4.6651058661417322
11
5.5310648425196849
21
-4.6651058661417322
0
LINE
8
BLACK
6
CONTINUOUS
10
5.5310648425196849
20
-4.6651058661417322
11
5.5316409055118108
21
-4.665162598425197
0
LINE
8
BLACK
6
CONTINUOUS
10
5.6316409055118113
20
-4.665162598425197
11
5.6327053149606297
21
-4.6656035039370076
0
LINE
8
BLACK
6
CONTINUOUS
10
5.6327053149606297
20
-4.6656035039370076
11
5.6335199606299211
21
-4.6664181496062991
0
LINE
8
BLACK
6
CONTINUOUS
10
5.6335199606299211
20
-4.6664181496062991
11
5.6339608661417317
21
-4.6674825590551183
0
LINE
8
BLACK
6
CONTINUOUS
10
5.6339608661417317
20
-4.6674825590551183
11
5.6339608661417317
21
-4.6686346850393701
0
LINE
8
BLACK
6
CONTINUOUS
10
5.6339608661417317
20
-4.6686346850393701
11
5.6335199606299211
21
-4.6696990944881884
0
LINE
8
BLACK
6
CONTINUOUS
10
5.6335199606299211
20
-4.6696990944881884
11
5.6327053149606297
21
-4.6705137401574799
0
LINE
8
BLACK
6
CONTINUOUS
10
5.6327053149606297
20
-4.6705137401574799
11
5.6316409055118113
21
-4.6709546456692914
0
LINE
8
BLACK
6
CONTINUOUS
10
5.6316409055118113
20
-4.6709546456692914
11
5.6310648425196845
21
-4.6710113779527562
0
LINE
8
BLACK
6
CONTINUOUS
10
5.6310648425196845
20
-4.6710113779527562
11
5.5710648425196849
21
-4.6710113779527562
0
LINE
8
BLACK
6
CONTINUOUS
10
5.5710648425196849
20
-4.6710113779527562
11
5.5704887795275591
21
-4.6709546456692914
0
LINE
8
BLACK
6
CONTINUOUS
10
5.5704887795275591
20
-4.6709546456692914
11
5.5694243700787398
21
-4.6705137401574799
0
LINE
8
BLACK
6
CONTINUOUS
10
5.5694243700787398
20
-4.6705137401574799
11
5.5686097244094483
21
-4.6696990944881884
0
LINE
8
BLACK
6
CONTINUOUS
10
5.5686097244094483
20
-4.6696990944881884
11
5.5681688188976377
21
-4.6686346850393701
0
LINE
8
BLACK
6
CONTINUOUS
10
5.5681688188976377
20
-4.6686346850393701
11
5.5681688188976377
21
-4.6674825590551183
0
LINE
8
BLACK
6
CONTINUOUS
10
5.5681688188976377
20
-4.6674825590551183
11
5.5686097244094483
21
-4.6664181496062991
0
LINE
8
BLACK
6
CONTINUOUS
10
5.5686097244094483
20
-4.6664181496062991
11
5.5694243700787398
21
-4.6656035039370076
0
LINE
8
BLACK
6
CONTINUOUS
10
5.5694243700787398
20
-4.6656035039370076
11
5.5704887795275591
21
-4.665162598425197
0
LINE
8
BLACK
6
CONTINUOUS
10
5.5704887795275591
20
-4.665162598425197
11
5.5710648425196849
21
-4.6651058661417322
0
LINE
8
BLACK
6
CONTINUOUS
10
5.5710648425196849
20
-4.6651058661417322
11
5.6310648425196845
21
-4.6651058661417322
0
LINE
8
BLACK
6
CONTINUOUS
10
5.6310648425196845
20
-4.6651058661417322
11
5.6316409055118113
21
-4.665162598425197
0
LINE
8
BLACK
6
CONTINUOUS
10
6.0316409055118108
20
-4.665162598425197
11
6.03270531496063
21
-4.6656035039370076
0
LINE
8
BLACK
6
CONTINUOUS
10
6.03270531496063
20
-4.6656035039370076
11
6.0335199606299215
21
-4.6664181496062991
0
LINE
8
BLACK
6
CONTINUOUS
10
6.0335199606299215
20
-4.6664181496062991
11
6.0339608661417321
21
-4.6674825590551183
0
LINE
8
BLACK
6
CONTINUOUS
10
6.0339608661417321
20
-4.6674825590551183
11
6.0339608661417321
21
-4.6686346850393701
0
LINE
8
BLACK
6
CONTINUOUS
10
6.0339608661417321
20
-4.6686346850393701
11
6.0335199606299215
21
-4.6696990944881884
0
LINE
8
BLACK
6
CONTINUOUS
10
6.0335199606299215
20
-4.6696990944881884
11
6.03270531496063
21
-4.6705137401574799
0
LINE
8
BLACK
6
CONTINUOUS
10
6.03270531496063
20
-4.6705137401574799
11
6.0316409055118108
21
-4.6709546456692914
0
LINE
8
BLACK
6
CONTINUOUS
10
6.0316409055118108
20
-4.6709546456692914
11
6.0310648425196849
21
-4.6710113779527562
0
LINE
8
BLACK
6
CONTINUOUS
10
6.0310648425196849
20
-4.6710113779527562
11
5.9710648425196853
21
-4.6710113779527562
0
LINE
8
BLACK
6
CONTINUOUS
10
5.9710648425196853
20
-4.6710113779527562
11
5.9704887795275585
21
-4.6709546456692914
0
LINE
8
BLACK
6
CONTINUOUS
10
5.9704887795275585
20
-4.6709546456692914
11
5.9694243700787402
21
-4.6705137401574799
0
LINE
8
BLACK
6
CONTINUOUS
10
5.9694243700787402
20
-4.6705137401574799
11
5.9686097244094487
21
-4.6696990944881884
0
LINE
8
BLACK
6
CONTINUOUS
10
5.9686097244094487
20
-4.6696990944881884
11
5.9681688188976381
21
-4.6686346850393701
0
LINE
8
BLACK
6
CONTINUOUS
10
5.9681688188976381
20
-4.6686346850393701
11
5.9681688188976381
21
-4.6674825590551183
0
LINE
8
BLACK
6
CONTINUOUS
10
5.9681688188976381
20
-4.6674825590551183
11
5.9686097244094487
21
-4.6664181496062991
0
LINE
8
BLACK
6
CONTINUOUS
10
5.9686097244094487
20
-4.6664181496062991
11
5.9694243700787402
21
-4.6656035039370076
0
LINE
8
BLACK
6
CONTINUOUS
10
5.9694243700787402
20
-4.6656035039370076
11
5.9704887795275585
21
-4.665162598425197
0
LINE
8
BLACK
6
CONTINUOUS
10
5.9704887795275585
20
-4.665162598425197
11
5.9710648425196853
21
-4.6651058661417322
0
LINE
8
BLACK
6
CONTINUOUS
10
5.9710648425196853
20
-4.6651058661417322
11
6.0310648425196849
21
-4.6651058661417322
0
LINE
8
BLACK
6
CONTINUOUS
10
6.0310648425196849
20
-4.6651058661417322
11
6.0316409055118108
21
-4.665162598425197
0
LINE
8
BLACK
6
CONTINUOUS
10
6.1316409055118113
20
-4.665162598425197
11
6.1327053149606297
21
-4.6656035039370076
0
LINE
8
BLACK
6
CONTINUOUS
10
6.1327053149606297
20
-4.6656035039370076
11
6.1335199606299211
21
-4.6664181496062991
0
LINE
8
BLACK
6
CONTINUOUS
10
6.1335199606299211
20
-4.6664181496062991
11
6.1339608661417317
21
-4.6674825590551183
0
LINE
8
BLACK
6
CONTINUOUS
10
6.1339608661417317
20
-4.6674825590551183
11
6.1339608661417317
21
-4.6686346850393701
0
LINE
8
BLACK
6
CONTINUOUS
10
6.1339608661417317
20
-4.6686346850393701
11
6.1335199606299211
21
-4.6696990944881884
0
LINE
8
BLACK
6
CONTINUOUS
10
6.1335199606299211
20
-4.6696990944881884
11
6.1327053149606297
21
-4.6705137401574799
0
LINE
8
BLACK
6
CONTINUOUS
10
6.1327053149606297
20
-4.6705137401574799
11
6.1316409055118113
21
-4.6709546456692914
0
LINE
8
BLACK
6
CONTINUOUS
10
6.1316409055118113
20
-4.6709546456692914
11
6.1310648425196845
21
-4.6710113779527562
0
LINE
8
BLACK
6
CONTINUOUS
10
6.1310648425196845
20
-4.6710113779527562
11
6.0710648425196849
21
-4.6710113779527562
0
LINE
8
BLACK
6
CONTINUOUS
10
6.0710648425196849
20
-4.6710113779527562
11
6.0704887795275591
21
-4.6709546456692914
0
LINE
8
BLACK
6
CONTINUOUS
10
6.0704887795275591
20
-4.6709546456692914
11
6.0694243700787398
21
-4.6705137401574799
0
LINE
8
BLACK
6
CONTINUOUS
10
6.0694243700787398
20
-4.6705137401574799
11
6.0686097244094483
21
-4.6696990944881884
0
LINE
8
BLACK
6
CONTINUOUS
10
6.0686097244094483
20
-4.6696990944881884
11
6.0681688188976377
21
-4.6686346850393701
0
LINE
8
BLACK
6
CONTINUOUS
10
6.0681688188976377
20
-4.6686346850393701
11
6.0681688188976377
21
-4.6674825590551183
0
LINE
8
BLACK
6
CONTINUOUS
10
6.0681688188976377
20
-4.6674825590551183
11
6.0686097244094483
21
-4.6664181496062991
0
LINE
8
BLACK
6
CONTINUOUS
10
6.0686097244094483
20
-4.6664181496062991
11
6.0694243700787398
21
-4.6656035039370076
0
LINE
8
BLACK
6
CONTINUOUS
10
6.0694243700787398
20
-4.6656035039370076
11
6.0704887795275591
21
-4.665162598425197
0
LINE
8
BLACK
6
CONTINUOUS
10
6.0704887795275591
20
-4.665162598425197
11
6.0710648425196849
21
-4.6651058661417322
0
LINE
8
BLACK
6
CONTINUOUS
10
6.0710648425196849
20
-4.6651058661417322
11
6.1310648425196845
21
-4.6651058661417322
0
LINE
8
BLACK
6
CONTINUOUS
10
6.1310648425196845
20
-4.6651058661417322
11
6.1316409055118113
21
-4.665162598425197
0
LINE
8
BLACK
6
CONTINUOUS
10
6.7666409055118111
20
-4.5251625984251964
11
6.7677053149606294
21
-4.5256035039370079
0
LINE
8
BLACK
6
CONTINUOUS
10
6.7677053149606294
20
-4.5256035039370079
11
6.7685199606299209
21
-4.5264181496062994
0
LINE
8
BLACK
6
CONTINUOUS
10
6.7685199606299209
20
-4.5264181496062994
11
6.7689608661417324
21
-4.5274825590551178
0
LINE
8
BLACK
6
CONTINUOUS
10
6.7689608661417324
20
-4.5274825590551178
11
6.7689608661417324
21
-4.5286346850393704
0
LINE
8
BLACK
6
CONTINUOUS
10
6.7689608661417324
20
-4.5286346850393704
11
6.7685199606299209
21
-4.5296990944881887
0
LINE
8
BLACK
6
CONTINUOUS
10
6.7685199606299209
20
-4.5296990944881887
11
6.7677053149606294
21
-4.5305137401574802
0
LINE
8
BLACK
6
CONTINUOUS
10
6.7677053149606294
20
-4.5305137401574802
11
6.7666409055118111
21
-4.5309546456692908
0
LINE
8
BLACK
6
CONTINUOUS
10
6.7666409055118111
20
-4.5309546456692908
11
6.7660648425196852
21
-4.5310113779527557
0
LINE
8
BLACK
6
CONTINUOUS
10
6.7660648425196852
20
-4.5310113779527557
11
6.7060648425196847
21
-4.5310113779527557
0
LINE
8
BLACK
6
CONTINUOUS
10
6.7060648425196847
20
-4.5310113779527557
11
6.7054887795275588
21
-4.5309546456692908
0
LINE
8
BLACK
6
CONTINUOUS
10
6.7054887795275588
20
-4.5309546456692908
11
6.7044243700787396
21
-4.5305137401574802
0
LINE
8
BLACK
6
CONTINUOUS
10
6.7044243700787396
20
-4.5305137401574802
11
6.703609724409449
21
-4.5296990944881887
0
LINE
8
BLACK
6
CONTINUOUS
10
6.703609724409449
20
-4.5296990944881887
11
6.7031688188976375
21
-4.5286346850393704
0
LINE
8
BLACK
6
CONTINUOUS
10
6.7031688188976375
20
-4.5286346850393704
11
6.7031688188976375
21
-4.5274825590551178
0
LINE
8
BLACK
6
CONTINUOUS
10
6.7031688188976375
20
-4.5274825590551178
11
6.703609724409449
21
-4.5264181496062994
0
LINE
8
BLACK
6
CONTINUOUS
10
6.703609724409449
20
-4.5264181496062994
11
6.7044243700787396
21
-4.5256035039370079
0
LINE
8
BLACK
6
CONTINUOUS
10
6.7044243700787396
20
-4.5256035039370079
11
6.7054887795275588
21
-4.5251625984251964
0
LINE
8
BLACK
6
CONTINUOUS
10
6.7054887795275588
20
-4.5251625984251964
11
6.7060648425196847
21
-4.5251058661417325
0
LINE
8
BLACK
6
CONTINUOUS
10
6.7060648425196847
20
-4.5251058661417325
11
6.7660648425196852
21
-4.5251058661417325
0
LINE
8
BLACK
6
CONTINUOUS
10
6.7660648425196852
20
-4.5251058661417325
11
6.7666409055118111
21
-4.5251625984251964
0
LINE
8
BLACK
6
CONTINUOUS
10
6.6266409055118105
20
-4.5226625984251969
11
6.6277053149606298
21
-4.5231035039370076
0
LINE
8
BLACK
6
CONTINUOUS
10
6.6277053149606298
20
-4.5231035039370076
11
6.6285199606299212
21
-4.523918149606299
0
LINE
8
BLACK
6
CONTINUOUS
10
6.6285199606299212
20
-4.523918149606299
11
6.6289608661417319
21
-4.5249825590551183
0
LINE
8
BLACK
6
CONTINUOUS
10
6.6289608661417319
20
-4.5249825590551183
11
6.6289608661417319
21
-4.52613468503937
0
LINE
8
BLACK
6
CONTINUOUS
10
6.6289608661417319
20
-4.52613468503937
11
6.6285199606299212
21
-4.5271990944881892
0
LINE
8
BLACK
6
CONTINUOUS
10
6.6285199606299212
20
-4.5271990944881892
11
6.6277053149606298
21
-4.5280137401574798
0
LINE
8
BLACK
6
CONTINUOUS
10
6.6277053149606298
20
-4.5280137401574798
11
6.6266409055118105
21
-4.5284546456692913
0
LINE
8
BLACK
6
CONTINUOUS
10
6.6266409055118105
20
-4.5284546456692913
11
6.6260648425196846
21
-4.5285113779527562
0
LINE
8
BLACK
6
CONTINUOUS
10
6.6260648425196846
20
-4.5285113779527562
11
6.566064842519685
21
-4.5285113779527562
0
LINE
8
BLACK
6
CONTINUOUS
10
6.566064842519685
20
-4.5285113779527562
11
6.5654887795275592
21
-4.5284546456692913
0
LINE
8
BLACK
6
CONTINUOUS
10
6.5654887795275592
20
-4.5284546456692913
11
6.5644243700787399
21
-4.5280137401574798
0
LINE
8
BLACK
6
CONTINUOUS
10
6.5644243700787399
20
-4.5280137401574798
11
6.5636097244094485
21
-4.5271990944881892
0
LINE
8
BLACK
6
CONTINUOUS
10
6.5636097244094485
20
-4.5271990944881892
11
6.5631688188976378
21
-4.52613468503937
0
LINE
8
BLACK
6
CONTINUOUS
10
6.5631688188976378
20
-4.52613468503937
11
6.5631688188976378
21
-4.5249825590551183
0
LINE
8
BLACK
6
CONTINUOUS
10
6.5631688188976378
20
-4.5249825590551183
11
6.5636097244094485
21
-4.523918149606299
0
LINE
8
BLACK
6
CONTINUOUS
10
6.5636097244094485
20
-4.523918149606299
11
6.5644243700787399
21
-4.5231035039370076
0
LINE
8
BLACK
6
CONTINUOUS
10
6.5644243700787399
20
-4.5231035039370076
11
6.5654887795275592
21
-4.5226625984251969
0
LINE
8
BLACK
6
CONTINUOUS
10
6.5654887795275592
20
-4.5226625984251969
11
6.566064842519685
21
-4.5226058661417321
0
LINE
8
BLACK
6
CONTINUOUS
10
6.566064842519685
20
-4.5226058661417321
11
6.6260648425196846
21
-4.5226058661417321
0
LINE
8
BLACK
6
CONTINUOUS
10
6.6260648425196846
20
-4.5226058661417321
11
6.6266409055118105
21
-4.5226625984251969
0
LINE
8
BLACK
6
CONTINUOUS
10
6.7082472440944878
20
-4.4521546456692915
11
6.7084270472440943
21
-4.4530586220472443
0
LINE
8
BLACK
6
CONTINUOUS
10
6.7084270472440943
20
-4.4530586220472443
11
6.7084270472440943
21
-4.4830586220472437
0
LINE
8
BLACK
6
CONTINUOUS
10
6.7084270472440943
20
-4.4830586220472437
11
6.7082472440944878
21
-4.4839625984251965
0
LINE
8
BLACK
6
CONTINUOUS
10
6.7082472440944878
20
-4.4839625984251965
11
6.7069688188976375
21
-4.4852410236220468
0
LINE
8
BLACK
6
CONTINUOUS
10
6.7069688188976375
20
-4.4852410236220468
11
6.7051608661417319
21
-4.4852410236220468
0
LINE
8
BLACK
6
CONTINUOUS
10
6.7051608661417319
20
-4.4852410236220468
11
6.7038824409448816
21
-4.4839625984251965
0
LINE
8
BLACK
6
CONTINUOUS
10
6.7038824409448816
20
-4.4839625984251965
11
6.7037026377952751
21
-4.4830586220472437
0
LINE
8
BLACK
6
CONTINUOUS
10
6.7037026377952751
20
-4.4830586220472437
11
6.7037026377952751
21
-4.4530586220472443
0
LINE
8
BLACK
6
CONTINUOUS
10
6.7037026377952751
20
-4.4530586220472443
11
6.7038824409448816
21
-4.4521546456692915
0
LINE
8
BLACK
6
CONTINUOUS
10
6.7038824409448816
20
-4.4521546456692915
11
6.7051608661417319
21
-4.4508762204724412
0
LINE
8
BLACK
6
CONTINUOUS
10
6.7051608661417319
20
-4.4508762204724412
11
6.7069688188976375
21
-4.4508762204724412
0
LINE
8
BLACK
6
CONTINUOUS
10
6.7069688188976375
20
-4.4508762204724412
11
6.7082472440944878
21
-4.4521546456692915
0
LINE
8
BLACK
6
CONTINUOUS
10
6.7682472440944883
20
-4.4521546456692915
11
6.7684270472440939
21
-4.4530586220472443
0
LINE
8
BLACK
6
CONTINUOUS
10
6.7684270472440939
20
-4.4530586220472443
11
6.7684270472440939
21
-4.4830586220472437
0
LINE
8
BLACK
6
CONTINUOUS
10
6.7684270472440939
20
-4.4830586220472437
11
6.7682472440944883
21
-4.4839625984251965
0
LINE
8
BLACK
6
CONTINUOUS
10
6.7682472440944883
20
-4.4839625984251965
11
6.766968818897638
21
-4.4852410236220468
0
LINE
8
BLACK
6
CONTINUOUS
10
6.766968818897638
20
-4.4852410236220468
11
6.7651608661417324
21
-4.4852410236220468
0
LINE
8
BLACK
6
CONTINUOUS
10
6.7651608661417324
20
-4.4852410236220468
11
6.7638824409448821
21
-4.4839625984251965
0
LINE
8
BLACK
6
CONTINUOUS
10
6.7638824409448821
20
-4.4839625984251965
11
6.7637026377952756
21
-4.4830586220472437
0
LINE
8
BLACK
6
CONTINUOUS
10
6.7637026377952756
20
-4.4830586220472437
11
6.7637026377952756
21
-4.4530586220472443
0
LINE
8
BLACK
6
CONTINUOUS
10
6.7637026377952756
20
-4.4530586220472443
11
6.7638824409448821
21
-4.4521546456692915
0
LINE
8
BLACK
6
CONTINUOUS
10
6.7638824409448821
20
-4.4521546456692915
11
6.7651608661417324
21
-4.4508762204724412
0
LINE
8
BLACK
6
CONTINUOUS
10
6.7651608661417324
20
-4.4508762204724412
11
6.766968818897638
21
-4.4508762204724412
0
LINE
8
BLACK
6
CONTINUOUS
10
6.766968818897638
20
-4.4508762204724412
11
6.7682472440944883
21
-4.4521546456692915
0
LINE
8
BLACK
6
CONTINUOUS
10
6.5682472440944881
20
-4.4496546456692911
11
6.5684270472440947
21
-4.450558622047244
0
LINE
8
BLACK
6
CONTINUOUS
10
6.5684270472440947
20
-4.450558622047244
11
6.5684270472440947
21
-4.4805586220472442
0
LINE
8
BLACK
6
CONTINUOUS
10
6.5684270472440947
20
-4.4805586220472442
11
6.5682472440944881
21
-4.481462598425197
0
LINE
8
BLACK
6
CONTINUOUS
10
6.5682472440944881
20
-4.481462598425197
11
6.5669688188976378
21
-4.4827410236220473
0
LINE
8
BLACK
6
CONTINUOUS
10
6.5669688188976378
20
-4.4827410236220473
11
6.5651608661417322
21
-4.4827410236220473
0
LINE
8
BLACK
6
CONTINUOUS
10
6.5651608661417322
20
-4.4827410236220473
11
6.5638824409448819
21
-4.481462598425197
0
LINE
8
BLACK
6
CONTINUOUS
10
6.5638824409448819
20
-4.481462598425197
11
6.5637026377952754
21
-4.4805586220472442
0
LINE
8
BLACK
6
CONTINUOUS
10
6.5637026377952754
20
-4.4805586220472442
11
6.5637026377952754
21
-4.450558622047244
0
LINE
8
BLACK
6
CONTINUOUS
10
6.5637026377952754
20
-4.450558622047244
11
6.5638824409448819
21
-4.4496546456692911
0
LINE
8
BLACK
6
CONTINUOUS
10
6.5638824409448819
20
-4.4496546456692911
11
6.5651608661417322
21
-4.4483762204724409
0
LINE
8
BLACK
6
CONTINUOUS
10
6.5651608661417322
20
-4.4483762204724409
11
6.5669688188976378
21
-4.4483762204724409
0
LINE
8
BLACK
6
CONTINUOUS
10
6.5669688188976378
20
-4.4483762204724409
11
6.5682472440944881
21
-4.4496546456692911
0
LINE
8
BLACK
6
CONTINUOUS
10
6.6282472440944877
20
-4.4496546456692911
11
6.6284270472440943
21
-4.450558622047244
0
LINE
8
BLACK
6
CONTINUOUS
10
6.6284270472440943
20
-4.450558622047244
11
6.6284270472440943
21
-4.4805586220472442
0
LINE
8
BLACK
6
CONTINUOUS
10
6.6284270472440943
20
-4.4805586220472442
11
6.6282472440944877
21
-4.481462598425197
0
LINE
8
BLACK
6
CONTINUOUS
10
6.6282472440944877
20
-4.481462598425197
11
6.6269688188976374
21
-4.4827410236220473
0
LINE
8
BLACK
6
CONTINUOUS
10
6.6269688188976374
20
-4.4827410236220473
11
6.6251608661417318
21
-4.4827410236220473
0
LINE
8
BLACK
6
CONTINUOUS
10
6.6251608661417318
20
-4.4827410236220473
11
6.6238824409448815
21
-4.481462598425197
0
LINE
8
BLACK
6
CONTINUOUS
10
6.6238824409448815
20
-4.481462598425197
11
6.623702637795275
21
-4.4805586220472442
0
LINE
8
BLACK
6
CONTINUOUS
10
6.623702637795275
20
-4.4805586220472442
11
6.623702637795275
21
-4.450558622047244
0
LINE
8
BLACK
6
CONTINUOUS
10
6.623702637795275
20
-4.450558622047244
11
6.6238824409448815
21
-4.4496546456692911
0
LINE
8
BLACK
6
CONTINUOUS
10
6.6238824409448815
20
-4.4496546456692911
11
6.6251608661417318
21
-4.4483762204724409
0
LINE
8
BLACK
6
CONTINUOUS
10
6.6251608661417318
20
-4.4483762204724409
11
6.6269688188976374
21
-4.4483762204724409
0
LINE
8
BLACK
6
CONTINUOUS
10
6.6269688188976374
20
-4.4483762204724409
11
6.6282472440944877
21
-4.4496546456692911
0
LINE
8
BLACK
6
CONTINUOUS
10
6.4466409055118108
20
-4.2783122047244095
11
6.44770531496063
21
-4.2787531102362202
0
LINE
8
BLACK
6
CONTINUOUS
10
6.44770531496063
20
-4.2787531102362202
11
6.4485199606299215
21
-4.2795677559055116
0
LINE
8
BLACK
6
CONTINUOUS
10
6.4485199606299215
20
-4.2795677559055116
11
6.4489608661417321
21
-4.2806321653543309
0
LINE
8
BLACK
6
CONTINUOUS
10
6.4489608661417321
20
-4.2806321653543309
11
6.449017598425197
21
-4.2812082283464568
0
LINE
8
BLACK
6
CONTINUOUS
10
6.449017598425197
20
-4.2812082283464568
11
6.449017598425197
21
-4.4412082283464569
0
LINE
8
BLACK
6
CONTINUOUS
10
6.449017598425197
20
-4.4412082283464569
11
6.4489608661417321
21
-4.4417842913385828
0
LINE
8
BLACK
6
CONTINUOUS
10
6.4489608661417321
20
-4.4417842913385828
11
6.4485199606299215
21
-4.4428487007874011
0
LINE
8
BLACK
6
CONTINUOUS
10
6.4485199606299215
20
-4.4428487007874011
11
6.44770531496063
21
-4.4436633464566926
0
LINE
8
BLACK
6
CONTINUOUS
10
6.44770531496063
20
-4.4436633464566926
11
6.4466409055118108
21
-4.4441042519685041
0
LINE
8
BLACK
6
CONTINUOUS
10
6.4466409055118108
20
-4.4441042519685041
11
6.4460648425196849
21
-4.444160984251968
0
LINE
8
BLACK
6
CONTINUOUS
10
6.4460648425196849
20
-4.444160984251968
11
6.3860648425196853
21
-4.444160984251968
0
LINE
8
BLACK
6
CONTINUOUS
10
6.3860648425196853
20
-4.444160984251968
11
6.3854887795275586
21
-4.4441042519685041
0
LINE
8
BLACK
6
CONTINUOUS
10
6.3854887795275586
20
-4.4441042519685041
11
6.3844243700787402
21
-4.4436633464566926
0
LINE
8
BLACK
6
CONTINUOUS
10
6.3844243700787402
20
-4.4436633464566926
11
6.3836097244094487
21
-4.4428487007874011
0
LINE
8
BLACK
6
CONTINUOUS
10
6.3836097244094487
20
-4.4428487007874011
11
6.3831688188976372
21
-4.4417842913385828
0
LINE
8
BLACK
6
CONTINUOUS
10
6.3831688188976372
20
-4.4417842913385828
11
6.3831120866141733
21
-4.4412082283464569
0
LINE
8
BLACK
6
CONTINUOUS
10
6.3831120866141733
20
-4.4412082283464569
11
6.3831120866141733
21
-4.2812082283464568
0
LINE
8
BLACK
6
CONTINUOUS
10
6.3831120866141733
20
-4.2812082283464568
11
6.3831688188976372
21
-4.2806321653543309
0
LINE
8
BLACK
6
CONTINUOUS
10
6.3831688188976372
20
-4.2806321653543309
11
6.3836097244094487
21
-4.2795677559055116
0
LINE
8
BLACK
6
CONTINUOUS
10
6.3836097244094487
20
-4.2795677559055116
11
6.3844243700787402
21
-4.2787531102362202
0
LINE
8
BLACK
6
CONTINUOUS
10
6.3844243700787402
20
-4.2787531102362202
11
6.3854887795275586
21
-4.2783122047244095
0
LINE
8
BLACK
6
CONTINUOUS
10
6.3854887795275586
20
-4.2783122047244095
11
6.3860648425196853
21
-4.2782554724409447
0
LINE
8
BLACK
6
CONTINUOUS
10
6.3860648425196853
20
-4.2782554724409447
11
6.4460648425196849
21
-4.2782554724409447
0
LINE
8
BLACK
6
CONTINUOUS
10
6.4460648425196849
20
-4.2782554724409447
11
6.4466409055118108
21
-4.2783122047244095
0
LINE
8
BLACK
6
CONTINUOUS
10
6.3890175984251965
20
-4.2841609842519688
11
6.3890175984251965
21
-4.4382554724409449
0
LINE
8
BLACK
6
CONTINUOUS
10
6.3890175984251965
20
-4.4382554724409449
11
6.4431120866141729
21
-4.4382554724409449
0
LINE
8
BLACK
6
CONTINUOUS
10
6.4431120866141729
20
-4.4382554724409449
11
6.4431120866141729
21
-4.2841609842519688
0
LINE
8
BLACK
6
CONTINUOUS
10
6.4431120866141729
20
-4.2841609842519688
11
6.3890175984251965
21
-4.2841609842519688
0
LINE
8
BLACK
6
CONTINUOUS
10
5.3316409055118106
20
-4.4101625984251971
11
5.3327053149606298
21
-4.4106035039370077
0
LINE
8
BLACK
6
CONTINUOUS
10
5.3327053149606298
20
-4.4106035039370077
11
5.3335199606299213
21
-4.4114181496062992
0
LINE
8
BLACK
6
CONTINUOUS
10
5.3335199606299213
20
-4.4114181496062992
11
5.3339608661417319
21
-4.4124825590551184
0
LINE
8
BLACK
6
CONTINUOUS
10
5.3339608661417319
20
-4.4124825590551184
11
5.3339608661417319
21
-4.4136346850393702
0
LINE
8
BLACK
6
CONTINUOUS
10
5.3339608661417319
20
-4.4136346850393702
11
5.3335199606299213
21
-4.4146990944881885
0
LINE
8
BLACK
6
CONTINUOUS
10
5.3335199606299213
20
-4.4146990944881885
11
5.3327053149606298
21
-4.41551374015748
0
LINE
8
BLACK
6
CONTINUOUS
10
5.3327053149606298
20
-4.41551374015748
11
5.3316409055118106
21
-4.4159546456692915
0
LINE
8
BLACK
6
CONTINUOUS
10
5.3316409055118106
20
-4.4159546456692915
11
5.3310648425196847
21
-4.4160113779527554
0
LINE
8
BLACK
6
CONTINUOUS
10
5.3310648425196847
20
-4.4160113779527554
11
5.2710648425196851
21
-4.4160113779527554
0
LINE
8
BLACK
6
CONTINUOUS
10
5.2710648425196851
20
-4.4160113779527554
11
5.2704887795275592
21
-4.4159546456692915
0
LINE
8
BLACK
6
CONTINUOUS
10
5.2704887795275592
20
-4.4159546456692915
11
5.26942437007874
21
-4.41551374015748
0
LINE
8
BLACK
6
CONTINUOUS
10
5.26942437007874
20
-4.41551374015748
11
5.2686097244094485
21
-4.4146990944881885
0
LINE
8
BLACK
6
CONTINUOUS
10
5.2686097244094485
20
-4.4146990944881885
11
5.2681688188976379
21
-4.4136346850393702
0
LINE
8
BLACK
6
CONTINUOUS
10
5.2681688188976379
20
-4.4136346850393702
11
5.2681688188976379
21
-4.4124825590551184
0
LINE
8
BLACK
6
CONTINUOUS
10
5.2681688188976379
20
-4.4124825590551184
11
5.2686097244094485
21
-4.4114181496062992
0
LINE
8
BLACK
6
CONTINUOUS
10
5.2686097244094485
20
-4.4114181496062992
11
5.26942437007874
21
-4.4106035039370077
0
LINE
8
BLACK
6
CONTINUOUS
10
5.26942437007874
20
-4.4106035039370077
11
5.2704887795275592
21
-4.4101625984251971
0
LINE
8
BLACK
6
CONTINUOUS
10
5.2704887795275592
20
-4.4101625984251971
11
5.2710648425196851
21
-4.4101058661417323
0
LINE
8
BLACK
6
CONTINUOUS
10
5.2710648425196851
20
-4.4101058661417323
11
5.3310648425196847
21
-4.4101058661417323
0
LINE
8
BLACK
6
CONTINUOUS
10
5.3310648425196847
20
-4.4101058661417323
11
5.3316409055118106
21
-4.4101625984251971
0
LINE
8
BLACK
6
CONTINUOUS
10
5.4316409055118111
20
-4.4101625984251971
11
5.4327053149606295
21
-4.4106035039370077
0
LINE
8
BLACK
6
CONTINUOUS
10
5.4327053149606295
20
-4.4106035039370077
11
5.4335199606299209
21
-4.4114181496062992
0
LINE
8
BLACK
6
CONTINUOUS
10
5.4335199606299209
20
-4.4114181496062992
11
5.4339608661417325
21
-4.4124825590551184
0
LINE
8
BLACK
6
CONTINUOUS
10
5.4339608661417325
20
-4.4124825590551184
11
5.4339608661417325
21
-4.4136346850393702
0
LINE
8
BLACK
6
CONTINUOUS
10
5.4339608661417325
20
-4.4136346850393702
11
5.4335199606299209
21
-4.4146990944881885
0
LINE
8
BLACK
6
CONTINUOUS
10
5.4335199606299209
20
-4.4146990944881885
11
5.4327053149606295
21
-4.41551374015748
0
LINE
8
BLACK
6
CONTINUOUS
10
5.4327053149606295
20
-4.41551374015748
11
5.4316409055118111
21
-4.4159546456692915
0
LINE
8
BLACK
6
CONTINUOUS
10
5.4316409055118111
20
-4.4159546456692915
11
5.4310648425196852
21
-4.4160113779527554
0
LINE
8
BLACK
6
CONTINUOUS
10
5.4310648425196852
20
-4.4160113779527554
11
5.3710648425196847
21
-4.4160113779527554
0
LINE
8
BLACK
6
CONTINUOUS
10
5.3710648425196847
20
-4.4160113779527554
11
5.3704887795275589
21
-4.4159546456692915
0
LINE
8
BLACK
6
CONTINUOUS
10
5.3704887795275589
20
-4.4159546456692915
11
5.3694243700787396
21
-4.41551374015748
0
LINE
8
BLACK
6
CONTINUOUS
10
5.3694243700787396
20
-4.41551374015748
11
5.3686097244094491
21
-4.4146990944881885
0
LINE
8
BLACK
6
CONTINUOUS
10
5.3686097244094491
20
-4.4146990944881885
11
5.3681688188976375
21
-4.4136346850393702
0
LINE
8
BLACK
6
CONTINUOUS
10
5.3681688188976375
20
-4.4136346850393702
11
5.3681688188976375
21
-4.4124825590551184
0
LINE
8
BLACK
6
CONTINUOUS
10
5.3681688188976375
20
-4.4124825590551184
11
5.3686097244094491
21
-4.4114181496062992
0
LINE
8
BLACK
6
CONTINUOUS
10
5.3686097244094491
20
-4.4114181496062992
11
5.3694243700787396
21
-4.4106035039370077
0
LINE
8
BLACK
6
CONTINUOUS
10
5.3694243700787396
20
-4.4106035039370077
11
5.3704887795275589
21
-4.4101625984251971
0
LINE
8
BLACK
6
CONTINUOUS
10
5.3704887795275589
20
-4.4101625984251971
11
5.3710648425196847
21
-4.4101058661417323
0
LINE
8
BLACK
6
CONTINUOUS
10
5.3710648425196847
20
-4.4101058661417323
11
5.4310648425196852
21
-4.4101058661417323
0
LINE
8
BLACK
6
CONTINUOUS
10
5.4310648425196852
20
-4.4101058661417323
11
5.4316409055118111
21
-4.4101625984251971
0
LINE
8
BLACK
6
CONTINUOUS
10
5.5316409055118108
20
-4.4101625984251971
11
5.53270531496063
21
-4.4106035039370077
0
LINE
8
BLACK
6
CONTINUOUS
10
5.53270531496063
20
-4.4106035039370077
11
5.5335199606299215
21
-4.4114181496062992
0
LINE
8
BLACK
6
CONTINUOUS
10
5.5335199606299215
20
-4.4114181496062992
11
5.5339608661417321
21
-4.4124825590551184
0
LINE
8
BLACK
6
CONTINUOUS
10
5.5339608661417321
20
-4.4124825590551184
11
5.5339608661417321
21
-4.4136346850393702
0
LINE
8
BLACK
6
CONTINUOUS
10
5.5339608661417321
20
-4.4136346850393702
11
5.5335199606299215
21
-4.4146990944881885
0
LINE
8
BLACK
6
CONTINUOUS
10
5.5335199606299215
20
-4.4146990944881885
11
5.53270531496063
21
-4.41551374015748
0
LINE
8
BLACK
6
CONTINUOUS
10
5.53270531496063
20
-4.41551374015748
11
5.5316409055118108
21
-4.4159546456692915
0
LINE
8
BLACK
6
CONTINUOUS
10
5.5316409055118108
20
-4.4159546456692915
11
5.5310648425196849
21
-4.4160113779527554
0
LINE
8
BLACK
6
CONTINUOUS
10
5.5310648425196849
20
-4.4160113779527554
11
5.4710648425196853
21
-4.4160113779527554
0
LINE
8
BLACK
6
CONTINUOUS
10
5.4710648425196853
20
-4.4160113779527554
11
5.4704887795275585
21
-4.4159546456692915
0
LINE
8
BLACK
6
CONTINUOUS
10
5.4704887795275585
20
-4.4159546456692915
11
5.4694243700787402
21
-4.41551374015748
0
LINE
8
BLACK
6
CONTINUOUS
10
5.4694243700787402
20
-4.41551374015748
11
5.4686097244094487
21
-4.4146990944881885
0
LINE
8
BLACK
6
CONTINUOUS
10
5.4686097244094487
20
-4.4146990944881885
11
5.4681688188976381
21
-4.4136346850393702
0
LINE
8
BLACK
6
CONTINUOUS
10
5.4681688188976381
20
-4.4136346850393702
11
5.4681688188976381
21
-4.4124825590551184
0
LINE
8
BLACK
6
CONTINUOUS
10
5.4681688188976381
20
-4.4124825590551184
11
5.4686097244094487
21
-4.4114181496062992
0
LINE
8
BLACK
6
CONTINUOUS
10
5.4686097244094487
20
-4.4114181496062992
11
5.4694243700787402
21
-4.4106035039370077
0
LINE
8
BLACK
6
CONTINUOUS
10
5.4694243700787402
20
-4.4106035039370077
11
5.4704887795275585
21
-4.4101625984251971
0
LINE
8
BLACK
6
CONTINUOUS
10
5.4704887795275585
20
-4.4101625984251971
11
5.4710648425196853
21
-4.4101058661417323
0
LINE
8
BLACK
6
CONTINUOUS
10
5.4710648425196853
20
-4.4101058661417323
11
5.5310648425196849
21
-4.4101058661417323
0
LINE
8
BLACK
6
CONTINUOUS
10
5.5310648425196849
20
-4.4101058661417323
11
5.5316409055118108
21
-4.4101625984251971
0
LINE
8
BLACK
6
CONTINUOUS
10
5.6316409055118113
20
-4.4101625984251971
11
5.6327053149606297
21
-4.4106035039370077
0
LINE
8
BLACK
6
CONTINUOUS
10
5.6327053149606297
20
-4.4106035039370077
11
5.6335199606299211
21
-4.4114181496062992
0
LINE
8
BLACK
6
CONTINUOUS
10
5.6335199606299211
20
-4.4114181496062992
11
5.6339608661417317
21
-4.4124825590551184
0
LINE
8
BLACK
6
CONTINUOUS
10
5.6339608661417317
20
-4.4124825590551184
11
5.6339608661417317
21
-4.4136346850393702
0
LINE
8
BLACK
6
CONTINUOUS
10
5.6339608661417317
20
-4.4136346850393702
11
5.6335199606299211
21
-4.4146990944881885
0
LINE
8
BLACK
6
CONTINUOUS
10
5.6335199606299211
20
-4.4146990944881885
11
5.6327053149606297
21
-4.41551374015748
0
LINE
8
BLACK
6
CONTINUOUS
10
5.6327053149606297
20
-4.41551374015748
11
5.6316409055118113
21
-4.4159546456692915
0
LINE
8
BLACK
6
CONTINUOUS
10
5.6316409055118113
20
-4.4159546456692915
11
5.6310648425196845
21
-4.4160113779527554
0
LINE
8
BLACK
6
CONTINUOUS
10
5.6310648425196845
20
-4.4160113779527554
11
5.5710648425196849
21
-4.4160113779527554
0
LINE
8
BLACK
6
CONTINUOUS
10
5.5710648425196849
20
-4.4160113779527554
11
5.5704887795275591
21
-4.4159546456692915
0
LINE
8
BLACK
6
CONTINUOUS
10
5.5704887795275591
20
-4.4159546456692915
11
5.5694243700787398
21
-4.41551374015748
0
LINE
8
BLACK
6
CONTINUOUS
10
5.5694243700787398
20
-4.41551374015748
11
5.5686097244094483
21
-4.4146990944881885
0
LINE
8
BLACK
6
CONTINUOUS
10
5.5686097244094483
20
-4.4146990944881885
11
5.5681688188976377
21
-4.4136346850393702
0
LINE
8
BLACK
6
CONTINUOUS
10
5.5681688188976377
20
-4.4136346850393702
11
5.5681688188976377
21
-4.4124825590551184
0
LINE
8
BLACK
6
CONTINUOUS
10
5.5681688188976377
20
-4.4124825590551184
11
5.5686097244094483
21
-4.4114181496062992
0
LINE
8
BLACK
6
CONTINUOUS
10
5.5686097244094483
20
-4.4114181496062992
11
5.5694243700787398
21
-4.4106035039370077
0
LINE
8
BLACK
6
CONTINUOUS
10
5.5694243700787398
20
-4.4106035039370077
11
5.5704887795275591
21
-4.4101625984251971
0
LINE
8
BLACK
6
CONTINUOUS
10
5.5704887795275591
20
-4.4101625984251971
11
5.5710648425196849
21
-4.4101058661417323
0
LINE
8
BLACK
6
CONTINUOUS
10
5.5710648425196849
20
-4.4101058661417323
11
5.6310648425196845
21
-4.4101058661417323
0
LINE
8
BLACK
6
CONTINUOUS
10
5.6310648425196845
20
-4.4101058661417323
11
5.6316409055118113
21
-4.4101625984251971
0
LINE
8
BLACK
6
CONTINUOUS
10
5.8316409055118106
20
-4.4101625984251971
11
5.8327053149606298
21
-4.4106035039370077
0
LINE
8
BLACK
6
CONTINUOUS
10
5.8327053149606298
20
-4.4106035039370077
11
5.8335199606299213
21
-4.4114181496062992
0
LINE
8
BLACK
6
CONTINUOUS
10
5.8335199606299213
20
-4.4114181496062992
11
5.8339608661417319
21
-4.4124825590551184
0
LINE
8
BLACK
6
CONTINUOUS
10
5.8339608661417319
20
-4.4124825590551184
11
5.8339608661417319
21
-4.4136346850393702
0
LINE
8
BLACK
6
CONTINUOUS
10
5.8339608661417319
20
-4.4136346850393702
11
5.8335199606299213
21
-4.4146990944881885
0
LINE
8
BLACK
6
CONTINUOUS
10
5.8335199606299213
20
-4.4146990944881885
11
5.8327053149606298
21
-4.41551374015748
0
LINE
8
BLACK
6
CONTINUOUS
10
5.8327053149606298
20
-4.41551374015748
11
5.8316409055118106
21
-4.4159546456692915
0
LINE
8
BLACK
6
CONTINUOUS
10
5.8316409055118106
20
-4.4159546456692915
11
5.8310648425196847
21
-4.4160113779527554
0
LINE
8
BLACK
6
CONTINUOUS
10
5.8310648425196847
20
-4.4160113779527554
11
5.7710648425196851
21
-4.4160113779527554
0
LINE
8
BLACK
6
CONTINUOUS
10
5.7710648425196851
20
-4.4160113779527554
11
5.7704887795275592
21
-4.4159546456692915
0
LINE
8
BLACK
6
CONTINUOUS
10
5.7704887795275592
20
-4.4159546456692915
11
5.76942437007874
21
-4.41551374015748
0
LINE
8
BLACK
6
CONTINUOUS
10
5.76942437007874
20
-4.41551374015748
11
5.7686097244094485
21
-4.4146990944881885
0
LINE
8
BLACK
6
CONTINUOUS
10
5.7686097244094485
20
-4.4146990944881885
11
5.7681688188976379
21
-4.4136346850393702
0
LINE
8
BLACK
6
CONTINUOUS
10
5.7681688188976379
20
-4.4136346850393702
11
5.7681688188976379
21
-4.4124825590551184
0
LINE
8
BLACK
6
CONTINUOUS
10
5.7681688188976379
20
-4.4124825590551184
11
5.7686097244094485
21
-4.4114181496062992
0
LINE
8
BLACK
6
CONTINUOUS
10
5.7686097244094485
20
-4.4114181496062992
11
5.76942437007874
21
-4.4106035039370077
0
LINE
8
BLACK
6
CONTINUOUS
10
5.76942437007874
20
-4.4106035039370077
11
5.7704887795275592
21
-4.4101625984251971
0
LINE
8
BLACK
6
CONTINUOUS
10
5.7704887795275592
20
-4.4101625984251971
11
5.7710648425196851
21
-4.4101058661417323
0
LINE
8
BLACK
6
CONTINUOUS
10
5.7710648425196851
20
-4.4101058661417323
11
5.8310648425196847
21
-4.4101058661417323
0
LINE
8
BLACK
6
CONTINUOUS
10
5.8310648425196847
20
-4.4101058661417323
11
5.8316409055118106
21
-4.4101625984251971
0
LINE
8
BLACK
6
CONTINUOUS
10
5.9316409055118111
20
-4.4101625984251971
11
5.9327053149606295
21
-4.4106035039370077
0
LINE
8
BLACK
6
CONTINUOUS
10
5.9327053149606295
20
-4.4106035039370077
11
5.9335199606299209
21
-4.4114181496062992
0
LINE
8
BLACK
6
CONTINUOUS
10
5.9335199606299209
20
-4.4114181496062992
11
5.9339608661417325
21
-4.4124825590551184
0
LINE
8
BLACK
6
CONTINUOUS
10
5.9339608661417325
20
-4.4124825590551184
11
5.9339608661417325
21
-4.4136346850393702
0
LINE
8
BLACK
6
CONTINUOUS
10
5.9339608661417325
20
-4.4136346850393702
11
5.9335199606299209
21
-4.4146990944881885
0
LINE
8
BLACK
6
CONTINUOUS
10
5.9335199606299209
20
-4.4146990944881885
11
5.9327053149606295
21
-4.41551374015748
0
LINE
8
BLACK
6
CONTINUOUS
10
5.9327053149606295
20
-4.41551374015748
11
5.9316409055118111
21
-4.4159546456692915
0
LINE
8
BLACK
6
CONTINUOUS
10
5.9316409055118111
20
-4.4159546456692915
11
5.9310648425196852
21
-4.4160113779527554
0
LINE
8
BLACK
6
CONTINUOUS
10
5.9310648425196852
20
-4.4160113779527554
11
5.8710648425196847
21
-4.4160113779527554
0
LINE
8
BLACK
6
CONTINUOUS
10
5.8710648425196847
20
-4.4160113779527554
11
5.8704887795275589
21
-4.4159546456692915
0
LINE
8
BLACK
6
CONTINUOUS
10
5.8704887795275589
20
-4.4159546456692915
11
5.8694243700787396
21
-4.41551374015748
0
LINE
8
BLACK
6
CONTINUOUS
10
5.8694243700787396
20
-4.41551374015748
11
5.8686097244094491
21
-4.4146990944881885
0
LINE
8
BLACK
6
CONTINUOUS
10
5.8686097244094491
20
-4.4146990944881885
11
5.8681688188976375
21
-4.4136346850393702
0
LINE
8
BLACK
6
CONTINUOUS
10
5.8681688188976375
20
-4.4136346850393702
11
5.8681688188976375
21
-4.4124825590551184
0
LINE
8
BLACK
6
CONTINUOUS
10
5.8681688188976375
20
-4.4124825590551184
11
5.8686097244094491
21
-4.4114181496062992
0
LINE
8
BLACK
6
CONTINUOUS
10
5.8686097244094491
20
-4.4114181496062992
11
5.8694243700787396
21
-4.4106035039370077
0
LINE
8
BLACK
6
CONTINUOUS
10
5.8694243700787396
20
-4.4106035039370077
11
5.8704887795275589
21
-4.4101625984251971
0
LINE
8
BLACK
6
CONTINUOUS
10
5.8704887795275589
20
-4.4101625984251971
11
5.8710648425196847
21
-4.4101058661417323
0
LINE
8
BLACK
6
CONTINUOUS
10
5.8710648425196847
20
-4.4101058661417323
11
5.9310648425196852
21
-4.4101058661417323
0
LINE
8
BLACK
6
CONTINUOUS
10
5.9310648425196852
20
-4.4101058661417323
11
5.9316409055118111
21
-4.4101625984251971
0
LINE
8
BLACK
6
CONTINUOUS
10
6.0316409055118108
20
-4.4101625984251971
11
6.03270531496063
21
-4.4106035039370077
0
LINE
8
BLACK
6
CONTINUOUS
10
6.03270531496063
20
-4.4106035039370077
11
6.0335199606299215
21
-4.4114181496062992
0
LINE
8
BLACK
6
CONTINUOUS
10
6.0335199606299215
20
-4.4114181496062992
11
6.0339608661417321
21
-4.4124825590551184
0
LINE
8
BLACK
6
CONTINUOUS
10
6.0339608661417321
20
-4.4124825590551184
11
6.0339608661417321
21
-4.4136346850393702
0
LINE
8
BLACK
6
CONTINUOUS
10
6.0339608661417321
20
-4.4136346850393702
11
6.0335199606299215
21
-4.4146990944881885
0
LINE
8
BLACK
6
CONTINUOUS
10
6.0335199606299215
20
-4.4146990944881885
11
6.03270531496063
21
-4.41551374015748
0
LINE
8
BLACK
6
CONTINUOUS
10
6.03270531496063
20
-4.41551374015748
11
6.0316409055118108
21
-4.4159546456692915
0
LINE
8
BLACK
6
CONTINUOUS
10
6.0316409055118108
20
-4.4159546456692915
11
6.0310648425196849
21
-4.4160113779527554
0
LINE
8
BLACK
6
CONTINUOUS
10
6.0310648425196849
20
-4.4160113779527554
11
5.9710648425196853
21
-4.4160113779527554
0
LINE
8
BLACK
6
CONTINUOUS
10
5.9710648425196853
20
-4.4160113779527554
11
5.9704887795275585
21
-4.4159546456692915
0
LINE
8
BLACK
6
CONTINUOUS
10
5.9704887795275585
20
-4.4159546456692915
11
5.9694243700787402
21
-4.41551374015748
0
LINE
8
BLACK
6
CONTINUOUS
10
5.9694243700787402
20
-4.41551374015748
11
5.9686097244094487
21
-4.4146990944881885
0
LINE
8
BLACK
6
CONTINUOUS
10
5.9686097244094487
20
-4.4146990944881885
11
5.9681688188976381
21
-4.4136346850393702
0
LINE
8
BLACK
6
CONTINUOUS
10
5.9681688188976381
20
-4.4136346850393702
11
5.9681688188976381
21
-4.4124825590551184
0
LINE
8
BLACK
6
CONTINUOUS
10
5.9681688188976381
20
-4.4124825590551184
11
5.9686097244094487
21
-4.4114181496062992
0
LINE
8
BLACK
6
CONTINUOUS
10
5.9686097244094487
20
-4.4114181496062992
11
5.9694243700787402
21
-4.4106035039370077
0
LINE
8
BLACK
6
CONTINUOUS
10
5.9694243700787402
20
-4.4106035039370077
11
5.9704887795275585
21
-4.4101625984251971
0
LINE
8
BLACK
6
CONTINUOUS
10
5.9704887795275585
20
-4.4101625984251971
11
5.9710648425196853
21
-4.4101058661417323
0
LINE
8
BLACK
6
CONTINUOUS
10
5.9710648425196853
20
-4.4101058661417323
11
6.0310648425196849
21
-4.4101058661417323
0
LINE
8
BLACK
6
CONTINUOUS
10
6.0310648425196849
20
-4.4101058661417323
11
6.0316409055118108
21
-4.4101625984251971
0
LINE
8
BLACK
6
CONTINUOUS
10
6.1316409055118113
20
-4.4101625984251971
11
6.1327053149606297
21
-4.4106035039370077
0
LINE
8
BLACK
6
CONTINUOUS
10
6.1327053149606297
20
-4.4106035039370077
11
6.1335199606299211
21
-4.4114181496062992
0
LINE
8
BLACK
6
CONTINUOUS
10
6.1335199606299211
20
-4.4114181496062992
11
6.1339608661417317
21
-4.4124825590551184
0
LINE
8
BLACK
6
CONTINUOUS
10
6.1339608661417317
20
-4.4124825590551184
11
6.1339608661417317
21
-4.4136346850393702
0
LINE
8
BLACK
6
CONTINUOUS
10
6.1339608661417317
20
-4.4136346850393702
11
6.1335199606299211
21
-4.4146990944881885
0
LINE
8
BLACK
6
CONTINUOUS
10
6.1335199606299211
20
-4.4146990944881885
11
6.1327053149606297
21
-4.41551374015748
0
LINE
8
BLACK
6
CONTINUOUS
10
6.1327053149606297
20
-4.41551374015748
11
6.1316409055118113
21
-4.4159546456692915
0
LINE
8
BLACK
6
CONTINUOUS
10
6.1316409055118113
20
-4.4159546456692915
11
6.1310648425196845
21
-4.4160113779527554
0
LINE
8
BLACK
6
CONTINUOUS
10
6.1310648425196845
20
-4.4160113779527554
11
6.0710648425196849
21
-4.4160113779527554
0
LINE
8
BLACK
6
CONTINUOUS
10
6.0710648425196849
20
-4.4160113779527554
11
6.0704887795275591
21
-4.4159546456692915
0
LINE
8
BLACK
6
CONTINUOUS
10
6.0704887795275591
20
-4.4159546456692915
11
6.0694243700787398
21
-4.41551374015748
0
LINE
8
BLACK
6
CONTINUOUS
10
6.0694243700787398
20
-4.41551374015748
11
6.0686097244094483
21
-4.4146990944881885
0
LINE
8
BLACK
6
CONTINUOUS
10
6.0686097244094483
20
-4.4146990944881885
11
6.0681688188976377
21
-4.4136346850393702
0
LINE
8
BLACK
6
CONTINUOUS
10
6.0681688188976377
20
-4.4136346850393702
11
6.0681688188976377
21
-4.4124825590551184
0
LINE
8
BLACK
6
CONTINUOUS
10
6.0681688188976377
20
-4.4124825590551184
11
6.0686097244094483
21
-4.4114181496062992
0
LINE
8
BLACK
6
CONTINUOUS
10
6.0686097244094483
20
-4.4114181496062992
11
6.0694243700787398
21
-4.4106035039370077
0
LINE
8
BLACK
6
CONTINUOUS
10
6.0694243700787398
20
-4.4106035039370077
11
6.0704887795275591
21
-4.4101625984251971
0
LINE
8
BLACK
6
CONTINUOUS
10
6.0704887795275591
20
-4.4101625984251971
11
6.0710648425196849
21
-4.4101058661417323
0
LINE
8
BLACK
6
CONTINUOUS
10
6.0710648425196849
20
-4.4101058661417323
11
6.1310648425196845
21
-4.4101058661417323
0
LINE
8
BLACK
6
CONTINUOUS
10
6.1310648425196845
20
-4.4101058661417323
11
6.1316409055118113
21
-4.4101625984251971
0
LINE
8
BLACK
6
CONTINUOUS
10
6.2316409055118109
20
-4.4101625984251971
11
6.2327053149606302
21
-4.4106035039370077
0
LINE
8
BLACK
6
CONTINUOUS
10
6.2327053149606302
20
-4.4106035039370077
11
6.2335199606299208
21
-4.4114181496062992
0
LINE
8
BLACK
6
CONTINUOUS
10
6.2335199606299208
20
-4.4114181496062992
11
6.2339608661417323
21
-4.4124825590551184
0
LINE
8
BLACK
6
CONTINUOUS
10
6.2339608661417323
20
-4.4124825590551184
11
6.2339608661417323
21
-4.4136346850393702
0
LINE
8
BLACK
6
CONTINUOUS
10
6.2339608661417323
20
-4.4136346850393702
11
6.2335199606299208
21
-4.4146990944881885
0
LINE
8
BLACK
6
CONTINUOUS
10
6.2335199606299208
20
-4.4146990944881885
11
6.2327053149606302
21
-4.41551374015748
0
LINE
8
BLACK
6
CONTINUOUS
10
6.2327053149606302
20
-4.41551374015748
11
6.2316409055118109
21
-4.4159546456692915
0
LINE
8
BLACK
6
CONTINUOUS
10
6.2316409055118109
20
-4.4159546456692915
11
6.2310648425196851
21
-4.4160113779527554
0
LINE
8
BLACK
6
CONTINUOUS
10
6.2310648425196851
20
-4.4160113779527554
11
6.1710648425196846
21
-4.4160113779527554
0
LINE
8
BLACK
6
CONTINUOUS
10
6.1710648425196846
20
-4.4160113779527554
11
6.1704887795275587
21
-4.4159546456692915
0
LINE
8
BLACK
6
CONTINUOUS
10
6.1704887795275587
20
-4.4159546456692915
11
6.1694243700787403
21
-4.41551374015748
0
LINE
8
BLACK
6
CONTINUOUS
10
6.1694243700787403
20
-4.41551374015748
11
6.1686097244094489
21
-4.4146990944881885
0
LINE
8
BLACK
6
CONTINUOUS
10
6.1686097244094489
20
-4.4146990944881885
11
6.1681688188976374
21
-4.4136346850393702
0
LINE
8
BLACK
6
CONTINUOUS
10
6.1681688188976374
20
-4.4136346850393702
11
6.1681688188976374
21
-4.4124825590551184
0
LINE
8
BLACK
6
CONTINUOUS
10
6.1681688188976374
20
-4.4124825590551184
11
6.1686097244094489
21
-4.4114181496062992
0
LINE
8
BLACK
6
CONTINUOUS
10
6.1686097244094489
20
-4.4114181496062992
11
6.1694243700787403
21
-4.4106035039370077
0
LINE
8
BLACK
6
CONTINUOUS
10
6.1694243700787403
20
-4.4106035039370077
11
6.1704887795275587
21
-4.4101625984251971
0
LINE
8
BLACK
6
CONTINUOUS
10
6.1704887795275587
20
-4.4101625984251971
11
6.1710648425196846
21
-4.4101058661417323
0
LINE
8
BLACK
6
CONTINUOUS
10
6.1710648425196846
20
-4.4101058661417323
11
6.2310648425196851
21
-4.4101058661417323
0
LINE
8
BLACK
6
CONTINUOUS
10
6.2310648425196851
20
-4.4101058661417323
11
6.2316409055118109
21
-4.4101625984251971
0
LINE
8
BLACK
6
CONTINUOUS
10
6.3316409055118106
20
-4.3851625984251967
11
6.3327053149606298
21
-4.3856035039370074
0
LINE
8
BLACK
6
CONTINUOUS
10
6.3327053149606298
20
-4.3856035039370074
11
6.3335199606299213
21
-4.3864181496062988
0
LINE
8
BLACK
6
CONTINUOUS
10
6.3335199606299213
20
-4.3864181496062988
11
6.3339608661417319
21
-4.3874825590551181
0
LINE
8
BLACK
6
CONTINUOUS
10
6.3339608661417319
20
-4.3874825590551181
11
6.3339608661417319
21
-4.3886346850393698
0
LINE
8
BLACK
6
CONTINUOUS
10
6.3339608661417319
20
-4.3886346850393698
11
6.3335199606299213
21
-4.3896990944881891
0
LINE
8
BLACK
6
CONTINUOUS
10
6.3335199606299213
20
-4.3896990944881891
11
6.3327053149606298
21
-4.3905137401574805
0
LINE
8
BLACK
6
CONTINUOUS
10
6.3327053149606298
20
-4.3905137401574805
11
6.3316409055118106
21
-4.3909546456692912
0
LINE
8
BLACK
6
CONTINUOUS
10
6.3316409055118106
20
-4.3909546456692912
11
6.3310648425196847
21
-4.391011377952756
0
LINE
8
BLACK
6
CONTINUOUS
10
6.3310648425196847
20
-4.391011377952756
11
6.3128413779527559
21
-4.391011377952756
0
LINE
8
BLACK
6
CONTINUOUS
10
6.3128413779527559
20
-4.391011377952756
11
6.3116158661417323
21
-4.3934623622047244
0
LINE
8
BLACK
6
CONTINUOUS
10
6.3116158661417323
20
-4.3934623622047244
11
6.3114598425196853
21
-4.3937101574803146
0
LINE
8
BLACK
6
CONTINUOUS
10
6.3114598425196853
20
-4.3937101574803146
11
6.3114299999999997
21
-4.393782322834646
0
LINE
8
BLACK
6
CONTINUOUS
10
6.3114299999999997
20
-4.393782322834646
11
6.3113633858267715
21
-4.3938634645669294
0
LINE
8
BLACK
6
CONTINUOUS
10
6.3113633858267715
20
-4.3938634645669294
11
6.3113075196850392
21
-4.3939522440944883
0
LINE
8
BLACK
6
CONTINUOUS
10
6.3113075196850392
20
-4.3939522440944883
11
6.3112485826771652
21
-4.3940033464566932
0
LINE
8
BLACK
6
CONTINUOUS
10
6.3112485826771652
20
-4.3940033464566932
11
6.3110627559055112
21
-4.3942297637795278
0
LINE
8
BLACK
6
CONTINUOUS
10
6.3110627559055112
20
-4.3942297637795278
11
6.30860437007874
21
-4.3966881496062991
0
LINE
8
BLACK
6
CONTINUOUS
10
6.30860437007874
20
-4.3966881496062991
11
6.3360183464566928
21
-4.3966881496062991
0
LINE
8
BLACK
6
CONTINUOUS
10
6.3360183464566928
20
-4.3966881496062991
11
6.3360183464566928
21
-4.3883923228346458
0
LINE
8
BLACK
6
CONTINUOUS
10
6.3360183464566928
20
-4.3883923228346458
11
6.3360750787401576
21
-4.3878162598425199
0
LINE
8
BLACK
6
CONTINUOUS
10
6.3360750787401576
20
-4.3878162598425199
11
6.3365159842519683
21
-4.3867518503937006
0
LINE
8
BLACK
6
CONTINUOUS
10
6.3365159842519683
20
-4.3867518503937006
11
6.3373306299212597
21
-4.3859372047244092
0
LINE
8
BLACK
6
CONTINUOUS
10
6.3373306299212597
20
-4.3859372047244092
11
6.338395039370079
21
-4.3854962992125985
0
LINE
8
BLACK
6
CONTINUOUS
10
6.338395039370079
20
-4.3854962992125985
11
6.3395471653543307
21
-4.3854962992125985
0
LINE
8
BLACK
6
CONTINUOUS
10
6.3395471653543307
20
-4.3854962992125985
11
6.3406115748031491
21
-4.3859372047244092
0
LINE
8
BLACK
6
CONTINUOUS
10
6.3406115748031491
20
-4.3859372047244092
11
6.3414262204724405
21
-4.3867518503937006
0
LINE
8
BLACK
6
CONTINUOUS
10
6.3414262204724405
20
-4.3867518503937006
11
6.3418671259842521
21
-4.3878162598425199
0
LINE
8
BLACK
6
CONTINUOUS
10
6.3418671259842521
20
-4.3878162598425199
11
6.341923858267716
21
-4.3883923228346458
0
LINE
8
BLACK
6
CONTINUOUS
10
6.341923858267716
20
-4.3883923228346458
11
6.341923858267716
21
-4.4108894881889764
0
LINE
8
BLACK
6
CONTINUOUS
10
6.341923858267716
20
-4.4108894881889764
11
6.3418671259842521
21
-4.4114655511811023
0
LINE
8
BLACK
6
CONTINUOUS
10
6.3418671259842521
20
-4.4114655511811023
11
6.3414262204724405
21
-4.4125299606299215
0
LINE
8
BLACK
6
CONTINUOUS
10
6.3414262204724405
20
-4.4125299606299215
11
6.3406115748031491
21
-4.4133446062992121
0
LINE
8
BLACK
6
CONTINUOUS
10
6.3406115748031491
20
-4.4133446062992121
11
6.3395471653543307
21
-4.4137855118110236
0
LINE
8
BLACK
6
CONTINUOUS
10
6.3395471653543307
20
-4.4137855118110236
11
6.338395039370079
21
-4.4137855118110236
0
LINE
8
BLACK
6
CONTINUOUS
10
6.338395039370079
20
-4.4137855118110236
11
6.3373306299212597
21
-4.4133446062992121
0
LINE
8
BLACK
6
CONTINUOUS
10
6.3373306299212597
20
-4.4133446062992121
11
6.3365159842519683
21
-4.4125299606299215
0
LINE
8
BLACK
6
CONTINUOUS
10
6.3365159842519683
20
-4.4125299606299215
11
6.3360750787401576
21
-4.4114655511811023
0
LINE
8
BLACK
6
CONTINUOUS
10
6.3360750787401576
20
-4.4114655511811023
11
6.3360183464566928
21
-4.4108894881889764
0
LINE
8
BLACK
6
CONTINUOUS
10
6.3360183464566928
20
-4.4108894881889764
11
6.3360183464566928
21
-4.4025936614173231
0
LINE
8
BLACK
6
CONTINUOUS
10
6.3360183464566928
20
-4.4025936614173231
11
6.2996010236220474
21
-4.4025936614173231
0
LINE
8
BLACK
6
CONTINUOUS
10
6.2996010236220474
20
-4.4025936614173231
11
6.2995989370078735
21
-4.4025934251968506
0
LINE
8
BLACK
6
CONTINUOUS
10
6.2995989370078735
20
-4.4025934251968506
11
6.2995979133858269
21
-4.4025936614173231
0
LINE
8
BLACK
6
CONTINUOUS
10
6.2995979133858269
20
-4.4025936614173231
11
6.2995948818897638
21
-4.4025930314960631
0
LINE
8
BLACK
6
CONTINUOUS
10
6.2995948818897638
20
-4.4025930314960631
11
6.2990249606299207
21
-4.4025369291338583
0
LINE
8
BLACK
6
CONTINUOUS
10
6.2990249606299207
20
-4.4025369291338583
11
6.2987548425196849
21
-4.4024250393700788
0
LINE
8
BLACK
6
CONTINUOUS
10
6.2987548425196849
20
-4.4024250393700788
11
6.2984682283464561
21
-4.4023677165354327
0
LINE
8
BLACK
6
CONTINUOUS
10
6.2984682283464561
20
-4.4023677165354327
11
6.2982278346456688
21
-4.4022067322834646
0
LINE
8
BLACK
6
CONTINUOUS
10
6.2982278346456688
20
-4.4022067322834646
11
6.2979605511811023
21
-4.4020960236220468
0
LINE
8
BLACK
6
CONTINUOUS
10
6.2979605511811023
20
-4.4020960236220468
11
6.2977538188976379
21
-4.4018892913385823
0
LINE
8
BLACK
6
CONTINUOUS
10
6.2977538188976379
20
-4.4018892913385823
11
6.29751094488189
21
-4.4017266535433066
0
LINE
8
BLACK
6
CONTINUOUS
10
6.29751094488189
20
-4.4017266535433066
11
6.2973504330708661
21
-4.4014859055118105
0
LINE
8
BLACK
6
CONTINUOUS
10
6.2973504330708661
20
-4.4014859055118105
11
6.2971459055118109
21
-4.4012813779527562
0
LINE
8
BLACK
6
CONTINUOUS
10
6.2971459055118109
20
-4.4012813779527562
11
6.2970340157480313
21
-4.4010112598425195
0
LINE
8
BLACK
6
CONTINUOUS
10
6.2970340157480313
20
-4.4010112598425195
11
6.2968718503937007
21
-4.4007680314960629
0
LINE
8
BLACK
6
CONTINUOUS
10
6.2968718503937007
20
-4.4007680314960629
11
6.2968157086614172
21
-4.4004842125984247
0
LINE
8
BLACK
6
CONTINUOUS
10
6.2968157086614172
20
-4.4004842125984247
11
6.2967050000000002
21
-4.400216968503937
0
LINE
8
BLACK
6
CONTINUOUS
10
6.2967050000000002
20
-4.400216968503937
11
6.2967050000000002
21
-4.3999245669291334
0
LINE
8
BLACK
6
CONTINUOUS
10
6.2967050000000002
20
-4.3999245669291334
11
6.2966482677165354
21
-4.3996377952755905
0
LINE
8
BLACK
6
CONTINUOUS
10
6.2966482677165354
20
-4.3996377952755905
11
6.2967050000000002
21
-4.3993541338582673
0
LINE
8
BLACK
6
CONTINUOUS
10
6.2967050000000002
20
-4.3993541338582673
11
6.2967050000000002
21
-4.3990648425196852
0
LINE
8
BLACK
6
CONTINUOUS
10
6.2967050000000002
20
-4.3990648425196852
11
6.296816850393701
21
-4.3987947244094485
0
LINE
8
BLACK
6
CONTINUOUS
10
6.296816850393701
20
-4.3987947244094485
11
6.2968742125984249
21
-4.3985081102362207
0
LINE
8
BLACK
6
CONTINUOUS
10
6.2968742125984249
20
-4.3985081102362207
11
6.2970351574803152
21
-4.3982677165354334
0
LINE
8
BLACK
6
CONTINUOUS
10
6.2970351574803152
20
-4.3982677165354334
11
6.2971459055118109
21
-4.398000433070866
0
LINE
8
BLACK
6
CONTINUOUS
10
6.2971459055118109
20
-4.398000433070866
11
6.2973525984251966
21
-4.3977937007874015
0
LINE
8
BLACK
6
CONTINUOUS
10
6.2973525984251966
20
-4.3977937007874015
11
6.297515275590551
21
-4.3975508267716537
0
LINE
8
BLACK
6
CONTINUOUS
10
6.297515275590551
20
-4.3975508267716537
11
6.2979585039370081
21
-4.3971877952755909
0
LINE
8
BLACK
6
CONTINUOUS
10
6.2979585039370081
20
-4.3971877952755909
11
6.2979605511811023
21
-4.3971857874015745
0
LINE
8
BLACK
6
CONTINUOUS
10
6.2979605511811023
20
-4.3971857874015745
11
6.2979614173228349
21
-4.397185393700787
0
LINE
8
BLACK
6
CONTINUOUS
10
6.2979614173228349
20
-4.397185393700787
11
6.2979631102362204
21
-4.3971840551181103
0
LINE
8
BLACK
6
CONTINUOUS
10
6.2979631102362204
20
-4.3971840551181103
11
6.3033441338582676
21
-4.3935966929133858
0
LINE
8
BLACK
6
CONTINUOUS
10
6.3033441338582676
20
-4.3935966929133858
11
6.3059294881889763
21
-4.391011377952756
0
LINE
8
BLACK
6
CONTINUOUS
10
6.3059294881889763
20
-4.391011377952756
11
6.2710648425196851
21
-4.391011377952756
0
LINE
8
BLACK
6
CONTINUOUS
10
6.2710648425196851
20
-4.391011377952756
11
6.2704887795275592
21
-4.3909546456692912
0
LINE
8
BLACK
6
CONTINUOUS
10
6.2704887795275592
20
-4.3909546456692912
11
6.26942437007874
21
-4.3905137401574805
0
LINE
8
BLACK
6
CONTINUOUS
10
6.26942437007874
20
-4.3905137401574805
11
6.2686097244094485
21
-4.3896990944881891
0
LINE
8
BLACK
6
CONTINUOUS
10
6.2686097244094485
20
-4.3896990944881891
11
6.2681688188976379
21
-4.3886346850393698
0
LINE
8
BLACK
6
CONTINUOUS
10
6.2681688188976379
20
-4.3886346850393698
11
6.2681688188976379
21
-4.3874825590551181
0
LINE
8
BLACK
6
CONTINUOUS
10
6.2681688188976379
20
-4.3874825590551181
11
6.2686097244094485
21
-4.3864181496062988
0
LINE
8
BLACK
6
CONTINUOUS
10
6.2686097244094485
20
-4.3864181496062988
11
6.26942437007874
21
-4.3856035039370074
0
LINE
8
BLACK
6
CONTINUOUS
10
6.26942437007874
20
-4.3856035039370074
11
6.2704887795275592
21
-4.3851625984251967
0
LINE
8
BLACK
6
CONTINUOUS
10
6.2704887795275592
20
-4.3851625984251967
11
6.2710648425196851
21
-4.3851058661417319
0
LINE
8
BLACK
6
CONTINUOUS
10
6.2710648425196851
20
-4.3851058661417319
11
6.3310648425196847
21
-4.3851058661417319
0
LINE
8
BLACK
6
CONTINUOUS
10
6.3310648425196847
20
-4.3851058661417319
11
6.3316409055118106
21
-4.3851625984251967
0
LINE
8
BLACK
6
CONTINUOUS
10
6.7666409055118111
20
-4.4051625984251963
11
6.7677053149606294
21
-4.4056035039370078
0
LINE
8
BLACK
6
CONTINUOUS
10
6.7677053149606294
20
-4.4056035039370078
11
6.7685199606299209
21
-4.4064181496062993
0
LINE
8
BLACK
6
CONTINUOUS
10
6.7685199606299209
20
-4.4064181496062993
11
6.7689608661417324
21
-4.4074825590551177
0
LINE
8
BLACK
6
CONTINUOUS
10
6.7689608661417324
20
-4.4074825590551177
11
6.7689608661417324
21
-4.4086346850393703
0
LINE
8
BLACK
6
CONTINUOUS
10
6.7689608661417324
20
-4.4086346850393703
11
6.7685199606299209
21
-4.4096990944881886
0
LINE
8
BLACK
6
CONTINUOUS
10
6.7685199606299209
20
-4.4096990944881886
11
6.7677053149606294
21
-4.4105137401574801
0
LINE
8
BLACK
6
CONTINUOUS
10
6.7677053149606294
20
-4.4105137401574801
11
6.7666409055118111
21
-4.4109546456692916
0
LINE
8
BLACK
6
CONTINUOUS
10
6.7666409055118111
20
-4.4109546456692916
11
6.7660648425196852
21
-4.4110113779527556
0
LINE
8
BLACK
6
CONTINUOUS
10
6.7660648425196852
20
-4.4110113779527556
11
6.7060648425196847
21
-4.4110113779527556
0
LINE
8
BLACK
6
CONTINUOUS
10
6.7060648425196847
20
-4.4110113779527556
11
6.7054887795275588
21
-4.4109546456692916
0
LINE
8
BLACK
6
CONTINUOUS
10
6.7054887795275588
20
-4.4109546456692916
11
6.7044243700787396
21
-4.4105137401574801
0
LINE
8
BLACK
6
CONTINUOUS
10
6.7044243700787396
20
-4.4105137401574801
11
6.703609724409449
21
-4.4096990944881886
0
LINE
8
BLACK
6
CONTINUOUS
10
6.703609724409449
20
-4.4096990944881886
11
6.7031688188976375
21
-4.4086346850393703
0
LINE
8
BLACK
6
CONTINUOUS
10
6.7031688188976375
20
-4.4086346850393703
11
6.7031688188976375
21
-4.4074825590551177
0
LINE
8
BLACK
6
CONTINUOUS
10
6.7031688188976375
20
-4.4074825590551177
11
6.703609724409449
21
-4.4064181496062993
0
LINE
8
BLACK
6
CONTINUOUS
10
6.703609724409449
20
-4.4064181496062993
11
6.7044243700787396
21
-4.4056035039370078
0
LINE
8
BLACK
6
CONTINUOUS
10
6.7044243700787396
20
-4.4056035039370078
11
6.7054887795275588
21
-4.4051625984251963
0
LINE
8
BLACK
6
CONTINUOUS
10
6.7054887795275588
20
-4.4051625984251963
11
6.7060648425196847
21
-4.4051058661417324
0
LINE
8
BLACK
6
CONTINUOUS
10
6.7060648425196847
20
-4.4051058661417324
11
6.7660648425196852
21
-4.4051058661417324
0
LINE
8
BLACK
6
CONTINUOUS
10
6.7660648425196852
20
-4.4051058661417324
11
6.7666409055118111
21
-4.4051625984251963
0
LINE
8
BLACK
6
CONTINUOUS
10
6.6266409055118105
20
-4.4026625984251968
11
6.6277053149606298
21
-4.4031035039370074
0
LINE
8
BLACK
6
CONTINUOUS
10
6.6277053149606298
20
-4.4031035039370074
11
6.6285199606299212
21
-4.4039181496062989
0
LINE
8
BLACK
6
CONTINUOUS
10
6.6285199606299212
20
-4.4039181496062989
11
6.6289608661417319
21
-4.4049825590551182
0
LINE
8
BLACK
6
CONTINUOUS
10
6.6289608661417319
20
-4.4049825590551182
11
6.6289608661417319
21
-4.4061346850393699
0
LINE
8
BLACK
6
CONTINUOUS
10
6.6289608661417319
20
-4.4061346850393699
11
6.6285199606299212
21
-4.4071990944881891
0
LINE
8
BLACK
6
CONTINUOUS
10
6.6285199606299212
20
-4.4071990944881891
11
6.6277053149606298
21
-4.4080137401574806
0
LINE
8
BLACK
6
CONTINUOUS
10
6.6277053149606298
20
-4.4080137401574806
11
6.6266409055118105
21
-4.4084546456692912
0
LINE
8
BLACK
6
CONTINUOUS
10
6.6266409055118105
20
-4.4084546456692912
11
6.6260648425196846
21
-4.408511377952756
0
LINE
8
BLACK
6
CONTINUOUS
10
6.6260648425196846
20
-4.408511377952756
11
6.566064842519685
21
-4.408511377952756
0
LINE
8
BLACK
6
CONTINUOUS
10
6.566064842519685
20
-4.408511377952756
11
6.5654887795275592
21
-4.4084546456692912
0
LINE
8
BLACK
6
CONTINUOUS
10
6.5654887795275592
20
-4.4084546456692912
11
6.5644243700787399
21
-4.4080137401574806
0
LINE
8
BLACK
6
CONTINUOUS
10
6.5644243700787399
20
-4.4080137401574806
11
6.5636097244094485
21
-4.4071990944881891
0
LINE
8
BLACK
6
CONTINUOUS
10
6.5636097244094485
20
-4.4071990944881891
11
6.5631688188976378
21
-4.4061346850393699
0
LINE
8
BLACK
6
CONTINUOUS
10
6.5631688188976378
20
-4.4061346850393699
11
6.5631688188976378
21
-4.4049825590551182
0
LINE
8
BLACK
6
CONTINUOUS
10
6.5631688188976378
20
-4.4049825590551182
11
6.5636097244094485
21
-4.4039181496062989
0
LINE
8
BLACK
6
CONTINUOUS
10
6.5636097244094485
20
-4.4039181496062989
11
6.5644243700787399
21
-4.4031035039370074
0
LINE
8
BLACK
6
CONTINUOUS
10
6.5644243700787399
20
-4.4031035039370074
11
6.5654887795275592
21
-4.4026625984251968
0
LINE
8
BLACK
6
CONTINUOUS
10
6.5654887795275592
20
-4.4026625984251968
11
6.566064842519685
21
-4.402605866141732
0
LINE
8
BLACK
6
CONTINUOUS
10
6.566064842519685
20
-4.402605866141732
11
6.6260648425196846
21
-4.402605866141732
0
LINE
8
BLACK
6
CONTINUOUS
10
6.6260648425196846
20
-4.402605866141732
11
6.6266409055118105
21
-4.4026625984251968
0
LINE
8
BLACK
6
CONTINUOUS
10
6.5981685039370079
20
-4.3427451968503936
11
6.5983483070866145
21
-4.3436491732283464
0
LINE
8
BLACK
6
CONTINUOUS
10
6.5983483070866145
20
-4.3436491732283464
11
6.5983483070866145
21
-4.3802633464566929
0
LINE
8
BLACK
6
CONTINUOUS
10
6.5983483070866145
20
-4.3802633464566929
11
6.5981685039370079
21
-4.3811673228346457
0
LINE
8
BLACK
6
CONTINUOUS
10
6.5981685039370079
20
-4.3811673228346457
11
6.5968900787401576
21
-4.382445748031496
0
LINE
8
BLACK
6
CONTINUOUS
10
6.5968900787401576
20
-4.382445748031496
11
6.5959861023622048
21
-4.3826255511811025
0
LINE
8
BLACK
6
CONTINUOUS
10
6.5959861023622048
20
-4.3826255511811025
11
6.5109467322834647
21
-4.3826255511811025
0
LINE
8
BLACK
6
CONTINUOUS
10
6.5109467322834647
20
-4.3826255511811025
11
6.5100427559055118
21
-4.382445748031496
0
LINE
8
BLACK
6
CONTINUOUS
10
6.5100427559055118
20
-4.382445748031496
11
6.5087643307086616
21
-4.3811673228346457
0
LINE
8
BLACK
6
CONTINUOUS
10
6.5087643307086616
20
-4.3811673228346457
11
6.5087643307086616
21
-4.3793593700787401
0
LINE
8
BLACK
6
CONTINUOUS
10
6.5087643307086616
20
-4.3793593700787401
11
6.5100427559055118
21
-4.3780809448818898
0
LINE
8
BLACK
6
CONTINUOUS
10
6.5100427559055118
20
-4.3780809448818898
11
6.5109467322834647
21
-4.3779011417322833
0
LINE
8
BLACK
6
CONTINUOUS
10
6.5109467322834647
20
-4.3779011417322833
11
6.5936238976377952
21
-4.3779011417322833
0
LINE
8
BLACK
6
CONTINUOUS
10
6.5936238976377952
20
-4.3779011417322833
11
6.5936238976377952
21
-4.3436491732283464
0
LINE
8
BLACK
6
CONTINUOUS
10
6.5936238976377952
20
-4.3436491732283464
11
6.5938037007874017
21
-4.3427451968503936
0
LINE
8
BLACK
6
CONTINUOUS
10
6.5938037007874017
20
-4.3427451968503936
11
6.595082125984252
21
-4.3414667716535433
0
LINE
8
BLACK
6
CONTINUOUS
10
6.595082125984252
20
-4.3414667716535433
11
6.5968900787401576
21
-4.3414667716535433
0
LINE
8
BLACK
6
CONTINUOUS
10
6.5968900787401576
20
-4.3414667716535433
11
6.5981685039370079
21
-4.3427451968503936
0
LINE
8
BLACK
6
CONTINUOUS
10
6.7481685039370074
20
-4.3427451968503936
11
6.7483483070866139
21
-4.3436491732283464
0
LINE
8
BLACK
6
CONTINUOUS
10
6.7483483070866139
20
-4.3436491732283464
11
6.7483483070866139
21
-4.3802633464566929
0
LINE
8
BLACK
6
CONTINUOUS
10
6.7483483070866139
20
-4.3802633464566929
11
6.7481685039370074
21
-4.3811673228346457
0
LINE
8
BLACK
6
CONTINUOUS
10
6.7481685039370074
20
-4.3811673228346457
11
6.7468900787401571
21
-4.382445748031496
0
LINE
8
BLACK
6
CONTINUOUS
10
6.7468900787401571
20
-4.382445748031496
11
6.7459861023622043
21
-4.3826255511811025
0
LINE
8
BLACK
6
CONTINUOUS
10
6.7459861023622043
20
-4.3826255511811025
11
6.6609467322834641
21
-4.3826255511811025
0
LINE
8
BLACK
6
CONTINUOUS
10
6.6609467322834641
20
-4.3826255511811025
11
6.6600427559055113
21
-4.382445748031496
0
LINE
8
BLACK
6
CONTINUOUS
10
6.6600427559055113
20
-4.382445748031496
11
6.658764330708661
21
-4.3811673228346457
0
LINE
8
BLACK
6
CONTINUOUS
10
6.658764330708661
20
-4.3811673228346457
11
6.658764330708661
21
-4.3793593700787401
0
LINE
8
BLACK
6
CONTINUOUS
10
6.658764330708661
20
-4.3793593700787401
11
6.6600427559055113
21
-4.3780809448818898
0
LINE
8
BLACK
6
CONTINUOUS
10
6.6600427559055113
20
-4.3780809448818898
11
6.6609467322834641
21
-4.3779011417322833
0
LINE
8
BLACK
6
CONTINUOUS
10
6.6609467322834641
20
-4.3779011417322833
11
6.7436238976377947
21
-4.3779011417322833
0
LINE
8
BLACK
6
CONTINUOUS
10
6.7436238976377947
20
-4.3779011417322833
11
6.7436238976377947
21
-4.3436491732283464
0
LINE
8
BLACK
6
CONTINUOUS
10
6.7436238976377947
20
-4.3436491732283464
11
6.7438037007874012
21
-4.3427451968503936
0
LINE
8
BLACK
6
CONTINUOUS
10
6.7438037007874012
20
-4.3427451968503936
11
6.7450821259842515
21
-4.3414667716535433
0
LINE
8
BLACK
6
CONTINUOUS
10
6.7450821259842515
20
-4.3414667716535433
11
6.7468900787401571
21
-4.3414667716535433
0
LINE
8
BLACK
6
CONTINUOUS
10
6.7468900787401571
20
-4.3414667716535433
11
6.7481685039370074
21
-4.3427451968503936
0
LINE
8
BLACK
6
CONTINUOUS
10
6.3406115748031491
20
-4.3465671259842518
11
6.3414262598425193
21
-4.3473817716535432
0
LINE
8
BLACK
6
CONTINUOUS
10
6.3414262598425193
20
-4.3473817716535432
11
6.3416827165354333
21
-4.3480009842519687
0
LINE
8
BLACK
6
CONTINUOUS
10
6.3416827165354333
20
-4.3480009842519687
11
6.3418671259842521
21
-4.3484461811023625
0
LINE
8
BLACK
6
CONTINUOUS
10
6.3418671259842521
20
-4.3484461811023625
11
6.341923858267716
21
-4.3490222440944883
0
LINE
8
BLACK
6
CONTINUOUS
10
6.341923858267716
20
-4.3490222440944883
11
6.341923858267716
21
-4.3733941732283466
0
LINE
8
BLACK
6
CONTINUOUS
10
6.341923858267716
20
-4.3733941732283466
11
6.3418671259842521
21
-4.3739702362204724
0
LINE
8
BLACK
6
CONTINUOUS
10
6.3418671259842521
20
-4.3739702362204724
11
6.3414262204724405
21
-4.3750346456692917
0
LINE
8
BLACK
6
CONTINUOUS
10
6.3414262204724405
20
-4.3750346456692917
11
6.3406115748031491
21
-4.3758492913385822
0
LINE
8
BLACK
6
CONTINUOUS
10
6.3406115748031491
20
-4.3758492913385822
11
6.3395471653543307
21
-4.3762901968503938
0
LINE
8
BLACK
6
CONTINUOUS
10
6.3395471653543307
20
-4.3762901968503938
11
6.338395039370079
21
-4.3762901968503938
0
LINE
8
BLACK
6
CONTINUOUS
10
6.338395039370079
20
-4.3762901968503938
11
6.3373306299212597
21
-4.3758492913385822
0
LINE
8
BLACK
6
CONTINUOUS
10
6.3373306299212597
20
-4.3758492913385822
11
6.3365159842519683
21
-4.3750346456692917
0
LINE
8
BLACK
6
CONTINUOUS
10
6.3365159842519683
20
-4.3750346456692917
11
6.3360750787401576
21
-4.3739702362204724
0
LINE
8
BLACK
6
CONTINUOUS
10
6.3360750787401576
20
-4.3739702362204724
11
6.3360183464566928
21
-4.3733941732283466
0
LINE
8
BLACK
6
CONTINUOUS
10
6.3360183464566928
20
-4.3733941732283466
11
6.3360183464566928
21
-4.3561507874015746
0
LINE
8
BLACK
6
CONTINUOUS
10
6.3360183464566928
20
-4.3561507874015746
11
6.3185618110236215
21
-4.3736073228346459
0
LINE
8
BLACK
6
CONTINUOUS
10
6.3185618110236215
20
-4.3736073228346459
11
6.3181143700787397
21
-4.3739745275590547
0
LINE
8
BLACK
6
CONTINUOUS
10
6.3181143700787397
20
-4.3739745275590547
11
6.3180162992125979
21
-4.3740151181102362
0
LINE
8
BLACK
6
CONTINUOUS
10
6.3180162992125979
20
-4.3740151181102362
11
6.317936181102362
21
-4.3740846456692912
0
LINE
8
BLACK
6
CONTINUOUS
10
6.317936181102362
20
-4.3740846456692912
11
6.3174076377952755
21
-4.37432062992126
0
LINE
8
BLACK
6
CONTINUOUS
10
6.3174076377952755
20
-4.37432062992126
11
6.3117833464566928
21
-4.3761953937007876
0
LINE
8
BLACK
6
CONTINUOUS
10
6.3117833464566928
20
-4.3761953937007876
11
6.3114977559055117
21
-4.3762603149606294
0
LINE
8
BLACK
6
CONTINUOUS
10
6.3114977559055117
20
-4.3762603149606294
11
6.3114256692913386
21
-4.3762901968503938
0
LINE
8
BLACK
6
CONTINUOUS
10
6.3114256692913386
20
-4.3762901968503938
11
6.3113211417322832
21
-4.3763004724409447
0
LINE
8
BLACK
6
CONTINUOUS
10
6.3113211417322832
20
-4.3763004724409447
11
6.3112188976377954
21
-4.3763237401574804
0
LINE
8
BLACK
6
CONTINUOUS
10
6.3112188976377954
20
-4.3763237401574804
11
6.3111411417322829
21
-4.376318188976378
0
LINE
8
BLACK
6
CONTINUOUS
10
6.3111411417322829
20
-4.376318188976378
11
6.3108496062992128
21
-4.3763469291338586
0
LINE
8
BLACK
6
CONTINUOUS
10
6.3108496062992128
20
-4.3763469291338586
11
6.3071000787401577
21
-4.3763469291338586
0
LINE
8
BLACK
6
CONTINUOUS
10
6.3071000787401577
20
-4.3763469291338586
11
6.3065240157480318
21
-4.3762901968503938
0
LINE
8
BLACK
6
CONTINUOUS
10
6.3065240157480318
20
-4.3762901968503938
11
6.3064260236220475
21
-4.3762496062992122
0
LINE
8
BLACK
6
CONTINUOUS
10
6.3064260236220475
20
-4.3762496062992122
11
6.3063201574803145
21
-4.3762420866141731
0
LINE
8
BLACK
6
CONTINUOUS
10
6.3063201574803145
20
-4.3762420866141731
11
6.3057795669291341
21
-4.3760351968503937
0
LINE
8
BLACK
6
CONTINUOUS
10
6.3057795669291341
20
-4.3760351968503937
11
6.302030039370079
21
-4.3741604330708661
0
LINE
8
BLACK
6
CONTINUOUS
10
6.302030039370079
20
-4.3741604330708661
11
6.3017820078740154
21
-4.3740043307086616
0
LINE
8
BLACK
6
CONTINUOUS
10
6.3017820078740154
20
-4.3740043307086616
11
6.3017100787401574
21
-4.3739745275590547
0
LINE
8
BLACK
6
CONTINUOUS
10
6.3017100787401574
20
-4.3739745275590547
11
6.301629094488189
21
-4.3739080314960628
0
LINE
8
BLACK
6
CONTINUOUS
10
6.301629094488189
20
-4.3739080314960628
11
6.3015401574803152
21
-4.373852086614173
0
LINE
8
BLACK
6
CONTINUOUS
10
6.3015401574803152
20
-4.373852086614173
11
6.3014889763779527
21
-4.3737930708661414
0
LINE
8
BLACK
6
CONTINUOUS
10
6.3014889763779527
20
-4.3737930708661414
11
6.3012626377952756
21
-4.3736073228346459
0
LINE
8
BLACK
6
CONTINUOUS
10
6.3012626377952756
20
-4.3736073228346459
11
6.2993878740157481
21
-4.3717325590551184
0
LINE
8
BLACK
6
CONTINUOUS
10
6.2993878740157481
20
-4.3717325590551184
11
6.2992020866141729
21
-4.3715061811023617
0
LINE
8
BLACK
6
CONTINUOUS
10
6.2992020866141729
20
-4.3715061811023617
11
6.2991431102362201
21
-4.3714550393700788
0
LINE
8
BLACK
6
CONTINUOUS
10
6.2991431102362201
20
-4.3714550393700788
11
6.2990871259842516
21
-4.3713660629921263
0
LINE
8
BLACK
6
CONTINUOUS
10
6.2990871259842516
20
-4.3713660629921263
11
6.2990206692913384
21
-4.3712851181102357
0
LINE
8
BLACK
6
CONTINUOUS
10
6.2990206692913384
20
-4.3712851181102357
11
6.2989908267716537
21
-4.3712131496062989
0
LINE
8
BLACK
6
CONTINUOUS
10
6.2989908267716537
20
-4.3712131496062989
11
6.298834763779527
21
-4.370965157480315
0
LINE
8
BLACK
6
CONTINUOUS
10
6.298834763779527
20
-4.370965157480315
11
6.2969599999999994
21
-4.3672156299212599
0
LINE
8
BLACK
6
CONTINUOUS
10
6.2969599999999994
20
-4.3672156299212599
11
6.29675311023622
21
-4.3666749999999999
0
LINE
8
BLACK
6
CONTINUOUS
10
6.29675311023622
20
-4.3666749999999999
11
6.2967455905511809
21
-4.3665691732283465
0
LINE
8
BLACK
6
CONTINUOUS
10
6.2967455905511809
20
-4.3665691732283465
11
6.2967050000000002
21
-4.3664711811023622
0
LINE
8
BLACK
6
CONTINUOUS
10
6.2967050000000002
20
-4.3664711811023622
11
6.2966482677165354
21
-4.3658951181102363
0
LINE
8
BLACK
6
CONTINUOUS
10
6.2966482677165354
20
-4.3658951181102363
11
6.2966482677165354
21
-4.3565212992125986
0
LINE
8
BLACK
6
CONTINUOUS
10
6.2966482677165354
20
-4.3565212992125986
11
6.2967050000000002
21
-4.3559452362204727
0
LINE
8
BLACK
6
CONTINUOUS
10
6.2967050000000002
20
-4.3559452362204727
11
6.2967455905511809
21
-4.3558472047244097
0
LINE
8
BLACK
6
CONTINUOUS
10
6.2967455905511809
20
-4.3558472047244097
11
6.29675311023622
21
-4.3557414173228342
0
LINE
8
BLACK
6
CONTINUOUS
10
6.29675311023622
20
-4.3557414173228342
11
6.2969599999999994
21
-4.355200787401575
0
LINE
8
BLACK
6
CONTINUOUS
10
6.2969599999999994
20
-4.355200787401575
11
6.298834763779527
21
-4.3514512598425199
0
LINE
8
BLACK
6
CONTINUOUS
10
6.298834763779527
20
-4.3514512598425199
11
6.2989908267716537
21
-4.3512032283464563
0
LINE
8
BLACK
6
CONTINUOUS
10
6.2989908267716537
20
-4.3512032283464563
11
6.2990206692913384
21
-4.3511312992125983
0
LINE
8
BLACK
6
CONTINUOUS
10
6.2990206692913384
20
-4.3511312992125983
11
6.2990871259842516
21
-4.3510503149606299
0
LINE
8
BLACK
6
CONTINUOUS
10
6.2990871259842516
20
-4.3510503149606299
11
6.2991431102362201
21
-4.3509613779527561
0
LINE
8
BLACK
6
CONTINUOUS
10
6.2991431102362201
20
-4.3509613779527561
11
6.2992020866141729
21
-4.3509101968503936
0
LINE
8
BLACK
6
CONTINUOUS
10
6.2992020866141729
20
-4.3509101968503936
11
6.2993878740157481
21
-4.3506838582677165
0
LINE
8
BLACK
6
CONTINUOUS
10
6.2993878740157481
20
-4.3506838582677165
11
6.3012626377952756
21
-4.348809094488189
0
LINE
8
BLACK
6
CONTINUOUS
10
6.3012626377952756
20
-4.348809094488189
11
6.3017100787401574
21
-4.3484418897637793
0
LINE
8
BLACK
6
CONTINUOUS
10
6.3017100787401574
20
-4.3484418897637793
11
6.3027744881889767
21
-4.3480009842519687
0
LINE
8
BLACK
6
CONTINUOUS
10
6.3027744881889767
20
-4.3480009842519687
11
6.3039265748031497
21
-4.3480009842519687
0
LINE
8
BLACK
6
CONTINUOUS
10
6.3039265748031497
20
-4.3480009842519687
11
6.304990984251968
21
-4.3484418897637793
0
LINE
8
BLACK
6
CONTINUOUS
10
6.304990984251968
20
-4.3484418897637793
11
6.3058056692913382
21
-4.3492565748031495
0
LINE
8
BLACK
6
CONTINUOUS
10
6.3058056692913382
20
-4.3492565748031495
11
6.3062465748031498
21
-4.3503209842519688
0
LINE
8
BLACK
6
CONTINUOUS
10
6.3062465748031498
20
-4.3503209842519688
11
6.3062465748031498
21
-4.3514730708661418
0
LINE
8
BLACK
6
CONTINUOUS
10
6.3062465748031498
20
-4.3514730708661418
11
6.3058056692913382
21
-4.3525374803149601
0
LINE
8
BLACK
6
CONTINUOUS
10
6.3058056692913382
20
-4.3525374803149601
11
6.3054384645669286
21
-4.3529849212598428
0
LINE
8
BLACK
6
CONTINUOUS
10
6.3054384645669286
20
-4.3529849212598428
11
6.3039025196850389
21
-4.3545208661417325
0
LINE
8
BLACK
6
CONTINUOUS
10
6.3039025196850389
20
-4.3545208661417325
11
6.3025537795275586
21
-4.3572183464566931
0
LINE
8
BLACK
6
CONTINUOUS
10
6.3025537795275586
20
-4.3572183464566931
11
6.3025537795275586
21
-4.3651980708661418
0
LINE
8
BLACK
6
CONTINUOUS
10
6.3025537795275586
20
-4.3651980708661418
11
6.3039025196850389
21
-4.3678955511811024
0
LINE
8
BLACK
6
CONTINUOUS
10
6.3039025196850389
20
-4.3678955511811024
11
6.3050996456692916
21
-4.3690926771653542
0
LINE
8
BLACK
6
CONTINUOUS
10
6.3050996456692916
20
-4.3690926771653542
11
6.3077971259842522
21
-4.3704414173228345
0
LINE
8
BLACK
6
CONTINUOUS
10
6.3077971259842522
20
-4.3704414173228345
11
6.3103704724409448
21
-4.3704414173228345
0
LINE
8
BLACK
6
CONTINUOUS
10
6.3103704724409448
20
-4.3704414173228345
11
6.3148788582677167
21
-4.3689385826771652
0
LINE
8
BLACK
6
CONTINUOUS
10
6.3148788582677167
20
-4.3689385826771652
11
6.3368831889763779
21
-4.3469343307086614
0
LINE
8
BLACK
6
CONTINUOUS
10
6.3368831889763779
20
-4.3469343307086614
11
6.3373306299212597
21
-4.346567086614173
0
LINE
8
BLACK
6
CONTINUOUS
10
6.3373306299212597
20
-4.346567086614173
11
6.3380832677165353
21
-4.3462553149606302
0
LINE
8
BLACK
6
CONTINUOUS
10
6.3380832677165353
20
-4.3462553149606302
11
6.338395039370079
21
-4.3461262204724411
0
LINE
8
BLACK
6
CONTINUOUS
10
6.338395039370079
20
-4.3461262204724411
11
6.3395471653543307
21
-4.3461262204724411
0
LINE
8
BLACK
6
CONTINUOUS
10
6.3395471653543307
20
-4.3461262204724411
11
6.3406115748031491
21
-4.3465671259842518
0
LINE
8
BLACK
6
CONTINUOUS
10
5.2732472440944882
20
-4.3371546456692913
11
5.2734270472440947
21
-4.3380586220472441
0
LINE
8
BLACK
6
CONTINUOUS
10
5.2734270472440947
20
-4.3380586220472441
11
5.2734270472440947
21
-4.3680586220472444
0
LINE
8
BLACK
6
CONTINUOUS
10
5.2734270472440947
20
-4.3680586220472444
11
5.2732472440944882
21
-4.3689625984251972
0
LINE
8
BLACK
6
CONTINUOUS
10
5.2732472440944882
20
-4.3689625984251972
11
5.2719688188976379
21
-4.3702410236220475
0
LINE
8
BLACK
6
CONTINUOUS
10
5.2719688188976379
20
-4.3702410236220475
11
5.2701608661417323
21
-4.3702410236220475
0
LINE
8
BLACK
6
CONTINUOUS
10
5.2701608661417323
20
-4.3702410236220475
11
5.268882440944882
21
-4.3689625984251972
0
LINE
8
BLACK
6
CONTINUOUS
10
5.268882440944882
20
-4.3689625984251972
11
5.2687026377952755
21
-4.3680586220472444
0
LINE
8
BLACK
6
CONTINUOUS
10
5.2687026377952755
20
-4.3680586220472444
11
5.2687026377952755
21
-4.3380586220472441
0
LINE
8
BLACK
6
CONTINUOUS
10
5.2687026377952755
20
-4.3380586220472441
11
5.268882440944882
21
-4.3371546456692913
0
LINE
8
BLACK
6
CONTINUOUS
10
5.268882440944882
20
-4.3371546456692913
11
5.2701608661417323
21
-4.335876220472441
0
LINE
8
BLACK
6
CONTINUOUS
10
5.2701608661417323
20
-4.335876220472441
11
5.2719688188976379
21
-4.335876220472441
0
LINE
8
BLACK
6
CONTINUOUS
10
5.2719688188976379
20
-4.335876220472441
11
5.2732472440944882
21
-4.3371546456692913
0
LINE
8
BLACK
6
CONTINUOUS
10
5.3332472440944878
20
-4.3371546456692913
11
5.3334270472440943
21
-4.3380586220472441
0
LINE
8
BLACK
6
CONTINUOUS
10
5.3334270472440943
20
-4.3380586220472441
11
5.3334270472440943
21
-4.3680586220472444
0
LINE
8
BLACK
6
CONTINUOUS
10
5.3334270472440943
20
-4.3680586220472444
11
5.3332472440944878
21
-4.3689625984251972
0
LINE
8
BLACK
6
CONTINUOUS
10
5.3332472440944878
20
-4.3689625984251972
11
5.3319688188976375
21
-4.3702410236220475
0
LINE
8
BLACK
6
CONTINUOUS
10
5.3319688188976375
20
-4.3702410236220475
11
5.3301608661417319
21
-4.3702410236220475
0
LINE
8
BLACK
6
CONTINUOUS
10
5.3301608661417319
20
-4.3702410236220475
11
5.3288824409448816
21
-4.3689625984251972
0
LINE
8
BLACK
6
CONTINUOUS
10
5.3288824409448816
20
-4.3689625984251972
11
5.3287026377952751
21
-4.3680586220472444
0
LINE
8
BLACK
6
CONTINUOUS
10
5.3287026377952751
20
-4.3680586220472444
11
5.3287026377952751
21
-4.3380586220472441
0
LINE
8
BLACK
6
CONTINUOUS
10
5.3287026377952751
20
-4.3380586220472441
11
5.3288824409448816
21
-4.3371546456692913
0
LINE
8
BLACK
6
CONTINUOUS
10
5.3288824409448816
20
-4.3371546456692913
11
5.3301608661417319
21
-4.335876220472441
0
LINE
8
BLACK
6
CONTINUOUS
10
5.3301608661417319
20
-4.335876220472441
11
5.3319688188976375
21
-4.335876220472441
0
LINE
8
BLACK
6
CONTINUOUS
10
5.3319688188976375
20
-4.335876220472441
11
5.3332472440944878
21
-4.3371546456692913
0
LINE
8
BLACK
6
CONTINUOUS
10
5.3732472440944878
20
-4.3371546456692913
11
5.3734270472440944
21
-4.3380586220472441
0
LINE
8
BLACK
6
CONTINUOUS
10
5.3734270472440944
20
-4.3380586220472441
11
5.3734270472440944
21
-4.3680586220472444
0
LINE
8
BLACK
6
CONTINUOUS
10
5.3734270472440944
20
-4.3680586220472444
11
5.3732472440944878
21
-4.3689625984251972
0
LINE
8
BLACK
6
CONTINUOUS
10
5.3732472440944878
20
-4.3689625984251972
11
5.3719688188976376
21
-4.3702410236220475
0
LINE
8
BLACK
6
CONTINUOUS
10
5.3719688188976376
20
-4.3702410236220475
11
5.3701608661417319
21
-4.3702410236220475
0
LINE
8
BLACK
6
CONTINUOUS
10
5.3701608661417319
20
-4.3702410236220475
11
5.3688824409448817
21
-4.3689625984251972
0
LINE
8
BLACK
6
CONTINUOUS
10
5.3688824409448817
20
-4.3689625984251972
11
5.3687026377952751
21
-4.3680586220472444
0
LINE
8
BLACK
6
CONTINUOUS
10
5.3687026377952751
20
-4.3680586220472444
11
5.3687026377952751
21
-4.3380586220472441
0
LINE
8
BLACK
6
CONTINUOUS
10
5.3687026377952751
20
-4.3380586220472441
11
5.3688824409448817
21
-4.3371546456692913
0
LINE
8
BLACK
6
CONTINUOUS
10
5.3688824409448817
20
-4.3371546456692913
11
5.3701608661417319
21
-4.335876220472441
0
LINE
8
BLACK
6
CONTINUOUS
10
5.3701608661417319
20
-4.335876220472441
11
5.3719688188976376
21
-4.335876220472441
0
LINE
8
BLACK
6
CONTINUOUS
10
5.3719688188976376
20
-4.335876220472441
11
5.3732472440944878
21
-4.3371546456692913
0
LINE
8
BLACK
6
CONTINUOUS
10
5.4332472440944883
20
-4.3371546456692913
11
5.433427047244094
21
-4.3380586220472441
0
LINE
8
BLACK
6
CONTINUOUS
10
5.433427047244094
20
-4.3380586220472441
11
5.433427047244094
21
-4.3680586220472444
0
LINE
8
BLACK
6
CONTINUOUS
10
5.433427047244094
20
-4.3680586220472444
11
5.4332472440944883
21
-4.3689625984251972
0
LINE
8
BLACK
6
CONTINUOUS
10
5.4332472440944883
20
-4.3689625984251972
11
5.4319688188976381
21
-4.3702410236220475
0
LINE
8
BLACK
6
CONTINUOUS
10
5.4319688188976381
20
-4.3702410236220475
11
5.4301608661417324
21
-4.3702410236220475
0
LINE
8
BLACK
6
CONTINUOUS
10
5.4301608661417324
20
-4.3702410236220475
11
5.4288824409448821
21
-4.3689625984251972
0
LINE
8
BLACK
6
CONTINUOUS
10
5.4288824409448821
20
-4.3689625984251972
11
5.4287026377952756
21
-4.3680586220472444
0
LINE
8
BLACK
6
CONTINUOUS
10
5.4287026377952756
20
-4.3680586220472444
11
5.4287026377952756
21
-4.3380586220472441
0
LINE
8
BLACK
6
CONTINUOUS
10
5.4287026377952756
20
-4.3380586220472441
11
5.4288824409448821
21
-4.3371546456692913
0
LINE
8
BLACK
6
CONTINUOUS
10
5.4288824409448821
20
-4.3371546456692913
11
5.4301608661417324
21
-4.335876220472441
0
LINE
8
BLACK
6
CONTINUOUS
10
5.4301608661417324
20
-4.335876220472441
11
5.4319688188976381
21
-4.335876220472441
0
LINE
8
BLACK
6
CONTINUOUS
10
5.4319688188976381
20
-4.335876220472441
11
5.4332472440944883
21
-4.3371546456692913
0
LINE
8
BLACK
6
CONTINUOUS
10
5.4732472440944884
20
-4.3371546456692913
11
5.473427047244094
21
-4.3380586220472441
0
LINE
8
BLACK
6
CONTINUOUS
10
5.473427047244094
20
-4.3380586220472441
11
5.473427047244094
21
-4.3680586220472444
0
LINE
8
BLACK
6
CONTINUOUS
10
5.473427047244094
20
-4.3680586220472444
11
5.4732472440944884
21
-4.3689625984251972
0
LINE
8
BLACK
6
CONTINUOUS
10
5.4732472440944884
20
-4.3689625984251972
11
5.4719688188976381
21
-4.3702410236220475
0
LINE
8
BLACK
6
CONTINUOUS
10
5.4719688188976381
20
-4.3702410236220475
11
5.4701608661417325
21
-4.3702410236220475
0
LINE
8
BLACK
6
CONTINUOUS
10
5.4701608661417325
20
-4.3702410236220475
11
5.4688824409448822
21
-4.3689625984251972
0
LINE
8
BLACK
6
CONTINUOUS
10
5.4688824409448822
20
-4.3689625984251972
11
5.4687026377952757
21
-4.3680586220472444
0
LINE
8
BLACK
6
CONTINUOUS
10
5.4687026377952757
20
-4.3680586220472444
11
5.4687026377952757
21
-4.3380586220472441
0
LINE
8
BLACK
6
CONTINUOUS
10
5.4687026377952757
20
-4.3380586220472441
11
5.4688824409448822
21
-4.3371546456692913
0
LINE
8
BLACK
6
CONTINUOUS
10
5.4688824409448822
20
-4.3371546456692913
11
5.4701608661417325
21
-4.335876220472441
0
LINE
8
BLACK
6
CONTINUOUS
10
5.4701608661417325
20
-4.335876220472441
11
5.4719688188976381
21
-4.335876220472441
0
LINE
8
BLACK
6
CONTINUOUS
10
5.4719688188976381
20
-4.335876220472441
11
5.4732472440944884
21
-4.3371546456692913
0
LINE
8
BLACK
6
CONTINUOUS
10
5.533247244094488
20
-4.3371546456692913
11
5.5334270472440945
21
-4.3380586220472441
0
LINE
8
BLACK
6
CONTINUOUS
10
5.5334270472440945
20
-4.3380586220472441
11
5.5334270472440945
21
-4.3680586220472444
0
LINE
8
BLACK
6
CONTINUOUS
10
5.5334270472440945
20
-4.3680586220472444
11
5.533247244094488
21
-4.3689625984251972
0
LINE
8
BLACK
6
CONTINUOUS
10
5.533247244094488
20
-4.3689625984251972
11
5.5319688188976377
21
-4.3702410236220475
0
LINE
8
BLACK
6
CONTINUOUS
10
5.5319688188976377
20
-4.3702410236220475
11
5.5301608661417321
21
-4.3702410236220475
0
LINE
8
BLACK
6
CONTINUOUS
10
5.5301608661417321
20
-4.3702410236220475
11
5.5288824409448818
21
-4.3689625984251972
0
LINE
8
BLACK
6
CONTINUOUS
10
5.5288824409448818
20
-4.3689625984251972
11
5.5287026377952753
21
-4.3680586220472444
0
LINE
8
BLACK
6
CONTINUOUS
10
5.5287026377952753
20
-4.3680586220472444
11
5.5287026377952753
21
-4.3380586220472441
0
LINE
8
BLACK
6
CONTINUOUS
10
5.5287026377952753
20
-4.3380586220472441
11
5.5288824409448818
21
-4.3371546456692913
0
LINE
8
BLACK
6
CONTINUOUS
10
5.5288824409448818
20
-4.3371546456692913
11
5.5301608661417321
21
-4.335876220472441
0
LINE
8
BLACK
6
CONTINUOUS
10
5.5301608661417321
20
-4.335876220472441
11
5.5319688188976377
21
-4.335876220472441
0
LINE
8
BLACK
6
CONTINUOUS
10
5.5319688188976377
20
-4.335876220472441
11
5.533247244094488
21
-4.3371546456692913
0
LINE
8
BLACK
6
CONTINUOUS
10
5.573247244094488
20
-4.3371546456692913
11
5.5734270472440945
21
-4.3380586220472441
0
LINE
8
BLACK
6
CONTINUOUS
10
5.5734270472440945
20
-4.3380586220472441
11
5.5734270472440945
21
-4.3680586220472444
0
LINE
8
BLACK
6
CONTINUOUS
10
5.5734270472440945
20
-4.3680586220472444
11
5.573247244094488
21
-4.3689625984251972
0
LINE
8
BLACK
6
CONTINUOUS
10
5.573247244094488
20
-4.3689625984251972
11
5.5719688188976377
21
-4.3702410236220475
0
LINE
8
BLACK
6
CONTINUOUS
10
5.5719688188976377
20
-4.3702410236220475
11
5.5701608661417321
21
-4.3702410236220475
0
LINE
8
BLACK
6
CONTINUOUS
10
5.5701608661417321
20
-4.3702410236220475
11
5.5688824409448818
21
-4.3689625984251972
0
LINE
8
BLACK
6
CONTINUOUS
10
5.5688824409448818
20
-4.3689625984251972
11
5.5687026377952753
21
-4.3680586220472444
0
LINE
8
BLACK
6
CONTINUOUS
10
5.5687026377952753
20
-4.3680586220472444
11
5.5687026377952753
21
-4.3380586220472441
0
LINE
8
BLACK
6
CONTINUOUS
10
5.5687026377952753
20
-4.3380586220472441
11
5.5688824409448818
21
-4.3371546456692913
0
LINE
8
BLACK
6
CONTINUOUS
10
5.5688824409448818
20
-4.3371546456692913
11
5.5701608661417321
21
-4.335876220472441
0
LINE
8
BLACK
6
CONTINUOUS
10
5.5701608661417321
20
-4.335876220472441
11
5.5719688188976377
21
-4.335876220472441
0
LINE
8
BLACK
6
CONTINUOUS
10
5.5719688188976377
20
-4.335876220472441
11
5.573247244094488
21
-4.3371546456692913
0
LINE
8
BLACK
6
CONTINUOUS
10
5.6332472440944876
20
-4.3371546456692913
11
5.6334270472440942
21
-4.3380586220472441
0
LINE
8
BLACK
6
CONTINUOUS
10
5.6334270472440942
20
-4.3380586220472441
11
5.6334270472440942
21
-4.3680586220472444
0
LINE
8
BLACK
6
CONTINUOUS
10
5.6334270472440942
20
-4.3680586220472444
11
5.6332472440944876
21
-4.3689625984251972
0
LINE
8
BLACK
6
CONTINUOUS
10
5.6332472440944876
20
-4.3689625984251972
11
5.6319688188976373
21
-4.3702410236220475
0
LINE
8
BLACK
6
CONTINUOUS
10
5.6319688188976373
20
-4.3702410236220475
11
5.6301608661417317
21
-4.3702410236220475
0
LINE
8
BLACK
6
CONTINUOUS
10
5.6301608661417317
20
-4.3702410236220475
11
5.6288824409448814
21
-4.3689625984251972
0
LINE
8
BLACK
6
CONTINUOUS
10
5.6288824409448814
20
-4.3689625984251972
11
5.6287026377952758
21
-4.3680586220472444
0
LINE
8
BLACK
6
CONTINUOUS
10
5.6287026377952758
20
-4.3680586220472444
11
5.6287026377952758
21
-4.3380586220472441
0
LINE
8
BLACK
6
CONTINUOUS
10
5.6287026377952758
20
-4.3380586220472441
11
5.6288824409448814
21
-4.3371546456692913
0
LINE
8
BLACK
6
CONTINUOUS
10
5.6288824409448814
20
-4.3371546456692913
11
5.6301608661417317
21
-4.335876220472441
0
LINE
8
BLACK
6
CONTINUOUS
10
5.6301608661417317
20
-4.335876220472441
11
5.6319688188976373
21
-4.335876220472441
0
LINE
8
BLACK
6
CONTINUOUS
10
5.6319688188976373
20
-4.335876220472441
11
5.6332472440944876
21
-4.3371546456692913
0
LINE
8
BLACK
6
CONTINUOUS
10
5.7732472440944882
20
-4.3371546456692913
11
5.7734270472440947
21
-4.3380586220472441
0
LINE
8
BLACK
6
CONTINUOUS
10
5.7734270472440947
20
-4.3380586220472441
11
5.7734270472440947
21
-4.3680586220472444
0
LINE
8
BLACK
6
CONTINUOUS
10
5.7734270472440947
20
-4.3680586220472444
11
5.7732472440944882
21
-4.3689625984251972
0
LINE
8
BLACK
6
CONTINUOUS
10
5.7732472440944882
20
-4.3689625984251972
11
5.7719688188976379
21
-4.3702410236220475
0
LINE
8
BLACK
6
CONTINUOUS
10
5.7719688188976379
20
-4.3702410236220475
11
5.7701608661417323
21
-4.3702410236220475
0
LINE
8
BLACK
6
CONTINUOUS
10
5.7701608661417323
20
-4.3702410236220475
11
5.768882440944882
21
-4.3689625984251972
0
LINE
8
BLACK
6
CONTINUOUS
10
5.768882440944882
20
-4.3689625984251972
11
5.7687026377952755
21
-4.3680586220472444
0
LINE
8
BLACK
6
CONTINUOUS
10
5.7687026377952755
20
-4.3680586220472444
11
5.7687026377952755
21
-4.3380586220472441
0
LINE
8
BLACK
6
CONTINUOUS
10
5.7687026377952755
20
-4.3380586220472441
11
5.768882440944882
21
-4.3371546456692913
0
LINE
8
BLACK
6
CONTINUOUS
10
5.768882440944882
20
-4.3371546456692913
11
5.7701608661417323
21
-4.335876220472441
0
LINE
8
BLACK
6
CONTINUOUS
10
5.7701608661417323
20
-4.335876220472441
11
5.7719688188976379
21
-4.335876220472441
0
LINE
8
BLACK
6
CONTINUOUS
10
5.7719688188976379
20
-4.335876220472441
11
5.7732472440944882
21
-4.3371546456692913
0
LINE
8
BLACK
6
CONTINUOUS
10
5.8332472440944878
20
-4.3371546456692913
11
5.8334270472440943
21
-4.3380586220472441
0
LINE
8
BLACK
6
CONTINUOUS
10
5.8334270472440943
20
-4.3380586220472441
11
5.8334270472440943
21
-4.3680586220472444
0
LINE
8
BLACK
6
CONTINUOUS
10
5.8334270472440943
20
-4.3680586220472444
11
5.8332472440944878
21
-4.3689625984251972
0
LINE
8
BLACK
6
CONTINUOUS
10
5.8332472440944878
20
-4.3689625984251972
11
5.8319688188976375
21
-4.3702410236220475
0
LINE
8
BLACK
6
CONTINUOUS
10
5.8319688188976375
20
-4.3702410236220475
11
5.8301608661417319
21
-4.3702410236220475
0
LINE
8
BLACK
6
CONTINUOUS
10
5.8301608661417319
20
-4.3702410236220475
11
5.8288824409448816
21
-4.3689625984251972
0
LINE
8
BLACK
6
CONTINUOUS
10
5.8288824409448816
20
-4.3689625984251972
11
5.8287026377952751
21
-4.3680586220472444
0
LINE
8
BLACK
6
CONTINUOUS
10
5.8287026377952751
20
-4.3680586220472444
11
5.8287026377952751
21
-4.3380586220472441
0
LINE
8
BLACK
6
CONTINUOUS
10
5.8287026377952751
20
-4.3380586220472441
11
5.8288824409448816
21
-4.3371546456692913
0
LINE
8
BLACK
6
CONTINUOUS
10
5.8288824409448816
20
-4.3371546456692913
11
5.8301608661417319
21
-4.335876220472441
0
LINE
8
BLACK
6
CONTINUOUS
10
5.8301608661417319
20
-4.335876220472441
11
5.8319688188976375
21
-4.335876220472441
0
LINE
8
BLACK
6
CONTINUOUS
10
5.8319688188976375
20
-4.335876220472441
11
5.8332472440944878
21
-4.3371546456692913
0
LINE
8
BLACK
6
CONTINUOUS
10
5.8732472440944878
20
-4.3371546456692913
11
5.8734270472440944
21
-4.3380586220472441
0
LINE
8
BLACK
6
CONTINUOUS
10
5.8734270472440944
20
-4.3380586220472441
11
5.8734270472440944
21
-4.3680586220472444
0
LINE
8
BLACK
6
CONTINUOUS
10
5.8734270472440944
20
-4.3680586220472444
11
5.8732472440944878
21
-4.3689625984251972
0
LINE
8
BLACK
6
CONTINUOUS
10
5.8732472440944878
20
-4.3689625984251972
11
5.8719688188976376
21
-4.3702410236220475
0
LINE
8
BLACK
6
CONTINUOUS
10
5.8719688188976376
20
-4.3702410236220475
11
5.8701608661417319
21
-4.3702410236220475
0
LINE
8
BLACK
6
CONTINUOUS
10
5.8701608661417319
20
-4.3702410236220475
11
5.8688824409448817
21
-4.3689625984251972
0
LINE
8
BLACK
6
CONTINUOUS
10
5.8688824409448817
20
-4.3689625984251972
11
5.8687026377952751
21
-4.3680586220472444
0
LINE
8
BLACK
6
CONTINUOUS
10
5.8687026377952751
20
-4.3680586220472444
11
5.8687026377952751
21
-4.3380586220472441
0
LINE
8
BLACK
6
CONTINUOUS
10
5.8687026377952751
20
-4.3380586220472441
11
5.8688824409448817
21
-4.3371546456692913
0
LINE
8
BLACK
6
CONTINUOUS
10
5.8688824409448817
20
-4.3371546456692913
11
5.8701608661417319
21
-4.335876220472441
0
LINE
8
BLACK
6
CONTINUOUS
10
5.8701608661417319
20
-4.335876220472441
11
5.8719688188976376
21
-4.335876220472441
0
LINE
8
BLACK
6
CONTINUOUS
10
5.8719688188976376
20
-4.335876220472441
11
5.8732472440944878
21
-4.3371546456692913
0
LINE
8
BLACK
6
CONTINUOUS
10
5.9332472440944883
20
-4.3371546456692913
11
5.933427047244094
21
-4.3380586220472441
0
LINE
8
BLACK
6
CONTINUOUS
10
5.933427047244094
20
-4.3380586220472441
11
5.933427047244094
21
-4.3680586220472444
0
LINE
8
BLACK
6
CONTINUOUS
10
5.933427047244094
20
-4.3680586220472444
11
5.9332472440944883
21
-4.3689625984251972
0
LINE
8
BLACK
6
CONTINUOUS
10
5.9332472440944883
20
-4.3689625984251972
11
5.9319688188976381
21
-4.3702410236220475
0
LINE
8
BLACK
6
CONTINUOUS
10
5.9319688188976381
20
-4.3702410236220475
11
5.9301608661417324
21
-4.3702410236220475
0
LINE
8
BLACK
6
CONTINUOUS
10
5.9301608661417324
20
-4.3702410236220475
11
5.9288824409448821
21
-4.3689625984251972
0
LINE
8
BLACK
6
CONTINUOUS
10
5.9288824409448821
20
-4.3689625984251972
11
5.9287026377952756
21
-4.3680586220472444
0
LINE
8
BLACK
6
CONTINUOUS
10
5.9287026377952756
20
-4.3680586220472444
11
5.9287026377952756
21
-4.3380586220472441
0
LINE
8
BLACK
6
CONTINUOUS
10
5.9287026377952756
20
-4.3380586220472441
11
5.9288824409448821
21
-4.3371546456692913
0
LINE
8
BLACK
6
CONTINUOUS
10
5.9288824409448821
20
-4.3371546456692913
11
5.9301608661417324
21
-4.335876220472441
0
LINE
8
BLACK
6
CONTINUOUS
10
5.9301608661417324
20
-4.335876220472441
11
5.9319688188976381
21
-4.335876220472441
0
LINE
8
BLACK
6
CONTINUOUS
10
5.9319688188976381
20
-4.335876220472441
11
5.9332472440944883
21
-4.3371546456692913
0
LINE
8
BLACK
6
CONTINUOUS
10
5.9732472440944884
20
-4.3371546456692913
11
5.973427047244094
21
-4.3380586220472441
0
LINE
8
BLACK
6
CONTINUOUS
10
5.973427047244094
20
-4.3380586220472441
11
5.973427047244094
21
-4.3680586220472444
0
LINE
8
BLACK
6
CONTINUOUS
10
5.973427047244094
20
-4.3680586220472444
11
5.9732472440944884
21
-4.3689625984251972
0
LINE
8
BLACK
6
CONTINUOUS
10
5.9732472440944884
20
-4.3689625984251972
11
5.9719688188976381
21
-4.3702410236220475
0
LINE
8
BLACK
6
CONTINUOUS
10
5.9719688188976381
20
-4.3702410236220475
11
5.9701608661417325
21
-4.3702410236220475
0
LINE
8
BLACK
6
CONTINUOUS
10
5.9701608661417325
20
-4.3702410236220475
11
5.9688824409448822
21
-4.3689625984251972
0
LINE
8
BLACK
6
CONTINUOUS
10
5.9688824409448822
20
-4.3689625984251972
11
5.9687026377952757
21
-4.3680586220472444
0
LINE
8
BLACK
6
CONTINUOUS
10
5.9687026377952757
20
-4.3680586220472444
11
5.9687026377952757
21
-4.3380586220472441
0
LINE
8
BLACK
6
CONTINUOUS
10
5.9687026377952757
20
-4.3380586220472441
11
5.9688824409448822
21
-4.3371546456692913
0
LINE
8
BLACK
6
CONTINUOUS
10
5.9688824409448822
20
-4.3371546456692913
11
5.9701608661417325
21
-4.335876220472441
0
LINE
8
BLACK
6
CONTINUOUS
10
5.9701608661417325
20
-4.335876220472441
11
5.9719688188976381
21
-4.335876220472441
0
LINE
8
BLACK
6
CONTINUOUS
10
5.9719688188976381
20
-4.335876220472441
11
5.9732472440944884
21
-4.3371546456692913
0
LINE
8
BLACK
6
CONTINUOUS
10
6.033247244094488
20
-4.3371546456692913
11
6.0334270472440945
21
-4.3380586220472441
0
LINE
8
BLACK
6
CONTINUOUS
10
6.0334270472440945
20
-4.3380586220472441
11
6.0334270472440945
21
-4.3680586220472444
0
LINE
8
BLACK
6
CONTINUOUS
10
6.0334270472440945
20
-4.3680586220472444
11
6.033247244094488
21
-4.3689625984251972
0
LINE
8
BLACK
6
CONTINUOUS
10
6.033247244094488
20
-4.3689625984251972
11
6.0319688188976377
21
-4.3702410236220475
0
LINE
8
BLACK
6
CONTINUOUS
10
6.0319688188976377
20
-4.3702410236220475
11
6.0301608661417321
21
-4.3702410236220475
0
LINE
8
BLACK
6
CONTINUOUS
10
6.0301608661417321
20
-4.3702410236220475
11
6.0288824409448818
21
-4.3689625984251972
0
LINE
8
BLACK
6
CONTINUOUS
10
6.0288824409448818
20
-4.3689625984251972
11
6.0287026377952753
21
-4.3680586220472444
0
LINE
8
BLACK
6
CONTINUOUS
10
6.0287026377952753
20
-4.3680586220472444
11
6.0287026377952753
21
-4.3380586220472441
0
LINE
8
BLACK
6
CONTINUOUS
10
6.0287026377952753
20
-4.3380586220472441
11
6.0288824409448818
21
-4.3371546456692913
0
LINE
8
BLACK
6
CONTINUOUS
10
6.0288824409448818
20
-4.3371546456692913
11
6.0301608661417321
21
-4.335876220472441
0
LINE
8
BLACK
6
CONTINUOUS
10
6.0301608661417321
20
-4.335876220472441
11
6.0319688188976377
21
-4.335876220472441
0
LINE
8
BLACK
6
CONTINUOUS
10
6.0319688188976377
20
-4.335876220472441
11
6.033247244094488
21
-4.3371546456692913
0
LINE
8
BLACK
6
CONTINUOUS
10
6.073247244094488
20
-4.3371546456692913
11
6.0734270472440945
21
-4.3380586220472441
0
LINE
8
BLACK
6
CONTINUOUS
10
6.0734270472440945
20
-4.3380586220472441
11
6.0734270472440945
21
-4.3680586220472444
0
LINE
8
BLACK
6
CONTINUOUS
10
6.0734270472440945
20
-4.3680586220472444
11
6.073247244094488
21
-4.3689625984251972
0
LINE
8
BLACK
6
CONTINUOUS
10
6.073247244094488
20
-4.3689625984251972
11
6.0719688188976377
21
-4.3702410236220475
0
LINE
8
BLACK
6
CONTINUOUS
10
6.0719688188976377
20
-4.3702410236220475
11
6.0701608661417321
21
-4.3702410236220475
0
LINE
8
BLACK
6
CONTINUOUS
10
6.0701608661417321
20
-4.3702410236220475
11
6.0688824409448818
21
-4.3689625984251972
0
LINE
8
BLACK
6
CONTINUOUS
10
6.0688824409448818
20
-4.3689625984251972
11
6.0687026377952753
21
-4.3680586220472444
0
LINE
8
BLACK
6
CONTINUOUS
10
6.0687026377952753
20
-4.3680586220472444
11
6.0687026377952753
21
-4.3380586220472441
0
LINE
8
BLACK
6
CONTINUOUS
10
6.0687026377952753
20
-4.3380586220472441
11
6.0688824409448818
21
-4.3371546456692913
0
LINE
8
BLACK
6
CONTINUOUS
10
6.0688824409448818
20
-4.3371546456692913
11
6.0701608661417321
21
-4.335876220472441
0
LINE
8
BLACK
6
CONTINUOUS
10
6.0701608661417321
20
-4.335876220472441
11
6.0719688188976377
21
-4.335876220472441
0
LINE
8
BLACK
6
CONTINUOUS
10
6.0719688188976377
20
-4.335876220472441
11
6.073247244094488
21
-4.3371546456692913
0
LINE
8
BLACK
6
CONTINUOUS
10
6.1332472440944876
20
-4.3371546456692913
11
6.1334270472440942
21
-4.3380586220472441
0
LINE
8
BLACK
6
CONTINUOUS
10
6.1334270472440942
20
-4.3380586220472441
11
6.1334270472440942
21
-4.3680586220472444
0
LINE
8
BLACK
6
CONTINUOUS
10
6.1334270472440942
20
-4.3680586220472444
11
6.1332472440944876
21
-4.3689625984251972
0
LINE
8
BLACK
6
CONTINUOUS
10
6.1332472440944876
20
-4.3689625984251972
11
6.1319688188976373
21
-4.3702410236220475
0
LINE
8
BLACK
6
CONTINUOUS
10
6.1319688188976373
20
-4.3702410236220475
11
6.1301608661417317
21
-4.3702410236220475
0
LINE
8
BLACK
6
CONTINUOUS
10
6.1301608661417317
20
-4.3702410236220475
11
6.1288824409448814
21
-4.3689625984251972
0
LINE
8
BLACK
6
CONTINUOUS
10
6.1288824409448814
20
-4.3689625984251972
11
6.1287026377952758
21
-4.3680586220472444
0
LINE
8
BLACK
6
CONTINUOUS
10
6.1287026377952758
20
-4.3680586220472444
11
6.1287026377952758
21
-4.3380586220472441
0
LINE
8
BLACK
6
CONTINUOUS
10
6.1287026377952758
20
-4.3380586220472441
11
6.1288824409448814
21
-4.3371546456692913
0
LINE
8
BLACK
6
CONTINUOUS
10
6.1288824409448814
20
-4.3371546456692913
11
6.1301608661417317
21
-4.335876220472441
0
LINE
8
BLACK
6
CONTINUOUS
10
6.1301608661417317
20
-4.335876220472441
11
6.1319688188976373
21
-4.335876220472441
0
LINE
8
BLACK
6
CONTINUOUS
10
6.1319688188976373
20
-4.335876220472441
11
6.1332472440944876
21
-4.3371546456692913
0
LINE
8
BLACK
6
CONTINUOUS
10
6.1732472440944877
20
-4.3371546456692913
11
6.1734270472440942
21
-4.3380586220472441
0
LINE
8
BLACK
6
CONTINUOUS
10
6.1734270472440942
20
-4.3380586220472441
11
6.1734270472440942
21
-4.3680586220472444
0
LINE
8
BLACK
6
CONTINUOUS
10
6.1734270472440942
20
-4.3680586220472444
11
6.1732472440944877
21
-4.3689625984251972
0
LINE
8
BLACK
6
CONTINUOUS
10
6.1732472440944877
20
-4.3689625984251972
11
6.1719688188976374
21
-4.3702410236220475
0
LINE
8
BLACK
6
CONTINUOUS
10
6.1719688188976374
20
-4.3702410236220475
11
6.1701608661417318
21
-4.3702410236220475
0
LINE
8
BLACK
6
CONTINUOUS
10
6.1701608661417318
20
-4.3702410236220475
11
6.1688824409448815
21
-4.3689625984251972
0
LINE
8
BLACK
6
CONTINUOUS
10
6.1688824409448815
20
-4.3689625984251972
11
6.1687026377952758
21
-4.3680586220472444
0
LINE
8
BLACK
6
CONTINUOUS
10
6.1687026377952758
20
-4.3680586220472444
11
6.1687026377952758
21
-4.3380586220472441
0
LINE
8
BLACK
6
CONTINUOUS
10
6.1687026377952758
20
-4.3380586220472441
11
6.1688824409448815
21
-4.3371546456692913
0
LINE
8
BLACK
6
CONTINUOUS
10
6.1688824409448815
20
-4.3371546456692913
11
6.1701608661417318
21
-4.335876220472441
0
LINE
8
BLACK
6
CONTINUOUS
10
6.1701608661417318
20
-4.335876220472441
11
6.1719688188976374
21
-4.335876220472441
0
LINE
8
BLACK
6
CONTINUOUS
10
6.1719688188976374
20
-4.335876220472441
11
6.1732472440944877
21
-4.3371546456692913
0
LINE
8
BLACK
6
CONTINUOUS
10
6.2332472440944882
20
-4.3371546456692913
11
6.2334270472440947
21
-4.3380586220472441
0
LINE
8
BLACK
6
CONTINUOUS
10
6.2334270472440947
20
-4.3380586220472441
11
6.2334270472440947
21
-4.3680586220472444
0
LINE
8
BLACK
6
CONTINUOUS
10
6.2334270472440947
20
-4.3680586220472444
11
6.2332472440944882
21
-4.3689625984251972
0
LINE
8
BLACK
6
CONTINUOUS
10
6.2332472440944882
20
-4.3689625984251972
11
6.2319688188976379
21
-4.3702410236220475
0
LINE
8
BLACK
6
CONTINUOUS
10
6.2319688188976379
20
-4.3702410236220475
11
6.2301608661417323
21
-4.3702410236220475
0
LINE
8
BLACK
6
CONTINUOUS
10
6.2301608661417323
20
-4.3702410236220475
11
6.228882440944882
21
-4.3689625984251972
0
LINE
8
BLACK
6
CONTINUOUS
10
6.228882440944882
20
-4.3689625984251972
11
6.2287026377952754
21
-4.3680586220472444
0
LINE
8
BLACK
6
CONTINUOUS
10
6.2287026377952754
20
-4.3680586220472444
11
6.2287026377952754
21
-4.3380586220472441
0
LINE
8
BLACK
6
CONTINUOUS
10
6.2287026377952754
20
-4.3380586220472441
11
6.228882440944882
21
-4.3371546456692913
0
LINE
8
BLACK
6
CONTINUOUS
10
6.228882440944882
20
-4.3371546456692913
11
6.2301608661417323
21
-4.335876220472441
0
LINE
8
BLACK
6
CONTINUOUS
10
6.2301608661417323
20
-4.335876220472441
11
6.2319688188976379
21
-4.335876220472441
0
LINE
8
BLACK
6
CONTINUOUS
10
6.2319688188976379
20
-4.335876220472441
11
6.2332472440944882
21
-4.3371546456692913
0
LINE
8
BLACK
6
CONTINUOUS
10
6.2732472440944882
20
-4.312154645669291
11
6.2734270472440947
21
-4.3130586220472438
0
LINE
8
BLACK
6
CONTINUOUS
10
6.2734270472440947
20
-4.3130586220472438
11
6.2734270472440947
21
-4.343058622047244
0
LINE
8
BLACK
6
CONTINUOUS
10
6.2734270472440947
20
-4.343058622047244
11
6.2732472440944882
21
-4.3439625984251968
0
LINE
8
BLACK
6
CONTINUOUS
10
6.2732472440944882
20
-4.3439625984251968
11
6.2719688188976379
21
-4.3452410236220471
0
LINE
8
BLACK
6
CONTINUOUS
10
6.2719688188976379
20
-4.3452410236220471
11
6.2701608661417323
21
-4.3452410236220471
0
LINE
8
BLACK
6
CONTINUOUS
10
6.2701608661417323
20
-4.3452410236220471
11
6.268882440944882
21
-4.3439625984251968
0
LINE
8
BLACK
6
CONTINUOUS
10
6.268882440944882
20
-4.3439625984251968
11
6.2687026377952755
21
-4.343058622047244
0
LINE
8
BLACK
6
CONTINUOUS
10
6.2687026377952755
20
-4.343058622047244
11
6.2687026377952755
21
-4.3130586220472438
0
LINE
8
BLACK
6
CONTINUOUS
10
6.2687026377952755
20
-4.3130586220472438
11
6.268882440944882
21
-4.312154645669291
0
LINE
8
BLACK
6
CONTINUOUS
10
6.268882440944882
20
-4.312154645669291
11
6.2701608661417323
21
-4.3108762204724407
0
LINE
8
BLACK
6
CONTINUOUS
10
6.2701608661417323
20
-4.3108762204724407
11
6.2719688188976379
21
-4.3108762204724407
0
LINE
8
BLACK
6
CONTINUOUS
10
6.2719688188976379
20
-4.3108762204724407
11
6.2732472440944882
21
-4.312154645669291
0
LINE
8
BLACK
6
CONTINUOUS
10
6.3221987007874016
20
-4.3085840551181098
11
6.3222417322834641
21
-4.3085776771653546
0
LINE
8
BLACK
6
CONTINUOUS
10
6.3222417322834641
20
-4.3085776771653546
11
6.322457204724409
21
-4.3086095275590548
0
LINE
8
BLACK
6
CONTINUOUS
10
6.322457204724409
20
-4.3086095275590548
11
6.322674251968504
21
-4.3086309055118113
0
LINE
8
BLACK
6
CONTINUOUS
10
6.322674251968504
20
-4.3086309055118113
11
6.3227144488188971
21
-4.3086475196850396
0
LINE
8
BLACK
6
CONTINUOUS
10
6.3227144488188971
20
-4.3086475196850396
11
6.3228143307086615
21
-4.3086623228346452
0
LINE
8
BLACK
6
CONTINUOUS
10
6.3228143307086615
20
-4.3086623228346452
11
6.3303133858267717
21
-4.3105370866141728
0
LINE
8
BLACK
6
CONTINUOUS
10
6.3303133858267717
20
-4.3105370866141728
11
6.3303558661417325
21
-4.3105522440944881
0
LINE
8
BLACK
6
CONTINUOUS
10
6.3303558661417325
20
-4.3105522440944881
11
6.3303771259842518
21
-4.3105537795275586
0
LINE
8
BLACK
6
CONTINUOUS
10
6.3303771259842518
20
-4.3105537795275586
11
6.3306165354330703
21
-4.3106453937007876
0
LINE
8
BLACK
6
CONTINUOUS
10
6.3306165354330703
20
-4.3106453937007876
11
6.3308585039370078
21
-4.3107318503937009
0
LINE
8
BLACK
6
CONTINUOUS
10
6.3308585039370078
20
-4.3107318503937009
11
6.3308756299212599
21
-4.3107445275590548
0
LINE
8
BLACK
6
CONTINUOUS
10
6.3308756299212599
20
-4.3107445275590548
11
6.3309177559055119
21
-4.3107606692913381
0
LINE
8
BLACK
6
CONTINUOUS
10
6.3309177559055119
20
-4.3107606692913381
11
6.3311488582677162
21
-4.3108762204724407
0
LINE
8
BLACK
6
CONTINUOUS
10
6.3311488582677162
20
-4.3108762204724407
11
6.3319688188976375
21
-4.3108762204724407
0
LINE
8
BLACK
6
CONTINUOUS
10
6.3319688188976375
20
-4.3108762204724407
11
6.3327887795275588
21
-4.311696181102362
0
LINE
8
BLACK
6
CONTINUOUS
10
6.3327887795275588
20
-4.311696181102362
11
6.334667283464567
21
-4.3126354330708656
0
LINE
8
BLACK
6
CONTINUOUS
10
6.334667283464567
20
-4.3126354330708656
11
6.3349151574803146
21
-4.3127914566929135
0
LINE
8
BLACK
6
CONTINUOUS
10
6.3349151574803146
20
-4.3127914566929135
11
6.3349872047244089
21
-4.3128212992125983
0
LINE
8
BLACK
6
CONTINUOUS
10
6.3349872047244089
20
-4.3128212992125983
11
6.3350682283464561
21
-4.3128877952755902
0
LINE
8
BLACK
6
CONTINUOUS
10
6.3350682283464561
20
-4.3128877952755902
11
6.3351571653543308
21
-4.3129437795275587
0
LINE
8
BLACK
6
CONTINUOUS
10
6.3351571653543308
20
-4.3129437795275587
11
6.3352083070866136
21
-4.3130027559055115
0
LINE
8
BLACK
6
CONTINUOUS
10
6.3352083070866136
20
-4.3130027559055115
11
6.3354346850393704
21
-4.3131885433070867
0
LINE
8
BLACK
6
CONTINUOUS
10
6.3354346850393704
20
-4.3131885433070867
11
6.3391842519685042
21
-4.3169380708661418
0
LINE
8
BLACK
6
CONTINUOUS
10
6.3391842519685042
20
-4.3169380708661418
11
6.3395514960629917
21
-4.3173855118110236
0
LINE
8
BLACK
6
CONTINUOUS
10
6.3395514960629917
20
-4.3173855118110236
11
6.3395920866141733
21
-4.3174835433070866
0
LINE
8
BLACK
6
CONTINUOUS
10
6.3395920866141733
20
-4.3174835433070866
11
6.3396615748031495
21
-4.3175636614173225
0
LINE
8
BLACK
6
CONTINUOUS
10
6.3396615748031495
20
-4.3175636614173225
11
6.3398975590551183
21
-4.3180922440944878
0
LINE
8
BLACK
6
CONTINUOUS
10
6.3398975590551183
20
-4.3180922440944878
11
6.3417723228346459
21
-4.3237164960629917
0
LINE
8
BLACK
6
CONTINUOUS
10
6.3417723228346459
20
-4.3237164960629917
11
6.3418372440944877
21
-4.3240021259842516
0
LINE
8
BLACK
6
CONTINUOUS
10
6.3418372440944877
20
-4.3240021259842516
11
6.3418671259842521
21
-4.3240742125984255
0
LINE
8
BLACK
6
CONTINUOUS
10
6.3418671259842521
20
-4.3240742125984255
11
6.341877401574803
21
-4.3241786614173225
0
LINE
8
BLACK
6
CONTINUOUS
10
6.341877401574803
20
-4.3241786614173225
11
6.3419006692913387
21
-4.32428094488189
0
LINE
8
BLACK
6
CONTINUOUS
10
6.3419006692913387
20
-4.32428094488189
11
6.3418951181102363
21
-4.3243586614173228
0
LINE
8
BLACK
6
CONTINUOUS
10
6.3418951181102363
20
-4.3243586614173228
11
6.341923858267716
21
-4.3246502755905514
0
LINE
8
BLACK
6
CONTINUOUS
10
6.341923858267716
20
-4.3246502755905514
11
6.341923858267716
21
-4.3283998031496065
0
LINE
8
BLACK
6
CONTINUOUS
10
6.341923858267716
20
-4.3283998031496065
11
6.3418951181102363
21
-4.3286913779527554
0
LINE
8
BLACK
6
CONTINUOUS
10
6.3418951181102363
20
-4.3286913779527554
11
6.3419006692913387
21
-4.3287691338582679
0
LINE
8
BLACK
6
CONTINUOUS
10
6.3419006692913387
20
-4.3287691338582679
11
6.341877401574803
21
-4.3288713779527557
0
LINE
8
BLACK
6
CONTINUOUS
10
6.341877401574803
20
-4.3288713779527557
11
6.3418671259842521
21
-4.3289758661417324
0
LINE
8
BLACK
6
CONTINUOUS
10
6.3418671259842521
20
-4.3289758661417324
11
6.3418372440944877
21
-4.3290479133858266
0
LINE
8
BLACK
6
CONTINUOUS
10
6.3418372440944877
20
-4.3290479133858266
11
6.3417723228346459
21
-4.3293335826771653
0
LINE
8
BLACK
6
CONTINUOUS
10
6.3417723228346459
20
-4.3293335826771653
11
6.3398975590551183
21
-4.3349578346456692
0
LINE
8
BLACK
6
CONTINUOUS
10
6.3398975590551183
20
-4.3349578346456692
11
6.3396615748031495
21
-4.3354864173228345
0
LINE
8
BLACK
6
CONTINUOUS
10
6.3396615748031495
20
-4.3354864173228345
11
6.3395920078740158
21
-4.3355665748031491
0
LINE
8
BLACK
6
CONTINUOUS
10
6.3395920078740158
20
-4.3355665748031491
11
6.339551456692913
21
-4.3356645669291334
0
LINE
8
BLACK
6
CONTINUOUS
10
6.339551456692913
20
-4.3356645669291334
11
6.3391842125984255
21
-4.3361120472440948
0
LINE
8
BLACK
6
CONTINUOUS
10
6.3391842125984255
20
-4.3361120472440948
11
6.3373094094488192
21
-4.3379868110236224
0
LINE
8
BLACK
6
CONTINUOUS
10
6.3373094094488192
20
-4.3379868110236224
11
6.3368619685039365
21
-4.3383540157480311
0
LINE
8
BLACK
6
CONTINUOUS
10
6.3368619685039365
20
-4.3383540157480311
11
6.3357975590551181
21
-4.3387948818897639
0
LINE
8
BLACK
6
CONTINUOUS
10
6.3357975590551181
20
-4.3387948818897639
11
6.3346454724409451
21
-4.3387948818897639
0
LINE
8
BLACK
6
CONTINUOUS
10
6.3346454724409451
20
-4.3387948818897639
11
6.3335810629921259
21
-4.3383539763779524
0
LINE
8
BLACK
6
CONTINUOUS
10
6.3335810629921259
20
-4.3383539763779524
11
6.3334270472440943
21
-4.3381999606299209
0
LINE
8
BLACK
6
CONTINUOUS
10
6.3334270472440943
20
-4.3381999606299209
11
6.3334270472440943
21
-4.343058622047244
0
LINE
8
BLACK
6
CONTINUOUS
10
6.3334270472440943
20
-4.343058622047244
11
6.3332472440944878
21
-4.3439625984251968
0
LINE
8
BLACK
6
CONTINUOUS
10
6.3332472440944878
20
-4.3439625984251968
11
6.3319688188976375
21
-4.3452410236220471
0
LINE
8
BLACK
6
CONTINUOUS
10
6.3319688188976375
20
-4.3452410236220471
11
6.3301608661417319
21
-4.3452410236220471
0
LINE
8
BLACK
6
CONTINUOUS
10
6.3301608661417319
20
-4.3452410236220471
11
6.3288824409448816
21
-4.3439625984251968
0
LINE
8
BLACK
6
CONTINUOUS
10
6.3288824409448816
20
-4.3439625984251968
11
6.3287026377952751
21
-4.343058622047244
0
LINE
8
BLACK
6
CONTINUOUS
10
6.3287026377952751
20
-4.343058622047244
11
6.3287026377952751
21
-4.31625562992126
0
LINE
8
BLACK
6
CONTINUOUS
10
6.3287026377952751
20
-4.31625562992126
11
6.3285666929133857
21
-4.3161876771653542
0
LINE
8
BLACK
6
CONTINUOUS
10
6.3285666929133857
20
-4.3161876771653542
11
6.3217346456692916
21
-4.3144796850393696
0
LINE
8
BLACK
6
CONTINUOUS
10
6.3217346456692916
20
-4.3144796850393696
11
6.316837440944882
21
-4.3144796850393696
0
LINE
8
BLACK
6
CONTINUOUS
10
6.316837440944882
20
-4.3144796850393696
11
6.3100053937007869
21
-4.3161876771653542
0
LINE
8
BLACK
6
CONTINUOUS
10
6.3100053937007869
20
-4.3161876771653542
11
6.3069744094488192
21
-4.3177031889763775
0
LINE
8
BLACK
6
CONTINUOUS
10
6.3069744094488192
20
-4.3177031889763775
11
6.3040565748031492
21
-4.3206209842519687
0
LINE
8
BLACK
6
CONTINUOUS
10
6.3040565748031492
20
-4.3206209842519687
11
6.3025537795275586
21
-4.3251294094488184
0
LINE
8
BLACK
6
CONTINUOUS
10
6.3025537795275586
20
-4.3251294094488184
11
6.3025537795275586
21
-4.3279206299212598
0
LINE
8
BLACK
6
CONTINUOUS
10
6.3025537795275586
20
-4.3279206299212598
11
6.3040565748031492
21
-4.3324290551181104
0
LINE
8
BLACK
6
CONTINUOUS
10
6.3040565748031492
20
-4.3324290551181104
11
6.3054384645669286
21
-4.3338109448818898
0
LINE
8
BLACK
6
CONTINUOUS
10
6.3054384645669286
20
-4.3338109448818898
11
6.3058056692913382
21
-4.3342583858267716
0
LINE
8
BLACK
6
CONTINUOUS
10
6.3058056692913382
20
-4.3342583858267716
11
6.3062465748031498
21
-4.3353227952755908
0
LINE
8
BLACK
6
CONTINUOUS
10
6.3062465748031498
20
-4.3353227952755908
11
6.3062465748031498
21
-4.3364748818897638
0
LINE
8
BLACK
6
CONTINUOUS
10
6.3062465748031498
20
-4.3364748818897638
11
6.3058056692913382
21
-4.3375392913385822
0
LINE
8
BLACK
6
CONTINUOUS
10
6.3058056692913382
20
-4.3375392913385822
11
6.304990984251968
21
-4.3383539763779524
0
LINE
8
BLACK
6
CONTINUOUS
10
6.304990984251968
20
-4.3383539763779524
11
6.3039265748031497
21
-4.3387948818897639
0
LINE
8
BLACK
6
CONTINUOUS
10
6.3039265748031497
20
-4.3387948818897639
11
6.3027744881889767
21
-4.3387948818897639
0
LINE
8
BLACK
6
CONTINUOUS
10
6.3027744881889767
20
-4.3387948818897639
11
6.3017100787401574
21
-4.3383539763779524
0
LINE
8
BLACK
6
CONTINUOUS
10
6.3017100787401574
20
-4.3383539763779524
11
6.3012626377952756
21
-4.3379867716535436
0
LINE
8
BLACK
6
CONTINUOUS
10
6.3012626377952756
20
-4.3379867716535436
11
6.2993878740157481
21
-4.3361120078740161
0
LINE
8
BLACK
6
CONTINUOUS
10
6.2993878740157481
20
-4.3361120078740161
11
6.2990206692913384
21
-4.3356645669291334
0
LINE
8
BLACK
6
CONTINUOUS
10
6.2990206692913384
20
-4.3356645669291334
11
6.298980039370079
21
-4.3355664960629916
0
LINE
8
BLACK
6
CONTINUOUS
10
6.298980039370079
20
-4.3355664960629916
11
6.2989105511811019
21
-4.3354863779527557
0
LINE
8
BLACK
6
CONTINUOUS
10
6.2989105511811019
20
-4.3354863779527557
11
6.298674566929134
21
-4.3349578346456692
0
LINE
8
BLACK
6
CONTINUOUS
10
6.298674566929134
20
-4.3349578346456692
11
6.2967998031496064
21
-4.3293335433070865
0
LINE
8
BLACK
6
CONTINUOUS
10
6.2967998031496064
20
-4.3293335433070865
11
6.296734842519685
21
-4.3290479527559054
0
LINE
8
BLACK
6
CONTINUOUS
10
6.296734842519685
20
-4.3290479527559054
11
6.2967050000000002
21
-4.3289758661417324
0
LINE
8
BLACK
6
CONTINUOUS
10
6.2967050000000002
20
-4.3289758661417324
11
6.2966946850393697
21
-4.3288713385826769
0
LINE
8
BLACK
6
CONTINUOUS
10
6.2966946850393697
20
-4.3288713385826769
11
6.2966714566929136
21
-4.3287690944881891
0
LINE
8
BLACK
6
CONTINUOUS
10
6.2966714566929136
20
-4.3287690944881891
11
6.2966769685039372
21
-4.3286913385826766
0
LINE
8
BLACK
6
CONTINUOUS
10
6.2966769685039372
20
-4.3286913385826766
11
6.2966482677165354
21
-4.3283998031496065
0
LINE
8
BLACK
6
CONTINUOUS
10
6.2966482677165354
20
-4.3283998031496065
11
6.2966482677165354
21
-4.3246502755905514
0
LINE
8
BLACK
6
CONTINUOUS
10
6.2966482677165354
20
-4.3246502755905514
11
6.2966769685039372
21
-4.3243587007874016
0
LINE
8
BLACK
6
CONTINUOUS
10
6.2966769685039372
20
-4.3243587007874016
11
6.2966714566929136
21
-4.3242809842519687
0
LINE
8
BLACK
6
CONTINUOUS
10
6.2966714566929136
20
-4.3242809842519687
11
6.2966946850393697
21
-4.3241787007874013
0
LINE
8
BLACK
6
CONTINUOUS
10
6.2966946850393697
20
-4.3241787007874013
11
6.2967050000000002
21
-4.3240742125984255
0
LINE
8
BLACK
6
CONTINUOUS
10
6.2967050000000002
20
-4.3240742125984255
11
6.296734842519685
21
-4.3240020866141728
0
LINE
8
BLACK
6
CONTINUOUS
10
6.296734842519685
20
-4.3240020866141728
11
6.2967998031496064
21
-4.3237165354330704
0
LINE
8
BLACK
6
CONTINUOUS
10
6.2967998031496064
20
-4.3237165354330704
11
6.298674566929134
21
-4.3180922440944878
0
LINE
8
BLACK
6
CONTINUOUS
10
6.298674566929134
20
-4.3180922440944878
11
6.2989105511811019
21
-4.3175637007874013
0
LINE
8
BLACK
6
CONTINUOUS
10
6.2989105511811019
20
-4.3175637007874013
11
6.298980039370079
21
-4.3174835433070866
0
LINE
8
BLACK
6
CONTINUOUS
10
6.298980039370079
20
-4.3174835433070866
11
6.2990206692913384
21
-4.3173855118110236
0
LINE
8
BLACK
6
CONTINUOUS
10
6.2990206692913384
20
-4.3173855118110236
11
6.2993878740157481
21
-4.3169380708661418
0
LINE
8
BLACK
6
CONTINUOUS
10
6.2993878740157481
20
-4.3169380708661418
11
6.3031374015748032
21
-4.3131885433070867
0
LINE
8
BLACK
6
CONTINUOUS
10
6.3031374015748032
20
-4.3131885433070867
11
6.303363779527559
21
-4.313002677165354
0
LINE
8
BLACK
6
CONTINUOUS
10
6.303363779527559
20
-4.313002677165354
11
6.3034149212598427
21
-4.3129437795275587
0
LINE
8
BLACK
6
CONTINUOUS
10
6.3034149212598427
20
-4.3129437795275587
11
6.3035036614173228
21
-4.3128878740157477
0
LINE
8
BLACK
6
CONTINUOUS
10
6.3035036614173228
20
-4.3128878740157477
11
6.303584842519685
21
-4.3128212992125983
0
LINE
8
BLACK
6
CONTINUOUS
10
6.303584842519685
20
-4.3128212992125983
11
6.3036569685039368
21
-4.3127914173228348
0
LINE
8
BLACK
6
CONTINUOUS
10
6.3036569685039368
20
-4.3127914173228348
11
6.3039048031496066
21
-4.3126354330708656
0
LINE
8
BLACK
6
CONTINUOUS
10
6.3039048031496066
20
-4.3126354330708656
11
6.3076543307086617
21
-4.3107606692913381
0
LINE
8
BLACK
6
CONTINUOUS
10
6.3076543307086617
20
-4.3107606692913381
11
6.3076964173228349
21
-4.3107445275590548
0
LINE
8
BLACK
6
CONTINUOUS
10
6.3076964173228349
20
-4.3107445275590548
11
6.3077135826771649
21
-4.3107318503937009
0
LINE
8
BLACK
6
CONTINUOUS
10
6.3077135826771649
20
-4.3107318503937009
11
6.3079551574803148
21
-4.3106455118110238
0
LINE
8
BLACK
6
CONTINUOUS
10
6.3079551574803148
20
-4.3106455118110238
11
6.308194921259842
21
-4.3105537795275586
0
LINE
8
BLACK
6
CONTINUOUS
10
6.308194921259842
20
-4.3105537795275586
11
6.3082161811023623
21
-4.3105522440944881
0
LINE
8
BLACK
6
CONTINUOUS
10
6.3082161811023623
20
-4.3105522440944881
11
6.3082587007874018
21
-4.3105370866141728
0
LINE
8
BLACK
6
CONTINUOUS
10
6.3082587007874018
20
-4.3105370866141728
11
6.315757755905512
21
-4.3086623228346452
0
LINE
8
BLACK
6
CONTINUOUS
10
6.315757755905512
20
-4.3086623228346452
11
6.3158575984251968
21
-4.3086475196850396
0
LINE
8
BLACK
6
CONTINUOUS
10
6.3158575984251968
20
-4.3086475196850396
11
6.3158978346456696
21
-4.3086309055118113
0
LINE
8
BLACK
6
CONTINUOUS
10
6.3158978346456696
20
-4.3086309055118113
11
6.3161148425196849
21
-4.3086095275590548
0
LINE
8
BLACK
6
CONTINUOUS
10
6.3161148425196849
20
-4.3086095275590548
11
6.3163303543307086
21
-4.3085776771653546
0
LINE
8
BLACK
6
CONTINUOUS
10
6.3163303543307086
20
-4.3085776771653546
11
6.3163733464566931
21
-4.3085840551181098
0
LINE
8
BLACK
6
CONTINUOUS
10
6.3163733464566931
20
-4.3085840551181098
11
6.3164738976377954
21
-4.3085741732283465
0
LINE
8
BLACK
6
CONTINUOUS
10
6.3164738976377954
20
-4.3085741732283465
11
6.3220981889763781
21
-4.3085741732283465
0
LINE
8
BLACK
6
CONTINUOUS
10
6.3220981889763781
20
-4.3085741732283465
11
6.3221987007874016
21
-4.3085840551181098
0
LINE
8
BLACK
6
CONTINUOUS
10
6.3334270472440943
20
-4.3335175196850395
11
6.3345155511811022
21
-4.3324290157480316
0
LINE
8
BLACK
6
CONTINUOUS
10
6.3345155511811022
20
-4.3324290157480316
11
6.3360183464566928
21
-4.3279206692913386
0
LINE
8
BLACK
6
CONTINUOUS
10
6.3360183464566928
20
-4.3279206692913386
11
6.3360183464566928
21
-4.3251294094488184
0
LINE
8
BLACK
6
CONTINUOUS
10
6.3360183464566928
20
-4.3251294094488184
11
6.3345155511811022
21
-4.3206210236220475
0
LINE
8
BLACK
6
CONTINUOUS
10
6.3345155511811022
20
-4.3206210236220475
11
6.3334270472440943
21
-4.3195325196850396
0
LINE
8
BLACK
6
CONTINUOUS
10
6.3334270472440943
20
-4.3195325196850396
11
6.3334270472440943
21
-4.3335175196850395
0
LINE
8
BLACK
6
CONTINUOUS
10
5.3316409055118106
20
-4.290162598425197
11
5.3327053149606298
21
-4.2906035039370076
0
LINE
8
BLACK
6
CONTINUOUS
10
5.3327053149606298
20
-4.2906035039370076
11
5.3335199606299213
21
-4.2914181496062991
0
LINE
8
BLACK
6
CONTINUOUS
10
5.3335199606299213
20
-4.2914181496062991
11
5.3339608661417319
21
-4.2924825590551183
0
LINE
8
BLACK
6
CONTINUOUS
10
5.3339608661417319
20
-4.2924825590551183
11
5.3339608661417319
21
-4.2936346850393701
0
LINE
8
BLACK
6
CONTINUOUS
10
5.3339608661417319
20
-4.2936346850393701
11
5.3335199606299213
21
-4.2946990944881893
0
LINE
8
BLACK
6
CONTINUOUS
10
5.3335199606299213
20
-4.2946990944881893
11
5.3327053149606298
21
-4.2955137401574799
0
LINE
8
BLACK
6
CONTINUOUS
10
5.3327053149606298
20
-4.2955137401574799
11
5.3316409055118106
21
-4.2959546456692914
0
LINE
8
BLACK
6
CONTINUOUS
10
5.3316409055118106
20
-4.2959546456692914
11
5.3310648425196847
21
-4.2960113779527562
0
LINE
8
BLACK
6
CONTINUOUS
10
5.3310648425196847
20
-4.2960113779527562
11
5.2710648425196851
21
-4.2960113779527562
0
LINE
8
BLACK
6
CONTINUOUS
10
5.2710648425196851
20
-4.2960113779527562
11
5.2704887795275592
21
-4.2959546456692914
0
LINE
8
BLACK
6
CONTINUOUS
10
5.2704887795275592
20
-4.2959546456692914
11
5.26942437007874
21
-4.2955137401574799
0
LINE
8
BLACK
6
CONTINUOUS
10
5.26942437007874
20
-4.2955137401574799
11
5.2686097244094485
21
-4.2946990944881893
0
LINE
8
BLACK
6
CONTINUOUS
10
5.2686097244094485
20
-4.2946990944881893
11
5.2681688188976379
21
-4.2936346850393701
0
LINE
8
BLACK
6
CONTINUOUS
10
5.2681688188976379
20
-4.2936346850393701
11
5.2681688188976379
21
-4.2924825590551183
0
LINE
8
BLACK
6
CONTINUOUS
10
5.2681688188976379
20
-4.2924825590551183
11
5.2686097244094485
21
-4.2914181496062991
0
LINE
8
BLACK
6
CONTINUOUS
10
5.2686097244094485
20
-4.2914181496062991
11
5.26942437007874
21
-4.2906035039370076
0
LINE
8
BLACK
6
CONTINUOUS
10
5.26942437007874
20
-4.2906035039370076
11
5.2704887795275592
21
-4.290162598425197
0
LINE
8
BLACK
6
CONTINUOUS
10
5.2704887795275592
20
-4.290162598425197
11
5.2710648425196851
21
-4.2901058661417322
0
LINE
8
BLACK
6
CONTINUOUS
10
5.2710648425196851
20
-4.2901058661417322
11
5.3310648425196847
21
-4.2901058661417322
0
LINE
8
BLACK
6
CONTINUOUS
10
5.3310648425196847
20
-4.2901058661417322
11
5.3316409055118106
21
-4.290162598425197
0
LINE
8
BLACK
6
CONTINUOUS
10
5.4316409055118111
20
-4.290162598425197
11
5.4327053149606295
21
-4.2906035039370076
0
LINE
8
BLACK
6
CONTINUOUS
10
5.4327053149606295
20
-4.2906035039370076
11
5.4335199606299209
21
-4.2914181496062991
0
LINE
8
BLACK
6
CONTINUOUS
10
5.4335199606299209
20
-4.2914181496062991
11
5.4339608661417325
21
-4.2924825590551183
0
LINE
8
BLACK
6
CONTINUOUS
10
5.4339608661417325
20
-4.2924825590551183
11
5.4339608661417325
21
-4.2936346850393701
0
LINE
8
BLACK
6
CONTINUOUS
10
5.4339608661417325
20
-4.2936346850393701
11
5.4335199606299209
21
-4.2946990944881893
0
LINE
8
BLACK
6
CONTINUOUS
10
5.4335199606299209
20
-4.2946990944881893
11
5.4327053149606295
21
-4.2955137401574799
0
LINE
8
BLACK
6
CONTINUOUS
10
5.4327053149606295
20
-4.2955137401574799
11
5.4316409055118111
21
-4.2959546456692914
0
LINE
8
BLACK
6
CONTINUOUS
10
5.4316409055118111
20
-4.2959546456692914
11
5.4310648425196852
21
-4.2960113779527562
0
LINE
8
BLACK
6
CONTINUOUS
10
5.4310648425196852
20
-4.2960113779527562
11
5.3710648425196847
21
-4.2960113779527562
0
LINE
8
BLACK
6
CONTINUOUS
10
5.3710648425196847
20
-4.2960113779527562
11
5.3704887795275589
21
-4.2959546456692914
0
LINE
8
BLACK
6
CONTINUOUS
10
5.3704887795275589
20
-4.2959546456692914
11
5.3694243700787396
21
-4.2955137401574799
0
LINE
8
BLACK
6
CONTINUOUS
10
5.3694243700787396
20
-4.2955137401574799
11
5.3686097244094491
21
-4.2946990944881893
0
LINE
8
BLACK
6
CONTINUOUS
10
5.3686097244094491
20
-4.2946990944881893
11
5.3681688188976375
21
-4.2936346850393701
0
LINE
8
BLACK
6
CONTINUOUS
10
5.3681688188976375
20
-4.2936346850393701
11
5.3681688188976375
21
-4.2924825590551183
0
LINE
8
BLACK
6
CONTINUOUS
10
5.3681688188976375
20
-4.2924825590551183
11
5.3686097244094491
21
-4.2914181496062991
0
LINE
8
BLACK
6
CONTINUOUS
10
5.3686097244094491
20
-4.2914181496062991
11
5.3694243700787396
21
-4.2906035039370076
0
LINE
8
BLACK
6
CONTINUOUS
10
5.3694243700787396
20
-4.2906035039370076
11
5.3704887795275589
21
-4.290162598425197
0
LINE
8
BLACK
6
CONTINUOUS
10
5.3704887795275589
20
-4.290162598425197
11
5.3710648425196847
21
-4.2901058661417322
0
LINE
8
BLACK
6
CONTINUOUS
10
5.3710648425196847
20
-4.2901058661417322
11
5.4310648425196852
21
-4.2901058661417322
0
LINE
8
BLACK
6
CONTINUOUS
10
5.4310648425196852
20
-4.2901058661417322
11
5.4316409055118111
21
-4.290162598425197
0
LINE
8
BLACK
6
CONTINUOUS
10
5.5316409055118108
20
-4.290162598425197
11
5.53270531496063
21
-4.2906035039370076
0
LINE
8
BLACK
6
CONTINUOUS
10
5.53270531496063
20
-4.2906035039370076
11
5.5335199606299215
21
-4.2914181496062991
0
LINE
8
BLACK
6
CONTINUOUS
10
5.5335199606299215
20
-4.2914181496062991
11
5.5339608661417321
21
-4.2924825590551183
0
LINE
8
BLACK
6
CONTINUOUS
10
5.5339608661417321
20
-4.2924825590551183
11
5.5339608661417321
21
-4.2936346850393701
0
LINE
8
BLACK
6
CONTINUOUS
10
5.5339608661417321
20
-4.2936346850393701
11
5.5335199606299215
21
-4.2946990944881893
0
LINE
8
BLACK
6
CONTINUOUS
10
5.5335199606299215
20
-4.2946990944881893
11
5.53270531496063
21
-4.2955137401574799
0
LINE
8
BLACK
6
CONTINUOUS
10
5.53270531496063
20
-4.2955137401574799
11
5.5316409055118108
21
-4.2959546456692914
0
LINE
8
BLACK
6
CONTINUOUS
10
5.5316409055118108
20
-4.2959546456692914
11
5.5310648425196849
21
-4.2960113779527562
0
LINE
8
BLACK
6
CONTINUOUS
10
5.5310648425196849
20
-4.2960113779527562
11
5.4710648425196853
21
-4.2960113779527562
0
LINE
8
BLACK
6
CONTINUOUS
10
5.4710648425196853
20
-4.2960113779527562
11
5.4704887795275585
21
-4.2959546456692914
0
LINE
8
BLACK
6
CONTINUOUS
10
5.4704887795275585
20
-4.2959546456692914
11
5.4694243700787402
21
-4.2955137401574799
0
LINE
8
BLACK
6
CONTINUOUS
10
5.4694243700787402
20
-4.2955137401574799
11
5.4686097244094487
21
-4.2946990944881893
0
LINE
8
BLACK
6
CONTINUOUS
10
5.4686097244094487
20
-4.2946990944881893
11
5.4681688188976381
21
-4.2936346850393701
0
LINE
8
BLACK
6
CONTINUOUS
10
5.4681688188976381
20
-4.2936346850393701
11
5.4681688188976381
21
-4.2924825590551183
0
LINE
8
BLACK
6
CONTINUOUS
10
5.4681688188976381
20
-4.2924825590551183
11
5.4686097244094487
21
-4.2914181496062991
0
LINE
8
BLACK
6
CONTINUOUS
10
5.4686097244094487
20
-4.2914181496062991
11
5.4694243700787402
21
-4.2906035039370076
0
LINE
8
BLACK
6
CONTINUOUS
10
5.4694243700787402
20
-4.2906035039370076
11
5.4704887795275585
21
-4.290162598425197
0
LINE
8
BLACK
6
CONTINUOUS
10
5.4704887795275585
20
-4.290162598425197
11
5.4710648425196853
21
-4.2901058661417322
0
LINE
8
BLACK
6
CONTINUOUS
10
5.4710648425196853
20
-4.2901058661417322
11
5.5310648425196849
21
-4.2901058661417322
0
LINE
8
BLACK
6
CONTINUOUS
10
5.5310648425196849
20
-4.2901058661417322
11
5.5316409055118108
21
-4.290162598425197
0
LINE
8
BLACK
6
CONTINUOUS
10
5.6316409055118113
20
-4.290162598425197
11
5.6327053149606297
21
-4.2906035039370076
0
LINE
8
BLACK
6
CONTINUOUS
10
5.6327053149606297
20
-4.2906035039370076
11
5.6335199606299211
21
-4.2914181496062991
0
LINE
8
BLACK
6
CONTINUOUS
10
5.6335199606299211
20
-4.2914181496062991
11
5.6339608661417317
21
-4.2924825590551183
0
LINE
8
BLACK
6
CONTINUOUS
10
5.6339608661417317
20
-4.2924825590551183
11
5.6339608661417317
21
-4.2936346850393701
0
LINE
8
BLACK
6
CONTINUOUS
10
5.6339608661417317
20
-4.2936346850393701
11
5.6335199606299211
21
-4.2946990944881893
0
LINE
8
BLACK
6
CONTINUOUS
10
5.6335199606299211
20
-4.2946990944881893
11
5.6327053149606297
21
-4.2955137401574799
0
LINE
8
BLACK
6
CONTINUOUS
10
5.6327053149606297
20
-4.2955137401574799
11
5.6316409055118113
21
-4.2959546456692914
0
LINE
8
BLACK
6
CONTINUOUS
10
5.6316409055118113
20
-4.2959546456692914
11
5.6310648425196845
21
-4.2960113779527562
0
LINE
8
BLACK
6
CONTINUOUS
10
5.6310648425196845
20
-4.2960113779527562
11
5.5710648425196849
21
-4.2960113779527562
0
LINE
8
BLACK
6
CONTINUOUS
10
5.5710648425196849
20
-4.2960113779527562
11
5.5704887795275591
21
-4.2959546456692914
0
LINE
8
BLACK
6
CONTINUOUS
10
5.5704887795275591
20
-4.2959546456692914
11
5.5694243700787398
21
-4.2955137401574799
0
LINE
8
BLACK
6
CONTINUOUS
10
5.5694243700787398
20
-4.2955137401574799
11
5.5686097244094483
21
-4.2946990944881893
0
LINE
8
BLACK
6
CONTINUOUS
10
5.5686097244094483
20
-4.2946990944881893
11
5.5681688188976377
21
-4.2936346850393701
0
LINE
8
BLACK
6
CONTINUOUS
10
5.5681688188976377
20
-4.2936346850393701
11
5.5681688188976377
21
-4.2924825590551183
0
LINE
8
BLACK
6
CONTINUOUS
10
5.5681688188976377
20
-4.2924825590551183
11
5.5686097244094483
21
-4.2914181496062991
0
LINE
8
BLACK
6
CONTINUOUS
10
5.5686097244094483
20
-4.2914181496062991
11
5.5694243700787398
21
-4.2906035039370076
0
LINE
8
BLACK
6
CONTINUOUS
10
5.5694243700787398
20
-4.2906035039370076
11
5.5704887795275591
21
-4.290162598425197
0
LINE
8
BLACK
6
CONTINUOUS
10
5.5704887795275591
20
-4.290162598425197
11
5.5710648425196849
21
-4.2901058661417322
0
LINE
8
BLACK
6
CONTINUOUS
10
5.5710648425196849
20
-4.2901058661417322
11
5.6310648425196845
21
-4.2901058661417322
0
LINE
8
BLACK
6
CONTINUOUS
10
5.6310648425196845
20
-4.2901058661417322
11
5.6316409055118113
21
-4.290162598425197
0
LINE
8
BLACK
6
CONTINUOUS
10
5.8316409055118106
20
-4.290162598425197
11
5.8327053149606298
21
-4.2906035039370076
0
LINE
8
BLACK
6
CONTINUOUS
10
5.8327053149606298
20
-4.2906035039370076
11
5.8335199606299213
21
-4.2914181496062991
0
LINE
8
BLACK
6
CONTINUOUS
10
5.8335199606299213
20
-4.2914181496062991
11
5.8339608661417319
21
-4.2924825590551183
0
LINE
8
BLACK
6
CONTINUOUS
10
5.8339608661417319
20
-4.2924825590551183
11
5.8339608661417319
21
-4.2936346850393701
0
LINE
8
BLACK
6
CONTINUOUS
10
5.8339608661417319
20
-4.2936346850393701
11
5.8335199606299213
21
-4.2946990944881893
0
LINE
8
BLACK
6
CONTINUOUS
10
5.8335199606299213
20
-4.2946990944881893
11
5.8327053149606298
21
-4.2955137401574799
0
LINE
8
BLACK
6
CONTINUOUS
10
5.8327053149606298
20
-4.2955137401574799
11
5.8316409055118106
21
-4.2959546456692914
0
LINE
8
BLACK
6
CONTINUOUS
10
5.8316409055118106
20
-4.2959546456692914
11
5.8310648425196847
21
-4.2960113779527562
0
LINE
8
BLACK
6
CONTINUOUS
10
5.8310648425196847
20
-4.2960113779527562
11
5.7710648425196851
21
-4.2960113779527562
0
LINE
8
BLACK
6
CONTINUOUS
10
5.7710648425196851
20
-4.2960113779527562
11
5.7704887795275592
21
-4.2959546456692914
0
LINE
8
BLACK
6
CONTINUOUS
10
5.7704887795275592
20
-4.2959546456692914
11
5.76942437007874
21
-4.2955137401574799
0
LINE
8
BLACK
6
CONTINUOUS
10
5.76942437007874
20
-4.2955137401574799
11
5.7686097244094485
21
-4.2946990944881893
0
LINE
8
BLACK
6
CONTINUOUS
10
5.7686097244094485
20
-4.2946990944881893
11
5.7681688188976379
21
-4.2936346850393701
0
LINE
8
BLACK
6
CONTINUOUS
10
5.7681688188976379
20
-4.2936346850393701
11
5.7681688188976379
21
-4.2924825590551183
0
LINE
8
BLACK
6
CONTINUOUS
10
5.7681688188976379
20
-4.2924825590551183
11
5.7686097244094485
21
-4.2914181496062991
0
LINE
8
BLACK
6
CONTINUOUS
10
5.7686097244094485
20
-4.2914181496062991
11
5.76942437007874
21
-4.2906035039370076
0
LINE
8
BLACK
6
CONTINUOUS
10
5.76942437007874
20
-4.2906035039370076
11
5.7704887795275592
21
-4.290162598425197
0
LINE
8
BLACK
6
CONTINUOUS
10
5.7704887795275592
20
-4.290162598425197
11
5.7710648425196851
21
-4.2901058661417322
0
LINE
8
BLACK
6
CONTINUOUS
10
5.7710648425196851
20
-4.2901058661417322
11
5.8310648425196847
21
-4.2901058661417322
0
LINE
8
BLACK
6
CONTINUOUS
10
5.8310648425196847
20
-4.2901058661417322
11
5.8316409055118106
21
-4.290162598425197
0
LINE
8
BLACK
6
CONTINUOUS
10
5.9316409055118111
20
-4.290162598425197
11
5.9327053149606295
21
-4.2906035039370076
0
LINE
8
BLACK
6
CONTINUOUS
10
5.9327053149606295
20
-4.2906035039370076
11
5.9335199606299209
21
-4.2914181496062991
0
LINE
8
BLACK
6
CONTINUOUS
10
5.9335199606299209
20
-4.2914181496062991
11
5.9339608661417325
21
-4.2924825590551183
0
LINE
8
BLACK
6
CONTINUOUS
10
5.9339608661417325
20
-4.2924825590551183
11
5.9339608661417325
21
-4.2936346850393701
0
LINE
8
BLACK
6
CONTINUOUS
10
5.9339608661417325
20
-4.2936346850393701
11
5.9335199606299209
21
-4.2946990944881893
0
LINE
8
BLACK
6
CONTINUOUS
10
5.9335199606299209
20
-4.2946990944881893
11
5.9327053149606295
21
-4.2955137401574799
0
LINE
8
BLACK
6
CONTINUOUS
10
5.9327053149606295
20
-4.2955137401574799
11
5.9316409055118111
21
-4.2959546456692914
0
LINE
8
BLACK
6
CONTINUOUS
10
5.9316409055118111
20
-4.2959546456692914
11
5.9310648425196852
21
-4.2960113779527562
0
LINE
8
BLACK
6
CONTINUOUS
10
5.9310648425196852
20
-4.2960113779527562
11
5.8710648425196847
21
-4.2960113779527562
0
LINE
8
BLACK
6
CONTINUOUS
10
5.8710648425196847
20
-4.2960113779527562
11
5.8704887795275589
21
-4.2959546456692914
0
LINE
8
BLACK
6
CONTINUOUS
10
5.8704887795275589
20
-4.2959546456692914
11
5.8694243700787396
21
-4.2955137401574799
0
LINE
8
BLACK
6
CONTINUOUS
10
5.8694243700787396
20
-4.2955137401574799
11
5.8686097244094491
21
-4.2946990944881893
0
LINE
8
BLACK
6
CONTINUOUS
10
5.8686097244094491
20
-4.2946990944881893
11
5.8681688188976375
21
-4.2936346850393701
0
LINE
8
BLACK
6
CONTINUOUS
10
5.8681688188976375
20
-4.2936346850393701
11
5.8681688188976375
21
-4.2924825590551183
0
LINE
8
BLACK
6
CONTINUOUS
10
5.8681688188976375
20
-4.2924825590551183
11
5.8686097244094491
21
-4.2914181496062991
0
LINE
8
BLACK
6
CONTINUOUS
10
5.8686097244094491
20
-4.2914181496062991
11
5.8694243700787396
21
-4.2906035039370076
0
LINE
8
BLACK
6
CONTINUOUS
10
5.8694243700787396
20
-4.2906035039370076
11
5.8704887795275589
21
-4.290162598425197
0
LINE
8
BLACK
6
CONTINUOUS
10
5.8704887795275589
20
-4.290162598425197
11
5.8710648425196847
21
-4.2901058661417322
0
LINE
8
BLACK
6
CONTINUOUS
10
5.8710648425196847
20
-4.2901058661417322
11
5.9310648425196852
21
-4.2901058661417322
0
LINE
8
BLACK
6
CONTINUOUS
10
5.9310648425196852
20
-4.2901058661417322
11
5.9316409055118111
21
-4.290162598425197
0
LINE
8
BLACK
6
CONTINUOUS
10
6.0316409055118108
20
-4.290162598425197
11
6.03270531496063
21
-4.2906035039370076
0
LINE
8
BLACK
6
CONTINUOUS
10
6.03270531496063
20
-4.2906035039370076
11
6.0335199606299215
21
-4.2914181496062991
0
LINE
8
BLACK
6
CONTINUOUS
10
6.0335199606299215
20
-4.2914181496062991
11
6.0339608661417321
21
-4.2924825590551183
0
LINE
8
BLACK
6
CONTINUOUS
10
6.0339608661417321
20
-4.2924825590551183
11
6.0339608661417321
21
-4.2936346850393701
0
LINE
8
BLACK
6
CONTINUOUS
10
6.0339608661417321
20
-4.2936346850393701
11
6.0335199606299215
21
-4.2946990944881893
0
LINE
8
BLACK
6
CONTINUOUS
10
6.0335199606299215
20
-4.2946990944881893
11
6.03270531496063
21
-4.2955137401574799
0
LINE
8
BLACK
6
CONTINUOUS
10
6.03270531496063
20
-4.2955137401574799
11
6.0316409055118108
21
-4.2959546456692914
0
LINE
8
BLACK
6
CONTINUOUS
10
6.0316409055118108
20
-4.2959546456692914
11
6.0310648425196849
21
-4.2960113779527562
0
LINE
8
BLACK
6
CONTINUOUS
10
6.0310648425196849
20
-4.2960113779527562
11
5.9710648425196853
21
-4.2960113779527562
0
LINE
8
BLACK
6
CONTINUOUS
10
5.9710648425196853
20
-4.2960113779527562
11
5.9704887795275585
21
-4.2959546456692914
0
LINE
8
BLACK
6
CONTINUOUS
10
5.9704887795275585
20
-4.2959546456692914
11
5.9694243700787402
21
-4.2955137401574799
0
LINE
8
BLACK
6
CONTINUOUS
10
5.9694243700787402
20
-4.2955137401574799
11
5.9686097244094487
21
-4.2946990944881893
0
LINE
8
BLACK
6
CONTINUOUS
10
5.9686097244094487
20
-4.2946990944881893
11
5.9681688188976381
21
-4.2936346850393701
0
LINE
8
BLACK
6
CONTINUOUS
10
5.9681688188976381
20
-4.2936346850393701
11
5.9681688188976381
21
-4.2924825590551183
0
LINE
8
BLACK
6
CONTINUOUS
10
5.9681688188976381
20
-4.2924825590551183
11
5.9686097244094487
21
-4.2914181496062991
0
LINE
8
BLACK
6
CONTINUOUS
10
5.9686097244094487
20
-4.2914181496062991
11
5.9694243700787402
21
-4.2906035039370076
0
LINE
8
BLACK
6
CONTINUOUS
10
5.9694243700787402
20
-4.2906035039370076
11
5.9704887795275585
21
-4.290162598425197
0
LINE
8
BLACK
6
CONTINUOUS
10
5.9704887795275585
20
-4.290162598425197
11
5.9710648425196853
21
-4.2901058661417322
0
LINE
8
BLACK
6
CONTINUOUS
10
5.9710648425196853
20
-4.2901058661417322
11
6.0310648425196849
21
-4.2901058661417322
0
LINE
8
BLACK
6
CONTINUOUS
10
6.0310648425196849
20
-4.2901058661417322
11
6.0316409055118108
21
-4.290162598425197
0
LINE
8
BLACK
6
CONTINUOUS
10
6.1316409055118113
20
-4.290162598425197
11
6.1327053149606297
21
-4.2906035039370076
0
LINE
8
BLACK
6
CONTINUOUS
10
6.1327053149606297
20
-4.2906035039370076
11
6.1335199606299211
21
-4.2914181496062991
0
LINE
8
BLACK
6
CONTINUOUS
10
6.1335199606299211
20
-4.2914181496062991
11
6.1339608661417317
21
-4.2924825590551183
0
LINE
8
BLACK
6
CONTINUOUS
10
6.1339608661417317
20
-4.2924825590551183
11
6.1339608661417317
21
-4.2936346850393701
0
LINE
8
BLACK
6
CONTINUOUS
10
6.1339608661417317
20
-4.2936346850393701
11
6.1335199606299211
21
-4.2946990944881893
0
LINE
8
BLACK
6
CONTINUOUS
10
6.1335199606299211
20
-4.2946990944881893
11
6.1327053149606297
21
-4.2955137401574799
0
LINE
8
BLACK
6
CONTINUOUS
10
6.1327053149606297
20
-4.2955137401574799
11
6.1316409055118113
21
-4.2959546456692914
0
LINE
8
BLACK
6
CONTINUOUS
10
6.1316409055118113
20
-4.2959546456692914
11
6.1310648425196845
21
-4.2960113779527562
0
LINE
8
BLACK
6
CONTINUOUS
10
6.1310648425196845
20
-4.2960113779527562
11
6.0710648425196849
21
-4.2960113779527562
0
LINE
8
BLACK
6
CONTINUOUS
10
6.0710648425196849
20
-4.2960113779527562
11
6.0704887795275591
21
-4.2959546456692914
0
LINE
8
BLACK
6
CONTINUOUS
10
6.0704887795275591
20
-4.2959546456692914
11
6.0694243700787398
21
-4.2955137401574799
0
LINE
8
BLACK
6
CONTINUOUS
10
6.0694243700787398
20
-4.2955137401574799
11
6.0686097244094483
21
-4.2946990944881893
0
LINE
8
BLACK
6
CONTINUOUS
10
6.0686097244094483
20
-4.2946990944881893
11
6.0681688188976377
21
-4.2936346850393701
0
LINE
8
BLACK
6
CONTINUOUS
10
6.0681688188976377
20
-4.2936346850393701
11
6.0681688188976377
21
-4.2924825590551183
0
LINE
8
BLACK
6
CONTINUOUS
10
6.0681688188976377
20
-4.2924825590551183
11
6.0686097244094483
21
-4.2914181496062991
0
LINE
8
BLACK
6
CONTINUOUS
10
6.0686097244094483
20
-4.2914181496062991
11
6.0694243700787398
21
-4.2906035039370076
0
LINE
8
BLACK
6
CONTINUOUS
10
6.0694243700787398
20
-4.2906035039370076
11
6.0704887795275591
21
-4.290162598425197
0
LINE
8
BLACK
6
CONTINUOUS
10
6.0704887795275591
20
-4.290162598425197
11
6.0710648425196849
21
-4.2901058661417322
0
LINE
8
BLACK
6
CONTINUOUS
10
6.0710648425196849
20
-4.2901058661417322
11
6.1310648425196845
21
-4.2901058661417322
0
LINE
8
BLACK
6
CONTINUOUS
10
6.1310648425196845
20
-4.2901058661417322
11
6.1316409055118113
21
-4.290162598425197
0
LINE
8
BLACK
6
CONTINUOUS
10
6.2316409055118109
20
-4.290162598425197
11
6.2327053149606302
21
-4.2906035039370076
0
LINE
8
BLACK
6
CONTINUOUS
10
6.2327053149606302
20
-4.2906035039370076
11
6.2335199606299208
21
-4.2914181496062991
0
LINE
8
BLACK
6
CONTINUOUS
10
6.2335199606299208
20
-4.2914181496062991
11
6.2339608661417323
21
-4.2924825590551183
0
LINE
8
BLACK
6
CONTINUOUS
10
6.2339608661417323
20
-4.2924825590551183
11
6.2339608661417323
21
-4.2936346850393701
0
LINE
8
BLACK
6
CONTINUOUS
10
6.2339608661417323
20
-4.2936346850393701
11
6.2335199606299208
21
-4.2946990944881893
0
LINE
8
BLACK
6
CONTINUOUS
10
6.2335199606299208
20
-4.2946990944881893
11
6.2327053149606302
21
-4.2955137401574799
0
LINE
8
BLACK
6
CONTINUOUS
10
6.2327053149606302
20
-4.2955137401574799
11
6.2316409055118109
21
-4.2959546456692914
0
LINE
8
BLACK
6
CONTINUOUS
10
6.2316409055118109
20
-4.2959546456692914
11
6.2310648425196851
21
-4.2960113779527562
0
LINE
8
BLACK
6
CONTINUOUS
10
6.2310648425196851
20
-4.2960113779527562
11
6.1710648425196846
21
-4.2960113779527562
0
LINE
8
BLACK
6
CONTINUOUS
10
6.1710648425196846
20
-4.2960113779527562
11
6.1704887795275587
21
-4.2959546456692914
0
LINE
8
BLACK
6
CONTINUOUS
10
6.1704887795275587
20
-4.2959546456692914
11
6.1694243700787403
21
-4.2955137401574799
0
LINE
8
BLACK
6
CONTINUOUS
10
6.1694243700787403
20
-4.2955137401574799
11
6.1686097244094489
21
-4.2946990944881893
0
LINE
8
BLACK
6
CONTINUOUS
10
6.1686097244094489
20
-4.2946990944881893
11
6.1681688188976374
21
-4.2936346850393701
0
LINE
8
BLACK
6
CONTINUOUS
10
6.1681688188976374
20
-4.2936346850393701
11
6.1681688188976374
21
-4.2924825590551183
0
LINE
8
BLACK
6
CONTINUOUS
10
6.1681688188976374
20
-4.2924825590551183
11
6.1686097244094489
21
-4.2914181496062991
0
LINE
8
BLACK
6
CONTINUOUS
10
6.1686097244094489
20
-4.2914181496062991
11
6.1694243700787403
21
-4.2906035039370076
0
LINE
8
BLACK
6
CONTINUOUS
10
6.1694243700787403
20
-4.2906035039370076
11
6.1704887795275587
21
-4.290162598425197
0
LINE
8
BLACK
6
CONTINUOUS
10
6.1704887795275587
20
-4.290162598425197
11
6.1710648425196846
21
-4.2901058661417322
0
LINE
8
BLACK
6
CONTINUOUS
10
6.1710648425196846
20
-4.2901058661417322
11
6.2310648425196851
21
-4.2901058661417322
0
LINE
8
BLACK
6
CONTINUOUS
10
6.2310648425196851
20
-4.2901058661417322
11
6.2316409055118109
21
-4.290162598425197
0
LINE
8
BLACK
6
CONTINUOUS
10
6.5968900787401576
20
-4.2536714960629922
11
6.5981685039370079
21
-4.2549499212598425
0
LINE
8
BLACK
6
CONTINUOUS
10
6.5981685039370079
20
-4.2549499212598425
11
6.5983483070866145
21
-4.2558538976377953
0
LINE
8
BLACK
6
CONTINUOUS
10
6.5983483070866145
20
-4.2558538976377953
11
6.5983483070866145
21
-4.2924680708661418
0
LINE
8
BLACK
6
CONTINUOUS
10
6.5983483070866145
20
-4.2924680708661418
11
6.5981685039370079
21
-4.2933720472440946
0
LINE
8
BLACK
6
CONTINUOUS
10
6.5981685039370079
20
-4.2933720472440946
11
6.5968900787401576
21
-4.2946504724409449
0
LINE
8
BLACK
6
CONTINUOUS
10
6.5968900787401576
20
-4.2946504724409449
11
6.595082125984252
21
-4.2946504724409449
0
LINE
8
BLACK
6
CONTINUOUS
10
6.595082125984252
20
-4.2946504724409449
11
6.5938037007874017
21
-4.2933720472440946
0
LINE
8
BLACK
6
CONTINUOUS
10
6.5938037007874017
20
-4.2933720472440946
11
6.5936238976377952
21
-4.2924680708661418
0
LINE
8
BLACK
6
CONTINUOUS
10
6.5936238976377952
20
-4.2924680708661418
11
6.5936238976377952
21
-4.2582161023622049
0
LINE
8
BLACK
6
CONTINUOUS
10
6.5936238976377952
20
-4.2582161023622049
11
6.5385057874015748
21
-4.2582161023622049
0
LINE
8
BLACK
6
CONTINUOUS
10
6.5385057874015748
20
-4.2582161023622049
11
6.537601811023622
21
-4.2580362992125984
0
LINE
8
BLACK
6
CONTINUOUS
10
6.537601811023622
20
-4.2580362992125984
11
6.5363233858267717
21
-4.2567578740157481
0
LINE
8
BLACK
6
CONTINUOUS
10
6.5363233858267717
20
-4.2567578740157481
11
6.5363233858267717
21
-4.2549499212598425
0
LINE
8
BLACK
6
CONTINUOUS
10
6.5363233858267717
20
-4.2549499212598425
11
6.537601811023622
21
-4.2536714960629922
0
LINE
8
BLACK
6
CONTINUOUS
10
6.537601811023622
20
-4.2536714960629922
11
6.5385057874015748
21
-4.2534916929133857
0
LINE
8
BLACK
6
CONTINUOUS
10
6.5385057874015748
20
-4.2534916929133857
11
6.5959861023622048
21
-4.2534916929133857
0
LINE
8
BLACK
6
CONTINUOUS
10
6.5959861023622048
20
-4.2534916929133857
11
6.5968900787401576
21
-4.2536714960629922
0
LINE
8
BLACK
6
CONTINUOUS
10
6.7468900787401571
20
-4.2536714960629922
11
6.7481685039370074
21
-4.2549499212598425
0
LINE
8
BLACK
6
CONTINUOUS
10
6.7481685039370074
20
-4.2549499212598425
11
6.7483483070866139
21
-4.2558538976377953
0
LINE
8
BLACK
6
CONTINUOUS
10
6.7483483070866139
20
-4.2558538976377953
11
6.7483483070866139
21
-4.2924680708661418
0
LINE
8
BLACK
6
CONTINUOUS
10
6.7483483070866139
20
-4.2924680708661418
11
6.7481685039370074
21
-4.2933720472440946
0
LINE
8
BLACK
6
CONTINUOUS
10
6.7481685039370074
20
-4.2933720472440946
11
6.7468900787401571
21
-4.2946504724409449
0
LINE
8
BLACK
6
CONTINUOUS
10
6.7468900787401571
20
-4.2946504724409449
11
6.7450821259842515
21
-4.2946504724409449
0
LINE
8
BLACK
6
CONTINUOUS
10
6.7450821259842515
20
-4.2946504724409449
11
6.7438037007874012
21
-4.2933720472440946
0
LINE
8
BLACK
6
CONTINUOUS
10
6.7438037007874012
20
-4.2933720472440946
11
6.7436238976377947
21
-4.2924680708661418
0
LINE
8
BLACK
6
CONTINUOUS
10
6.7436238976377947
20
-4.2924680708661418
11
6.7436238976377947
21
-4.2582161023622049
0
LINE
8
BLACK
6
CONTINUOUS
10
6.7436238976377947
20
-4.2582161023622049
11
6.6885057874015743
21
-4.2582161023622049
0
LINE
8
BLACK
6
CONTINUOUS
10
6.6885057874015743
20
-4.2582161023622049
11
6.6876018110236215
21
-4.2580362992125984
0
LINE
8
BLACK
6
CONTINUOUS
10
6.6876018110236215
20
-4.2580362992125984
11
6.6863233858267712
21
-4.2567578740157481
0
LINE
8
BLACK
6
CONTINUOUS
10
6.6863233858267712
20
-4.2567578740157481
11
6.6863233858267712
21
-4.2549499212598425
0
LINE
8
BLACK
6
CONTINUOUS
10
6.6863233858267712
20
-4.2549499212598425
11
6.6876018110236215
21
-4.2536714960629922
0
LINE
8
BLACK
6
CONTINUOUS
10
6.6876018110236215
20
-4.2536714960629922
11
6.6885057874015743
21
-4.2534916929133857
0
LINE
8
BLACK
6
CONTINUOUS
10
6.6885057874015743
20
-4.2534916929133857
11
6.7459861023622043
21
-4.2534916929133857
0
LINE
8
BLACK
6
CONTINUOUS
10
6.7459861023622043
20
-4.2534916929133857
11
6.7468900787401571
21
-4.2536714960629922
0
LINE
8
BLACK
6
CONTINUOUS
10
6.3316409055118106
20
-4.2651625984251966
11
6.3327053149606298
21
-4.2656035039370082
0
LINE
8
BLACK
6
CONTINUOUS
10
6.3327053149606298
20
-4.2656035039370082
11
6.3335199606299213
21
-4.2664181496062987
0
LINE
8
BLACK
6
CONTINUOUS
10
6.3335199606299213
20
-4.2664181496062987
11
6.3339608661417319
21
-4.267482559055118
0
LINE
8
BLACK
6
CONTINUOUS
10
6.3339608661417319
20
-4.267482559055118
11
6.3339608661417319
21
-4.2686346850393697
0
LINE
8
BLACK
6
CONTINUOUS
10
6.3339608661417319
20
-4.2686346850393697
11
6.3335199606299213
21
-4.269699094488189
0
LINE
8
BLACK
6
CONTINUOUS
10
6.3335199606299213
20
-4.269699094488189
11
6.3327053149606298
21
-4.2705137401574804
0
LINE
8
BLACK
6
CONTINUOUS
10
6.3327053149606298
20
-4.2705137401574804
11
6.3316409055118106
21
-4.2709546456692911
0
LINE
8
BLACK
6
CONTINUOUS
10
6.3316409055118106
20
-4.2709546456692911
11
6.3310648425196847
21
-4.2710113779527559
0
LINE
8
BLACK
6
CONTINUOUS
10
6.3310648425196847
20
-4.2710113779527559
11
6.2710648425196851
21
-4.2710113779527559
0
LINE
8
BLACK
6
CONTINUOUS
10
6.2710648425196851
20
-4.2710113779527559
11
6.2704887795275592
21
-4.2709546456692911
0
LINE
8
BLACK
6
CONTINUOUS
10
6.2704887795275592
20
-4.2709546456692911
11
6.26942437007874
21
-4.2705137401574804
0
LINE
8
BLACK
6
CONTINUOUS
10
6.26942437007874
20
-4.2705137401574804
11
6.2686097244094485
21
-4.269699094488189
0
LINE
8
BLACK
6
CONTINUOUS
10
6.2686097244094485
20
-4.269699094488189
11
6.2681688188976379
21
-4.2686346850393697
0
LINE
8
BLACK
6
CONTINUOUS
10
6.2681688188976379
20
-4.2686346850393697
11
6.2681688188976379
21
-4.267482559055118
0
LINE
8
BLACK
6
CONTINUOUS
10
6.2681688188976379
20
-4.267482559055118
11
6.2686097244094485
21
-4.2664181496062987
0
LINE
8
BLACK
6
CONTINUOUS
10
6.2686097244094485
20
-4.2664181496062987
11
6.26942437007874
21
-4.2656035039370082
0
LINE
8
BLACK
6
CONTINUOUS
10
6.26942437007874
20
-4.2656035039370082
11
6.2704887795275592
21
-4.2651625984251966
0
LINE
8
BLACK
6
CONTINUOUS
10
6.2704887795275592
20
-4.2651625984251966
11
6.2710648425196851
21
-4.2651058661417318
0
LINE
8
BLACK
6
CONTINUOUS
10
6.2710648425196851
20
-4.2651058661417318
11
6.3310648425196847
21
-4.2651058661417318
0
LINE
8
BLACK
6
CONTINUOUS
10
6.3310648425196847
20
-4.2651058661417318
11
6.3316409055118106
21
-4.2651625984251966
0
LINE
8
BLACK
6
CONTINUOUS
10
5.8002053149606301
20
-4.2056035039370077
11
5.8010199606299215
21
-4.2064181496062991
0
LINE
8
BLACK
6
CONTINUOUS
10
5.8010199606299215
20
-4.2064181496062991
11
5.8014608661417322
21
-4.2074825590551184
0
LINE
8
BLACK
6
CONTINUOUS
10
5.8014608661417322
20
-4.2074825590551184
11
5.801517598425197
21
-4.2080586220472442
0
LINE
8
BLACK
6
CONTINUOUS
10
5.801517598425197
20
-4.2080586220472442
11
5.801517598425197
21
-4.2680586220472438
0
LINE
8
BLACK
6
CONTINUOUS
10
5.801517598425197
20
-4.2680586220472438
11
5.8014608661417322
21
-4.2686346850393697
0
LINE
8
BLACK
6
CONTINUOUS
10
5.8014608661417322
20
-4.2686346850393697
11
5.8010199606299215
21
-4.269699094488189
0
LINE
8
BLACK
6
CONTINUOUS
10
5.8010199606299215
20
-4.269699094488189
11
5.8002053149606301
21
-4.2705137401574804
0
LINE
8
BLACK
6
CONTINUOUS
10
5.8002053149606301
20
-4.2705137401574804
11
5.7991409055118108
21
-4.2709546456692911
0
LINE
8
BLACK
6
CONTINUOUS
10
5.7991409055118108
20
-4.2709546456692911
11
5.7979887795275591
21
-4.2709546456692911
0
LINE
8
BLACK
6
CONTINUOUS
10
5.7979887795275591
20
-4.2709546456692911
11
5.7969243700787398
21
-4.2705137401574804
0
LINE
8
BLACK
6
CONTINUOUS
10
5.7969243700787398
20
-4.2705137401574804
11
5.7961097244094484
21
-4.269699094488189
0
LINE
8
BLACK
6
CONTINUOUS
10
5.7961097244094484
20
-4.269699094488189
11
5.7956688188976377
21
-4.2686346850393697
0
LINE
8
BLACK
6
CONTINUOUS
10
5.7956688188976377
20
-4.2686346850393697
11
5.7956120866141729
21
-4.2680586220472438
0
LINE
8
BLACK
6
CONTINUOUS
10
5.7956120866141729
20
-4.2680586220472438
11
5.7956120866141729
21
-4.2080586220472442
0
LINE
8
BLACK
6
CONTINUOUS
10
5.7956120866141729
20
-4.2080586220472442
11
5.7956688188976377
21
-4.2074825590551184
0
LINE
8
BLACK
6
CONTINUOUS
10
5.7956688188976377
20
-4.2074825590551184
11
5.7961097244094484
21
-4.2064181496062991
0
LINE
8
BLACK
6
CONTINUOUS
10
5.7961097244094484
20
-4.2064181496062991
11
5.7969243700787398
21
-4.2056035039370077
0
LINE
8
BLACK
6
CONTINUOUS
10
5.7969243700787398
20
-4.2056035039370077
11
5.7979887795275591
21
-4.205162598425197
0
LINE
8
BLACK
6
CONTINUOUS
10
5.7979887795275591
20
-4.205162598425197
11
5.7991409055118108
21
-4.205162598425197
0
LINE
8
BLACK
6
CONTINUOUS
10
5.7991409055118108
20
-4.205162598425197
11
5.8002053149606301
21
-4.2056035039370077
0
LINE
8
BLACK
6
CONTINUOUS
10
5.9202053149606302
20
-4.2056035039370077
11
5.9210199606299208
21
-4.2064181496062991
0
LINE
8
BLACK
6
CONTINUOUS
10
5.9210199606299208
20
-4.2064181496062991
11
5.9214608661417323
21
-4.2074825590551184
0
LINE
8
BLACK
6
CONTINUOUS
10
5.9214608661417323
20
-4.2074825590551184
11
5.9215175984251971
21
-4.2080586220472442
0
LINE
8
BLACK
6
CONTINUOUS
10
5.9215175984251971
20
-4.2080586220472442
11
5.9215175984251971
21
-4.2680586220472438
0
LINE
8
BLACK
6
CONTINUOUS
10
5.9215175984251971
20
-4.2680586220472438
11
5.9214608661417323
21
-4.2686346850393697
0
LINE
8
BLACK
6
CONTINUOUS
10
5.9214608661417323
20
-4.2686346850393697
11
5.9210199606299208
21
-4.269699094488189
0
LINE
8
BLACK
6
CONTINUOUS
10
5.9210199606299208
20
-4.269699094488189
11
5.9202053149606302
21
-4.2705137401574804
0
LINE
8
BLACK
6
CONTINUOUS
10
5.9202053149606302
20
-4.2705137401574804
11
5.9191409055118109
21
-4.2709546456692911
0
LINE
8
BLACK
6
CONTINUOUS
10
5.9191409055118109
20
-4.2709546456692911
11
5.9179887795275592
21
-4.2709546456692911
0
LINE
8
BLACK
6
CONTINUOUS
10
5.9179887795275592
20
-4.2709546456692911
11
5.9169243700787399
21
-4.2705137401574804
0
LINE
8
BLACK
6
CONTINUOUS
10
5.9169243700787399
20
-4.2705137401574804
11
5.9161097244094485
21
-4.269699094488189
0
LINE
8
BLACK
6
CONTINUOUS
10
5.9161097244094485
20
-4.269699094488189
11
5.9156688188976378
21
-4.2686346850393697
0
LINE
8
BLACK
6
CONTINUOUS
10
5.9156688188976378
20
-4.2686346850393697
11
5.915612086614173
21
-4.2680586220472438
0
LINE
8
BLACK
6
CONTINUOUS
10
5.915612086614173
20
-4.2680586220472438
11
5.915612086614173
21
-4.2080586220472442
0
LINE
8
BLACK
6
CONTINUOUS
10
5.915612086614173
20
-4.2080586220472442
11
5.9156688188976378
21
-4.2074825590551184
0
LINE
8
BLACK
6
CONTINUOUS
10
5.9156688188976378
20
-4.2074825590551184
11
5.9161097244094485
21
-4.2064181496062991
0
LINE
8
BLACK
6
CONTINUOUS
10
5.9161097244094485
20
-4.2064181496062991
11
5.9169243700787399
21
-4.2056035039370077
0
LINE
8
BLACK
6
CONTINUOUS
10
5.9169243700787399
20
-4.2056035039370077
11
5.9179887795275592
21
-4.205162598425197
0
LINE
8
BLACK
6
CONTINUOUS
10
5.9179887795275592
20
-4.205162598425197
11
5.9191409055118109
21
-4.205162598425197
0
LINE
8
BLACK
6
CONTINUOUS
10
5.9191409055118109
20
-4.205162598425197
11
5.9202053149606302
21
-4.2056035039370077
0
LINE
8
BLACK
6
CONTINUOUS
10
5.8744688188976379
20
-4.2658762204724407
11
5.8757472440944882
21
-4.267154645669291
0
LINE
8
BLACK
6
CONTINUOUS
10
5.8757472440944882
20
-4.267154645669291
11
5.8757472440944882
21
-4.2689625984251967
0
LINE
8
BLACK
6
CONTINUOUS
10
5.8757472440944882
20
-4.2689625984251967
11
5.8744688188976379
21
-4.2702410236220469
0
LINE
8
BLACK
6
CONTINUOUS
10
5.8744688188976379
20
-4.2702410236220469
11
5.8735648425196851
21
-4.2704208267716535
0
LINE
8
BLACK
6
CONTINUOUS
10
5.8735648425196851
20
-4.2704208267716535
11
5.8435648425196849
21
-4.2704208267716535
0
LINE
8
BLACK
6
CONTINUOUS
10
5.8435648425196849
20
-4.2704208267716535
11
5.8426608661417321
21
-4.2702410236220469
0
LINE
8
BLACK
6
CONTINUOUS
10
5.8426608661417321
20
-4.2702410236220469
11
5.8413824409448818
21
-4.2689625984251967
0
LINE
8
BLACK
6
CONTINUOUS
10
5.8413824409448818
20
-4.2689625984251967
11
5.8413824409448818
21
-4.267154645669291
0
LINE
8
BLACK
6
CONTINUOUS
10
5.8413824409448818
20
-4.267154645669291
11
5.8426608661417321
21
-4.2658762204724407
0
LINE
8
BLACK
6
CONTINUOUS
10
5.8426608661417321
20
-4.2658762204724407
11
5.8435648425196849
21
-4.2656964173228342
0
LINE
8
BLACK
6
CONTINUOUS
10
5.8435648425196849
20
-4.2656964173228342
11
5.8735648425196851
21
-4.2656964173228342
0
LINE
8
BLACK
6
CONTINUOUS
10
5.8735648425196851
20
-4.2656964173228342
11
5.8744688188976379
21
-4.2658762204724407
0
LINE
8
BLACK
6
CONTINUOUS
10
6.1666409055118105
20
-4.2601625984251967
11
6.1677053149606298
21
-4.2606035039370074
0
LINE
8
BLACK
6
CONTINUOUS
10
6.1677053149606298
20
-4.2606035039370074
11
6.1685199606299213
21
-4.2614181496062988
0
LINE
8
BLACK
6
CONTINUOUS
10
6.1685199606299213
20
-4.2614181496062988
11
6.1689608661417319
21
-4.2624825590551181
0
LINE
8
BLACK
6
CONTINUOUS
10
6.1689608661417319
20
-4.2624825590551181
11
6.1689608661417319
21
-4.2636346850393698
0
LINE
8
BLACK
6
CONTINUOUS
10
6.1689608661417319
20
-4.2636346850393698
11
6.1685199606299213
21
-4.2646990944881891
0
LINE
8
BLACK
6
CONTINUOUS
10
6.1685199606299213
20
-4.2646990944881891
11
6.1677053149606298
21
-4.2655137401574805
0
LINE
8
BLACK
6
CONTINUOUS
10
6.1677053149606298
20
-4.2655137401574805
11
6.1666409055118105
21
-4.2659546456692912
0
LINE
8
BLACK
6
CONTINUOUS
10
6.1666409055118105
20
-4.2659546456692912
11
6.1660648425196847
21
-4.266011377952756
0
LINE
8
BLACK
6
CONTINUOUS
10
6.1660648425196847
20
-4.266011377952756
11
6.1060648425196851
21
-4.266011377952756
0
LINE
8
BLACK
6
CONTINUOUS
10
6.1060648425196851
20
-4.266011377952756
11
6.1054887795275592
21
-4.2659546456692912
0
LINE
8
BLACK
6
CONTINUOUS
10
6.1054887795275592
20
-4.2659546456692912
11
6.1044243700787399
21
-4.2655137401574805
0
LINE
8
BLACK
6
CONTINUOUS
10
6.1044243700787399
20
-4.2655137401574805
11
6.1036097244094485
21
-4.2646990944881891
0
LINE
8
BLACK
6
CONTINUOUS
10
6.1036097244094485
20
-4.2646990944881891
11
6.1031688188976378
21
-4.2636346850393698
0
LINE
8
BLACK
6
CONTINUOUS
10
6.1031688188976378
20
-4.2636346850393698
11
6.1031688188976378
21
-4.2624825590551181
0
LINE
8
BLACK
6
CONTINUOUS
10
6.1031688188976378
20
-4.2624825590551181
11
6.1036097244094485
21
-4.2614181496062988
0
LINE
8
BLACK
6
CONTINUOUS
10
6.1036097244094485
20
-4.2614181496062988
11
6.1044243700787399
21
-4.2606035039370074
0
LINE
8
BLACK
6
CONTINUOUS
10
6.1044243700787399
20
-4.2606035039370074
11
6.1054887795275592
21
-4.2601625984251967
0
LINE
8
BLACK
6
CONTINUOUS
10
6.1054887795275592
20
-4.2601625984251967
11
6.1060648425196851
21
-4.2601058661417319
0
LINE
8
BLACK
6
CONTINUOUS
10
6.1060648425196851
20
-4.2601058661417319
11
6.1660648425196847
21
-4.2601058661417319
0
LINE
8
BLACK
6
CONTINUOUS
10
6.1660648425196847
20
-4.2601058661417319
11
6.1666409055118105
21
-4.2601625984251967
0
LINE
8
BLACK
6
CONTINUOUS
10
6.2466409055118106
20
-4.2601625984251967
11
6.2477053149606299
21
-4.2606035039370074
0
LINE
8
BLACK
6
CONTINUOUS
10
6.2477053149606299
20
-4.2606035039370074
11
6.2485199606299213
21
-4.2614181496062988
0
LINE
8
BLACK
6
CONTINUOUS
10
6.2485199606299213
20
-4.2614181496062988
11
6.248960866141732
21
-4.2624825590551181
0
LINE
8
BLACK
6
CONTINUOUS
10
6.248960866141732
20
-4.2624825590551181
11
6.248960866141732
21
-4.2636346850393698
0
LINE
8
BLACK
6
CONTINUOUS
10
6.248960866141732
20
-4.2636346850393698
11
6.2485199606299213
21
-4.2646990944881891
0
LINE
8
BLACK
6
CONTINUOUS
10
6.2485199606299213
20
-4.2646990944881891
11
6.2477053149606299
21
-4.2655137401574805
0
LINE
8
BLACK
6
CONTINUOUS
10
6.2477053149606299
20
-4.2655137401574805
11
6.2466409055118106
21
-4.2659546456692912
0
LINE
8
BLACK
6
CONTINUOUS
10
6.2466409055118106
20
-4.2659546456692912
11
6.2460648425196847
21
-4.266011377952756
0
LINE
8
BLACK
6
CONTINUOUS
10
6.2460648425196847
20
-4.266011377952756
11
6.1860648425196851
21
-4.266011377952756
0
LINE
8
BLACK
6
CONTINUOUS
10
6.1860648425196851
20
-4.266011377952756
11
6.1854887795275593
21
-4.2659546456692912
0
LINE
8
BLACK
6
CONTINUOUS
10
6.1854887795275593
20
-4.2659546456692912
11
6.18442437007874
21
-4.2655137401574805
0
LINE
8
BLACK
6
CONTINUOUS
10
6.18442437007874
20
-4.2655137401574805
11
6.1836097244094486
21
-4.2646990944881891
0
LINE
8
BLACK
6
CONTINUOUS
10
6.1836097244094486
20
-4.2646990944881891
11
6.1831688188976379
21
-4.2636346850393698
0
LINE
8
BLACK
6
CONTINUOUS
10
6.1831688188976379
20
-4.2636346850393698
11
6.1831688188976379
21
-4.2624825590551181
0
LINE
8
BLACK
6
CONTINUOUS
10
6.1831688188976379
20
-4.2624825590551181
11
6.1836097244094486
21
-4.2614181496062988
0
LINE
8
BLACK
6
CONTINUOUS
10
6.1836097244094486
20
-4.2614181496062988
11
6.18442437007874
21
-4.2606035039370074
0
LINE
8
BLACK
6
CONTINUOUS
10
6.18442437007874
20
-4.2606035039370074
11
6.1854887795275593
21
-4.2601625984251967
0
LINE
8
BLACK
6
CONTINUOUS
10
6.1854887795275593
20
-4.2601625984251967
11
6.1860648425196851
21
-4.2601058661417319
0
LINE
8
BLACK
6
CONTINUOUS
10
6.1860648425196851
20
-4.2601058661417319
11
6.2460648425196847
21
-4.2601058661417319
0
LINE
8
BLACK
6
CONTINUOUS
10
6.2460648425196847
20
-4.2601058661417319
11
6.2466409055118106
21
-4.2601625984251967
0
LINE
8
BLACK
6
CONTINUOUS
10
6.0866409055118105
20
-4.2576625984251963
11
6.0877053149606297
21
-4.2581035039370079
0
LINE
8
BLACK
6
CONTINUOUS
10
6.0877053149606297
20
-4.2581035039370079
11
6.0885199606299212
21
-4.2589181496062993
0
LINE
8
BLACK
6
CONTINUOUS
10
6.0885199606299212
20
-4.2589181496062993
11
6.0889608661417318
21
-4.2599825590551177
0
LINE
8
BLACK
6
CONTINUOUS
10
6.0889608661417318
20
-4.2599825590551177
11
6.0889608661417318
21
-4.2611346850393703
0
LINE
8
BLACK
6
CONTINUOUS
10
6.0889608661417318
20
-4.2611346850393703
11
6.0885199606299212
21
-4.2621990944881887
0
LINE
8
BLACK
6
CONTINUOUS
10
6.0885199606299212
20
-4.2621990944881887
11
6.0877053149606297
21
-4.2630137401574801
0
LINE
8
BLACK
6
CONTINUOUS
10
6.0877053149606297
20
-4.2630137401574801
11
6.0866409055118105
21
-4.2634546456692917
0
LINE
8
BLACK
6
CONTINUOUS
10
6.0866409055118105
20
-4.2634546456692917
11
6.0860648425196846
21
-4.2635113779527556
0
LINE
8
BLACK
6
CONTINUOUS
10
6.0860648425196846
20
-4.2635113779527556
11
6.026064842519685
21
-4.2635113779527556
0
LINE
8
BLACK
6
CONTINUOUS
10
6.026064842519685
20
-4.2635113779527556
11
6.0254887795275591
21
-4.2634546456692917
0
LINE
8
BLACK
6
CONTINUOUS
10
6.0254887795275591
20
-4.2634546456692917
11
6.0244243700787399
21
-4.2630137401574801
0
LINE
8
BLACK
6
CONTINUOUS
10
6.0244243700787399
20
-4.2630137401574801
11
6.0236097244094484
21
-4.2621990944881887
0
LINE
8
BLACK
6
CONTINUOUS
10
6.0236097244094484
20
-4.2621990944881887
11
6.0231688188976378
21
-4.2611346850393703
0
LINE
8
BLACK
6
CONTINUOUS
10
6.0231688188976378
20
-4.2611346850393703
11
6.0231688188976378
21
-4.2599825590551177
0
LINE
8
BLACK
6
CONTINUOUS
10
6.0231688188976378
20
-4.2599825590551177
11
6.0236097244094484
21
-4.2589181496062993
0
LINE
8
BLACK
6
CONTINUOUS
10
6.0236097244094484
20
-4.2589181496062993
11
6.0244243700787399
21
-4.2581035039370079
0
LINE
8
BLACK
6
CONTINUOUS
10
6.0244243700787399
20
-4.2581035039370079
11
6.0254887795275591
21
-4.2576625984251963
0
LINE
8
BLACK
6
CONTINUOUS
10
6.0254887795275591
20
-4.2576625984251963
11
6.026064842519685
21
-4.2576058661417324
0
LINE
8
BLACK
6
CONTINUOUS
10
6.026064842519685
20
-4.2576058661417324
11
6.0860648425196846
21
-4.2576058661417324
0
LINE
8
BLACK
6
CONTINUOUS
10
6.0860648425196846
20
-4.2576058661417324
11
6.0866409055118105
21
-4.2576625984251963
0
LINE
8
BLACK
6
CONTINUOUS
10
6.5791380708661418
20
-4.1836987795275586
11
6.579236062992126
21
-4.1837393700787402
0
LINE
8
BLACK
6
CONTINUOUS
10
6.579236062992126
20
-4.1837393700787402
11
6.5793418897637794
21
-4.1837468897637793
0
LINE
8
BLACK
6
CONTINUOUS
10
6.5793418897637794
20
-4.1837468897637793
11
6.5798825196850395
21
-4.1839537795275588
0
LINE
8
BLACK
6
CONTINUOUS
10
6.5798825196850395
20
-4.1839537795275588
11
6.5836320472440946
21
-4.1858285433070863
0
LINE
8
BLACK
6
CONTINUOUS
10
6.5836320472440946
20
-4.1858285433070863
11
6.5838800393700785
21
-4.1859846062992121
0
LINE
8
BLACK
6
CONTINUOUS
10
6.5838800393700785
20
-4.1859846062992121
11
6.5839520078740152
21
-4.1860144488188977
0
LINE
8
BLACK
6
CONTINUOUS
10
6.5839520078740152
20
-4.1860144488188977
11
6.5840329527559049
21
-4.1860809055118109
0
LINE
8
BLACK
6
CONTINUOUS
10
6.5840329527559049
20
-4.1860809055118109
11
6.5841219291338584
21
-4.1861368897637794
0
LINE
8
BLACK
6
CONTINUOUS
10
6.5841219291338584
20
-4.1861368897637794
11
6.5841730708661412
21
-4.1861958661417322
0
LINE
8
BLACK
6
CONTINUOUS
10
6.5841730708661412
20
-4.1861958661417322
11
6.584399448818897
21
-4.1863816535433074
0
LINE
8
BLACK
6
CONTINUOUS
10
6.584399448818897
20
-4.1863816535433074
11
6.588148976377953
21
-4.1901311811023625
0
LINE
8
BLACK
6
CONTINUOUS
10
6.588148976377953
20
-4.1901311811023625
11
6.5885162204724406
21
-4.1905786220472443
0
LINE
8
BLACK
6
CONTINUOUS
10
6.5885162204724406
20
-4.1905786220472443
11
6.5886002362204721
21
-4.1907814960629919
0
LINE
8
BLACK
6
CONTINUOUS
10
6.5886002362204721
20
-4.1907814960629919
11
6.5887309055118113
21
-4.1909578346456691
0
LINE
8
BLACK
6
CONTINUOUS
10
6.5887309055118113
20
-4.1909578346456691
11
6.5889256692913385
21
-4.1915029527559051
0
LINE
8
BLACK
6
CONTINUOUS
10
6.5889256692913385
20
-4.1915029527559051
11
6.590800433070866
21
-4.1990020078740153
0
LINE
8
BLACK
6
CONTINUOUS
10
6.590800433070866
20
-4.1990020078740153
11
6.5908151968503939
21
-4.199101850393701
0
LINE
8
BLACK
6
CONTINUOUS
10
6.5908151968503939
20
-4.199101850393701
11
6.5908318503937009
21
-4.1991420866141729
0
LINE
8
BLACK
6
CONTINUOUS
10
6.5908318503937009
20
-4.1991420866141729
11
6.5908531889763777
21
-4.1993590944881891
0
LINE
8
BLACK
6
CONTINUOUS
10
6.5908531889763777
20
-4.1993590944881891
11
6.5908850787401576
21
-4.1995746062992128
0
LINE
8
BLACK
6
CONTINUOUS
10
6.5908850787401576
20
-4.1995746062992128
11
6.5908786614173227
21
-4.1996175984251964
0
LINE
8
BLACK
6
CONTINUOUS
10
6.5908786614173227
20
-4.1996175984251964
11
6.5908885826771648
21
-4.1997181496062987
0
LINE
8
BLACK
6
CONTINUOUS
10
6.5908885826771648
20
-4.1997181496062987
11
6.5908885826771648
21
-4.2128414960629916
0
LINE
8
BLACK
6
CONTINUOUS
10
6.5908885826771648
20
-4.2128414960629916
11
6.5908786614173227
21
-4.2129420078740161
0
LINE
8
BLACK
6
CONTINUOUS
10
6.5908786614173227
20
-4.2129420078740161
11
6.5908850787401576
21
-4.2129850393700785
0
LINE
8
BLACK
6
CONTINUOUS
10
6.5908850787401576
20
-4.2129850393700785
11
6.5908531889763777
21
-4.2132005118110234
0
LINE
8
BLACK
6
CONTINUOUS
10
6.5908531889763777
20
-4.2132005118110234
11
6.5908318503937009
21
-4.2134175590551184
0
LINE
8
BLACK
6
CONTINUOUS
10
6.5908318503937009
20
-4.2134175590551184
11
6.5908151968503939
21
-4.2134577559055115
0
LINE
8
BLACK
6
CONTINUOUS
10
6.5908151968503939
20
-4.2134577559055115
11
6.590800433070866
21
-4.2135576377952759
0
LINE
8
BLACK
6
CONTINUOUS
10
6.590800433070866
20
-4.2135576377952759
11
6.5889256692913385
21
-4.2210566929133861
0
LINE
8
BLACK
6
CONTINUOUS
10
6.5889256692913385
20
-4.2210566929133861
11
6.5887309055118113
21
-4.2216018110236222
0
LINE
8
BLACK
6
CONTINUOUS
10
6.5887309055118113
20
-4.2216018110236222
11
6.5886001968503933
21
-4.2217781496062994
0
LINE
8
BLACK
6
CONTINUOUS
10
6.5886001968503933
20
-4.2217781496062994
11
6.5885162204724406
21
-4.2219809842519682
0
LINE
8
BLACK
6
CONTINUOUS
10
6.5885162204724406
20
-4.2219809842519682
11
6.5881490157480309
21
-4.22242842519685
0
LINE
8
BLACK
6
CONTINUOUS
10
6.5881490157480309
20
-4.22242842519685
11
6.584399448818897
21
-4.2261780314960626
0
LINE
8
BLACK
6
CONTINUOUS
10
6.584399448818897
20
-4.2261780314960626
11
6.5841730708661412
21
-4.226363779527559
0
LINE
8
BLACK
6
CONTINUOUS
10
6.5841730708661412
20
-4.226363779527559
11
6.5841219291338584
21
-4.2264227952755906
0
LINE
8
BLACK
6
CONTINUOUS
10
6.5841219291338584
20
-4.2264227952755906
11
6.5840329527559049
21
-4.2264787401574804
0
LINE
8
BLACK
6
CONTINUOUS
10
6.5840329527559049
20
-4.2264787401574804
11
6.5839520078740152
21
-4.2265452362204723
0
LINE
8
BLACK
6
CONTINUOUS
10
6.5839520078740152
20
-4.2265452362204723
11
6.5838800393700785
21
-4.2265750393700783
0
LINE
8
BLACK
6
CONTINUOUS
10
6.5838800393700785
20
-4.2265750393700783
11
6.5836320472440946
21
-4.2267311417322837
0
LINE
8
BLACK
6
CONTINUOUS
10
6.5836320472440946
20
-4.2267311417322837
11
6.5798825196850395
21
-4.2286059055118113
0
LINE
8
BLACK
6
CONTINUOUS
10
6.5798825196850395
20
-4.2286059055118113
11
6.5793418897637794
21
-4.2288127952755907
0
LINE
8
BLACK
6
CONTINUOUS
10
6.5793418897637794
20
-4.2288127952755907
11
6.579236062992126
21
-4.2288202755905511
0
LINE
8
BLACK
6
CONTINUOUS
10
6.579236062992126
20
-4.2288202755905511
11
6.5791380708661418
21
-4.2288609055118105
0
LINE
8
BLACK
6
CONTINUOUS
10
6.5791380708661418
20
-4.2288609055118105
11
6.5785620078740159
21
-4.2289176377952753
0
LINE
8
BLACK
6
CONTINUOUS
10
6.5785620078740159
20
-4.2289176377952753
11
6.5710629527559057
21
-4.2289176377952753
0
LINE
8
BLACK
6
CONTINUOUS
10
6.5710629527559057
20
-4.2289176377952753
11
6.5704868897637798
21
-4.2288609055118105
0
LINE
8
BLACK
6
CONTINUOUS
10
6.5704868897637798
20
-4.2288609055118105
11
6.5703888976377955
21
-4.2288203149606298
0
LINE
8
BLACK
6
CONTINUOUS
10
6.5703888976377955
20
-4.2288203149606298
11
6.5702830314960625
21
-4.2288127952755907
0
LINE
8
BLACK
6
CONTINUOUS
10
6.5702830314960625
20
-4.2288127952755907
11
6.5697424409448821
21
-4.2286059055118113
0
LINE
8
BLACK
6
CONTINUOUS
10
6.5697424409448821
20
-4.2286059055118113
11
6.567896456692913
21
-4.2276829133858262
0
LINE
8
BLACK
6
CONTINUOUS
10
6.567896456692913
20
-4.2276829133858262
11
6.5656518110236215
21
-4.2299275590551177
0
LINE
8
BLACK
6
CONTINUOUS
10
6.5656518110236215
20
-4.2299275590551177
11
6.5654254330708657
21
-4.2301133070866141
0
LINE
8
BLACK
6
CONTINUOUS
10
6.5654254330708657
20
-4.2301133070866141
11
6.5653742913385829
21
-4.2301723228346457
0
LINE
8
BLACK
6
CONTINUOUS
10
6.5653742913385829
20
-4.2301723228346457
11
6.5652853149606294
21
-4.2302282677165355
0
LINE
8
BLACK
6
CONTINUOUS
10
6.5652853149606294
20
-4.2302282677165355
11
6.5652043700787397
21
-4.2302947637795274
0
LINE
8
BLACK
6
CONTINUOUS
10
6.5652043700787397
20
-4.2302947637795274
11
6.5651324015748029
21
-4.2303245669291334
0
LINE
8
BLACK
6
CONTINUOUS
10
6.5651324015748029
20
-4.2303245669291334
11
6.564884409448819
21
-4.2304806692913388
0
LINE
8
BLACK
6
CONTINUOUS
10
6.564884409448819
20
-4.2304806692913388
11
6.5611348818897639
21
-4.2323554330708664
0
LINE
8
BLACK
6
CONTINUOUS
10
6.5611348818897639
20
-4.2323554330708664
11
6.5605942519685039
21
-4.2325623228346458
0
LINE
8
BLACK
6
CONTINUOUS
10
6.5605942519685039
20
-4.2325623228346458
11
6.5594450393700789
21
-4.2326439763779531
0
LINE
8
BLACK
6
CONTINUOUS
10
6.5594450393700789
20
-4.2326439763779531
11
6.5583520866141729
21
-4.2322796456692915
0
LINE
8
BLACK
6
CONTINUOUS
10
6.5583520866141729
20
-4.2322796456692915
11
6.5574816929133855
21
-4.2315248031496058
0
LINE
8
BLACK
6
CONTINUOUS
10
6.5574816929133855
20
-4.2315248031496058
11
6.5569664566929129
21
-4.2304942913385828
0
LINE
8
BLACK
6
CONTINUOUS
10
6.5569664566929129
20
-4.2304942913385828
11
6.5568848031496065
21
-4.229345078740157
0
LINE
8
BLACK
6
CONTINUOUS
10
6.5568848031496065
20
-4.229345078740157
11
6.5572491338582672
21
-4.2282521259842518
0
LINE
8
BLACK
6
CONTINUOUS
10
6.5572491338582672
20
-4.2282521259842518
11
6.558003976377953
21
-4.2273817322834644
0
LINE
8
BLACK
6
CONTINUOUS
10
6.558003976377953
20
-4.2273817322834644
11
6.5584938582677168
21
-4.2270733858267713
0
LINE
8
BLACK
6
CONTINUOUS
10
6.5584938582677168
20
-4.2270733858267713
11
6.5618148031496064
21
-4.2254129133858269
0
LINE
8
BLACK
6
CONTINUOUS
10
6.5618148031496064
20
-4.2254129133858269
11
6.5631375984251967
21
-4.224090078740157
0
LINE
8
BLACK
6
CONTINUOUS
10
6.5631375984251967
20
-4.224090078740157
11
6.5614759842519685
21
-4.2224284645669288
0
LINE
8
BLACK
6
CONTINUOUS
10
6.5614759842519685
20
-4.2224284645669288
11
6.5611087401574801
21
-4.2219809842519682
0
LINE
8
BLACK
6
CONTINUOUS
10
6.5611087401574801
20
-4.2219809842519682
11
6.5610247244094486
21
-4.2217781496062994
0
LINE
8
BLACK
6
CONTINUOUS
10
6.5610247244094486
20
-4.2217781496062994
11
6.5608940551181103
21
-4.2216018110236222
0
LINE
8
BLACK
6
CONTINUOUS
10
6.5608940551181103
20
-4.2216018110236222
11
6.5606992913385822
21
-4.2210566929133861
0
LINE
8
BLACK
6
CONTINUOUS
10
6.5606992913385822
20
-4.2210566929133861
11
6.5588245275590547
21
-4.2135576377952759
0
LINE
8
BLACK
6
CONTINUOUS
10
6.5588245275590547
20
-4.2135576377952759
11
6.558809724409449
21
-4.2134577559055115
0
LINE
8
BLACK
6
CONTINUOUS
10
6.558809724409449
20
-4.2134577559055115
11
6.5587931102362207
21
-4.2134175590551184
0
LINE
8
BLACK
6
CONTINUOUS
10
6.5587931102362207
20
-4.2134175590551184
11
6.5587717322834642
21
-4.2132005118110234
0
LINE
8
BLACK
6
CONTINUOUS
10
6.5587717322834642
20
-4.2132005118110234
11
6.558739881889764
21
-4.2129850393700785
0
LINE
8
BLACK
6
CONTINUOUS
10
6.558739881889764
20
-4.2129850393700785
11
6.5587462598425192
21
-4.2129420078740161
0
LINE
8
BLACK
6
CONTINUOUS
10
6.5587462598425192
20
-4.2129420078740161
11
6.5587363779527559
21
-4.2128414960629916
0
LINE
8
BLACK
6
CONTINUOUS
10
6.5587363779527559
20
-4.2128414960629916
11
6.5587363779527559
21
-4.1997181496062987
0
LINE
8
BLACK
6
CONTINUOUS
10
6.5587363779527559
20
-4.1997181496062987
11
6.5587462598425192
21
-4.1996175984251964
0
LINE
8
BLACK
6
CONTINUOUS
10
6.5587462598425192
20
-4.1996175984251964
11
6.558739881889764
21
-4.1995746062992128
0
LINE
8
BLACK
6
CONTINUOUS
10
6.558739881889764
20
-4.1995746062992128
11
6.5587717322834642
21
-4.1993590944881891
0
LINE
8
BLACK
6
CONTINUOUS
10
6.5587717322834642
20
-4.1993590944881891
11
6.5587931102362207
21
-4.1991420866141729
0
LINE
8
BLACK
6
CONTINUOUS
10
6.5587931102362207
20
-4.1991420866141729
11
6.558809724409449
21
-4.199101850393701
0
LINE
8
BLACK
6
CONTINUOUS
10
6.558809724409449
20
-4.199101850393701
11
6.5588245275590547
21
-4.1990020078740153
0
LINE
8
BLACK
6
CONTINUOUS
10
6.5588245275590547
20
-4.1990020078740153
11
6.5606992913385822
21
-4.1915029527559051
0
LINE
8
BLACK
6
CONTINUOUS
10
6.5606992913385822
20
-4.1915029527559051
11
6.5608940551181103
21
-4.1909578346456691
0
LINE
8
BLACK
6
CONTINUOUS
10
6.5608940551181103
20
-4.1909578346456691
11
6.5610247637795274
21
-4.1907813779527556
0
LINE
8
BLACK
6
CONTINUOUS
10
6.5610247637795274
20
-4.1907813779527556
11
6.5611087795275589
21
-4.1905786220472443
0
LINE
8
BLACK
6
CONTINUOUS
10
6.5611087795275589
20
-4.1905786220472443
11
6.5614759842519685
21
-4.1901311811023625
0
LINE
8
BLACK
6
CONTINUOUS
10
6.5614759842519685
20
-4.1901311811023625
11
6.5652255118110237
21
-4.1863816535433074
0
LINE
8
BLACK
6
CONTINUOUS
10
6.5652255118110237
20
-4.1863816535433074
11
6.5654518897637795
21
-4.1861957874015747
0
LINE
8
BLACK
6
CONTINUOUS
10
6.5654518897637795
20
-4.1861957874015747
11
6.5655030314960632
21
-4.1861368897637794
0
LINE
8
BLACK
6
CONTINUOUS
10
6.5655030314960632
20
-4.1861368897637794
11
6.5655917716535432
21
-4.1860809842519684
0
LINE
8
BLACK
6
CONTINUOUS
10
6.5655917716535432
20
-4.1860809842519684
11
6.5656729527559055
21
-4.186014409448819
0
LINE
8
BLACK
6
CONTINUOUS
10
6.5656729527559055
20
-4.186014409448819
11
6.5657450787401572
21
-4.1859845275590546
0
LINE
8
BLACK
6
CONTINUOUS
10
6.5657450787401572
20
-4.1859845275590546
11
6.565992913385827
21
-4.1858285433070863
0
LINE
8
BLACK
6
CONTINUOUS
10
6.565992913385827
20
-4.1858285433070863
11
6.5697424409448821
21
-4.1839537795275588
0
LINE
8
BLACK
6
CONTINUOUS
10
6.5697424409448821
20
-4.1839537795275588
11
6.5702830314960625
21
-4.1837468897637793
0
LINE
8
BLACK
6
CONTINUOUS
10
6.5702830314960625
20
-4.1837468897637793
11
6.5703888976377955
21
-4.1837393307086614
0
LINE
8
BLACK
6
CONTINUOUS
10
6.5703888976377955
20
-4.1837393307086614
11
6.5704868897637798
21
-4.1836987795275586
0
LINE
8
BLACK
6
CONTINUOUS
10
6.5704868897637798
20
-4.1836987795275586
11
6.5710629527559057
21
-4.1836420472440947
0
LINE
8
BLACK
6
CONTINUOUS
10
6.5710629527559057
20
-4.1836420472440947
11
6.5785620078740159
21
-4.1836420472440947
0
LINE
8
BLACK
6
CONTINUOUS
10
6.5785620078740159
20
-4.1836420472440947
11
6.5791380708661418
21
-4.1836987795275586
0
LINE
8
BLACK
6
CONTINUOUS
10
6.5690625196850396
20
-4.1908962992125982
11
6.5662301181102363
21
-4.1937286614173228
0
LINE
8
BLACK
6
CONTINUOUS
10
6.5662301181102363
20
-4.1937286614173228
11
6.564641889763779
21
-4.2000816929133853
0
LINE
8
BLACK
6
CONTINUOUS
10
6.564641889763779
20
-4.2000816929133853
11
6.564641889763779
21
-4.2124779527559051
0
LINE
8
BLACK
6
CONTINUOUS
10
6.564641889763779
20
-4.2124779527559051
11
6.5662301181102363
21
-4.2188309448818897
0
LINE
8
BLACK
6
CONTINUOUS
10
6.5662301181102363
20
-4.2188309448818897
11
6.5673134251968506
21
-4.219914251968504
0
LINE
8
BLACK
6
CONTINUOUS
10
6.5673134251968506
20
-4.219914251968504
11
6.5708498031496063
21
-4.2163778740157483
0
LINE
8
BLACK
6
CONTINUOUS
10
6.5708498031496063
20
-4.2163778740157483
11
6.5710761417322834
21
-4.2161920866141731
0
LINE
8
BLACK
6
CONTINUOUS
10
6.5710761417322834
20
-4.2161920866141731
11
6.5711273228346458
21
-4.2161331102362203
0
LINE
8
BLACK
6
CONTINUOUS
10
6.5711273228346458
20
-4.2161331102362203
11
6.5712162598425197
21
-4.2160771259842518
0
LINE
8
BLACK
6
CONTINUOUS
10
6.5712162598425197
20
-4.2160771259842518
11
6.5712972440944881
21
-4.2160106692913386
0
LINE
8
BLACK
6
CONTINUOUS
10
6.5712972440944881
20
-4.2160106692913386
11
6.5713691732283461
21
-4.2159808267716539
0
LINE
8
BLACK
6
CONTINUOUS
10
6.5713691732283461
20
-4.2159808267716539
11
6.5716172047244097
21
-4.2158247637795272
0
LINE
8
BLACK
6
CONTINUOUS
10
6.5716172047244097
20
-4.2158247637795272
11
6.5753667322834648
21
-4.2139499999999996
0
LINE
8
BLACK
6
CONTINUOUS
10
6.5753667322834648
20
-4.2139499999999996
11
6.5759073228346452
21
-4.2137431102362202
0
LINE
8
BLACK
6
CONTINUOUS
10
6.5759073228346452
20
-4.2137431102362202
11
6.5760131889763782
21
-4.2137355511811023
0
LINE
8
BLACK
6
CONTINUOUS
10
6.5760131889763782
20
-4.2137355511811023
11
6.5761111811023625
21
-4.2136949999999995
0
LINE
8
BLACK
6
CONTINUOUS
10
6.5761111811023625
20
-4.2136949999999995
11
6.5766872440944883
21
-4.2136382677165356
0
LINE
8
BLACK
6
CONTINUOUS
10
6.5766872440944883
20
-4.2136382677165356
11
6.5804367716535435
21
-4.2136382677165356
0
LINE
8
BLACK
6
CONTINUOUS
10
6.5804367716535435
20
-4.2136382677165356
11
6.5810128346456693
21
-4.2136949999999995
0
LINE
8
BLACK
6
CONTINUOUS
10
6.5810128346456693
20
-4.2136949999999995
11
6.5820772440944877
21
-4.2141359055118111
0
LINE
8
BLACK
6
CONTINUOUS
10
6.5820772440944877
20
-4.2141359055118111
11
6.5828918897637791
21
-4.2149505511811025
0
LINE
8
BLACK
6
CONTINUOUS
10
6.5828918897637791
20
-4.2149505511811025
11
6.5833327952755907
21
-4.2160149606299209
0
LINE
8
BLACK
6
CONTINUOUS
10
6.5833327952755907
20
-4.2160149606299209
11
6.5833327952755907
21
-4.2171670866141735
0
LINE
8
BLACK
6
CONTINUOUS
10
6.5833327952755907
20
-4.2171670866141735
11
6.5828918897637791
21
-4.2182314960629919
0
LINE
8
BLACK
6
CONTINUOUS
10
6.5828918897637791
20
-4.2182314960629919
11
6.5820772440944877
21
-4.2190461417322833
0
LINE
8
BLACK
6
CONTINUOUS
10
6.5820772440944877
20
-4.2190461417322833
11
6.5810128346456693
21
-4.219487047244094
0
LINE
8
BLACK
6
CONTINUOUS
10
6.5810128346456693
20
-4.219487047244094
11
6.5804367716535435
21
-4.2195437795275588
0
LINE
8
BLACK
6
CONTINUOUS
10
6.5804367716535435
20
-4.2195437795275588
11
6.5773842913385829
21
-4.2195437795275588
0
LINE
8
BLACK
6
CONTINUOUS
10
6.5773842913385829
20
-4.2195437795275588
11
6.5746868110236223
21
-4.2208924803149603
0
LINE
8
BLACK
6
CONTINUOUS
10
6.5746868110236223
20
-4.2208924803149603
11
6.5725672047244093
21
-4.2230121259842521
0
LINE
8
BLACK
6
CONTINUOUS
10
6.5725672047244093
20
-4.2230121259842521
11
6.5778649606299213
21
-4.2230121259842521
0
LINE
8
BLACK
6
CONTINUOUS
10
6.5778649606299213
20
-4.2230121259842521
11
6.5805624015748032
21
-4.2216633858267718
0
LINE
8
BLACK
6
CONTINUOUS
10
6.5805624015748032
20
-4.2216633858267718
11
6.5833948031496066
21
-4.2188309448818897
0
LINE
8
BLACK
6
CONTINUOUS
10
6.5833948031496066
20
-4.2188309448818897
11
6.5849830708661417
21
-4.2124779527559051
0
LINE
8
BLACK
6
CONTINUOUS
10
6.5849830708661417
20
-4.2124779527559051
11
6.5849830708661417
21
-4.2000816929133853
0
LINE
8
BLACK
6
CONTINUOUS
10
6.5849830708661417
20
-4.2000816929133853
11
6.5833948031496066
21
-4.1937286614173228
0
LINE
8
BLACK
6
CONTINUOUS
10
6.5833948031496066
20
-4.1937286614173228
11
6.580562440944882
21
-4.1908962992125982
0
LINE
8
BLACK
6
CONTINUOUS
10
6.580562440944882
20
-4.1908962992125982
11
6.5778649606299213
21
-4.1895475590551179
0
LINE
8
BLACK
6
CONTINUOUS
10
6.5778649606299213
20
-4.1895475590551179
11
6.5717600000000003
21
-4.1895475590551179
0
LINE
8
BLACK
6
CONTINUOUS
10
6.5717600000000003
20
-4.1895475590551179
11
6.5690625196850396
21
-4.1908962992125982
0
LINE
8
BLACK
6
CONTINUOUS
10
6.7291380708661412
20
-4.1836987795275586
11
6.7292360629921255
21
-4.1837393700787402
0
LINE
8
BLACK
6
CONTINUOUS
10
6.7292360629921255
20
-4.1837393700787402
11
6.7293418897637798
21
-4.1837468897637793
0
LINE
8
BLACK
6
CONTINUOUS
10
6.7293418897637798
20
-4.1837468897637793
11
6.7298825196850389
21
-4.1839537795275588
0
LINE
8
BLACK
6
CONTINUOUS
10
6.7298825196850389
20
-4.1839537795275588
11
6.733632047244094
21
-4.1858285433070863
0
LINE
8
BLACK
6
CONTINUOUS
10
6.733632047244094
20
-4.1858285433070863
11
6.7338800393700788
21
-4.1859846062992121
0
LINE
8
BLACK
6
CONTINUOUS
10
6.7338800393700788
20
-4.1859846062992121
11
6.7339520078740156
21
-4.1860144488188977
0
LINE
8
BLACK
6
CONTINUOUS
10
6.7339520078740156
20
-4.1860144488188977
11
6.7340329527559053
21
-4.1860809055118109
0
LINE
8
BLACK
6
CONTINUOUS
10
6.7340329527559053
20
-4.1860809055118109
11
6.7341219291338579
21
-4.1861368897637794
0
LINE
8
BLACK
6
CONTINUOUS
10
6.7341219291338579
20
-4.1861368897637794
11
6.7341730708661416
21
-4.1861958661417322
0
LINE
8
BLACK
6
CONTINUOUS
10
6.7341730708661416
20
-4.1861958661417322
11
6.7343994488188974
21
-4.1863816535433074
0
LINE
8
BLACK
6
CONTINUOUS
10
6.7343994488188974
20
-4.1863816535433074
11
6.7381489763779525
21
-4.1901311811023625
0
LINE
8
BLACK
6
CONTINUOUS
10
6.7381489763779525
20
-4.1901311811023625
11
6.7385162204724409
21
-4.1905786220472443
0
LINE
8
BLACK
6
CONTINUOUS
10
6.7385162204724409
20
-4.1905786220472443
11
6.7386002362204724
21
-4.1907814960629919
0
LINE
8
BLACK
6
CONTINUOUS
10
6.7386002362204724
20
-4.1907814960629919
11
6.7387309055118108
21
-4.1909578346456691
0
LINE
8
BLACK
6
CONTINUOUS
10
6.7387309055118108
20
-4.1909578346456691
11
6.7389256692913388
21
-4.1915029527559051
0
LINE
8
BLACK
6
CONTINUOUS
10
6.7389256692913388
20
-4.1915029527559051
11
6.7408004330708664
21
-4.1990020078740153
0
LINE
8
BLACK
6
CONTINUOUS
10
6.7408004330708664
20
-4.1990020078740153
11
6.7408151968503933
21
-4.199101850393701
0
LINE
8
BLACK
6
CONTINUOUS
10
6.7408151968503933
20
-4.199101850393701
11
6.7408318503937004
21
-4.1991420866141729
0
LINE
8
BLACK
6
CONTINUOUS
10
6.7408318503937004
20
-4.1991420866141729
11
6.7408531889763781
21
-4.1993590944881891
0
LINE
8
BLACK
6
CONTINUOUS
10
6.7408531889763781
20
-4.1993590944881891
11
6.7408850787401571
21
-4.1995746062992128
0
LINE
8
BLACK
6
CONTINUOUS
10
6.7408850787401571
20
-4.1995746062992128
11
6.7408786614173231
21
-4.1996175984251964
0
LINE
8
BLACK
6
CONTINUOUS
10
6.7408786614173231
20
-4.1996175984251964
11
6.7408885826771652
21
-4.1997181496062987
0
LINE
8
BLACK
6
CONTINUOUS
10
6.7408885826771652
20
-4.1997181496062987
11
6.7408885826771652
21
-4.2128414960629916
0
LINE
8
BLACK
6
CONTINUOUS
10
6.7408885826771652
20
-4.2128414960629916
11
6.7408786614173231
21
-4.2129420078740161
0
LINE
8
BLACK
6
CONTINUOUS
10
6.7408786614173231
20
-4.2129420078740161
11
6.7408850787401571
21
-4.2129850393700785
0
LINE
8
BLACK
6
CONTINUOUS
10
6.7408850787401571
20
-4.2129850393700785
11
6.7408531889763781
21
-4.2132005118110234
0
LINE
8
BLACK
6
CONTINUOUS
10
6.7408531889763781
20
-4.2132005118110234
11
6.7408318503937004
21
-4.2134175590551184
0
LINE
8
BLACK
6
CONTINUOUS
10
6.7408318503937004
20
-4.2134175590551184
11
6.7408151968503933
21
-4.2134577559055115
0
LINE
8
BLACK
6
CONTINUOUS
10
6.7408151968503933
20
-4.2134577559055115
11
6.7408004330708664
21
-4.2135576377952759
0
LINE
8
BLACK
6
CONTINUOUS
10
6.7408004330708664
20
-4.2135576377952759
11
6.7389256692913388
21
-4.2210566929133861
0
LINE
8
BLACK
6
CONTINUOUS
10
6.7389256692913388
20
-4.2210566929133861
11
6.7387309055118108
21
-4.2216018110236222
0
LINE
8
BLACK
6
CONTINUOUS
10
6.7387309055118108
20
-4.2216018110236222
11
6.7386001968503937
21
-4.2217781496062994
0
LINE
8
BLACK
6
CONTINUOUS
10
6.7386001968503937
20
-4.2217781496062994
11
6.7385162204724409
21
-4.2219809842519682
0
LINE
8
BLACK
6
CONTINUOUS
10
6.7385162204724409
20
-4.2219809842519682
11
6.7381490157480313
21
-4.22242842519685
0
LINE
8
BLACK
6
CONTINUOUS
10
6.7381490157480313
20
-4.22242842519685
11
6.7343994488188974
21
-4.2261780314960626
0
LINE
8
BLACK
6
CONTINUOUS
10
6.7343994488188974
20
-4.2261780314960626
11
6.7341730708661416
21
-4.226363779527559
0
LINE
8
BLACK
6
CONTINUOUS
10
6.7341730708661416
20
-4.226363779527559
11
6.7341219291338579
21
-4.2264227952755906
0
LINE
8
BLACK
6
CONTINUOUS
10
6.7341219291338579
20
-4.2264227952755906
11
6.7340329527559053
21
-4.2264787401574804
0
LINE
8
BLACK
6
CONTINUOUS
10
6.7340329527559053
20
-4.2264787401574804
11
6.7339520078740156
21
-4.2265452362204723
0
LINE
8
BLACK
6
CONTINUOUS
10
6.7339520078740156
20
-4.2265452362204723
11
6.7338800393700788
21
-4.2265750393700783
0
LINE
8
BLACK
6
CONTINUOUS
10
6.7338800393700788
20
-4.2265750393700783
11
6.733632047244094
21
-4.2267311417322837
0
LINE
8
BLACK
6
CONTINUOUS
10
6.733632047244094
20
-4.2267311417322837
11
6.7298825196850389
21
-4.2286059055118113
0
LINE
8
BLACK
6
CONTINUOUS
10
6.7298825196850389
20
-4.2286059055118113
11
6.7293418897637798
21
-4.2288127952755907
0
LINE
8
BLACK
6
CONTINUOUS
10
6.7293418897637798
20
-4.2288127952755907
11
6.7292360629921255
21
-4.2288202755905511
0
LINE
8
BLACK
6
CONTINUOUS
10
6.7292360629921255
20
-4.2288202755905511
11
6.7291380708661412
21
-4.2288609055118105
0
LINE
8
BLACK
6
CONTINUOUS
10
6.7291380708661412
20
-4.2288609055118105
11
6.7285620078740154
21
-4.2289176377952753
0
LINE
8
BLACK
6
CONTINUOUS
10
6.7285620078740154
20
-4.2289176377952753
11
6.7210629527559052
21
-4.2289176377952753
0
LINE
8
BLACK
6
CONTINUOUS
10
6.7210629527559052
20
-4.2289176377952753
11
6.7204868897637793
21
-4.2288609055118105
0
LINE
8
BLACK
6
CONTINUOUS
10
6.7204868897637793
20
-4.2288609055118105
11
6.720388897637795
21
-4.2288203149606298
0
LINE
8
BLACK
6
CONTINUOUS
10
6.720388897637795
20
-4.2288203149606298
11
6.7202830314960629
21
-4.2288127952755907
0
LINE
8
BLACK
6
CONTINUOUS
10
6.7202830314960629
20
-4.2288127952755907
11
6.7197424409448816
21
-4.2286059055118113
0
LINE
8
BLACK
6
CONTINUOUS
10
6.7197424409448816
20
-4.2286059055118113
11
6.7178964566929134
21
-4.2276829133858262
0
LINE
8
BLACK
6
CONTINUOUS
10
6.7178964566929134
20
-4.2276829133858262
11
6.7156518110236219
21
-4.2299275590551177
0
LINE
8
BLACK
6
CONTINUOUS
10
6.7156518110236219
20
-4.2299275590551177
11
6.715425433070866
21
-4.2301133070866141
0
LINE
8
BLACK
6
CONTINUOUS
10
6.715425433070866
20
-4.2301133070866141
11
6.7153742913385823
21
-4.2301723228346457
0
LINE
8
BLACK
6
CONTINUOUS
10
6.7153742913385823
20
-4.2301723228346457
11
6.7152853149606297
21
-4.2302282677165355
0
LINE
8
BLACK
6
CONTINUOUS
10
6.7152853149606297
20
-4.2302282677165355
11
6.71520437007874
21
-4.2302947637795274
0
LINE
8
BLACK
6
CONTINUOUS
10
6.71520437007874
20
-4.2302947637795274
11
6.7151324015748033
21
-4.2303245669291334
0
LINE
8
BLACK
6
CONTINUOUS
10
6.7151324015748033
20
-4.2303245669291334
11
6.7148844094488185
21
-4.2304806692913388
0
LINE
8
BLACK
6
CONTINUOUS
10
6.7148844094488185
20
-4.2304806692913388
11
6.7111348818897634
21
-4.2323554330708664
0
LINE
8
BLACK
6
CONTINUOUS
10
6.7111348818897634
20
-4.2323554330708664
11
6.7105942519685033
21
-4.2325623228346458
0
LINE
8
BLACK
6
CONTINUOUS
10
6.7105942519685033
20
-4.2325623228346458
11
6.7094450393700784
21
-4.2326439763779531
0
LINE
8
BLACK
6
CONTINUOUS
10
6.7094450393700784
20
-4.2326439763779531
11
6.7083520866141733
21
-4.2322796456692915
0
LINE
8
BLACK
6
CONTINUOUS
10
6.7083520866141733
20
-4.2322796456692915
11
6.7074816929133858
21
-4.2315248031496058
0
LINE
8
BLACK
6
CONTINUOUS
10
6.7074816929133858
20
-4.2315248031496058
11
6.7069664566929132
21
-4.2304942913385828
0
LINE
8
BLACK
6
CONTINUOUS
10
6.7069664566929132
20
-4.2304942913385828
11
6.706884803149606
21
-4.229345078740157
0
LINE
8
BLACK
6
CONTINUOUS
10
6.706884803149606
20
-4.229345078740157
11
6.7072491338582676
21
-4.2282521259842518
0
LINE
8
BLACK
6
CONTINUOUS
10
6.7072491338582676
20
-4.2282521259842518
11
6.7080039763779524
21
-4.2273817322834644
0
LINE
8
BLACK
6
CONTINUOUS
10
6.7080039763779524
20
-4.2273817322834644
11
6.7084938582677163
21
-4.2270733858267713
0
LINE
8
BLACK
6
CONTINUOUS
10
6.7084938582677163
20
-4.2270733858267713
11
6.7118148031496059
21
-4.2254129133858269
0
LINE
8
BLACK
6
CONTINUOUS
10
6.7118148031496059
20
-4.2254129133858269
11
6.7131375984251971
21
-4.224090078740157
0
LINE
8
BLACK
6
CONTINUOUS
10
6.7131375984251971
20
-4.224090078740157
11
6.711475984251968
21
-4.2224284645669288
0
LINE
8
BLACK
6
CONTINUOUS
10
6.711475984251968
20
-4.2224284645669288
11
6.7111087401574805
21
-4.2219809842519682
0
LINE
8
BLACK
6
CONTINUOUS
10
6.7111087401574805
20
-4.2219809842519682
11
6.711024724409449
21
-4.2217781496062994
0
LINE
8
BLACK
6
CONTINUOUS
10
6.711024724409449
20
-4.2217781496062994
11
6.7108940551181098
21
-4.2216018110236222
0
LINE
8
BLACK
6
CONTINUOUS
10
6.7108940551181098
20
-4.2216018110236222
11
6.7106992913385826
21
-4.2210566929133861
0
LINE
8
BLACK
6
CONTINUOUS
10
6.7106992913385826
20
-4.2210566929133861
11
6.708824527559055
21
-4.2135576377952759
0
LINE
8
BLACK
6
CONTINUOUS
10
6.708824527559055
20
-4.2135576377952759
11
6.7088097244094484
21
-4.2134577559055115
0
LINE
8
BLACK
6
CONTINUOUS
10
6.7088097244094484
20
-4.2134577559055115
11
6.7087931102362202
21
-4.2134175590551184
0
LINE
8
BLACK
6
CONTINUOUS
10
6.7087931102362202
20
-4.2134175590551184
11
6.7087717322834646
21
-4.2132005118110234
0
LINE
8
BLACK
6
CONTINUOUS
10
6.7087717322834646
20
-4.2132005118110234
11
6.7087398818897634
21
-4.2129850393700785
0
LINE
8
BLACK
6
CONTINUOUS
10
6.7087398818897634
20
-4.2129850393700785
11
6.7087462598425196
21
-4.2129420078740161
0
LINE
8
BLACK
6
CONTINUOUS
10
6.7087462598425196
20
-4.2129420078740161
11
6.7087363779527553
21
-4.2128414960629916
0
LINE
8
BLACK
6
CONTINUOUS
10
6.7087363779527553
20
-4.2128414960629916
11
6.7087363779527553
21
-4.1997181496062987
0
LINE
8
BLACK
6
CONTINUOUS
10
6.7087363779527553
20
-4.1997181496062987
11
6.7087462598425196
21
-4.1996175984251964
0
LINE
8
BLACK
6
CONTINUOUS
10
6.7087462598425196
20
-4.1996175984251964
11
6.7087398818897634
21
-4.1995746062992128
0
LINE
8
BLACK
6
CONTINUOUS
10
6.7087398818897634
20
-4.1995746062992128
11
6.7087717322834646
21
-4.1993590944881891
0
LINE
8
BLACK
6
CONTINUOUS
10
6.7087717322834646
20
-4.1993590944881891
11
6.7087931102362202
21
-4.1991420866141729
0
LINE
8
BLACK
6
CONTINUOUS
10
6.7087931102362202
20
-4.1991420866141729
11
6.7088097244094484
21
-4.199101850393701
0
LINE
8
BLACK
6
CONTINUOUS
10
6.7088097244094484
20
-4.199101850393701
11
6.708824527559055
21
-4.1990020078740153
0
LINE
8
BLACK
6
CONTINUOUS
10
6.708824527559055
20
-4.1990020078740153
11
6.7106992913385826
21
-4.1915029527559051
0
LINE
8
BLACK
6
CONTINUOUS
10
6.7106992913385826
20
-4.1915029527559051
11
6.7108940551181098
21
-4.1909578346456691
0
LINE
8
BLACK
6
CONTINUOUS
10
6.7108940551181098
20
-4.1909578346456691
11
6.7110247637795277
21
-4.1907813779527556
0
LINE
8
BLACK
6
CONTINUOUS
10
6.7110247637795277
20
-4.1907813779527556
11
6.7111087795275592
21
-4.1905786220472443
0
LINE
8
BLACK
6
CONTINUOUS
10
6.7111087795275592
20
-4.1905786220472443
11
6.711475984251968
21
-4.1901311811023625
0
LINE
8
BLACK
6
CONTINUOUS
10
6.711475984251968
20
-4.1901311811023625
11
6.7152255118110231
21
-4.1863816535433074
0
LINE
8
BLACK
6
CONTINUOUS
10
6.7152255118110231
20
-4.1863816535433074
11
6.7154518897637789
21
-4.1861957874015747
0
LINE
8
BLACK
6
CONTINUOUS
10
6.7154518897637789
20
-4.1861957874015747
11
6.7155030314960626
21
-4.1861368897637794
0
LINE
8
BLACK
6
CONTINUOUS
10
6.7155030314960626
20
-4.1861368897637794
11
6.7155917716535436
21
-4.1860809842519684
0
LINE
8
BLACK
6
CONTINUOUS
10
6.7155917716535436
20
-4.1860809842519684
11
6.7156729527559049
21
-4.186014409448819
0
LINE
8
BLACK
6
CONTINUOUS
10
6.7156729527559049
20
-4.186014409448819
11
6.7157450787401576
21
-4.1859845275590546
0
LINE
8
BLACK
6
CONTINUOUS
10
6.7157450787401576
20
-4.1859845275590546
11
6.7159929133858265
21
-4.1858285433070863
0
LINE
8
BLACK
6
CONTINUOUS
10
6.7159929133858265
20
-4.1858285433070863
11
6.7197424409448816
21
-4.1839537795275588
0
LINE
8
BLACK
6
CONTINUOUS
10
6.7197424409448816
20
-4.1839537795275588
11
6.7202830314960629
21
-4.1837468897637793
0
LINE
8
BLACK
6
CONTINUOUS
10
6.7202830314960629
20
-4.1837468897637793
11
6.720388897637795
21
-4.1837393307086614
0
LINE
8
BLACK
6
CONTINUOUS
10
6.720388897637795
20
-4.1837393307086614
11
6.7204868897637793
21
-4.1836987795275586
0
LINE
8
BLACK
6
CONTINUOUS
10
6.7204868897637793
20
-4.1836987795275586
11
6.7210629527559052
21
-4.1836420472440947
0
LINE
8
BLACK
6
CONTINUOUS
10
6.7210629527559052
20
-4.1836420472440947
11
6.7285620078740154
21
-4.1836420472440947
0
LINE
8
BLACK
6
CONTINUOUS
10
6.7285620078740154
20
-4.1836420472440947
11
6.7291380708661412
21
-4.1836987795275586
0
LINE
8
BLACK
6
CONTINUOUS
10
6.7190625196850391
20
-4.1908962992125982
11
6.7162301181102357
21
-4.1937286614173228
0
LINE
8
BLACK
6
CONTINUOUS
10
6.7162301181102357
20
-4.1937286614173228
11
6.7146418897637794
21
-4.2000816929133853
0
LINE
8
BLACK
6
CONTINUOUS
10
6.7146418897637794
20
-4.2000816929133853
11
6.7146418897637794
21
-4.2124779527559051
0
LINE
8
BLACK
6
CONTINUOUS
10
6.7146418897637794
20
-4.2124779527559051
11
6.7162301181102357
21
-4.2188309448818897
0
LINE
8
BLACK
6
CONTINUOUS
10
6.7162301181102357
20
-4.2188309448818897
11
6.71731342519685
21
-4.219914251968504
0
LINE
8
BLACK
6
CONTINUOUS
10
6.71731342519685
20
-4.219914251968504
11
6.7208498031496058
21
-4.2163778740157483
0
LINE
8
BLACK
6
CONTINUOUS
10
6.7208498031496058
20
-4.2163778740157483
11
6.7210761417322837
21
-4.2161920866141731
0
LINE
8
BLACK
6
CONTINUOUS
10
6.7210761417322837
20
-4.2161920866141731
11
6.7211273228346453
21
-4.2161331102362203
0
LINE
8
BLACK
6
CONTINUOUS
10
6.7211273228346453
20
-4.2161331102362203
11
6.7212162598425191
21
-4.2160771259842518
0
LINE
8
BLACK
6
CONTINUOUS
10
6.7212162598425191
20
-4.2160771259842518
11
6.7212972440944885
21
-4.2160106692913386
0
LINE
8
BLACK
6
CONTINUOUS
10
6.7212972440944885
20
-4.2160106692913386
11
6.7213691732283465
21
-4.2159808267716539
0
LINE
8
BLACK
6
CONTINUOUS
10
6.7213691732283465
20
-4.2159808267716539
11
6.7216172047244092
21
-4.2158247637795272
0
LINE
8
BLACK
6
CONTINUOUS
10
6.7216172047244092
20
-4.2158247637795272
11
6.7253667322834643
21
-4.2139499999999996
0
LINE
8
BLACK
6
CONTINUOUS
10
6.7253667322834643
20
-4.2139499999999996
11
6.7259073228346455
21
-4.2137431102362202
0
LINE
8
BLACK
6
CONTINUOUS
10
6.7259073228346455
20
-4.2137431102362202
11
6.7260131889763777
21
-4.2137355511811023
0
LINE
8
BLACK
6
CONTINUOUS
10
6.7260131889763777
20
-4.2137355511811023
11
6.7261111811023619
21
-4.2136949999999995
0
LINE
8
BLACK
6
CONTINUOUS
10
6.7261111811023619
20
-4.2136949999999995
11
6.7266872440944878
21
-4.2136382677165356
0
LINE
8
BLACK
6
CONTINUOUS
10
6.7266872440944878
20
-4.2136382677165356
11
6.7304367716535429
21
-4.2136382677165356
0
LINE
8
BLACK
6
CONTINUOUS
10
6.7304367716535429
20
-4.2136382677165356
11
6.7310128346456688
21
-4.2136949999999995
0
LINE
8
BLACK
6
CONTINUOUS
10
6.7310128346456688
20
-4.2136949999999995
11
6.732077244094488
21
-4.2141359055118111
0
LINE
8
BLACK
6
CONTINUOUS
10
6.732077244094488
20
-4.2141359055118111
11
6.7328918897637795
21
-4.2149505511811025
0
LINE
8
BLACK
6
CONTINUOUS
10
6.7328918897637795
20
-4.2149505511811025
11
6.7333327952755901
21
-4.2160149606299209
0
LINE
8
BLACK
6
CONTINUOUS
10
6.7333327952755901
20
-4.2160149606299209
11
6.7333327952755901
21
-4.2171670866141735
0
LINE
8
BLACK
6
CONTINUOUS
10
6.7333327952755901
20
-4.2171670866141735
11
6.7328918897637795
21
-4.2182314960629919
0
LINE
8
BLACK
6
CONTINUOUS
10
6.7328918897637795
20
-4.2182314960629919
11
6.732077244094488
21
-4.2190461417322833
0
LINE
8
BLACK
6
CONTINUOUS
10
6.732077244094488
20
-4.2190461417322833
11
6.7310128346456688
21
-4.219487047244094
0
LINE
8
BLACK
6
CONTINUOUS
10
6.7310128346456688
20
-4.219487047244094
11
6.7304367716535429
21
-4.2195437795275588
0
LINE
8
BLACK
6
CONTINUOUS
10
6.7304367716535429
20
-4.2195437795275588
11
6.7273842913385824
21
-4.2195437795275588
0
LINE
8
BLACK
6
CONTINUOUS
10
6.7273842913385824
20
-4.2195437795275588
11
6.7246868110236218
21
-4.2208924803149603
0
LINE
8
BLACK
6
CONTINUOUS
10
6.7246868110236218
20
-4.2208924803149603
11
6.7225672047244096
21
-4.2230121259842521
0
LINE
8
BLACK
6
CONTINUOUS
10
6.7225672047244096
20
-4.2230121259842521
11
6.7278649606299208
21
-4.2230121259842521
0
LINE
8
BLACK
6
CONTINUOUS
10
6.7278649606299208
20
-4.2230121259842521
11
6.7305624015748027
21
-4.2216633858267718
0
LINE
8
BLACK
6
CONTINUOUS
10
6.7305624015748027
20
-4.2216633858267718
11
6.733394803149606
21
-4.2188309448818897
0
LINE
8
BLACK
6
CONTINUOUS
10
6.733394803149606
20
-4.2188309448818897
11
6.734983070866142
21
-4.2124779527559051
0
LINE
8
BLACK
6
CONTINUOUS
10
6.734983070866142
20
-4.2124779527559051
11
6.734983070866142
21
-4.2000816929133853
0
LINE
8
BLACK
6
CONTINUOUS
10
6.734983070866142
20
-4.2000816929133853
11
6.733394803149606
21
-4.1937286614173228
0
LINE
8
BLACK
6
CONTINUOUS
10
6.733394803149606
20
-4.1937286614173228
11
6.7305624409448814
21
-4.1908962992125982
0
LINE
8
BLACK
6
CONTINUOUS
10
6.7305624409448814
20
-4.1908962992125982
11
6.7278649606299208
21
-4.1895475590551179
0
LINE
8
BLACK
6
CONTINUOUS
10
6.7278649606299208
20
-4.1895475590551179
11
6.7217599999999997
21
-4.1895475590551179
0
LINE
8
BLACK
6
CONTINUOUS
10
6.7217599999999997
20
-4.1895475590551179
11
6.7190625196850391
21
-4.1908962992125982
0
LINE
8
BLACK
6
CONTINUOUS
10
6.5416427559055119
20
-4.1836987795275586
11
6.5417407480314962
21
-4.1837393700787402
0
LINE
8
BLACK
6
CONTINUOUS
10
6.5417407480314962
20
-4.1837393700787402
11
6.5418465748031496
21
-4.1837468897637793
0
LINE
8
BLACK
6
CONTINUOUS
10
6.5418465748031496
20
-4.1837468897637793
11
6.5423872047244096
21
-4.1839537795275588
0
LINE
8
BLACK
6
CONTINUOUS
10
6.5423872047244096
20
-4.1839537795275588
11
6.5461367322834647
21
-4.1858285433070863
0
LINE
8
BLACK
6
CONTINUOUS
10
6.5461367322834647
20
-4.1858285433070863
11
6.5463847244094486
21
-4.1859846062992121
0
LINE
8
BLACK
6
CONTINUOUS
10
6.5463847244094486
20
-4.1859846062992121
11
6.5464566929133854
21
-4.1860144488188977
0
LINE
8
BLACK
6
CONTINUOUS
10
6.5464566929133854
20
-4.1860144488188977
11
6.5465376377952751
21
-4.1860809055118109
0
LINE
8
BLACK
6
CONTINUOUS
10
6.5465376377952751
20
-4.1860809055118109
11
6.5466266141732286
21
-4.1861368897637794
0
LINE
8
BLACK
6
CONTINUOUS
10
6.5466266141732286
20
-4.1861368897637794
11
6.5466777559055114
21
-4.1861958661417322
0
LINE
8
BLACK
6
CONTINUOUS
10
6.5466777559055114
20
-4.1861958661417322
11
6.5469041338582672
21
-4.1863816535433074
0
LINE
8
BLACK
6
CONTINUOUS
10
6.5469041338582672
20
-4.1863816535433074
11
6.5487788976377947
21
-4.1882564173228349
0
LINE
8
BLACK
6
CONTINUOUS
10
6.5487788976377947
20
-4.1882564173228349
11
6.5491461023622044
21
-4.1887038582677167
0
LINE
8
BLACK
6
CONTINUOUS
10
6.5491461023622044
20
-4.1887038582677167
11
6.5495870078740159
21
-4.1897682677165351
0
LINE
8
BLACK
6
CONTINUOUS
10
6.5495870078740159
20
-4.1897682677165351
11
6.5495870078740159
21
-4.190920354330709
0
LINE
8
BLACK
6
CONTINUOUS
10
6.5495870078740159
20
-4.190920354330709
11
6.5491461023622044
21
-4.1919847637795273
0
LINE
8
BLACK
6
CONTINUOUS
10
6.5491461023622044
20
-4.1919847637795273
11
6.5483314173228342
21
-4.1927994488188975
0
LINE
8
BLACK
6
CONTINUOUS
10
6.5483314173228342
20
-4.1927994488188975
11
6.5472670078740158
21
-4.1932403543307082
0
LINE
8
BLACK
6
CONTINUOUS
10
6.5472670078740158
20
-4.1932403543307082
11
6.546114921259842
21
-4.1932403543307082
0
LINE
8
BLACK
6
CONTINUOUS
10
6.546114921259842
20
-4.1932403543307082
11
6.5450505118110236
21
-4.1927994488188975
0
LINE
8
BLACK
6
CONTINUOUS
10
6.5450505118110236
20
-4.1927994488188975
11
6.5446030708661418
21
-4.1924322440944879
0
LINE
8
BLACK
6
CONTINUOUS
10
6.5446030708661418
20
-4.1924322440944879
11
6.5430671259842521
21
-4.1908962992125982
0
LINE
8
BLACK
6
CONTINUOUS
10
6.5430671259842521
20
-4.1908962992125982
11
6.5403696456692915
21
-4.1895475590551179
0
LINE
8
BLACK
6
CONTINUOUS
10
6.5403696456692915
20
-4.1895475590551179
11
6.532389921259842
21
-4.1895475590551179
0
LINE
8
BLACK
6
CONTINUOUS
10
6.532389921259842
20
-4.1895475590551179
11
6.5296924409448813
21
-4.1908962992125982
0
LINE
8
BLACK
6
CONTINUOUS
10
6.5296924409448813
20
-4.1908962992125982
11
6.5284953149606295
21
-4.19209342519685
0
LINE
8
BLACK
6
CONTINUOUS
10
6.5284953149606295
20
-4.19209342519685
11
6.5271465748031492
21
-4.1947909055118107
0
LINE
8
BLACK
6
CONTINUOUS
10
6.5271465748031492
20
-4.1947909055118107
11
6.5271465748031492
21
-4.1973642125984254
0
LINE
8
BLACK
6
CONTINUOUS
10
6.5271465748031492
20
-4.1973642125984254
11
6.5286493700787398
21
-4.2018726377952751
0
LINE
8
BLACK
6
CONTINUOUS
10
6.5286493700787398
20
-4.2018726377952751
11
6.5506536614173223
21
-4.2238769685039372
0
LINE
8
BLACK
6
CONTINUOUS
10
6.5506536614173223
20
-4.2238769685039372
11
6.5510209055118107
21
-4.224324409448819
0
LINE
8
BLACK
6
CONTINUOUS
10
6.5510209055118107
20
-4.224324409448819
11
6.5514617716535435
21
-4.2253888582677162
0
LINE
8
BLACK
6
CONTINUOUS
10
6.5514617716535435
20
-4.2253888582677162
11
6.5514617716535435
21
-4.22654094488189
0
LINE
8
BLACK
6
CONTINUOUS
10
6.5514617716535435
20
-4.22654094488189
11
6.551020866141732
21
-4.2276053543307084
0
LINE
8
BLACK
6
CONTINUOUS
10
6.551020866141732
20
-4.2276053543307084
11
6.5502062204724405
21
-4.2284200393700786
0
LINE
8
BLACK
6
CONTINUOUS
10
6.5502062204724405
20
-4.2284200393700786
11
6.5494535433070862
21
-4.2287317716535435
0
LINE
8
BLACK
6
CONTINUOUS
10
6.5494535433070862
20
-4.2287317716535435
11
6.5491418110236221
21
-4.2288609055118105
0
LINE
8
BLACK
6
CONTINUOUS
10
6.5491418110236221
20
-4.2288609055118105
11
6.5485657480314963
21
-4.2289176377952753
0
LINE
8
BLACK
6
CONTINUOUS
10
6.5485657480314963
20
-4.2289176377952753
11
6.5241938188976381
21
-4.2289176377952753
0
LINE
8
BLACK
6
CONTINUOUS
10
6.5241938188976381
20
-4.2289176377952753
11
6.5236177559055113
21
-4.2288609055118105
0
LINE
8
BLACK
6
CONTINUOUS
10
6.5236177559055113
20
-4.2288609055118105
11
6.5225533464566929
21
-4.2284199999999998
0
LINE
8
BLACK
6
CONTINUOUS
10
6.5225533464566929
20
-4.2284199999999998
11
6.5217387007874015
21
-4.2276053543307084
0
LINE
8
BLACK
6
CONTINUOUS
10
6.5217387007874015
20
-4.2276053543307084
11
6.5212977952755908
21
-4.22654094488189
0
LINE
8
BLACK
6
CONTINUOUS
10
6.5212977952755908
20
-4.22654094488189
11
6.5212977952755908
21
-4.2253888188976374
0
LINE
8
BLACK
6
CONTINUOUS
10
6.5212977952755908
20
-4.2253888188976374
11
6.5217387007874015
21
-4.224324409448819
0
LINE
8
BLACK
6
CONTINUOUS
10
6.5217387007874015
20
-4.224324409448819
11
6.5225533464566929
21
-4.2235097637795276
0
LINE
8
BLACK
6
CONTINUOUS
10
6.5225533464566929
20
-4.2235097637795276
11
6.5236177559055113
21
-4.2230688582677161
0
LINE
8
BLACK
6
CONTINUOUS
10
6.5236177559055113
20
-4.2230688582677161
11
6.5241938188976381
21
-4.2230121259842521
0
LINE
8
BLACK
6
CONTINUOUS
10
6.5241938188976381
20
-4.2230121259842521
11
6.5414371653543304
21
-4.2230121259842521
0
LINE
8
BLACK
6
CONTINUOUS
10
6.5414371653543304
20
-4.2230121259842521
11
6.5239806692913387
21
-4.2055555905511808
0
LINE
8
BLACK
6
CONTINUOUS
10
6.5239806692913387
20
-4.2055555905511808
11
6.523613464566929
21
-4.205108149606299
0
LINE
8
BLACK
6
CONTINUOUS
10
6.523613464566929
20
-4.205108149606299
11
6.5235728346456687
21
-4.2050100787401572
0
LINE
8
BLACK
6
CONTINUOUS
10
6.5235728346456687
20
-4.2050100787401572
11
6.5235033464566925
21
-4.2049299606299213
0
LINE
8
BLACK
6
CONTINUOUS
10
6.5235033464566925
20
-4.2049299606299213
11
6.5232673622047246
21
-4.2044014173228348
0
LINE
8
BLACK
6
CONTINUOUS
10
6.5232673622047246
20
-4.2044014173228348
11
6.521392598425197
21
-4.1987771259842521
0
LINE
8
BLACK
6
CONTINUOUS
10
6.521392598425197
20
-4.1987771259842521
11
6.5213276377952756
21
-4.198491535433071
0
LINE
8
BLACK
6
CONTINUOUS
10
6.5213276377952756
20
-4.198491535433071
11
6.5212977952755908
21
-4.1984194488188979
0
LINE
8
BLACK
6
CONTINUOUS
10
6.5212977952755908
20
-4.1984194488188979
11
6.5212874803149603
21
-4.1983149212598425
0
LINE
8
BLACK
6
CONTINUOUS
10
6.5212874803149603
20
-4.1983149212598425
11
6.5212642519685033
21
-4.1982126771653538
0
LINE
8
BLACK
6
CONTINUOUS
10
6.5212642519685033
20
-4.1982126771653538
11
6.5212697637795278
21
-4.1981349212598422
0
LINE
8
BLACK
6
CONTINUOUS
10
6.5212697637795278
20
-4.1981349212598422
11
6.521241062992126
21
-4.1978433858267712
0
LINE
8
BLACK
6
CONTINUOUS
10
6.521241062992126
20
-4.1978433858267712
11
6.521241062992126
21
-4.1940938582677161
0
LINE
8
BLACK
6
CONTINUOUS
10
6.521241062992126
20
-4.1940938582677161
11
6.5212977952755908
21
-4.1935177952755902
0
LINE
8
BLACK
6
CONTINUOUS
10
6.5212977952755908
20
-4.1935177952755902
11
6.5213383858267715
21
-4.1934197637795272
0
LINE
8
BLACK
6
CONTINUOUS
10
6.5213383858267715
20
-4.1934197637795272
11
6.5213459055118106
21
-4.1933139763779526
0
LINE
8
BLACK
6
CONTINUOUS
10
6.5213459055118106
20
-4.1933139763779526
11
6.5215527952755901
21
-4.1927733464566925
0
LINE
8
BLACK
6
CONTINUOUS
10
6.5215527952755901
20
-4.1927733464566925
11
6.5234275590551176
21
-4.1890238188976374
0
LINE
8
BLACK
6
CONTINUOUS
10
6.5234275590551176
20
-4.1890238188976374
11
6.5235836220472443
21
-4.1887757874015747
0
LINE
8
BLACK
6
CONTINUOUS
10
6.5235836220472443
20
-4.1887757874015747
11
6.523613464566929
21
-4.1887038582677167
0
LINE
8
BLACK
6
CONTINUOUS
10
6.523613464566929
20
-4.1887038582677167
11
6.5236799212598422
21
-4.1886228740157483
0
LINE
8
BLACK
6
CONTINUOUS
10
6.5236799212598422
20
-4.1886228740157483
11
6.5237359055118107
21
-4.1885339370078736
0
LINE
8
BLACK
6
CONTINUOUS
10
6.5237359055118107
20
-4.1885339370078736
11
6.5237948818897635
21
-4.188482755905512
0
LINE
8
BLACK
6
CONTINUOUS
10
6.5237948818897635
20
-4.188482755905512
11
6.5239806692913387
21
-4.1882564173228349
0
LINE
8
BLACK
6
CONTINUOUS
10
6.5239806692913387
20
-4.1882564173228349
11
6.5258554330708662
21
-4.1863816535433074
0
LINE
8
BLACK
6
CONTINUOUS
10
6.5258554330708662
20
-4.1863816535433074
11
6.5260817716535433
21
-4.1861958661417322
0
LINE
8
BLACK
6
CONTINUOUS
10
6.5260817716535433
20
-4.1861958661417322
11
6.5261329527559058
21
-4.1861368897637794
0
LINE
8
BLACK
6
CONTINUOUS
10
6.5261329527559058
20
-4.1861368897637794
11
6.5262218897637796
21
-4.1860809055118109
0
LINE
8
BLACK
6
CONTINUOUS
10
6.5262218897637796
20
-4.1860809055118109
11
6.526302874015748
21
-4.1860144488188977
0
LINE
8
BLACK
6
CONTINUOUS
10
6.526302874015748
20
-4.1860144488188977
11
6.5263748031496061
21
-4.1859846062992121
0
LINE
8
BLACK
6
CONTINUOUS
10
6.5263748031496061
20
-4.1859846062992121
11
6.5266228346456687
21
-4.1858285433070863
0
LINE
8
BLACK
6
CONTINUOUS
10
6.5266228346456687
20
-4.1858285433070863
11
6.5303723622047238
21
-4.1839537795275588
0
LINE
8
BLACK
6
CONTINUOUS
10
6.5303723622047238
20
-4.1839537795275588
11
6.5309129527559051
21
-4.1837468897637793
0
LINE
8
BLACK
6
CONTINUOUS
10
6.5309129527559051
20
-4.1837468897637793
11
6.5310188188976372
21
-4.1837393307086614
0
LINE
8
BLACK
6
CONTINUOUS
10
6.5310188188976372
20
-4.1837393307086614
11
6.5311168110236215
21
-4.1836987795275586
0
LINE
8
BLACK
6
CONTINUOUS
10
6.5311168110236215
20
-4.1836987795275586
11
6.5316928740157483
21
-4.1836420472440947
0
LINE
8
BLACK
6
CONTINUOUS
10
6.5316928740157483
20
-4.1836420472440947
11
6.541066692913386
21
-4.1836420472440947
0
LINE
8
BLACK
6
CONTINUOUS
10
6.541066692913386
20
-4.1836420472440947
11
6.5416427559055119
21
-4.1836987795275586
0
LINE
8
BLACK
6
CONTINUOUS
10
6.6857291732283466
20
-4.1836987795275586
11
6.6860184645669287
21
-4.1836987795275586
0
LINE
8
BLACK
6
CONTINUOUS
10
6.6860184645669287
20
-4.1836987795275586
11
6.6862885433070867
21
-4.1838106299212594
0
LINE
8
BLACK
6
CONTINUOUS
10
6.6862885433070867
20
-4.1838106299212594
11
6.6865751968503933
21
-4.1838679921259843
0
LINE
8
BLACK
6
CONTINUOUS
10
6.6865751968503933
20
-4.1838679921259843
11
6.6868155511811018
21
-4.1840289370078736
0
LINE
8
BLACK
6
CONTINUOUS
10
6.6868155511811018
20
-4.1840289370078736
11
6.687082874015748
21
-4.1841396850393702
0
LINE
8
BLACK
6
CONTINUOUS
10
6.687082874015748
20
-4.1841396850393702
11
6.6872895669291337
21
-4.1843463779527559
0
LINE
8
BLACK
6
CONTINUOUS
10
6.6872895669291337
20
-4.1843463779527559
11
6.6875324803149603
21
-4.1845090551181103
0
LINE
8
BLACK
6
CONTINUOUS
10
6.6875324803149603
20
-4.1845090551181103
11
6.6878954724409443
21
-4.1849522834645665
0
LINE
8
BLACK
6
CONTINUOUS
10
6.6878954724409443
20
-4.1849522834645665
11
6.6878975196850394
21
-4.1849543307086616
0
LINE
8
BLACK
6
CONTINUOUS
10
6.6878975196850394
20
-4.1849543307086616
11
6.6878978740157482
21
-4.1849551968503933
0
LINE
8
BLACK
6
CONTINUOUS
10
6.6878978740157482
20
-4.1849551968503933
11
6.6878992519685037
21
-4.1849568897637797
0
LINE
8
BLACK
6
CONTINUOUS
10
6.6878992519685037
20
-4.1849568897637797
11
6.6914865748031493
21
-4.190337913385827
0
LINE
8
BLACK
6
CONTINUOUS
10
6.6914865748031493
20
-4.190337913385827
11
6.6946905511811021
21
-4.1935418897637797
0
LINE
8
BLACK
6
CONTINUOUS
10
6.6946905511811021
20
-4.1935418897637797
11
6.6980114960629917
21
-4.1952023622047241
0
LINE
8
BLACK
6
CONTINUOUS
10
6.6980114960629917
20
-4.1952023622047241
11
6.6985013779527556
21
-4.1955107086614172
0
LINE
8
BLACK
6
CONTINUOUS
10
6.6985013779527556
20
-4.1955107086614172
11
6.6992562204724404
21
-4.1963811023622046
0
LINE
8
BLACK
6
CONTINUOUS
10
6.6992562204724404
20
-4.1963811023622046
11
6.699620551181102
21
-4.1974740551181098
0
LINE
8
BLACK
6
CONTINUOUS
10
6.699620551181102
20
-4.1974740551181098
11
6.6995388976377948
21
-4.1986232677165356
0
LINE
8
BLACK
6
CONTINUOUS
10
6.6995388976377948
20
-4.1986232677165356
11
6.6990236220472443
21
-4.1996537795275586
0
LINE
8
BLACK
6
CONTINUOUS
10
6.6990236220472443
20
-4.1996537795275586
11
6.6981532677165356
21
-4.2004086220472443
0
LINE
8
BLACK
6
CONTINUOUS
10
6.6981532677165356
20
-4.2004086220472443
11
6.6970602755905508
21
-4.200772952755905
0
LINE
8
BLACK
6
CONTINUOUS
10
6.6970602755905508
20
-4.200772952755905
11
6.6959110629921259
21
-4.2006912992125987
0
LINE
8
BLACK
6
CONTINUOUS
10
6.6959110629921259
20
-4.2006912992125987
11
6.6953704724409446
21
-4.2004844094488192
0
LINE
8
BLACK
6
CONTINUOUS
10
6.6953704724409446
20
-4.2004844094488192
11
6.6916209448818895
21
-4.1986096456692916
0
LINE
8
BLACK
6
CONTINUOUS
10
6.6916209448818895
20
-4.1986096456692916
11
6.6913731102362206
21
-4.1984536220472437
0
LINE
8
BLACK
6
CONTINUOUS
10
6.6913731102362206
20
-4.1984536220472437
11
6.691300984251968
21
-4.198423779527559
0
LINE
8
BLACK
6
CONTINUOUS
10
6.691300984251968
20
-4.198423779527559
11
6.6912198031496057
21
-4.1983571653543308
0
LINE
8
BLACK
6
CONTINUOUS
10
6.6912198031496057
20
-4.1983571653543308
11
6.6911310629921257
21
-4.1983012992125985
0
LINE
8
BLACK
6
CONTINUOUS
10
6.6911310629921257
20
-4.1983012992125985
11
6.691079921259842
21
-4.1982423622047245
0
LINE
8
BLACK
6
CONTINUOUS
10
6.691079921259842
20
-4.1982423622047245
11
6.6908535433070861
21
-4.1980565354330706
0
LINE
8
BLACK
6
CONTINUOUS
10
6.6908535433070861
20
-4.1980565354330706
11
6.6883951574803149
21
-4.1955981496062993
0
LINE
8
BLACK
6
CONTINUOUS
10
6.6883951574803149
20
-4.1955981496062993
11
6.6883951574803149
21
-4.2230121259842521
0
LINE
8
BLACK
6
CONTINUOUS
10
6.6883951574803149
20
-4.2230121259842521
11
6.6966909842519682
21
-4.2230121259842521
0
LINE
8
BLACK
6
CONTINUOUS
10
6.6966909842519682
20
-4.2230121259842521
11
6.6972670472440941
21
-4.2230688582677161
0
LINE
8
BLACK
6
CONTINUOUS
10
6.6972670472440941
20
-4.2230688582677161
11
6.6983314566929133
21
-4.2235097637795276
0
LINE
8
BLACK
6
CONTINUOUS
10
6.6983314566929133
20
-4.2235097637795276
11
6.6991461023622048
21
-4.224324409448819
0
LINE
8
BLACK
6
CONTINUOUS
10
6.6991461023622048
20
-4.224324409448819
11
6.6995870078740154
21
-4.2253888188976374
0
LINE
8
BLACK
6
CONTINUOUS
10
6.6995870078740154
20
-4.2253888188976374
11
6.6995870078740154
21
-4.22654094488189
0
LINE
8
BLACK
6
CONTINUOUS
10
6.6995870078740154
20
-4.22654094488189
11
6.6991461023622048
21
-4.2276053543307084
0
LINE
8
BLACK
6
CONTINUOUS
10
6.6991461023622048
20
-4.2276053543307084
11
6.6983314566929133
21
-4.2284199999999998
0
LINE
8
BLACK
6
CONTINUOUS
10
6.6983314566929133
20
-4.2284199999999998
11
6.6972670472440941
21
-4.2288609055118105
0
LINE
8
BLACK
6
CONTINUOUS
10
6.6972670472440941
20
-4.2288609055118105
11
6.6966909842519682
21
-4.2289176377952753
0
LINE
8
BLACK
6
CONTINUOUS
10
6.6966909842519682
20
-4.2289176377952753
11
6.6741938188976375
21
-4.2289176377952753
0
LINE
8
BLACK
6
CONTINUOUS
10
6.6741938188976375
20
-4.2289176377952753
11
6.6736177559055117
21
-4.2288609055118105
0
LINE
8
BLACK
6
CONTINUOUS
10
6.6736177559055117
20
-4.2288609055118105
11
6.6725533464566924
21
-4.2284199999999998
0
LINE
8
BLACK
6
CONTINUOUS
10
6.6725533464566924
20
-4.2284199999999998
11
6.6717387007874018
21
-4.2276053543307084
0
LINE
8
BLACK
6
CONTINUOUS
10
6.6717387007874018
20
-4.2276053543307084
11
6.6712977952755903
21
-4.22654094488189
0
LINE
8
BLACK
6
CONTINUOUS
10
6.6712977952755903
20
-4.22654094488189
11
6.6712977952755903
21
-4.2253888188976374
0
LINE
8
BLACK
6
CONTINUOUS
10
6.6712977952755903
20
-4.2253888188976374
11
6.6717387007874018
21
-4.224324409448819
0
LINE
8
BLACK
6
CONTINUOUS
10
6.6717387007874018
20
-4.224324409448819
11
6.6725533464566924
21
-4.2235097637795276
0
LINE
8
BLACK
6
CONTINUOUS
10
6.6725533464566924
20
-4.2235097637795276
11
6.6736177559055117
21
-4.2230688582677161
0
LINE
8
BLACK
6
CONTINUOUS
10
6.6736177559055117
20
-4.2230688582677161
11
6.6741938188976375
21
-4.2230121259842521
0
LINE
8
BLACK
6
CONTINUOUS
10
6.6741938188976375
20
-4.2230121259842521
11
6.6824896456692908
21
-4.2230121259842521
0
LINE
8
BLACK
6
CONTINUOUS
10
6.6824896456692908
20
-4.2230121259842521
11
6.6824896456692908
21
-4.1865948031496059
0
LINE
8
BLACK
6
CONTINUOUS
10
6.6824896456692908
20
-4.1865948031496059
11
6.6824898425196846
21
-4.1865927165354329
0
LINE
8
BLACK
6
CONTINUOUS
10
6.6824898425196846
20
-4.1865927165354329
11
6.6824896456692908
21
-4.1865916929133853
0
LINE
8
BLACK
6
CONTINUOUS
10
6.6824896456692908
20
-4.1865916929133853
11
6.6824902362204721
21
-4.1865886614173231
0
LINE
8
BLACK
6
CONTINUOUS
10
6.6824902362204721
20
-4.1865886614173231
11
6.6825463779527556
21
-4.18601874015748
0
LINE
8
BLACK
6
CONTINUOUS
10
6.6825463779527556
20
-4.18601874015748
11
6.6826582283464564
21
-4.1857486220472442
0
LINE
8
BLACK
6
CONTINUOUS
10
6.6826582283464564
20
-4.1857486220472442
11
6.6827155905511813
21
-4.1854620078740155
0
LINE
8
BLACK
6
CONTINUOUS
10
6.6827155905511813
20
-4.1854620078740155
11
6.6828765354330706
21
-4.1852216141732281
0
LINE
8
BLACK
6
CONTINUOUS
10
6.6828765354330706
20
-4.1852216141732281
11
6.6829872834645672
21
-4.1849543307086616
0
LINE
8
BLACK
6
CONTINUOUS
10
6.6829872834645672
20
-4.1849543307086616
11
6.6831939763779529
21
-4.1847475984251972
0
LINE
8
BLACK
6
CONTINUOUS
10
6.6831939763779529
20
-4.1847475984251972
11
6.6833566535433073
21
-4.1845047244094484
0
LINE
8
BLACK
6
CONTINUOUS
10
6.6833566535433073
20
-4.1845047244094484
11
6.6835973622047247
21
-4.1843442125984254
0
LINE
8
BLACK
6
CONTINUOUS
10
6.6835973622047247
20
-4.1843442125984254
11
6.6838019291338577
21
-4.1841396850393702
0
LINE
8
BLACK
6
CONTINUOUS
10
6.6838019291338577
20
-4.1841396850393702
11
6.6840720078740157
21
-4.1840277952755907
0
LINE
8
BLACK
6
CONTINUOUS
10
6.6840720078740157
20
-4.1840277952755907
11
6.6843152755905511
21
-4.18386562992126
0
LINE
8
BLACK
6
CONTINUOUS
10
6.6843152755905511
20
-4.18386562992126
11
6.6845990551181105
21
-4.1838094881889765
0
LINE
8
BLACK
6
CONTINUOUS
10
6.6845990551181105
20
-4.1838094881889765
11
6.684866338582677
21
-4.1836987795275586
0
LINE
8
BLACK
6
CONTINUOUS
10
6.684866338582677
20
-4.1836987795275586
11
6.6851587401574806
21
-4.1836987795275586
0
LINE
8
BLACK
6
CONTINUOUS
10
6.6851587401574806
20
-4.1836987795275586
11
6.6854455118110234
21
-4.1836420472440947
0
LINE
8
BLACK
6
CONTINUOUS
10
6.6854455118110234
20
-4.1836420472440947
11
6.6857291732283466
21
-4.1836987795275586
0
LINE
8
BLACK
6
CONTINUOUS
10
6.1082472440944882
20
-4.187154645669291
11
6.1084270472440947
21
-4.1880586220472438
0
LINE
8
BLACK
6
CONTINUOUS
10
6.1084270472440947
20
-4.1880586220472438
11
6.1084270472440947
21
-4.218058622047244
0
LINE
8
BLACK
6
CONTINUOUS
10
6.1084270472440947
20
-4.218058622047244
11
6.1082472440944882
21
-4.2189625984251968
0
LINE
8
BLACK
6
CONTINUOUS
10
6.1082472440944882
20
-4.2189625984251968
11
6.1069688188976379
21
-4.2202410236220471
0
LINE
8
BLACK
6
CONTINUOUS
10
6.1069688188976379
20
-4.2202410236220471
11
6.1051608661417323
21
-4.2202410236220471
0
LINE
8
BLACK
6
CONTINUOUS
10
6.1051608661417323
20
-4.2202410236220471
11
6.103882440944882
21
-4.2189625984251968
0
LINE
8
BLACK
6
CONTINUOUS
10
6.103882440944882
20
-4.2189625984251968
11
6.1037026377952754
21
-4.218058622047244
0
LINE
8
BLACK
6
CONTINUOUS
10
6.1037026377952754
20
-4.218058622047244
11
6.1037026377952754
21
-4.1880586220472438
0
LINE
8
BLACK
6
CONTINUOUS
10
6.1037026377952754
20
-4.1880586220472438
11
6.103882440944882
21
-4.187154645669291
0
LINE
8
BLACK
6
CONTINUOUS
10
6.103882440944882
20
-4.187154645669291
11
6.1051608661417323
21
-4.1858762204724407
0
LINE
8
BLACK
6
CONTINUOUS
10
6.1051608661417323
20
-4.1858762204724407
11
6.1069688188976379
21
-4.1858762204724407
0
LINE
8
BLACK
6
CONTINUOUS
10
6.1069688188976379
20
-4.1858762204724407
11
6.1082472440944882
21
-4.187154645669291
0
LINE
8
BLACK
6
CONTINUOUS
10
6.1682472440944878
20
-4.187154645669291
11
6.1684270472440943
21
-4.1880586220472438
0
LINE
8
BLACK
6
CONTINUOUS
10
6.1684270472440943
20
-4.1880586220472438
11
6.1684270472440943
21
-4.218058622047244
0
LINE
8
BLACK
6
CONTINUOUS
10
6.1684270472440943
20
-4.218058622047244
11
6.1682472440944878
21
-4.2189625984251968
0
LINE
8
BLACK
6
CONTINUOUS
10
6.1682472440944878
20
-4.2189625984251968
11
6.1669688188976375
21
-4.2202410236220471
0
LINE
8
BLACK
6
CONTINUOUS
10
6.1669688188976375
20
-4.2202410236220471
11
6.1651608661417319
21
-4.2202410236220471
0
LINE
8
BLACK
6
CONTINUOUS
10
6.1651608661417319
20
-4.2202410236220471
11
6.1638824409448816
21
-4.2189625984251968
0
LINE
8
BLACK
6
CONTINUOUS
10
6.1638824409448816
20
-4.2189625984251968
11
6.1637026377952751
21
-4.218058622047244
0
LINE
8
BLACK
6
CONTINUOUS
10
6.1637026377952751
20
-4.218058622047244
11
6.1637026377952751
21
-4.1880586220472438
0
LINE
8
BLACK
6
CONTINUOUS
10
6.1637026377952751
20
-4.1880586220472438
11
6.1638824409448816
21
-4.187154645669291
0
LINE
8
BLACK
6
CONTINUOUS
10
6.1638824409448816
20
-4.187154645669291
11
6.1651608661417319
21
-4.1858762204724407
0
LINE
8
BLACK
6
CONTINUOUS
10
6.1651608661417319
20
-4.1858762204724407
11
6.1669688188976375
21
-4.1858762204724407
0
LINE
8
BLACK
6
CONTINUOUS
10
6.1669688188976375
20
-4.1858762204724407
11
6.1682472440944878
21
-4.187154645669291
0
LINE
8
BLACK
6
CONTINUOUS
10
6.1882472440944882
20
-4.187154645669291
11
6.1884270472440948
21
-4.1880586220472438
0
LINE
8
BLACK
6
CONTINUOUS
10
6.1884270472440948
20
-4.1880586220472438
11
6.1884270472440948
21
-4.218058622047244
0
LINE
8
BLACK
6
CONTINUOUS
10
6.1884270472440948
20
-4.218058622047244
11
6.1882472440944882
21
-4.2189625984251968
0
LINE
8
BLACK
6
CONTINUOUS
10
6.1882472440944882
20
-4.2189625984251968
11
6.1869688188976379
21
-4.2202410236220471
0
LINE
8
BLACK
6
CONTINUOUS
10
6.1869688188976379
20
-4.2202410236220471
11
6.1851608661417323
21
-4.2202410236220471
0
LINE
8
BLACK
6
CONTINUOUS
10
6.1851608661417323
20
-4.2202410236220471
11
6.183882440944882
21
-4.2189625984251968
0
LINE
8
BLACK
6
CONTINUOUS
10
6.183882440944882
20
-4.2189625984251968
11
6.1837026377952755
21
-4.218058622047244
0
LINE
8
BLACK
6
CONTINUOUS
10
6.1837026377952755
20
-4.218058622047244
11
6.1837026377952755
21
-4.1880586220472438
0
LINE
8
BLACK
6
CONTINUOUS
10
6.1837026377952755
20
-4.1880586220472438
11
6.183882440944882
21
-4.187154645669291
0
LINE
8
BLACK
6
CONTINUOUS
10
6.183882440944882
20
-4.187154645669291
11
6.1851608661417323
21
-4.1858762204724407
0
LINE
8
BLACK
6
CONTINUOUS
10
6.1851608661417323
20
-4.1858762204724407
11
6.1869688188976379
21
-4.1858762204724407
0
LINE
8
BLACK
6
CONTINUOUS
10
6.1869688188976379
20
-4.1858762204724407
11
6.1882472440944882
21
-4.187154645669291
0
LINE
8
BLACK
6
CONTINUOUS
10
6.2482472440944878
20
-4.187154645669291
11
6.2484270472440944
21
-4.1880586220472438
0
LINE
8
BLACK
6
CONTINUOUS
10
6.2484270472440944
20
-4.1880586220472438
11
6.2484270472440944
21
-4.218058622047244
0
LINE
8
BLACK
6
CONTINUOUS
10
6.2484270472440944
20
-4.218058622047244
11
6.2482472440944878
21
-4.2189625984251968
0
LINE
8
BLACK
6
CONTINUOUS
10
6.2482472440944878
20
-4.2189625984251968
11
6.2469688188976376
21
-4.2202410236220471
0
LINE
8
BLACK
6
CONTINUOUS
10
6.2469688188976376
20
-4.2202410236220471
11
6.2451608661417319
21
-4.2202410236220471
0
LINE
8
BLACK
6
CONTINUOUS
10
6.2451608661417319
20
-4.2202410236220471
11
6.2438824409448817
21
-4.2189625984251968
0
LINE
8
BLACK
6
CONTINUOUS
10
6.2438824409448817
20
-4.2189625984251968
11
6.2437026377952751
21
-4.218058622047244
0
LINE
8
BLACK
6
CONTINUOUS
10
6.2437026377952751
20
-4.218058622047244
11
6.2437026377952751
21
-4.1880586220472438
0
LINE
8
BLACK
6
CONTINUOUS
10
6.2437026377952751
20
-4.1880586220472438
11
6.2438824409448817
21
-4.187154645669291
0
LINE
8
BLACK
6
CONTINUOUS
10
6.2438824409448817
20
-4.187154645669291
11
6.2451608661417319
21
-4.1858762204724407
0
LINE
8
BLACK
6
CONTINUOUS
10
6.2451608661417319
20
-4.1858762204724407
11
6.2469688188976376
21
-4.1858762204724407
0
LINE
8
BLACK
6
CONTINUOUS
10
6.2469688188976376
20
-4.1858762204724407
11
6.2482472440944878
21
-4.187154645669291
0
LINE
8
BLACK
6
CONTINUOUS
10
6.3202053149606297
20
-4.1525842519685039
11
6.3210199606299211
21
-4.1533988976377954
0
LINE
8
BLACK
6
CONTINUOUS
10
6.3210199606299211
20
-4.1533988976377954
11
6.3214608661417317
21
-4.1544633070866137
0
LINE
8
BLACK
6
CONTINUOUS
10
6.3214608661417317
20
-4.1544633070866137
11
6.3215175984251966
21
-4.1550393700787405
0
LINE
8
BLACK
6
CONTINUOUS
10
6.3215175984251966
20
-4.1550393700787405
11
6.3215175984251966
21
-4.2150393700787401
0
LINE
8
BLACK
6
CONTINUOUS
10
6.3215175984251966
20
-4.2150393700787401
11
6.3214608661417317
21
-4.2156154330708659
0
LINE
8
BLACK
6
CONTINUOUS
10
6.3214608661417317
20
-4.2156154330708659
11
6.3210199606299211
21
-4.2166798425196852
0
LINE
8
BLACK
6
CONTINUOUS
10
6.3210199606299211
20
-4.2166798425196852
11
6.3202053149606297
21
-4.2174944881889767
0
LINE
8
BLACK
6
CONTINUOUS
10
6.3202053149606297
20
-4.2174944881889767
11
6.3191409055118113
21
-4.2179353937007873
0
LINE
8
BLACK
6
CONTINUOUS
10
6.3191409055118113
20
-4.2179353937007873
11
6.3179887795275587
21
-4.2179353937007873
0
LINE
8
BLACK
6
CONTINUOUS
10
6.3179887795275587
20
-4.2179353937007873
11
6.3169243700787403
21
-4.2174944881889767
0
LINE
8
BLACK
6
CONTINUOUS
10
6.3169243700787403
20
-4.2174944881889767
11
6.3161097244094488
21
-4.2166798425196852
0
LINE
8
BLACK
6
CONTINUOUS
10
6.3161097244094488
20
-4.2166798425196852
11
6.3156688188976373
21
-4.2156154330708659
0
LINE
8
BLACK
6
CONTINUOUS
10
6.3156688188976373
20
-4.2156154330708659
11
6.3156120866141734
21
-4.2150393700787401
0
LINE
8
BLACK
6
CONTINUOUS
10
6.3156120866141734
20
-4.2150393700787401
11
6.3156120866141734
21
-4.1550393700787405
0
LINE
8
BLACK
6
CONTINUOUS
10
6.3156120866141734
20
-4.1550393700787405
11
6.3156688188976373
21
-4.1544633070866137
0
LINE
8
BLACK
6
CONTINUOUS
10
6.3156688188976373
20
-4.1544633070866137
11
6.3161097244094488
21
-4.1533988976377954
0
LINE
8
BLACK
6
CONTINUOUS
10
6.3161097244094488
20
-4.1533988976377954
11
6.3169243700787403
21
-4.1525842519685039
0
LINE
8
BLACK
6
CONTINUOUS
10
6.3169243700787403
20
-4.1525842519685039
11
6.3179887795275587
21
-4.1521433464566933
0
LINE
8
BLACK
6
CONTINUOUS
10
6.3179887795275587
20
-4.1521433464566933
11
6.3191409055118113
21
-4.1521433464566933
0
LINE
8
BLACK
6
CONTINUOUS
10
6.3191409055118113
20
-4.1521433464566933
11
6.3202053149606297
21
-4.1525842519685039
0
LINE
8
BLACK
6
CONTINUOUS
10
6.4402053149606298
20
-4.1525842519685039
11
6.4410199606299212
21
-4.1533988976377954
0
LINE
8
BLACK
6
CONTINUOUS
10
6.4410199606299212
20
-4.1533988976377954
11
6.4414608661417319
21
-4.1544633070866137
0
LINE
8
BLACK
6
CONTINUOUS
10
6.4414608661417319
20
-4.1544633070866137
11
6.4415175984251967
21
-4.1550393700787405
0
LINE
8
BLACK
6
CONTINUOUS
10
6.4415175984251967
20
-4.1550393700787405
11
6.4415175984251967
21
-4.2150393700787401
0
LINE
8
BLACK
6
CONTINUOUS
10
6.4415175984251967
20
-4.2150393700787401
11
6.4414608661417319
21
-4.2156154330708659
0
LINE
8
BLACK
6
CONTINUOUS
10
6.4414608661417319
20
-4.2156154330708659
11
6.4410199606299212
21
-4.2166798425196852
0
LINE
8
BLACK
6
CONTINUOUS
10
6.4410199606299212
20
-4.2166798425196852
11
6.4402053149606298
21
-4.2174944881889767
0
LINE
8
BLACK
6
CONTINUOUS
10
6.4402053149606298
20
-4.2174944881889767
11
6.4391409055118105
21
-4.2179353937007873
0
LINE
8
BLACK
6
CONTINUOUS
10
6.4391409055118105
20
-4.2179353937007873
11
6.4379887795275588
21
-4.2179353937007873
0
LINE
8
BLACK
6
CONTINUOUS
10
6.4379887795275588
20
-4.2179353937007873
11
6.4369243700787404
21
-4.2174944881889767
0
LINE
8
BLACK
6
CONTINUOUS
10
6.4369243700787404
20
-4.2174944881889767
11
6.436109724409449
21
-4.2166798425196852
0
LINE
8
BLACK
6
CONTINUOUS
10
6.436109724409449
20
-4.2166798425196852
11
6.4356688188976374
21
-4.2156154330708659
0
LINE
8
BLACK
6
CONTINUOUS
10
6.4356688188976374
20
-4.2156154330708659
11
6.4356120866141735
21
-4.2150393700787401
0
LINE
8
BLACK
6
CONTINUOUS
10
6.4356120866141735
20
-4.2150393700787401
11
6.4356120866141735
21
-4.1550393700787405
0
LINE
8
BLACK
6
CONTINUOUS
10
6.4356120866141735
20
-4.1550393700787405
11
6.4356688188976374
21
-4.1544633070866137
0
LINE
8
BLACK
6
CONTINUOUS
10
6.4356688188976374
20
-4.1544633070866137
11
6.436109724409449
21
-4.1533988976377954
0
LINE
8
BLACK
6
CONTINUOUS
10
6.436109724409449
20
-4.1533988976377954
11
6.4369243700787404
21
-4.1525842519685039
0
LINE
8
BLACK
6
CONTINUOUS
10
6.4369243700787404
20
-4.1525842519685039
11
6.4379887795275588
21
-4.1521433464566933
0
LINE
8
BLACK
6
CONTINUOUS
10
6.4379887795275588
20
-4.1521433464566933
11
6.4391409055118105
21
-4.1521433464566933
0
LINE
8
BLACK
6
CONTINUOUS
10
6.4391409055118105
20
-4.1521433464566933
11
6.4402053149606298
21
-4.1525842519685039
0
LINE
8
BLACK
6
CONTINUOUS
10
6.0282472440944881
20
-4.1846546456692915
11
6.0284270472440946
21
-4.1855586220472443
0
LINE
8
BLACK
6
CONTINUOUS
10
6.0284270472440946
20
-4.1855586220472443
11
6.0284270472440946
21
-4.2155586220472436
0
LINE
8
BLACK
6
CONTINUOUS
10
6.0284270472440946
20
-4.2155586220472436
11
6.0282472440944881
21
-4.2164625984251964
0
LINE
8
BLACK
6
CONTINUOUS
10
6.0282472440944881
20
-4.2164625984251964
11
6.0269688188976378
21
-4.2177410236220467
0
LINE
8
BLACK
6
CONTINUOUS
10
6.0269688188976378
20
-4.2177410236220467
11
6.0251608661417322
21
-4.2177410236220467
0
LINE
8
BLACK
6
CONTINUOUS
10
6.0251608661417322
20
-4.2177410236220467
11
6.0238824409448819
21
-4.2164625984251964
0
LINE
8
BLACK
6
CONTINUOUS
10
6.0238824409448819
20
-4.2164625984251964
11
6.0237026377952754
21
-4.2155586220472436
0
LINE
8
BLACK
6
CONTINUOUS
10
6.0237026377952754
20
-4.2155586220472436
11
6.0237026377952754
21
-4.1855586220472443
0
LINE
8
BLACK
6
CONTINUOUS
10
6.0237026377952754
20
-4.1855586220472443
11
6.0238824409448819
21
-4.1846546456692915
0
LINE
8
BLACK
6
CONTINUOUS
10
6.0238824409448819
20
-4.1846546456692915
11
6.0251608661417322
21
-4.1833762204724412
0
LINE
8
BLACK
6
CONTINUOUS
10
6.0251608661417322
20
-4.1833762204724412
11
6.0269688188976378
21
-4.1833762204724412
0
LINE
8
BLACK
6
CONTINUOUS
10
6.0269688188976378
20
-4.1833762204724412
11
6.0282472440944881
21
-4.1846546456692915
0
LINE
8
BLACK
6
CONTINUOUS
10
6.0882472440944877
20
-4.1846546456692915
11
6.0884270472440942
21
-4.1855586220472443
0
LINE
8
BLACK
6
CONTINUOUS
10
6.0884270472440942
20
-4.1855586220472443
11
6.0884270472440942
21
-4.2155586220472436
0
LINE
8
BLACK
6
CONTINUOUS
10
6.0884270472440942
20
-4.2155586220472436
11
6.0882472440944877
21
-4.2164625984251964
0
LINE
8
BLACK
6
CONTINUOUS
10
6.0882472440944877
20
-4.2164625984251964
11
6.0869688188976374
21
-4.2177410236220467
0
LINE
8
BLACK
6
CONTINUOUS
10
6.0869688188976374
20
-4.2177410236220467
11
6.0851608661417318
21
-4.2177410236220467
0
LINE
8
BLACK
6
CONTINUOUS
10
6.0851608661417318
20
-4.2177410236220467
11
6.0838824409448815
21
-4.2164625984251964
0
LINE
8
BLACK
6
CONTINUOUS
10
6.0838824409448815
20
-4.2164625984251964
11
6.0837026377952759
21
-4.2155586220472436
0
LINE
8
BLACK
6
CONTINUOUS
10
6.0837026377952759
20
-4.2155586220472436
11
6.0837026377952759
21
-4.1855586220472443
0
LINE
8
BLACK
6
CONTINUOUS
10
6.0837026377952759
20
-4.1855586220472443
11
6.0838824409448815
21
-4.1846546456692915
0
LINE
8
BLACK
6
CONTINUOUS
10
6.0838824409448815
20
-4.1846546456692915
11
6.0851608661417318
21
-4.1833762204724412
0
LINE
8
BLACK
6
CONTINUOUS
10
6.0851608661417318
20
-4.1833762204724412
11
6.0869688188976374
21
-4.1833762204724412
0
LINE
8
BLACK
6
CONTINUOUS
10
6.0869688188976374
20
-4.1833762204724412
11
6.0882472440944877
21
-4.1846546456692915
0
LINE
8
BLACK
6
CONTINUOUS
10
6.3944688188976375
20
-4.212856968503937
11
6.3957472440944878
21
-4.2141353937007873
0
LINE
8
BLACK
6
CONTINUOUS
10
6.3957472440944878
20
-4.2141353937007873
11
6.3957472440944878
21
-4.2159433464566929
0
LINE
8
BLACK
6
CONTINUOUS
10
6.3957472440944878
20
-4.2159433464566929
11
6.3944688188976375
21
-4.2172217716535432
0
LINE
8
BLACK
6
CONTINUOUS
10
6.3944688188976375
20
-4.2172217716535432
11
6.3935648425196847
21
-4.2174015748031497
0
LINE
8
BLACK
6
CONTINUOUS
10
6.3935648425196847
20
-4.2174015748031497
11
6.3635648425196845
21
-4.2174015748031497
0
LINE
8
BLACK
6
CONTINUOUS
10
6.3635648425196845
20
-4.2174015748031497
11
6.3626608661417325
21
-4.2172217716535432
0
LINE
8
BLACK
6
CONTINUOUS
10
6.3626608661417325
20
-4.2172217716535432
11
6.3613824409448814
21
-4.2159433464566929
0
LINE
8
BLACK
6
CONTINUOUS
10
6.3613824409448814
20
-4.2159433464566929
11
6.3613824409448814
21
-4.2141353937007873
0
LINE
8
BLACK
6
CONTINUOUS
10
6.3613824409448814
20
-4.2141353937007873
11
6.3626608661417325
21
-4.212856968503937
0
LINE
8
BLACK
6
CONTINUOUS
10
6.3626608661417325
20
-4.212856968503937
11
6.3635648425196845
21
-4.2126771653543305
0
LINE
8
BLACK
6
CONTINUOUS
10
6.3635648425196845
20
-4.2126771653543305
11
6.3935648425196847
21
-4.2126771653543305
0
LINE
8
BLACK
6
CONTINUOUS
10
6.3935648425196847
20
-4.2126771653543305
11
6.3944688188976375
21
-4.212856968503937
0
LINE
8
BLACK
6
CONTINUOUS
10
5.8744688188976379
20
-4.2058762204724411
11
5.8757472440944882
21
-4.2071546456692914
0
LINE
8
BLACK
6
CONTINUOUS
10
5.8757472440944882
20
-4.2071546456692914
11
5.8757472440944882
21
-4.208962598425197
0
LINE
8
BLACK
6
CONTINUOUS
10
5.8757472440944882
20
-4.208962598425197
11
5.8744688188976379
21
-4.2102410236220473
0
LINE
8
BLACK
6
CONTINUOUS
10
5.8744688188976379
20
-4.2102410236220473
11
5.8735648425196851
21
-4.2104208267716539
0
LINE
8
BLACK
6
CONTINUOUS
10
5.8735648425196851
20
-4.2104208267716539
11
5.8435648425196849
21
-4.2104208267716539
0
LINE
8
BLACK
6
CONTINUOUS
10
5.8435648425196849
20
-4.2104208267716539
11
5.8426608661417321
21
-4.2102410236220473
0
LINE
8
BLACK
6
CONTINUOUS
10
5.8426608661417321
20
-4.2102410236220473
11
5.8413824409448818
21
-4.208962598425197
0
LINE
8
BLACK
6
CONTINUOUS
10
5.8413824409448818
20
-4.208962598425197
11
5.8413824409448818
21
-4.2071546456692914
0
LINE
8
BLACK
6
CONTINUOUS
10
5.8413824409448818
20
-4.2071546456692914
11
5.8426608661417321
21
-4.2058762204724411
0
LINE
8
BLACK
6
CONTINUOUS
10
5.8426608661417321
20
-4.2058762204724411
11
5.8435648425196849
21
-4.2056964173228346
0
LINE
8
BLACK
6
CONTINUOUS
10
5.8435648425196849
20
-4.2056964173228346
11
5.8735648425196851
21
-4.2056964173228346
0
LINE
8
BLACK
6
CONTINUOUS
10
5.8735648425196851
20
-4.2056964173228346
11
5.8744688188976379
21
-4.2058762204724411
0
LINE
8
BLACK
6
CONTINUOUS
10
5.2416409055118107
20
-3.9101625984251966
11
5.24270531496063
21
-3.9106035039370077
0
LINE
8
BLACK
6
CONTINUOUS
10
5.24270531496063
20
-3.9106035039370077
11
5.2435199606299214
21
-3.9114181496062992
0
LINE
8
BLACK
6
CONTINUOUS
10
5.2435199606299214
20
-3.9114181496062992
11
5.2439608661417321
21
-3.912482559055118
0
LINE
8
BLACK
6
CONTINUOUS
10
5.2439608661417321
20
-3.912482559055118
11
5.2439608661417321
21
-3.9136346850393702
0
LINE
8
BLACK
6
CONTINUOUS
10
5.2439608661417321
20
-3.9136346850393702
11
5.2435199606299214
21
-3.914699094488189
0
LINE
8
BLACK
6
CONTINUOUS
10
5.2435199606299214
20
-3.914699094488189
11
5.24270531496063
21
-3.9155137401574804
0
LINE
8
BLACK
6
CONTINUOUS
10
5.24270531496063
20
-3.9155137401574804
11
5.2416409055118107
21
-3.9159546456692911
0
LINE
8
BLACK
6
CONTINUOUS
10
5.2416409055118107
20
-3.9159546456692911
11
5.2410648425196849
21
-3.9160113779527559
0
LINE
8
BLACK
6
CONTINUOUS
10
5.2410648425196849
20
-3.9160113779527559
11
5.1240175984251968
21
-3.9160113779527559
0
LINE
8
BLACK
6
CONTINUOUS
10
5.1240175984251968
20
-3.9160113779527559
11
5.1240175984251968
21
-4.1901058661417325
0
LINE
8
BLACK
6
CONTINUOUS
10
5.1240175984251968
20
-4.1901058661417325
11
5.2410648425196849
21
-4.1901058661417325
0
LINE
8
BLACK
6
CONTINUOUS
10
5.2410648425196849
20
-4.1901058661417325
11
5.2416409055118107
21
-4.1901625984251964
0
LINE
8
BLACK
6
CONTINUOUS
10
5.2416409055118107
20
-4.1901625984251964
11
5.24270531496063
21
-4.190603503937008
0
LINE
8
BLACK
6
CONTINUOUS
10
5.24270531496063
20
-4.190603503937008
11
5.2435199606299214
21
-4.1914181496062994
0
LINE
8
BLACK
6
CONTINUOUS
10
5.2435199606299214
20
-4.1914181496062994
11
5.2439608661417321
21
-4.1924825590551178
0
LINE
8
BLACK
6
CONTINUOUS
10
5.2439608661417321
20
-4.1924825590551178
11
5.2439608661417321
21
-4.1936346850393704
0
LINE
8
BLACK
6
CONTINUOUS
10
5.2439608661417321
20
-4.1936346850393704
11
5.2435199606299214
21
-4.1946990944881888
0
LINE
8
BLACK
6
CONTINUOUS
10
5.2435199606299214
20
-4.1946990944881888
11
5.24270531496063
21
-4.1955137401574802
0
LINE
8
BLACK
6
CONTINUOUS
10
5.24270531496063
20
-4.1955137401574802
11
5.2416409055118107
21
-4.1959546456692909
0
LINE
8
BLACK
6
CONTINUOUS
10
5.2416409055118107
20
-4.1959546456692909
11
5.2410648425196849
21
-4.1960113779527557
0
LINE
8
BLACK
6
CONTINUOUS
10
5.2410648425196849
20
-4.1960113779527557
11
5.1210648425196847
21
-4.1960113779527557
0
LINE
8
BLACK
6
CONTINUOUS
10
5.1210648425196847
20
-4.1960113779527557
11
5.1204887795275589
21
-4.1959546456692909
0
LINE
8
BLACK
6
CONTINUOUS
10
5.1204887795275589
20
-4.1959546456692909
11
5.1194243700787396
21
-4.1955137401574802
0
LINE
8
BLACK
6
CONTINUOUS
10
5.1194243700787396
20
-4.1955137401574802
11
5.1186097244094491
21
-4.1946990944881888
0
LINE
8
BLACK
6
CONTINUOUS
10
5.1186097244094491
20
-4.1946990944881888
11
5.1181688188976375
21
-4.1936346850393704
0
LINE
8
BLACK
6
CONTINUOUS
10
5.1181688188976375
20
-4.1936346850393704
11
5.1181120866141727
21
-4.1930586220472437
0
LINE
8
BLACK
6
CONTINUOUS
10
5.1181120866141727
20
-4.1930586220472437
11
5.1181120866141727
21
-3.9130586220472439
0
LINE
8
BLACK
6
CONTINUOUS
10
5.1181120866141727
20
-3.9130586220472439
11
5.1181688188976375
21
-3.912482559055118
0
LINE
8
BLACK
6
CONTINUOUS
10
5.1181688188976375
20
-3.912482559055118
11
5.1186097244094491
21
-3.9114181496062992
0
LINE
8
BLACK
6
CONTINUOUS
10
5.1186097244094491
20
-3.9114181496062992
11
5.1194243700787396
21
-3.9106035039370077
0
LINE
8
BLACK
6
CONTINUOUS
10
5.1194243700787396
20
-3.9106035039370077
11
5.1204887795275589
21
-3.9101625984251966
0
LINE
8
BLACK
6
CONTINUOUS
10
5.1204887795275589
20
-3.9101625984251966
11
5.1210648425196847
21
-3.9101058661417323
0
LINE
8
BLACK
6
CONTINUOUS
10
5.1210648425196847
20
-3.9101058661417323
11
5.2410648425196849
21
-3.9101058661417323
0
LINE
8
BLACK
6
CONTINUOUS
10
5.2410648425196849
20
-3.9101058661417323
11
5.2416409055118107
21
-3.9101625984251966
0
LINE
8
BLACK
6
CONTINUOUS
10
5.3916409055118111
20
-3.9101625984251966
11
5.3919081496062988
21
-3.910273307086614
0
LINE
8
BLACK
6
CONTINUOUS
10
5.3919081496062988
20
-3.910273307086614
11
5.392191968503937
21
-3.9103294488188975
0
LINE
8
BLACK
6
CONTINUOUS
10
5.392191968503937
20
-3.9103294488188975
11
5.3927027559055114
21
-3.9106017716535431
0
LINE
8
BLACK
6
CONTINUOUS
10
5.3927027559055114
20
-3.9106017716535431
11
5.4805439763779527
21
-3.9691625984251968
0
LINE
8
BLACK
6
CONTINUOUS
10
5.4805439763779527
20
-3.9691625984251968
11
5.4806409055118106
21
-3.9691625984251968
0
LINE
8
BLACK
6
CONTINUOUS
10
5.4806409055118106
20
-3.9691625984251968
11
5.4817053149606298
21
-3.9696035039370079
0
LINE
8
BLACK
6
CONTINUOUS
10
5.4817053149606298
20
-3.9696035039370079
11
5.4825199606299213
21
-3.9704181496062989
0
LINE
8
BLACK
6
CONTINUOUS
10
5.4825199606299213
20
-3.9704181496062989
11
5.4825553149606296
21
-3.9705035039370076
0
LINE
8
BLACK
6
CONTINUOUS
10
5.4825553149606296
20
-3.9705035039370076
11
5.4827027165354325
21
-3.9706017716535431
0
LINE
8
BLACK
6
CONTINUOUS
10
5.4827027165354325
20
-3.9706017716535431
11
5.4831505905511806
21
-3.9709685433070865
0
LINE
8
BLACK
6
CONTINUOUS
10
5.4831505905511806
20
-3.9709685433070865
11
5.4837916535433067
21
-3.9719258267716535
0
LINE
8
BLACK
6
CONTINUOUS
10
5.4837916535433067
20
-3.9719258267716535
11
5.4840175984251971
21
-3.9730555118110233
0
LINE
8
BLACK
6
CONTINUOUS
10
5.4840175984251971
20
-3.9730555118110233
11
5.4837940157480309
21
-3.9741857480314962
0
LINE
8
BLACK
6
CONTINUOUS
10
5.4837940157480309
20
-3.9741857480314962
11
5.4831549212598425
21
-3.9751443700787399
0
LINE
8
BLACK
6
CONTINUOUS
10
5.4831549212598425
20
-3.9751443700787399
11
5.4830175984251968
21
-3.9752362992125985
0
LINE
8
BLACK
6
CONTINUOUS
10
5.4830175984251968
20
-3.9752362992125985
11
5.4830175984251968
21
-4.1308809055118108
0
LINE
8
BLACK
6
CONTINUOUS
10
5.4830175984251968
20
-4.1308809055118108
11
5.4831549212598425
21
-4.1309728740157476
0
LINE
8
BLACK
6
CONTINUOUS
10
5.4831549212598425
20
-4.1309728740157476
11
5.4837940157480309
21
-4.1319314960629923
0
LINE
8
BLACK
6
CONTINUOUS
10
5.4837940157480309
20
-4.1319314960629923
11
5.4840175984251971
21
-4.1330617322834646
0
LINE
8
BLACK
6
CONTINUOUS
10
5.4840175984251971
20
-4.1330617322834646
11
5.4837916535433067
21
-4.1341914173228345
0
LINE
8
BLACK
6
CONTINUOUS
10
5.4837916535433067
20
-4.1341914173228345
11
5.4831505905511806
21
-4.1351487007874015
0
LINE
8
BLACK
6
CONTINUOUS
10
5.4831505905511806
20
-4.1351487007874015
11
5.4827027165354325
21
-4.1355154724409449
0
LINE
8
BLACK
6
CONTINUOUS
10
5.4827027165354325
20
-4.1355154724409449
11
5.3927027559055114
21
-4.1955154724409445
0
LINE
8
BLACK
6
CONTINUOUS
10
5.3927027559055114
20
-4.1955154724409445
11
5.392191968503937
21
-4.1957877952755904
0
LINE
8
BLACK
6
CONTINUOUS
10
5.392191968503937
20
-4.1957877952755904
11
5.3919081496062988
21
-4.1958438976377952
0
LINE
8
BLACK
6
CONTINUOUS
10
5.3919081496062988
20
-4.1958438976377952
11
5.3916409055118111
21
-4.1959546456692909
0
LINE
8
BLACK
6
CONTINUOUS
10
5.3916409055118111
20
-4.1959546456692909
11
5.3910648425196852
21
-4.1960113779527557
0
LINE
8
BLACK
6
CONTINUOUS
10
5.3910648425196852
20
-4.1960113779527557
11
5.3910617322834646
21
-4.1960113779527557
0
LINE
8
BLACK
6
CONTINUOUS
10
5.3910617322834646
20
-4.1960113779527557
11
5.361064842519685
21
-4.1960113779527557
0
LINE
8
BLACK
6
CONTINUOUS
10
5.361064842519685
20
-4.1960113779527557
11
5.3604887795275591
21
-4.1959546456692909
0
LINE
8
BLACK
6
CONTINUOUS
10
5.3604887795275591
20
-4.1959546456692909
11
5.3594243700787398
21
-4.1955137401574802
0
LINE
8
BLACK
6
CONTINUOUS
10
5.3594243700787398
20
-4.1955137401574802
11
5.3586097244094484
21
-4.1946990944881888
0
LINE
8
BLACK
6
CONTINUOUS
10
5.3586097244094484
20
-4.1946990944881888
11
5.3581688188976377
21
-4.1936346850393704
0
LINE
8
BLACK
6
CONTINUOUS
10
5.3581688188976377
20
-4.1936346850393704
11
5.3581688188976377
21
-4.1924825590551178
0
LINE
8
BLACK
6
CONTINUOUS
10
5.3581688188976377
20
-4.1924825590551178
11
5.3586097244094484
21
-4.1914181496062994
0
LINE
8
BLACK
6
CONTINUOUS
10
5.3586097244094484
20
-4.1914181496062994
11
5.3594243700787398
21
-4.190603503937008
0
LINE
8
BLACK
6
CONTINUOUS
10
5.3594243700787398
20
-4.190603503937008
11
5.3604887795275591
21
-4.1901625984251964
0
LINE
8
BLACK
6
CONTINUOUS
10
5.3604887795275591
20
-4.1901625984251964
11
5.361064842519685
21
-4.1901058661417325
0
LINE
8
BLACK
6
CONTINUOUS
10
5.361064842519685
20
-4.1901058661417325
11
5.3901707874015745
21
-4.1901058661417325
0
LINE
8
BLACK
6
CONTINUOUS
10
5.3901707874015745
20
-4.1901058661417325
11
5.477120039370079
21
-4.1321396456692909
0
LINE
8
BLACK
6
CONTINUOUS
10
5.477120039370079
20
-4.1321396456692909
11
5.4771120866141727
21
-4.1320586220472437
0
LINE
8
BLACK
6
CONTINUOUS
10
5.4771120866141727
20
-4.1320586220472437
11
5.4771120866141727
21
-3.973972244094488
0
LINE
8
BLACK
6
CONTINUOUS
10
5.4771120866141727
20
-3.973972244094488
11
5.3901707874015745
21
-3.9160113779527559
0
LINE
8
BLACK
6
CONTINUOUS
10
5.3901707874015745
20
-3.9160113779527559
11
5.361064842519685
21
-3.9160113779527559
0
LINE
8
BLACK
6
CONTINUOUS
10
5.361064842519685
20
-3.9160113779527559
11
5.3604887795275591
21
-3.9159546456692911
0
LINE
8
BLACK
6
CONTINUOUS
10
5.3604887795275591
20
-3.9159546456692911
11
5.3594243700787398
21
-3.9155137401574804
0
LINE
8
BLACK
6
CONTINUOUS
10
5.3594243700787398
20
-3.9155137401574804
11
5.3586097244094484
21
-3.914699094488189
0
LINE
8
BLACK
6
CONTINUOUS
10
5.3586097244094484
20
-3.914699094488189
11
5.3581688188976377
21
-3.9136346850393702
0
LINE
8
BLACK
6
CONTINUOUS
10
5.3581688188976377
20
-3.9136346850393702
11
5.3581688188976377
21
-3.912482559055118
0
LINE
8
BLACK
6
CONTINUOUS
10
5.3581688188976377
20
-3.912482559055118
11
5.3586097244094484
21
-3.9114181496062992
0
LINE
8
BLACK
6
CONTINUOUS
10
5.3586097244094484
20
-3.9114181496062992
11
5.3594243700787398
21
-3.9106035039370077
0
LINE
8
BLACK
6
CONTINUOUS
10
5.3594243700787398
20
-3.9106035039370077
11
5.3604887795275591
21
-3.9101625984251966
0
LINE
8
BLACK
6
CONTINUOUS
10
5.3604887795275591
20
-3.9101625984251966
11
5.361064842519685
21
-3.9101058661417323
0
LINE
8
BLACK
6
CONTINUOUS
10
5.361064842519685
20
-3.9101058661417323
11
5.3910648425196852
21
-3.9101058661417323
0
LINE
8
BLACK
6
CONTINUOUS
10
5.3910648425196852
20
-3.9101058661417323
11
5.3916409055118111
21
-3.9101625984251966
0
LINE
8
BLACK
6
CONTINUOUS
10
5.7656115748031498
20
-4.1331025590551178
11
5.76642625984252
21
-4.1339172047244093
0
LINE
8
BLACK
6
CONTINUOUS
10
5.76642625984252
20
-4.1339172047244093
11
5.7666827165354331
21
-4.1345364173228347
0
LINE
8
BLACK
6
CONTINUOUS
10
5.7666827165354331
20
-4.1345364173228347
11
5.7668671259842519
21
-4.1349816141732285
0
LINE
8
BLACK
6
CONTINUOUS
10
5.7668671259842519
20
-4.1349816141732285
11
5.7669238582677167
21
-4.1355576771653544
0
LINE
8
BLACK
6
CONTINUOUS
10
5.7669238582677167
20
-4.1355576771653544
11
5.7669238582677167
21
-4.1599296062992126
0
LINE
8
BLACK
6
CONTINUOUS
10
5.7669238582677167
20
-4.1599296062992126
11
5.7668671259842519
21
-4.1605056692913385
0
LINE
8
BLACK
6
CONTINUOUS
10
5.7668671259842519
20
-4.1605056692913385
11
5.7664262204724412
21
-4.1615700787401577
0
LINE
8
BLACK
6
CONTINUOUS
10
5.7664262204724412
20
-4.1615700787401577
11
5.7656115748031498
21
-4.1623847244094483
0
LINE
8
BLACK
6
CONTINUOUS
10
5.7656115748031498
20
-4.1623847244094483
11
5.7645471653543305
21
-4.1628256299212598
0
LINE
8
BLACK
6
CONTINUOUS
10
5.7645471653543305
20
-4.1628256299212598
11
5.7633950393700788
21
-4.1628256299212598
0
LINE
8
BLACK
6
CONTINUOUS
10
5.7633950393700788
20
-4.1628256299212598
11
5.7623306299212596
21
-4.1623847244094483
0
LINE
8
BLACK
6
CONTINUOUS
10
5.7623306299212596
20
-4.1623847244094483
11
5.7615159842519681
21
-4.1615700787401577
0
LINE
8
BLACK
6
CONTINUOUS
10
5.7615159842519681
20
-4.1615700787401577
11
5.7610750787401575
21
-4.1605056692913385
0
LINE
8
BLACK
6
CONTINUOUS
10
5.7610750787401575
20
-4.1605056692913385
11
5.7610183464566926
21
-4.1599296062992126
0
LINE
8
BLACK
6
CONTINUOUS
10
5.7610183464566926
20
-4.1599296062992126
11
5.7610183464566926
21
-4.1426862204724406
0
LINE
8
BLACK
6
CONTINUOUS
10
5.7610183464566926
20
-4.1426862204724406
11
5.7435618110236222
21
-4.160142755905512
0
LINE
8
BLACK
6
CONTINUOUS
10
5.7435618110236222
20
-4.160142755905512
11
5.7431143700787404
21
-4.1605099606299207
0
LINE
8
BLACK
6
CONTINUOUS
10
5.7431143700787404
20
-4.1605099606299207
11
5.7430162992125986
21
-4.1605505511811023
0
LINE
8
BLACK
6
CONTINUOUS
10
5.7430162992125986
20
-4.1605505511811023
11
5.7429361811023618
21
-4.1606200787401573
0
LINE
8
BLACK
6
CONTINUOUS
10
5.7429361811023618
20
-4.1606200787401573
11
5.7424076377952753
21
-4.1608560629921261
0
LINE
8
BLACK
6
CONTINUOUS
10
5.7424076377952753
20
-4.1608560629921261
11
5.7367833464566926
21
-4.1627308267716536
0
LINE
8
BLACK
6
CONTINUOUS
10
5.7367833464566926
20
-4.1627308267716536
11
5.7364977559055115
21
-4.1627957480314963
0
LINE
8
BLACK
6
CONTINUOUS
10
5.7364977559055115
20
-4.1627957480314963
11
5.7364256692913385
21
-4.1628256299212598
0
LINE
8
BLACK
6
CONTINUOUS
10
5.7364256692913385
20
-4.1628256299212598
11
5.736321141732283
21
-4.1628359055118107
0
LINE
8
BLACK
6
CONTINUOUS
10
5.736321141732283
20
-4.1628359055118107
11
5.7362188976377952
21
-4.1628591732283464
0
LINE
8
BLACK
6
CONTINUOUS
10
5.7362188976377952
20
-4.1628591732283464
11
5.7361411417322836
21
-4.1628536220472441
0
LINE
8
BLACK
6
CONTINUOUS
10
5.7361411417322836
20
-4.1628536220472441
11
5.7358496062992126
21
-4.1628823622047246
0
LINE
8
BLACK
6
CONTINUOUS
10
5.7358496062992126
20
-4.1628823622047246
11
5.7321000787401575
21
-4.1628823622047246
0
LINE
8
BLACK
6
CONTINUOUS
10
5.7321000787401575
20
-4.1628823622047246
11
5.7315240157480316
21
-4.1628256299212598
0
LINE
8
BLACK
6
CONTINUOUS
10
5.7315240157480316
20
-4.1628256299212598
11
5.7314260236220473
21
-4.1627850393700783
0
LINE
8
BLACK
6
CONTINUOUS
10
5.7314260236220473
20
-4.1627850393700783
11
5.7313201574803152
21
-4.1627775196850392
0
LINE
8
BLACK
6
CONTINUOUS
10
5.7313201574803152
20
-4.1627775196850392
11
5.7307795669291339
21
-4.1625706299212597
0
LINE
8
BLACK
6
CONTINUOUS
10
5.7307795669291339
20
-4.1625706299212597
11
5.7270300393700788
21
-4.1606958661417321
0
LINE
8
BLACK
6
CONTINUOUS
10
5.7270300393700788
20
-4.1606958661417321
11
5.7267820078740153
21
-4.1605397637795276
0
LINE
8
BLACK
6
CONTINUOUS
10
5.7267820078740153
20
-4.1605397637795276
11
5.7267100787401573
21
-4.1605099606299207
0
LINE
8
BLACK
6
CONTINUOUS
10
5.7267100787401573
20
-4.1605099606299207
11
5.7266290944881888
21
-4.1604434645669288
0
LINE
8
BLACK
6
CONTINUOUS
10
5.7266290944881888
20
-4.1604434645669288
11
5.726540157480315
21
-4.1603875196850391
0
LINE
8
BLACK
6
CONTINUOUS
10
5.726540157480315
20
-4.1603875196850391
11
5.7264889763779525
21
-4.1603285039370075
0
LINE
8
BLACK
6
CONTINUOUS
10
5.7264889763779525
20
-4.1603285039370075
11
5.7262626377952754
21
-4.160142755905512
0
LINE
8
BLACK
6
CONTINUOUS
10
5.7262626377952754
20
-4.160142755905512
11
5.7243878740157479
21
-4.1582679921259844
0
LINE
8
BLACK
6
CONTINUOUS
10
5.7243878740157479
20
-4.1582679921259844
11
5.7242020866141727
21
-4.1580416141732286
0
LINE
8
BLACK
6
CONTINUOUS
10
5.7242020866141727
20
-4.1580416141732286
11
5.7241431102362199
21
-4.1579904724409449
0
LINE
8
BLACK
6
CONTINUOUS
10
5.7241431102362199
20
-4.1579904724409449
11
5.7240871259842514
21
-4.1579014960629923
0
LINE
8
BLACK
6
CONTINUOUS
10
5.7240871259842514
20
-4.1579014960629923
11
5.7240206692913382
21
-4.1578205511811026
0
LINE
8
BLACK
6
CONTINUOUS
10
5.7240206692913382
20
-4.1578205511811026
11
5.7239908267716535
21
-4.157748582677165
0
LINE
8
BLACK
6
CONTINUOUS
10
5.7239908267716535
20
-4.157748582677165
11
5.7238347637795277
21
-4.157500590551181
0
LINE
8
BLACK
6
CONTINUOUS
10
5.7238347637795277
20
-4.157500590551181
11
5.7219600000000002
21
-4.1537510629921259
0
LINE
8
BLACK
6
CONTINUOUS
10
5.7219600000000002
20
-4.1537510629921259
11
5.7217531102362207
21
-4.1532104330708659
0
LINE
8
BLACK
6
CONTINUOUS
10
5.7217531102362207
20
-4.1532104330708659
11
5.7217455905511807
21
-4.1531046062992125
0
LINE
8
BLACK
6
CONTINUOUS
10
5.7217455905511807
20
-4.1531046062992125
11
5.721705
21
-4.1530066141732283
0
LINE
8
BLACK
6
CONTINUOUS
10
5.721705
20
-4.1530066141732283
11
5.7216482677165352
21
-4.1524305511811024
0
LINE
8
BLACK
6
CONTINUOUS
10
5.7216482677165352
20
-4.1524305511811024
11
5.7216482677165352
21
-4.1430567322834646
0
LINE
8
BLACK
6
CONTINUOUS
10
5.7216482677165352
20
-4.1430567322834646
11
5.721705
21
-4.1424806692913387
0
LINE
8
BLACK
6
CONTINUOUS
10
5.721705
20
-4.1424806692913387
11
5.7217455905511807
21
-4.1423826377952757
0
LINE
8
BLACK
6
CONTINUOUS
10
5.7217455905511807
20
-4.1423826377952757
11
5.7217531102362207
21
-4.1422768503937011
0
LINE
8
BLACK
6
CONTINUOUS
10
5.7217531102362207
20
-4.1422768503937011
11
5.7219600000000002
21
-4.1417362204724411
0
LINE
8
BLACK
6
CONTINUOUS
10
5.7219600000000002
20
-4.1417362204724411
11
5.7238347637795277
21
-4.1379866929133859
0
LINE
8
BLACK
6
CONTINUOUS
10
5.7238347637795277
20
-4.1379866929133859
11
5.7239908267716535
21
-4.1377386614173224
0
LINE
8
BLACK
6
CONTINUOUS
10
5.7239908267716535
20
-4.1377386614173224
11
5.7240206692913382
21
-4.1376667322834644
0
LINE
8
BLACK
6
CONTINUOUS
10
5.7240206692913382
20
-4.1376667322834644
11
5.7240871259842514
21
-4.1375857480314959
0
LINE
8
BLACK
6
CONTINUOUS
10
5.7240871259842514
20
-4.1375857480314959
11
5.7241431102362199
21
-4.1374968110236221
0
LINE
8
BLACK
6
CONTINUOUS
10
5.7241431102362199
20
-4.1374968110236221
11
5.7242020866141727
21
-4.1374456299212596
0
LINE
8
BLACK
6
CONTINUOUS
10
5.7242020866141727
20
-4.1374456299212596
11
5.7243878740157479
21
-4.1372192913385826
0
LINE
8
BLACK
6
CONTINUOUS
10
5.7243878740157479
20
-4.1372192913385826
11
5.7262626377952754
21
-4.135344527559055
0
LINE
8
BLACK
6
CONTINUOUS
10
5.7262626377952754
20
-4.135344527559055
11
5.7267100787401573
21
-4.1349773228346454
0
LINE
8
BLACK
6
CONTINUOUS
10
5.7267100787401573
20
-4.1349773228346454
11
5.7277744881889765
21
-4.1345364173228347
0
LINE
8
BLACK
6
CONTINUOUS
10
5.7277744881889765
20
-4.1345364173228347
11
5.7289265748031495
21
-4.1345364173228347
0
LINE
8
BLACK
6
CONTINUOUS
10
5.7289265748031495
20
-4.1345364173228347
11
5.7299909842519687
21
-4.1349773228346454
0
LINE
8
BLACK
6
CONTINUOUS
10
5.7299909842519687
20
-4.1349773228346454
11
5.7308056692913381
21
-4.1357920078740156
0
LINE
8
BLACK
6
CONTINUOUS
10
5.7308056692913381
20
-4.1357920078740156
11
5.7312465748031496
21
-4.1368564173228348
0
LINE
8
BLACK
6
CONTINUOUS
10
5.7312465748031496
20
-4.1368564173228348
11
5.7312465748031496
21
-4.1380085039370078
0
LINE
8
BLACK
6
CONTINUOUS
10
5.7312465748031496
20
-4.1380085039370078
11
5.7308056692913381
21
-4.1390729133858271
0
LINE
8
BLACK
6
CONTINUOUS
10
5.7308056692913381
20
-4.1390729133858271
11
5.7304384645669293
21
-4.1395203543307089
0
LINE
8
BLACK
6
CONTINUOUS
10
5.7304384645669293
20
-4.1395203543307089
11
5.7289025196850396
21
-4.1410562992125985
0
LINE
8
BLACK
6
CONTINUOUS
10
5.7289025196850396
20
-4.1410562992125985
11
5.7275537795275593
21
-4.1437537795275592
0
LINE
8
BLACK
6
CONTINUOUS
10
5.7275537795275593
20
-4.1437537795275592
11
5.7275537795275593
21
-4.1517335039370078
0
LINE
8
BLACK
6
CONTINUOUS
10
5.7275537795275593
20
-4.1517335039370078
11
5.7289025196850396
21
-4.1544309842519684
0
LINE
8
BLACK
6
CONTINUOUS
10
5.7289025196850396
20
-4.1544309842519684
11
5.7300996456692914
21
-4.1556281102362203
0
LINE
8
BLACK
6
CONTINUOUS
10
5.7300996456692914
20
-4.1556281102362203
11
5.7327971259842521
21
-4.1569768503937006
0
LINE
8
BLACK
6
CONTINUOUS
10
5.7327971259842521
20
-4.1569768503937006
11
5.7353704724409447
21
-4.1569768503937006
0
LINE
8
BLACK
6
CONTINUOUS
10
5.7353704724409447
20
-4.1569768503937006
11
5.7398788582677165
21
-4.1554740157480312
0
LINE
8
BLACK
6
CONTINUOUS
10
5.7398788582677165
20
-4.1554740157480312
11
5.7618831889763777
21
-4.1334697637795275
0
LINE
8
BLACK
6
CONTINUOUS
10
5.7618831889763777
20
-4.1334697637795275
11
5.7623306299212596
21
-4.1331025196850391
0
LINE
8
BLACK
6
CONTINUOUS
10
5.7623306299212596
20
-4.1331025196850391
11
5.7630832677165351
21
-4.1327907480314963
0
LINE
8
BLACK
6
CONTINUOUS
10
5.7630832677165351
20
-4.1327907480314963
11
5.7633950393700788
21
-4.1326616535433072
0
LINE
8
BLACK
6
CONTINUOUS
10
5.7633950393700788
20
-4.1326616535433072
11
5.7645471653543305
21
-4.1326616535433072
0
LINE
8
BLACK
6
CONTINUOUS
10
5.7645471653543305
20
-4.1326616535433072
11
5.7656115748031498
21
-4.1331025590551178
0
LINE
8
BLACK
6
CONTINUOUS
10
6.3944688188976375
20
-4.1528569685039365
11
6.3957472440944878
21
-4.1541353937007877
0
LINE
8
BLACK
6
CONTINUOUS
10
6.3957472440944878
20
-4.1541353937007877
11
6.3957472440944878
21
-4.1559433464566924
0
LINE
8
BLACK
6
CONTINUOUS
10
6.3957472440944878
20
-4.1559433464566924
11
6.3944688188976375
21
-4.1572217716535436
0
LINE
8
BLACK
6
CONTINUOUS
10
6.3944688188976375
20
-4.1572217716535436
11
6.3935648425196847
21
-4.1574015748031492
0
LINE
8
BLACK
6
CONTINUOUS
10
6.3935648425196847
20
-4.1574015748031492
11
6.3635648425196845
21
-4.1574015748031492
0
LINE
8
BLACK
6
CONTINUOUS
10
6.3635648425196845
20
-4.1574015748031492
11
6.3626608661417325
21
-4.1572217716535436
0
LINE
8
BLACK
6
CONTINUOUS
10
6.3626608661417325
20
-4.1572217716535436
11
6.3613824409448814
21
-4.1559433464566924
0
LINE
8
BLACK
6
CONTINUOUS
10
6.3613824409448814
20
-4.1559433464566924
11
6.3613824409448814
21
-4.1541353937007877
0
LINE
8
BLACK
6
CONTINUOUS
10
6.3613824409448814
20
-4.1541353937007877
11
6.3626608661417325
21
-4.1528569685039365
0
LINE
8
BLACK
6
CONTINUOUS
10
6.3626608661417325
20
-4.1528569685039365
11
6.3635648425196845
21
-4.1526771653543308
0
LINE
8
BLACK
6
CONTINUOUS
10
6.3635648425196845
20
-4.1526771653543308
11
6.3935648425196847
21
-4.1526771653543308
0
LINE
8
BLACK
6
CONTINUOUS
10
6.3935648425196847
20
-4.1526771653543308
11
6.3944688188976375
21
-4.1528569685039365
0
LINE
8
BLACK
6
CONTINUOUS
10
6.1666409055118105
20
-4.1401625984251966
11
6.1677053149606298
21
-4.1406035039370082
0
LINE
8
BLACK
6
CONTINUOUS
10
6.1677053149606298
20
-4.1406035039370082
11
6.1685199606299213
21
-4.1414181496062987
0
LINE
8
BLACK
6
CONTINUOUS
10
6.1685199606299213
20
-4.1414181496062987
11
6.1689608661417319
21
-4.142482559055118
0
LINE
8
BLACK
6
CONTINUOUS
10
6.1689608661417319
20
-4.142482559055118
11
6.1689608661417319
21
-4.1436346850393697
0
LINE
8
BLACK
6
CONTINUOUS
10
6.1689608661417319
20
-4.1436346850393697
11
6.1685199606299213
21
-4.144699094488189
0
LINE
8
BLACK
6
CONTINUOUS
10
6.1685199606299213
20
-4.144699094488189
11
6.1677053149606298
21
-4.1455137401574804
0
LINE
8
BLACK
6
CONTINUOUS
10
6.1677053149606298
20
-4.1455137401574804
11
6.1666409055118105
21
-4.1459546456692911
0
LINE
8
BLACK
6
CONTINUOUS
10
6.1666409055118105
20
-4.1459546456692911
11
6.1660648425196847
21
-4.1460113779527559
0
LINE
8
BLACK
6
CONTINUOUS
10
6.1660648425196847
20
-4.1460113779527559
11
6.1060648425196851
21
-4.1460113779527559
0
LINE
8
BLACK
6
CONTINUOUS
10
6.1060648425196851
20
-4.1460113779527559
11
6.1054887795275592
21
-4.1459546456692911
0
LINE
8
BLACK
6
CONTINUOUS
10
6.1054887795275592
20
-4.1459546456692911
11
6.1044243700787399
21
-4.1455137401574804
0
LINE
8
BLACK
6
CONTINUOUS
10
6.1044243700787399
20
-4.1455137401574804
11
6.1036097244094485
21
-4.144699094488189
0
LINE
8
BLACK
6
CONTINUOUS
10
6.1036097244094485
20
-4.144699094488189
11
6.1031688188976378
21
-4.1436346850393697
0
LINE
8
BLACK
6
CONTINUOUS
10
6.1031688188976378
20
-4.1436346850393697
11
6.1031688188976378
21
-4.142482559055118
0
LINE
8
BLACK
6
CONTINUOUS
10
6.1031688188976378
20
-4.142482559055118
11
6.1036097244094485
21
-4.1414181496062987
0
LINE
8
BLACK
6
CONTINUOUS
10
6.1036097244094485
20
-4.1414181496062987
11
6.1044243700787399
21
-4.1406035039370082
0
LINE
8
BLACK
6
CONTINUOUS
10
6.1044243700787399
20
-4.1406035039370082
11
6.1054887795275592
21
-4.1401625984251966
0
LINE
8
BLACK
6
CONTINUOUS
10
6.1054887795275592
20
-4.1401625984251966
11
6.1060648425196851
21
-4.1401058661417318
0
LINE
8
BLACK
6
CONTINUOUS
10
6.1060648425196851
20
-4.1401058661417318
11
6.1660648425196847
21
-4.1401058661417318
0
LINE
8
BLACK
6
CONTINUOUS
10
6.1660648425196847
20
-4.1401058661417318
11
6.1666409055118105
21
-4.1401625984251966
0
LINE
8
BLACK
6
CONTINUOUS
10
6.2466409055118106
20
-4.1401625984251966
11
6.2477053149606299
21
-4.1406035039370082
0
LINE
8
BLACK
6
CONTINUOUS
10
6.2477053149606299
20
-4.1406035039370082
11
6.2485199606299213
21
-4.1414181496062987
0
LINE
8
BLACK
6
CONTINUOUS
10
6.2485199606299213
20
-4.1414181496062987
11
6.248960866141732
21
-4.142482559055118
0
LINE
8
BLACK
6
CONTINUOUS
10
6.248960866141732
20
-4.142482559055118
11
6.248960866141732
21
-4.1436346850393697
0
LINE
8
BLACK
6
CONTINUOUS
10
6.248960866141732
20
-4.1436346850393697
11
6.2485199606299213
21
-4.144699094488189
0
LINE
8
BLACK
6
CONTINUOUS
10
6.2485199606299213
20
-4.144699094488189
11
6.2477053149606299
21
-4.1455137401574804
0
LINE
8
BLACK
6
CONTINUOUS
10
6.2477053149606299
20
-4.1455137401574804
11
6.2466409055118106
21
-4.1459546456692911
0
LINE
8
BLACK
6
CONTINUOUS
10
6.2466409055118106
20
-4.1459546456692911
11
6.2460648425196847
21
-4.1460113779527559
0
LINE
8
BLACK
6
CONTINUOUS
10
6.2460648425196847
20
-4.1460113779527559
11
6.1860648425196851
21
-4.1460113779527559
0
LINE
8
BLACK
6
CONTINUOUS
10
6.1860648425196851
20
-4.1460113779527559
11
6.1854887795275593
21
-4.1459546456692911
0
LINE
8
BLACK
6
CONTINUOUS
10
6.1854887795275593
20
-4.1459546456692911
11
6.18442437007874
21
-4.1455137401574804
0
LINE
8
BLACK
6
CONTINUOUS
10
6.18442437007874
20
-4.1455137401574804
11
6.1836097244094486
21
-4.144699094488189
0
LINE
8
BLACK
6
CONTINUOUS
10
6.1836097244094486
20
-4.144699094488189
11
6.1831688188976379
21
-4.1436346850393697
0
LINE
8
BLACK
6
CONTINUOUS
10
6.1831688188976379
20
-4.1436346850393697
11
6.1831688188976379
21
-4.142482559055118
0
LINE
8
BLACK
6
CONTINUOUS
10
6.1831688188976379
20
-4.142482559055118
11
6.1836097244094486
21
-4.1414181496062987
0
LINE
8
BLACK
6
CONTINUOUS
10
6.1836097244094486
20
-4.1414181496062987
11
6.18442437007874
21
-4.1406035039370082
0
LINE
8
BLACK
6
CONTINUOUS
10
6.18442437007874
20
-4.1406035039370082
11
6.1854887795275593
21
-4.1401625984251966
0
LINE
8
BLACK
6
CONTINUOUS
10
6.1854887795275593
20
-4.1401625984251966
11
6.1860648425196851
21
-4.1401058661417318
0
LINE
8
BLACK
6
CONTINUOUS
10
6.1860648425196851
20
-4.1401058661417318
11
6.2460648425196847
21
-4.1401058661417318
0
LINE
8
BLACK
6
CONTINUOUS
10
6.2460648425196847
20
-4.1401058661417318
11
6.2466409055118106
21
-4.1401625984251966
0
LINE
8
BLACK
6
CONTINUOUS
10
6.0866409055118105
20
-4.1376625984251971
11
6.0877053149606297
21
-4.1381035039370078
0
LINE
8
BLACK
6
CONTINUOUS
10
6.0877053149606297
20
-4.1381035039370078
11
6.0885199606299212
21
-4.1389181496062992
0
LINE
8
BLACK
6
CONTINUOUS
10
6.0885199606299212
20
-4.1389181496062992
11
6.0889608661417318
21
-4.1399825590551176
0
LINE
8
BLACK
6
CONTINUOUS
10
6.0889608661417318
20
-4.1399825590551176
11
6.0889608661417318
21
-4.1411346850393702
0
LINE
8
BLACK
6
CONTINUOUS
10
6.0889608661417318
20
-4.1411346850393702
11
6.0885199606299212
21
-4.1421990944881886
0
LINE
8
BLACK
6
CONTINUOUS
10
6.0885199606299212
20
-4.1421990944881886
11
6.0877053149606297
21
-4.14301374015748
0
LINE
8
BLACK
6
CONTINUOUS
10
6.0877053149606297
20
-4.14301374015748
11
6.0866409055118105
21
-4.1434546456692916
0
LINE
8
BLACK
6
CONTINUOUS
10
6.0866409055118105
20
-4.1434546456692916
11
6.0860648425196846
21
-4.1435113779527555
0
LINE
8
BLACK
6
CONTINUOUS
10
6.0860648425196846
20
-4.1435113779527555
11
6.026064842519685
21
-4.1435113779527555
0
LINE
8
BLACK
6
CONTINUOUS
10
6.026064842519685
20
-4.1435113779527555
11
6.0254887795275591
21
-4.1434546456692916
0
LINE
8
BLACK
6
CONTINUOUS
10
6.0254887795275591
20
-4.1434546456692916
11
6.0244243700787399
21
-4.14301374015748
0
LINE
8
BLACK
6
CONTINUOUS
10
6.0244243700787399
20
-4.14301374015748
11
6.0236097244094484
21
-4.1421990944881886
0
LINE
8
BLACK
6
CONTINUOUS
10
6.0236097244094484
20
-4.1421990944881886
11
6.0231688188976378
21
-4.1411346850393702
0
LINE
8
BLACK
6
CONTINUOUS
10
6.0231688188976378
20
-4.1411346850393702
11
6.0231688188976378
21
-4.1399825590551176
0
LINE
8
BLACK
6
CONTINUOUS
10
6.0231688188976378
20
-4.1399825590551176
11
6.0236097244094484
21
-4.1389181496062992
0
LINE
8
BLACK
6
CONTINUOUS
10
6.0236097244094484
20
-4.1389181496062992
11
6.0244243700787399
21
-4.1381035039370078
0
LINE
8
BLACK
6
CONTINUOUS
10
6.0244243700787399
20
-4.1381035039370078
11
6.0254887795275591
21
-4.1376625984251971
0
LINE
8
BLACK
6
CONTINUOUS
10
6.0254887795275591
20
-4.1376625984251971
11
6.026064842519685
21
-4.1376058661417323
0
LINE
8
BLACK
6
CONTINUOUS
10
6.026064842519685
20
-4.1376058661417323
11
6.0860648425196846
21
-4.1376058661417323
0
LINE
8
BLACK
6
CONTINUOUS
10
6.0860648425196846
20
-4.1376058661417323
11
6.0866409055118105
21
-4.1376625984251971
0
LINE
8
BLACK
6
CONTINUOUS
10
5.7570480708661416
20
-4.0951663385826773
11
5.7571460629921258
21
-4.095206929133858
0
LINE
8
BLACK
6
CONTINUOUS
10
5.7571460629921258
20
-4.095206929133858
11
5.7572518897637792
21
-4.095214448818898
0
LINE
8
BLACK
6
CONTINUOUS
10
5.7572518897637792
20
-4.095214448818898
11
5.7577925196850392
21
-4.0954213385826774
0
LINE
8
BLACK
6
CONTINUOUS
10
5.7577925196850392
20
-4.0954213385826774
11
5.7615420472440944
21
-4.097296102362205
0
LINE
8
BLACK
6
CONTINUOUS
10
5.7615420472440944
20
-4.097296102362205
11
5.761789921259842
21
-4.097452125984252
0
LINE
8
BLACK
6
CONTINUOUS
10
5.761789921259842
20
-4.097452125984252
11
5.7618619685039372
21
-4.0974819685039368
0
LINE
8
BLACK
6
CONTINUOUS
10
5.7618619685039372
20
-4.0974819685039368
11
5.7619429921259844
21
-4.0975484645669287
0
LINE
8
BLACK
6
CONTINUOUS
10
5.7619429921259844
20
-4.0975484645669287
11
5.7620319291338582
21
-4.0976044488188972
0
LINE
8
BLACK
6
CONTINUOUS
10
5.7620319291338582
20
-4.0976044488188972
11
5.7620830708661419
21
-4.09766342519685
0
LINE
8
BLACK
6
CONTINUOUS
10
5.7620830708661419
20
-4.09766342519685
11
5.762309409448819
21
-4.0978491732283464
0
LINE
8
BLACK
6
CONTINUOUS
10
5.762309409448819
20
-4.0978491732283464
11
5.7641842125984253
21
-4.099723937007874
0
LINE
8
BLACK
6
CONTINUOUS
10
5.7641842125984253
20
-4.099723937007874
11
5.7643699606299208
21
-4.099950275590551
0
LINE
8
BLACK
6
CONTINUOUS
10
5.7643699606299208
20
-4.099950275590551
11
5.7644290157480311
21
-4.1000014960629922
0
LINE
8
BLACK
6
CONTINUOUS
10
5.7644290157480311
20
-4.1000014960629922
11
5.7644849999999996
21
-4.1000904330708661
0
LINE
8
BLACK
6
CONTINUOUS
10
5.7644849999999996
20
-4.1000904330708661
11
5.7645514566929137
21
-4.1001714173228345
0
LINE
8
BLACK
6
CONTINUOUS
10
5.7645514566929137
20
-4.1001714173228345
11
5.7645812598425197
21
-4.1002433464566925
0
LINE
8
BLACK
6
CONTINUOUS
10
5.7645812598425197
20
-4.1002433464566925
11
5.7647373622047242
21
-4.1004913779527561
0
LINE
8
BLACK
6
CONTINUOUS
10
5.7647373622047242
20
-4.1004913779527561
11
5.7666121259842518
21
-4.1042409055118112
0
LINE
8
BLACK
6
CONTINUOUS
10
5.7666121259842518
20
-4.1042409055118112
11
5.7668190157480312
21
-4.1047814960629925
0
LINE
8
BLACK
6
CONTINUOUS
10
5.7668190157480312
20
-4.1047814960629925
11
5.7668265354330703
21
-4.1048873622047246
0
LINE
8
BLACK
6
CONTINUOUS
10
5.7668265354330703
20
-4.1048873622047246
11
5.7668671259842519
21
-4.1049853543307089
0
LINE
8
BLACK
6
CONTINUOUS
10
5.7668671259842519
20
-4.1049853543307089
11
5.7669238582677167
21
-4.1055614173228347
0
LINE
8
BLACK
6
CONTINUOUS
10
5.7669238582677167
20
-4.1055614173228347
11
5.7669238582677167
21
-4.113060472440945
0
LINE
8
BLACK
6
CONTINUOUS
10
5.7669238582677167
20
-4.113060472440945
11
5.7668671259842519
21
-4.1136365354330708
0
LINE
8
BLACK
6
CONTINUOUS
10
5.7668671259842519
20
-4.1136365354330708
11
5.7668265354330703
21
-4.1137344881889764
0
LINE
8
BLACK
6
CONTINUOUS
10
5.7668265354330703
20
-4.1137344881889764
11
5.7668190157480312
21
-4.1138403937007872
0
LINE
8
BLACK
6
CONTINUOUS
10
5.7668190157480312
20
-4.1138403937007872
11
5.7666121259842518
21
-4.1143809842519685
0
LINE
8
BLACK
6
CONTINUOUS
10
5.7666121259842518
20
-4.1143809842519685
11
5.7647373622047242
21
-4.1181305118110236
0
LINE
8
BLACK
6
CONTINUOUS
10
5.7647373622047242
20
-4.1181305118110236
11
5.7645812598425197
21
-4.1183785039370076
0
LINE
8
BLACK
6
CONTINUOUS
10
5.7645812598425197
20
-4.1183785039370076
11
5.7645514566929137
21
-4.1184504724409452
0
LINE
8
BLACK
6
CONTINUOUS
10
5.7645514566929137
20
-4.1184504724409452
11
5.7644849999999996
21
-4.1185314173228349
0
LINE
8
BLACK
6
CONTINUOUS
10
5.7644849999999996
20
-4.1185314173228349
11
5.7644290157480311
21
-4.1186203937007875
0
LINE
8
BLACK
6
CONTINUOUS
10
5.7644290157480311
20
-4.1186203937007875
11
5.7643699606299208
21
-4.1186715748031499
0
LINE
8
BLACK
6
CONTINUOUS
10
5.7643699606299208
20
-4.1186715748031499
11
5.7641842125984253
21
-4.1188979527559058
0
LINE
8
BLACK
6
CONTINUOUS
10
5.7641842125984253
20
-4.1188979527559058
11
5.762309409448819
21
-4.1207727165354333
0
LINE
8
BLACK
6
CONTINUOUS
10
5.762309409448819
20
-4.1207727165354333
11
5.7620830708661419
21
-4.1209584251968501
0
LINE
8
BLACK
6
CONTINUOUS
10
5.7620830708661419
20
-4.1209584251968501
11
5.7620319291338582
21
-4.1210174409448816
0
LINE
8
BLACK
6
CONTINUOUS
10
5.7620319291338582
20
-4.1210174409448816
11
5.7619429921259844
21
-4.1210733858267714
0
LINE
8
BLACK
6
CONTINUOUS
10
5.7619429921259844
20
-4.1210733858267714
11
5.7618619685039372
21
-4.1211399212598421
0
LINE
8
BLACK
6
CONTINUOUS
10
5.7618619685039372
20
-4.1211399212598421
11
5.761789921259842
21
-4.121169724409449
0
LINE
8
BLACK
6
CONTINUOUS
10
5.761789921259842
20
-4.121169724409449
11
5.7615420472440944
21
-4.1213257874015747
0
LINE
8
BLACK
6
CONTINUOUS
10
5.7615420472440944
20
-4.1213257874015747
11
5.7577925196850392
21
-4.1232005511811023
0
LINE
8
BLACK
6
CONTINUOUS
10
5.7577925196850392
20
-4.1232005511811023
11
5.7572518897637792
21
-4.1234074409448818
0
LINE
8
BLACK
6
CONTINUOUS
10
5.7572518897637792
20
-4.1234074409448818
11
5.7571460629921258
21
-4.1234149212598421
0
LINE
8
BLACK
6
CONTINUOUS
10
5.7571460629921258
20
-4.1234149212598421
11
5.7570480708661416
21
-4.1234555511811024
0
LINE
8
BLACK
6
CONTINUOUS
10
5.7570480708661416
20
-4.1234555511811024
11
5.7564720078740157
21
-4.1235122834645672
0
LINE
8
BLACK
6
CONTINUOUS
10
5.7564720078740157
20
-4.1235122834645672
11
5.7246010236220473
21
-4.1235122834645672
0
LINE
8
BLACK
6
CONTINUOUS
10
5.7246010236220473
20
-4.1235122834645672
11
5.7240249606299214
21
-4.1234555511811024
0
LINE
8
BLACK
6
CONTINUOUS
10
5.7240249606299214
20
-4.1234555511811024
11
5.7229605511811021
21
-4.1230146456692909
0
LINE
8
BLACK
6
CONTINUOUS
10
5.7229605511811021
20
-4.1230146456692909
11
5.7221459055118107
21
-4.1222000000000003
0
LINE
8
BLACK
6
CONTINUOUS
10
5.7221459055118107
20
-4.1222000000000003
11
5.721705
21
-4.1211355905511811
0
LINE
8
BLACK
6
CONTINUOUS
10
5.721705
20
-4.1211355905511811
11
5.721705
21
-4.1199834645669293
0
LINE
8
BLACK
6
CONTINUOUS
10
5.721705
20
-4.1199834645669293
11
5.7221459055118107
21
-4.1189190551181101
0
LINE
8
BLACK
6
CONTINUOUS
10
5.7221459055118107
20
-4.1189190551181101
11
5.7229605511811021
21
-4.1181044094488186
0
LINE
8
BLACK
6
CONTINUOUS
10
5.7229605511811021
20
-4.1181044094488186
11
5.7240249606299214
21
-4.117663503937008
0
LINE
8
BLACK
6
CONTINUOUS
10
5.7240249606299214
20
-4.117663503937008
11
5.7246010236220473
21
-4.1176067716535432
0
LINE
8
BLACK
6
CONTINUOUS
10
5.7246010236220473
20
-4.1176067716535432
11
5.7557749606299211
21
-4.1176067716535432
0
LINE
8
BLACK
6
CONTINUOUS
10
5.7557749606299211
20
-4.1176067716535432
11
5.7584724409448818
21
-4.1162579921259841
0
LINE
8
BLACK
6
CONTINUOUS
10
5.7584724409448818
20
-4.1162579921259841
11
5.7596696062992123
21
-4.1150608661417323
0
LINE
8
BLACK
6
CONTINUOUS
10
5.7596696062992123
20
-4.1150608661417323
11
5.7610183464566926
21
-4.1123634251968504
0
LINE
8
BLACK
6
CONTINUOUS
10
5.7610183464566926
20
-4.1123634251968504
11
5.7610183464566926
21
-4.1062584645669293
0
LINE
8
BLACK
6
CONTINUOUS
10
5.7610183464566926
20
-4.1062584645669293
11
5.7596696062992123
21
-4.1035609842519687
0
LINE
8
BLACK
6
CONTINUOUS
10
5.7596696062992123
20
-4.1035609842519687
11
5.7584724409448818
21
-4.1023638582677169
0
LINE
8
BLACK
6
CONTINUOUS
10
5.7584724409448818
20
-4.1023638582677169
11
5.7557749606299211
21
-4.1010151181102366
0
LINE
8
BLACK
6
CONTINUOUS
10
5.7557749606299211
20
-4.1010151181102366
11
5.7246010236220473
21
-4.1010151181102366
0
LINE
8
BLACK
6
CONTINUOUS
10
5.7246010236220473
20
-4.1010151181102366
11
5.7240249606299214
21
-4.1009583858267717
0
LINE
8
BLACK
6
CONTINUOUS
10
5.7240249606299214
20
-4.1009583858267717
11
5.7229605511811021
21
-4.1005174803149602
0
LINE
8
BLACK
6
CONTINUOUS
10
5.7229605511811021
20
-4.1005174803149602
11
5.7221459055118107
21
-4.0997028346456688
0
LINE
8
BLACK
6
CONTINUOUS
10
5.7221459055118107
20
-4.0997028346456688
11
5.721705
21
-4.0986384251968504
0
LINE
8
BLACK
6
CONTINUOUS
10
5.721705
20
-4.0986384251968504
11
5.721705
21
-4.0974862992125987
0
LINE
8
BLACK
6
CONTINUOUS
10
5.721705
20
-4.0974862992125987
11
5.7221459055118107
21
-4.0964218897637794
0
LINE
8
BLACK
6
CONTINUOUS
10
5.7221459055118107
20
-4.0964218897637794
11
5.7229605511811021
21
-4.095607244094488
0
LINE
8
BLACK
6
CONTINUOUS
10
5.7229605511811021
20
-4.095607244094488
11
5.7240249606299214
21
-4.0951663385826773
0
LINE
8
BLACK
6
CONTINUOUS
10
5.7240249606299214
20
-4.0951663385826773
11
5.7246010236220473
21
-4.0951096062992125
0
LINE
8
BLACK
6
CONTINUOUS
10
5.7246010236220473
20
-4.0951096062992125
11
5.7564720078740157
21
-4.0951096062992125
0
LINE
8
BLACK
6
CONTINUOUS
10
5.7564720078740157
20
-4.0951096062992125
11
5.7570480708661416
21
-4.0951663385826773
0
LINE
8
BLACK
6
CONTINUOUS
10
5.5566409055118111
20
-4.1126625984251968
11
5.5577053149606295
21
-4.1131035039370074
0
LINE
8
BLACK
6
CONTINUOUS
10
5.5577053149606295
20
-4.1131035039370074
11
5.5585199606299209
21
-4.1139181496062989
0
LINE
8
BLACK
6
CONTINUOUS
10
5.5585199606299209
20
-4.1139181496062989
11
5.5589608661417325
21
-4.1149825590551181
0
LINE
8
BLACK
6
CONTINUOUS
10
5.5589608661417325
20
-4.1149825590551181
11
5.5589608661417325
21
-4.1161346850393699
0
LINE
8
BLACK
6
CONTINUOUS
10
5.5589608661417325
20
-4.1161346850393699
11
5.5585199606299209
21
-4.1171990944881891
0
LINE
8
BLACK
6
CONTINUOUS
10
5.5585199606299209
20
-4.1171990944881891
11
5.5577053149606295
21
-4.1180137401574806
0
LINE
8
BLACK
6
CONTINUOUS
10
5.5577053149606295
20
-4.1180137401574806
11
5.5566409055118111
21
-4.1184546456692912
0
LINE
8
BLACK
6
CONTINUOUS
10
5.5566409055118111
20
-4.1184546456692912
11
5.5560648425196852
21
-4.118511377952756
0
LINE
8
BLACK
6
CONTINUOUS
10
5.5560648425196852
20
-4.118511377952756
11
5.4960648425196847
21
-4.118511377952756
0
LINE
8
BLACK
6
CONTINUOUS
10
5.4960648425196847
20
-4.118511377952756
11
5.4954887795275589
21
-4.1184546456692912
0
LINE
8
BLACK
6
CONTINUOUS
10
5.4954887795275589
20
-4.1184546456692912
11
5.4944243700787396
21
-4.1180137401574806
0
LINE
8
BLACK
6
CONTINUOUS
10
5.4944243700787396
20
-4.1180137401574806
11
5.4936097244094491
21
-4.1171990944881891
0
LINE
8
BLACK
6
CONTINUOUS
10
5.4936097244094491
20
-4.1171990944881891
11
5.4931688188976375
21
-4.1161346850393699
0
LINE
8
BLACK
6
CONTINUOUS
10
5.4931688188976375
20
-4.1161346850393699
11
5.4931688188976375
21
-4.1149825590551181
0
LINE
8
BLACK
6
CONTINUOUS
10
5.4931688188976375
20
-4.1149825590551181
11
5.4936097244094491
21
-4.1139181496062989
0
LINE
8
BLACK
6
CONTINUOUS
10
5.4936097244094491
20
-4.1139181496062989
11
5.4944243700787396
21
-4.1131035039370074
0
LINE
8
BLACK
6
CONTINUOUS
10
5.4944243700787396
20
-4.1131035039370074
11
5.4954887795275589
21
-4.1126625984251968
0
LINE
8
BLACK
6
CONTINUOUS
10
5.4954887795275589
20
-4.1126625984251968
11
5.4960648425196847
21
-4.112605866141732
0
LINE
8
BLACK
6
CONTINUOUS
10
5.4960648425196847
20
-4.112605866141732
11
5.5560648425196852
21
-4.112605866141732
0
LINE
8
BLACK
6
CONTINUOUS
10
5.5560648425196852
20
-4.112605866141732
11
5.5566409055118111
21
-4.1126625984251968
0
LINE
8
BLACK
6
CONTINUOUS
10
5.0816409055118106
20
-4.1101625984251964
11
5.0827053149606298
21
-4.1106035039370079
0
LINE
8
BLACK
6
CONTINUOUS
10
5.0827053149606298
20
-4.1106035039370079
11
5.0835199606299213
21
-4.1114181496062994
0
LINE
8
BLACK
6
CONTINUOUS
10
5.0835199606299213
20
-4.1114181496062994
11
5.0839608661417319
21
-4.1124825590551177
0
LINE
8
BLACK
6
CONTINUOUS
10
5.0839608661417319
20
-4.1124825590551177
11
5.0839608661417319
21
-4.1136346850393704
0
LINE
8
BLACK
6
CONTINUOUS
10
5.0839608661417319
20
-4.1136346850393704
11
5.0835199606299213
21
-4.1146990944881887
0
LINE
8
BLACK
6
CONTINUOUS
10
5.0835199606299213
20
-4.1146990944881887
11
5.0827053149606298
21
-4.1155137401574802
0
LINE
8
BLACK
6
CONTINUOUS
10
5.0827053149606298
20
-4.1155137401574802
11
5.0816409055118106
21
-4.1159546456692908
0
LINE
8
BLACK
6
CONTINUOUS
10
5.0816409055118106
20
-4.1159546456692908
11
5.0810648425196847
21
-4.1160113779527556
0
LINE
8
BLACK
6
CONTINUOUS
10
5.0810648425196847
20
-4.1160113779527556
11
5.0210648425196851
21
-4.1160113779527556
0
LINE
8
BLACK
6
CONTINUOUS
10
5.0210648425196851
20
-4.1160113779527556
11
5.0204887795275592
21
-4.1159546456692908
0
LINE
8
BLACK
6
CONTINUOUS
10
5.0204887795275592
20
-4.1159546456692908
11
5.01942437007874
21
-4.1155137401574802
0
LINE
8
BLACK
6
CONTINUOUS
10
5.01942437007874
20
-4.1155137401574802
11
5.0186097244094485
21
-4.1146990944881887
0
LINE
8
BLACK
6
CONTINUOUS
10
5.0186097244094485
20
-4.1146990944881887
11
5.0181688188976379
21
-4.1136346850393704
0
LINE
8
BLACK
6
CONTINUOUS
10
5.0181688188976379
20
-4.1136346850393704
11
5.0181688188976379
21
-4.1124825590551177
0
LINE
8
BLACK
6
CONTINUOUS
10
5.0181688188976379
20
-4.1124825590551177
11
5.0186097244094485
21
-4.1114181496062994
0
LINE
8
BLACK
6
CONTINUOUS
10
5.0186097244094485
20
-4.1114181496062994
11
5.01942437007874
21
-4.1106035039370079
0
LINE
8
BLACK
6
CONTINUOUS
10
5.01942437007874
20
-4.1106035039370079
11
5.0204887795275592
21
-4.1101625984251964
0
LINE
8
BLACK
6
CONTINUOUS
10
5.0204887795275592
20
-4.1101625984251964
11
5.0210648425196851
21
-4.1101058661417325
0
LINE
8
BLACK
6
CONTINUOUS
10
5.0210648425196851
20
-4.1101058661417325
11
5.0810648425196847
21
-4.1101058661417325
0
LINE
8
BLACK
6
CONTINUOUS
10
5.0810648425196847
20
-4.1101058661417325
11
5.0816409055118106
21
-4.1101625984251964
0
LINE
8
BLACK
6
CONTINUOUS
10
5.6316409055118113
20
-4.1101625984251964
11
5.6327053149606297
21
-4.1106035039370079
0
LINE
8
BLACK
6
CONTINUOUS
10
5.6327053149606297
20
-4.1106035039370079
11
5.6335199606299211
21
-4.1114181496062994
0
LINE
8
BLACK
6
CONTINUOUS
10
5.6335199606299211
20
-4.1114181496062994
11
5.6339608661417317
21
-4.1124825590551177
0
LINE
8
BLACK
6
CONTINUOUS
10
5.6339608661417317
20
-4.1124825590551177
11
5.6339608661417317
21
-4.1136346850393704
0
LINE
8
BLACK
6
CONTINUOUS
10
5.6339608661417317
20
-4.1136346850393704
11
5.6335199606299211
21
-4.1146990944881887
0
LINE
8
BLACK
6
CONTINUOUS
10
5.6335199606299211
20
-4.1146990944881887
11
5.6327053149606297
21
-4.1155137401574802
0
LINE
8
BLACK
6
CONTINUOUS
10
5.6327053149606297
20
-4.1155137401574802
11
5.6316409055118113
21
-4.1159546456692908
0
LINE
8
BLACK
6
CONTINUOUS
10
5.6316409055118113
20
-4.1159546456692908
11
5.6310648425196845
21
-4.1160113779527556
0
LINE
8
BLACK
6
CONTINUOUS
10
5.6310648425196845
20
-4.1160113779527556
11
5.5710648425196849
21
-4.1160113779527556
0
LINE
8
BLACK
6
CONTINUOUS
10
5.5710648425196849
20
-4.1160113779527556
11
5.5704887795275591
21
-4.1159546456692908
0
LINE
8
BLACK
6
CONTINUOUS
10
5.5704887795275591
20
-4.1159546456692908
11
5.5694243700787398
21
-4.1155137401574802
0
LINE
8
BLACK
6
CONTINUOUS
10
5.5694243700787398
20
-4.1155137401574802
11
5.5686097244094483
21
-4.1146990944881887
0
LINE
8
BLACK
6
CONTINUOUS
10
5.5686097244094483
20
-4.1146990944881887
11
5.5681688188976377
21
-4.1136346850393704
0
LINE
8
BLACK
6
CONTINUOUS
10
5.5681688188976377
20
-4.1136346850393704
11
5.5681688188976377
21
-4.1124825590551177
0
LINE
8
BLACK
6
CONTINUOUS
10
5.5681688188976377
20
-4.1124825590551177
11
5.5686097244094483
21
-4.1114181496062994
0
LINE
8
BLACK
6
CONTINUOUS
10
5.5686097244094483
20
-4.1114181496062994
11
5.5694243700787398
21
-4.1106035039370079
0
LINE
8
BLACK
6
CONTINUOUS
10
5.5694243700787398
20
-4.1106035039370079
11
5.5704887795275591
21
-4.1101625984251964
0
LINE
8
BLACK
6
CONTINUOUS
10
5.5704887795275591
20
-4.1101625984251964
11
5.5710648425196849
21
-4.1101058661417325
0
LINE
8
BLACK
6
CONTINUOUS
10
5.5710648425196849
20
-4.1101058661417325
11
5.6310648425196845
21
-4.1101058661417325
0
LINE
8
BLACK
6
CONTINUOUS
10
5.6310648425196845
20
-4.1101058661417325
11
5.6316409055118113
21
-4.1101625984251964
0
LINE
8
BLACK
6
CONTINUOUS
10
5.7066409055118106
20
-4.1101625984251964
11
5.7077053149606298
21
-4.1106035039370079
0
LINE
8
BLACK
6
CONTINUOUS
10
5.7077053149606298
20
-4.1106035039370079
11
5.7085199606299213
21
-4.1114181496062994
0
LINE
8
BLACK
6
CONTINUOUS
10
5.7085199606299213
20
-4.1114181496062994
11
5.7089608661417319
21
-4.1124825590551177
0
LINE
8
BLACK
6
CONTINUOUS
10
5.7089608661417319
20
-4.1124825590551177
11
5.7089608661417319
21
-4.1136346850393704
0
LINE
8
BLACK
6
CONTINUOUS
10
5.7089608661417319
20
-4.1136346850393704
11
5.7085199606299213
21
-4.1146990944881887
0
LINE
8
BLACK
6
CONTINUOUS
10
5.7085199606299213
20
-4.1146990944881887
11
5.7077053149606298
21
-4.1155137401574802
0
LINE
8
BLACK
6
CONTINUOUS
10
5.7077053149606298
20
-4.1155137401574802
11
5.7066409055118106
21
-4.1159546456692908
0
LINE
8
BLACK
6
CONTINUOUS
10
5.7066409055118106
20
-4.1159546456692908
11
5.7060648425196847
21
-4.1160113779527556
0
LINE
8
BLACK
6
CONTINUOUS
10
5.7060648425196847
20
-4.1160113779527556
11
5.6460648425196851
21
-4.1160113779527556
0
LINE
8
BLACK
6
CONTINUOUS
10
5.6460648425196851
20
-4.1160113779527556
11
5.6454887795275592
21
-4.1159546456692908
0
LINE
8
BLACK
6
CONTINUOUS
10
5.6454887795275592
20
-4.1159546456692908
11
5.64442437007874
21
-4.1155137401574802
0
LINE
8
BLACK
6
CONTINUOUS
10
5.64442437007874
20
-4.1155137401574802
11
5.6436097244094485
21
-4.1146990944881887
0
LINE
8
BLACK
6
CONTINUOUS
10
5.6436097244094485
20
-4.1146990944881887
11
5.6431688188976379
21
-4.1136346850393704
0
LINE
8
BLACK
6
CONTINUOUS
10
5.6431688188976379
20
-4.1136346850393704
11
5.6431688188976379
21
-4.1124825590551177
0
LINE
8
BLACK
6
CONTINUOUS
10
5.6431688188976379
20
-4.1124825590551177
11
5.6436097244094485
21
-4.1114181496062994
0
LINE
8
BLACK
6
CONTINUOUS
10
5.6436097244094485
20
-4.1114181496062994
11
5.64442437007874
21
-4.1106035039370079
0
LINE
8
BLACK
6
CONTINUOUS
10
5.64442437007874
20
-4.1106035039370079
11
5.6454887795275592
21
-4.1101625984251964
0
LINE
8
BLACK
6
CONTINUOUS
10
5.6454887795275592
20
-4.1101625984251964
11
5.6460648425196851
21
-4.1101058661417325
0
LINE
8
BLACK
6
CONTINUOUS
10
5.6460648425196851
20
-4.1101058661417325
11
5.7060648425196847
21
-4.1101058661417325
0
LINE
8
BLACK
6
CONTINUOUS
10
5.7060648425196847
20
-4.1101058661417325
11
5.7066409055118106
21
-4.1101625984251964
0
LINE
8
BLACK
6
CONTINUOUS
10
5.7808062992125979
20
-4.0862097637795278
11
5.7809861023622044
21
-4.0871137401574806
0
LINE
8
BLACK
6
CONTINUOUS
10
5.7809861023622044
20
-4.0871137401574806
11
5.7809861023622044
21
-4.103452322834646
0
LINE
8
BLACK
6
CONTINUOUS
10
5.7809861023622044
20
-4.103452322834646
11
5.7973246850393698
21
-4.103452322834646
0
LINE
8
BLACK
6
CONTINUOUS
10
5.7973246850393698
20
-4.103452322834646
11
5.7982286614173226
21
-4.1036321259842516
0
LINE
8
BLACK
6
CONTINUOUS
10
5.7982286614173226
20
-4.1036321259842516
11
5.7995070866141729
21
-4.1049105511811019
0
LINE
8
BLACK
6
CONTINUOUS
10
5.7995070866141729
20
-4.1049105511811019
11
5.7995070866141729
21
-4.1067185039370075
0
LINE
8
BLACK
6
CONTINUOUS
10
5.7995070866141729
20
-4.1067185039370075
11
5.7982286614173226
21
-4.1079969291338578
0
LINE
8
BLACK
6
CONTINUOUS
10
5.7982286614173226
20
-4.1079969291338578
11
5.7973246850393698
21
-4.1081767322834644
0
LINE
8
BLACK
6
CONTINUOUS
10
5.7973246850393698
20
-4.1081767322834644
11
5.7786238976377948
21
-4.1081767322834644
0
LINE
8
BLACK
6
CONTINUOUS
10
5.7786238976377948
20
-4.1081767322834644
11
5.777719921259842
21
-4.1079969291338578
0
LINE
8
BLACK
6
CONTINUOUS
10
5.777719921259842
20
-4.1079969291338578
11
5.7764414960629917
21
-4.1067185039370075
0
LINE
8
BLACK
6
CONTINUOUS
10
5.7764414960629917
20
-4.1067185039370075
11
5.7762616929133861
21
-4.1058145275590547
0
LINE
8
BLACK
6
CONTINUOUS
10
5.7762616929133861
20
-4.1058145275590547
11
5.7762616929133861
21
-4.0871137401574806
0
LINE
8
BLACK
6
CONTINUOUS
10
5.7762616929133861
20
-4.0871137401574806
11
5.7764414960629917
21
-4.0862097637795278
0
LINE
8
BLACK
6
CONTINUOUS
10
5.7764414960629917
20
-4.0862097637795278
11
5.777719921259842
21
-4.0849313385826767
0
LINE
8
BLACK
6
CONTINUOUS
10
5.777719921259842
20
-4.0849313385826767
11
5.7795278740157476
21
-4.0849313385826767
0
LINE
8
BLACK
6
CONTINUOUS
10
5.7795278740157476
20
-4.0849313385826767
11
5.7808062992125979
21
-4.0862097637795278
0
LINE
8
BLACK
6
CONTINUOUS
10
6.0256881889763783
20
-4.0862097637795278
11
6.0258679921259839
21
-4.0871137401574806
0
LINE
8
BLACK
6
CONTINUOUS
10
6.0258679921259839
20
-4.0871137401574806
11
6.0258679921259839
21
-4.1058145275590547
0
LINE
8
BLACK
6
CONTINUOUS
10
6.0258679921259839
20
-4.1058145275590547
11
6.0256881889763783
21
-4.1067185039370075
0
LINE
8
BLACK
6
CONTINUOUS
10
6.0256881889763783
20
-4.1067185039370075
11
6.0244097637795271
21
-4.1079969291338578
0
LINE
8
BLACK
6
CONTINUOUS
10
6.0244097637795271
20
-4.1079969291338578
11
6.0235057874015743
21
-4.1081767322834644
0
LINE
8
BLACK
6
CONTINUOUS
10
6.0235057874015743
20
-4.1081767322834644
11
6.0048050000000002
21
-4.1081767322834644
0
LINE
8
BLACK
6
CONTINUOUS
10
6.0048050000000002
20
-4.1081767322834644
11
6.0039010236220474
21
-4.1079969291338578
0
LINE
8
BLACK
6
CONTINUOUS
10
6.0039010236220474
20
-4.1079969291338578
11
6.0026225984251971
21
-4.1067185039370075
0
LINE
8
BLACK
6
CONTINUOUS
10
6.0026225984251971
20
-4.1067185039370075
11
6.0026225984251971
21
-4.1049105511811019
0
LINE
8
BLACK
6
CONTINUOUS
10
6.0026225984251971
20
-4.1049105511811019
11
6.0039010236220474
21
-4.1036321259842516
0
LINE
8
BLACK
6
CONTINUOUS
10
6.0039010236220474
20
-4.1036321259842516
11
6.0048050000000002
21
-4.103452322834646
0
LINE
8
BLACK
6
CONTINUOUS
10
6.0048050000000002
20
-4.103452322834646
11
6.0211435826771655
21
-4.103452322834646
0
LINE
8
BLACK
6
CONTINUOUS
10
6.0211435826771655
20
-4.103452322834646
11
6.0211435826771655
21
-4.0871137401574806
0
LINE
8
BLACK
6
CONTINUOUS
10
6.0211435826771655
20
-4.0871137401574806
11
6.0213233858267712
21
-4.0862097637795278
0
LINE
8
BLACK
6
CONTINUOUS
10
6.0213233858267712
20
-4.0862097637795278
11
6.0226018110236224
21
-4.0849313385826767
0
LINE
8
BLACK
6
CONTINUOUS
10
6.0226018110236224
20
-4.0849313385826767
11
6.0244097637795271
21
-4.0849313385826767
0
LINE
8
BLACK
6
CONTINUOUS
10
6.0244097637795271
20
-4.0849313385826767
11
6.0256881889763783
21
-4.0862097637795278
0
LINE
8
BLACK
6
CONTINUOUS
10
6.4116409055118107
20
-4.1011625984251969
11
6.4127053149606299
21
-4.1016035039370076
0
LINE
8
BLACK
6
CONTINUOUS
10
6.4127053149606299
20
-4.1016035039370076
11
6.4135199606299214
21
-4.102418149606299
0
LINE
8
BLACK
6
CONTINUOUS
10
6.4135199606299214
20
-4.102418149606299
11
6.413960866141732
21
-4.1034825590551183
0
LINE
8
BLACK
6
CONTINUOUS
10
6.413960866141732
20
-4.1034825590551183
11
6.413960866141732
21
-4.10463468503937
0
LINE
8
BLACK
6
CONTINUOUS
10
6.413960866141732
20
-4.10463468503937
11
6.4135199606299214
21
-4.1056990944881893
0
LINE
8
BLACK
6
CONTINUOUS
10
6.4135199606299214
20
-4.1056990944881893
11
6.4127053149606299
21
-4.1065137401574798
0
LINE
8
BLACK
6
CONTINUOUS
10
6.4127053149606299
20
-4.1065137401574798
11
6.4116409055118107
21
-4.1069546456692914
0
LINE
8
BLACK
6
CONTINUOUS
10
6.4116409055118107
20
-4.1069546456692914
11
6.4110648425196848
21
-4.1070113779527562
0
LINE
8
BLACK
6
CONTINUOUS
10
6.4110648425196848
20
-4.1070113779527562
11
6.3510648425196852
21
-4.1070113779527562
0
LINE
8
BLACK
6
CONTINUOUS
10
6.3510648425196852
20
-4.1070113779527562
11
6.3504887795275593
21
-4.1069546456692914
0
LINE
8
BLACK
6
CONTINUOUS
10
6.3504887795275593
20
-4.1069546456692914
11
6.3494243700787401
21
-4.1065137401574798
0
LINE
8
BLACK
6
CONTINUOUS
10
6.3494243700787401
20
-4.1065137401574798
11
6.3486097244094486
21
-4.1056990944881893
0
LINE
8
BLACK
6
CONTINUOUS
10
6.3486097244094486
20
-4.1056990944881893
11
6.348168818897638
21
-4.10463468503937
0
LINE
8
BLACK
6
CONTINUOUS
10
6.348168818897638
20
-4.10463468503937
11
6.348168818897638
21
-4.1034825590551183
0
LINE
8
BLACK
6
CONTINUOUS
10
6.348168818897638
20
-4.1034825590551183
11
6.3486097244094486
21
-4.102418149606299
0
LINE
8
BLACK
6
CONTINUOUS
10
6.3486097244094486
20
-4.102418149606299
11
6.3494243700787401
21
-4.1016035039370076
0
LINE
8
BLACK
6
CONTINUOUS
10
6.3494243700787401
20
-4.1016035039370076
11
6.3504887795275593
21
-4.1011625984251969
0
LINE
8
BLACK
6
CONTINUOUS
10
6.3504887795275593
20
-4.1011625984251969
11
6.3510648425196852
21
-4.1011058661417321
0
LINE
8
BLACK
6
CONTINUOUS
10
6.3510648425196852
20
-4.1011058661417321
11
6.4110648425196848
21
-4.1011058661417321
0
LINE
8
BLACK
6
CONTINUOUS
10
6.4110648425196848
20
-4.1011058661417321
11
6.4116409055118107
21
-4.1011625984251969
0
LINE
8
BLACK
6
CONTINUOUS
10
6.6116409055118108
20
-4.1011625984251969
11
6.6127053149606301
21
-4.1016035039370076
0
LINE
8
BLACK
6
CONTINUOUS
10
6.6127053149606301
20
-4.1016035039370076
11
6.6135199606299215
21
-4.102418149606299
0
LINE
8
BLACK
6
CONTINUOUS
10
6.6135199606299215
20
-4.102418149606299
11
6.6139608661417322
21
-4.1034825590551183
0
LINE
8
BLACK
6
CONTINUOUS
10
6.6139608661417322
20
-4.1034825590551183
11
6.6139608661417322
21
-4.10463468503937
0
LINE
8
BLACK
6
CONTINUOUS
10
6.6139608661417322
20
-4.10463468503937
11
6.6135199606299215
21
-4.1056990944881893
0
LINE
8
BLACK
6
CONTINUOUS
10
6.6135199606299215
20
-4.1056990944881893
11
6.6127053149606301
21
-4.1065137401574798
0
LINE
8
BLACK
6
CONTINUOUS
10
6.6127053149606301
20
-4.1065137401574798
11
6.6116409055118108
21
-4.1069546456692914
0
LINE
8
BLACK
6
CONTINUOUS
10
6.6116409055118108
20
-4.1069546456692914
11
6.611064842519685
21
-4.1070113779527562
0
LINE
8
BLACK
6
CONTINUOUS
10
6.611064842519685
20
-4.1070113779527562
11
6.5510648425196845
21
-4.1070113779527562
0
LINE
8
BLACK
6
CONTINUOUS
10
6.5510648425196845
20
-4.1070113779527562
11
6.5504887795275586
21
-4.1069546456692914
0
LINE
8
BLACK
6
CONTINUOUS
10
6.5504887795275586
20
-4.1069546456692914
11
6.5494243700787402
21
-4.1065137401574798
0
LINE
8
BLACK
6
CONTINUOUS
10
6.5494243700787402
20
-4.1065137401574798
11
6.5486097244094488
21
-4.1056990944881893
0
LINE
8
BLACK
6
CONTINUOUS
10
6.5486097244094488
20
-4.1056990944881893
11
6.5481688188976372
21
-4.10463468503937
0
LINE
8
BLACK
6
CONTINUOUS
10
6.5481688188976372
20
-4.10463468503937
11
6.5481688188976372
21
-4.1034825590551183
0
LINE
8
BLACK
6
CONTINUOUS
10
6.5481688188976372
20
-4.1034825590551183
11
6.5486097244094488
21
-4.102418149606299
0
LINE
8
BLACK
6
CONTINUOUS
10
6.5486097244094488
20
-4.102418149606299
11
6.5494243700787402
21
-4.1016035039370076
0
LINE
8
BLACK
6
CONTINUOUS
10
6.5494243700787402
20
-4.1016035039370076
11
6.5504887795275586
21
-4.1011625984251969
0
LINE
8
BLACK
6
CONTINUOUS
10
6.5504887795275586
20
-4.1011625984251969
11
6.5510648425196845
21
-4.1011058661417321
0
LINE
8
BLACK
6
CONTINUOUS
10
6.5510648425196845
20
-4.1011058661417321
11
6.611064842519685
21
-4.1011058661417321
0
LINE
8
BLACK
6
CONTINUOUS
10
6.611064842519685
20
-4.1011058661417321
11
6.6116409055118108
21
-4.1011625984251969
0
LINE
8
BLACK
6
CONTINUOUS
10
6.7616409055118112
20
-4.1011625984251969
11
6.7627053149606295
21
-4.1016035039370076
0
LINE
8
BLACK
6
CONTINUOUS
10
6.7627053149606295
20
-4.1016035039370076
11
6.763519960629921
21
-4.102418149606299
0
LINE
8
BLACK
6
CONTINUOUS
10
6.763519960629921
20
-4.102418149606299
11
6.7639608661417325
21
-4.1034825590551183
0
LINE
8
BLACK
6
CONTINUOUS
10
6.7639608661417325
20
-4.1034825590551183
11
6.7639608661417325
21
-4.10463468503937
0
LINE
8
BLACK
6
CONTINUOUS
10
6.7639608661417325
20
-4.10463468503937
11
6.763519960629921
21
-4.1056990944881893
0
LINE
8
BLACK
6
CONTINUOUS
10
6.763519960629921
20
-4.1056990944881893
11
6.7627053149606295
21
-4.1065137401574798
0
LINE
8
BLACK
6
CONTINUOUS
10
6.7627053149606295
20
-4.1065137401574798
11
6.7616409055118112
21
-4.1069546456692914
0
LINE
8
BLACK
6
CONTINUOUS
10
6.7616409055118112
20
-4.1069546456692914
11
6.7610648425196853
21
-4.1070113779527562
0
LINE
8
BLACK
6
CONTINUOUS
10
6.7610648425196853
20
-4.1070113779527562
11
6.7010648425196848
21
-4.1070113779527562
0
LINE
8
BLACK
6
CONTINUOUS
10
6.7010648425196848
20
-4.1070113779527562
11
6.7004887795275589
21
-4.1069546456692914
0
LINE
8
BLACK
6
CONTINUOUS
10
6.7004887795275589
20
-4.1069546456692914
11
6.6994243700787397
21
-4.1065137401574798
0
LINE
8
BLACK
6
CONTINUOUS
10
6.6994243700787397
20
-4.1065137401574798
11
6.6986097244094482
21
-4.1056990944881893
0
LINE
8
BLACK
6
CONTINUOUS
10
6.6986097244094482
20
-4.1056990944881893
11
6.6981688188976376
21
-4.10463468503937
0
LINE
8
BLACK
6
CONTINUOUS
10
6.6981688188976376
20
-4.10463468503937
11
6.6981688188976376
21
-4.1034825590551183
0
LINE
8
BLACK
6
CONTINUOUS
10
6.6981688188976376
20
-4.1034825590551183
11
6.6986097244094482
21
-4.102418149606299
0
LINE
8
BLACK
6
CONTINUOUS
10
6.6986097244094482
20
-4.102418149606299
11
6.6994243700787397
21
-4.1016035039370076
0
LINE
8
BLACK
6
CONTINUOUS
10
6.6994243700787397
20
-4.1016035039370076
11
6.7004887795275589
21
-4.1011625984251969
0
LINE
8
BLACK
6
CONTINUOUS
10
6.7004887795275589
20
-4.1011625984251969
11
6.7010648425196848
21
-4.1011058661417321
0
LINE
8
BLACK
6
CONTINUOUS
10
6.7010648425196848
20
-4.1011058661417321
11
6.7610648425196853
21
-4.1011058661417321
0
LINE
8
BLACK
6
CONTINUOUS
10
6.7610648425196853
20
-4.1011058661417321
11
6.7616409055118112
21
-4.1011625984251969
0
LINE
8
BLACK
6
CONTINUOUS
10
5.2839542913385822
20
-4.0571154330708659
11
5.2849847637795273
21
-4.0576307086614172
0
LINE
8
BLACK
6
CONTINUOUS
10
5.2849847637795273
20
-4.0576307086614172
11
5.2857396456692909
21
-4.0585010629921259
0
LINE
8
BLACK
6
CONTINUOUS
10
5.2857396456692909
20
-4.0585010629921259
11
5.2861039763779525
21
-4.059594015748031
0
LINE
8
BLACK
6
CONTINUOUS
10
5.2861039763779525
20
-4.059594015748031
11
5.2860223228346452
21
-4.0607432283464568
0
LINE
8
BLACK
6
CONTINUOUS
10
5.2860223228346452
20
-4.0607432283464568
11
5.2858154330708658
21
-4.0612838582677169
0
LINE
8
BLACK
6
CONTINUOUS
10
5.2858154330708658
20
-4.0612838582677169
11
5.2834344881889761
21
-4.066045787401575
0
LINE
8
BLACK
6
CONTINUOUS
10
5.2834344881889761
20
-4.066045787401575
11
5.2832784645669291
21
-4.0662935826771651
0
LINE
8
BLACK
6
CONTINUOUS
10
5.2832784645669291
20
-4.0662935826771651
11
5.2832486220472443
21
-4.0663657480314956
0
LINE
8
BLACK
6
CONTINUOUS
10
5.2832486220472443
20
-4.0663657480314956
11
5.2831820078740153
21
-4.0664468897637791
0
LINE
8
BLACK
6
CONTINUOUS
10
5.2831820078740153
20
-4.0664468897637791
11
5.283126141732283
21
-4.0665356692913388
0
LINE
8
BLACK
6
CONTINUOUS
10
5.283126141732283
20
-4.0665356692913388
11
5.2830672047244089
21
-4.0665867716535429
0
LINE
8
BLACK
6
CONTINUOUS
10
5.2830672047244089
20
-4.0665867716535429
11
5.2828813779527559
21
-4.0668131889763774
0
LINE
8
BLACK
6
CONTINUOUS
10
5.2828813779527559
20
-4.0668131889763774
11
5.2783982283464566
21
-4.0712962992125981
0
LINE
8
BLACK
6
CONTINUOUS
10
5.2783982283464566
20
-4.0712962992125981
11
5.3159359448818897
21
-4.0712962992125981
0
LINE
8
BLACK
6
CONTINUOUS
10
5.3159359448818897
20
-4.0712962992125981
11
5.3159359448818897
21
-4.0599633464566924
0
LINE
8
BLACK
6
CONTINUOUS
10
5.3159359448818897
20
-4.0599633464566924
11
5.3159926771653545
21
-4.0593872834645666
0
LINE
8
BLACK
6
CONTINUOUS
10
5.3159926771653545
20
-4.0593872834645666
11
5.3164335826771651
21
-4.0583228740157482
0
LINE
8
BLACK
6
CONTINUOUS
10
5.3164335826771651
20
-4.0583228740157482
11
5.3172482283464566
21
-4.0575082283464567
0
LINE
8
BLACK
6
CONTINUOUS
10
5.3172482283464566
20
-4.0575082283464567
11
5.3183126377952759
21
-4.0570673228346452
0
LINE
8
BLACK
6
CONTINUOUS
10
5.3183126377952759
20
-4.0570673228346452
11
5.3194647637795276
21
-4.0570673228346452
0
LINE
8
BLACK
6
CONTINUOUS
10
5.3194647637795276
20
-4.0570673228346452
11
5.320529173228346
21
-4.0575082283464567
0
LINE
8
BLACK
6
CONTINUOUS
10
5.320529173228346
20
-4.0575082283464567
11
5.3213438188976374
21
-4.0583228740157482
0
LINE
8
BLACK
6
CONTINUOUS
10
5.3213438188976374
20
-4.0583228740157482
11
5.3217847244094489
21
-4.0593872834645666
0
LINE
8
BLACK
6
CONTINUOUS
10
5.3217847244094489
20
-4.0593872834645666
11
5.3218414566929129
21
-4.0599633464566924
0
LINE
8
BLACK
6
CONTINUOUS
10
5.3218414566929129
20
-4.0599633464566924
11
5.3218414566929129
21
-4.0885348031496065
0
LINE
8
BLACK
6
CONTINUOUS
10
5.3218414566929129
20
-4.0885348031496065
11
5.3217847244094489
21
-4.0891108661417324
0
LINE
8
BLACK
6
CONTINUOUS
10
5.3217847244094489
20
-4.0891108661417324
11
5.3213438188976374
21
-4.0901752755905507
0
LINE
8
BLACK
6
CONTINUOUS
10
5.3213438188976374
20
-4.0901752755905507
11
5.320529173228346
21
-4.0909899212598422
0
LINE
8
BLACK
6
CONTINUOUS
10
5.320529173228346
20
-4.0909899212598422
11
5.3194647637795276
21
-4.0914308267716537
0
LINE
8
BLACK
6
CONTINUOUS
10
5.3194647637795276
20
-4.0914308267716537
11
5.3183126377952759
21
-4.0914308267716537
0
LINE
8
BLACK
6
CONTINUOUS
10
5.3183126377952759
20
-4.0914308267716537
11
5.3172482283464566
21
-4.0909899212598422
0
LINE
8
BLACK
6
CONTINUOUS
10
5.3172482283464566
20
-4.0909899212598422
11
5.3164335826771651
21
-4.0901752755905507
0
LINE
8
BLACK
6
CONTINUOUS
10
5.3164335826771651
20
-4.0901752755905507
11
5.3159926771653545
21
-4.0891108661417324
0
LINE
8
BLACK
6
CONTINUOUS
10
5.3159926771653545
20
-4.0891108661417324
11
5.3159359448818897
21
-4.0885348031496065
0
LINE
8
BLACK
6
CONTINUOUS
10
5.3159359448818897
20
-4.0885348031496065
11
5.3159359448818897
21
-4.0772018110236221
0
LINE
8
BLACK
6
CONTINUOUS
10
5.3159359448818897
20
-4.0772018110236221
11
5.268888700787401
21
-4.0772018110236221
0
LINE
8
BLACK
6
CONTINUOUS
10
5.268888700787401
20
-4.0772018110236221
11
5.268886614173228
21
-4.0772015748031496
0
LINE
8
BLACK
6
CONTINUOUS
10
5.268886614173228
20
-4.0772015748031496
11
5.2688855905511813
21
-4.0772018110236221
0
LINE
8
BLACK
6
CONTINUOUS
10
5.2688855905511813
20
-4.0772018110236221
11
5.2688825590551183
21
-4.0772011811023621
0
LINE
8
BLACK
6
CONTINUOUS
10
5.2688825590551183
20
-4.0772011811023621
11
5.2683126377952751
21
-4.0771450787401573
0
LINE
8
BLACK
6
CONTINUOUS
10
5.2683126377952751
20
-4.0771450787401573
11
5.2680425196850393
21
-4.0770331889763778
0
LINE
8
BLACK
6
CONTINUOUS
10
5.2680425196850393
20
-4.0770331889763778
11
5.2677559055118106
21
-4.0769758661417326
0
LINE
8
BLACK
6
CONTINUOUS
10
5.2677559055118106
20
-4.0769758661417326
11
5.2675155118110233
21
-4.0768148818897636
0
LINE
8
BLACK
6
CONTINUOUS
10
5.2675155118110233
20
-4.0768148818897636
11
5.2672482283464568
21
-4.0767041732283467
0
LINE
8
BLACK
6
CONTINUOUS
10
5.2672482283464568
20
-4.0767041732283467
11
5.2670414960629923
21
-4.0764974409448822
0
LINE
8
BLACK
6
CONTINUOUS
10
5.2670414960629923
20
-4.0764974409448822
11
5.2667986220472436
21
-4.0763348031496065
0
LINE
8
BLACK
6
CONTINUOUS
10
5.2667986220472436
20
-4.0763348031496065
11
5.2666381102362205
21
-4.0760940551181104
0
LINE
8
BLACK
6
CONTINUOUS
10
5.2666381102362205
20
-4.0760940551181104
11
5.2664335826771653
21
-4.0758895275590552
0
LINE
8
BLACK
6
CONTINUOUS
10
5.2664335826771653
20
-4.0758895275590552
11
5.2663216929133858
21
-4.0756194094488185
0
LINE
8
BLACK
6
CONTINUOUS
10
5.2663216929133858
20
-4.0756194094488185
11
5.2661595275590551
21
-4.0753761811023619
0
LINE
8
BLACK
6
CONTINUOUS
10
5.2661595275590551
20
-4.0753761811023619
11
5.2661033858267716
21
-4.0750923622047246
0
LINE
8
BLACK
6
CONTINUOUS
10
5.2661033858267716
20
-4.0750923622047246
11
5.2659926771653538
21
-4.074825118110236
0
LINE
8
BLACK
6
CONTINUOUS
10
5.2659926771653538
20
-4.074825118110236
11
5.2659926771653538
21
-4.0745327165354333
0
LINE
8
BLACK
6
CONTINUOUS
10
5.2659926771653538
20
-4.0745327165354333
11
5.2659359448818899
21
-4.0742459448818895
0
LINE
8
BLACK
6
CONTINUOUS
10
5.2659359448818899
20
-4.0742459448818895
11
5.2659926771653538
21
-4.0739622834645672
0
LINE
8
BLACK
6
CONTINUOUS
10
5.2659926771653538
20
-4.0739622834645672
11
5.2659926771653538
21
-4.0736729921259842
0
LINE
8
BLACK
6
CONTINUOUS
10
5.2659926771653538
20
-4.0736729921259842
11
5.2661045275590546
21
-4.0734028740157475
0
LINE
8
BLACK
6
CONTINUOUS
10
5.2661045275590546
20
-4.0734028740157475
11
5.2661618897637794
21
-4.0731162598425197
0
LINE
8
BLACK
6
CONTINUOUS
10
5.2661618897637794
20
-4.0731162598425197
11
5.2663228346456687
21
-4.0728758661417324
0
LINE
8
BLACK
6
CONTINUOUS
10
5.2663228346456687
20
-4.0728758661417324
11
5.2664335826771653
21
-4.072608582677165
0
LINE
8
BLACK
6
CONTINUOUS
10
5.2664335826771653
20
-4.072608582677165
11
5.266640275590551
21
-4.0724018503937005
0
LINE
8
BLACK
6
CONTINUOUS
10
5.266640275590551
20
-4.0724018503937005
11
5.2668029527559055
21
-4.0721589763779527
0
LINE
8
BLACK
6
CONTINUOUS
10
5.2668029527559055
20
-4.0721589763779527
11
5.2672461811023616
21
-4.0717959448818899
0
LINE
8
BLACK
6
CONTINUOUS
10
5.2672461811023616
20
-4.0717959448818899
11
5.2672482283464568
21
-4.0717939370078735
0
LINE
8
BLACK
6
CONTINUOUS
10
5.2672482283464568
20
-4.0717939370078735
11
5.2672490944881885
21
-4.0717935433070869
0
LINE
8
BLACK
6
CONTINUOUS
10
5.2672490944881885
20
-4.0717935433070869
11
5.2672507874015748
21
-4.0717922047244093
0
LINE
8
BLACK
6
CONTINUOUS
10
5.2672507874015748
20
-4.0717922047244093
11
5.274150433070866
21
-4.0671924015748031
0
LINE
8
BLACK
6
CONTINUOUS
10
5.274150433070866
20
-4.0671924015748031
11
5.2783667322834642
21
-4.0629761417322836
0
LINE
8
BLACK
6
CONTINUOUS
10
5.2783667322834642
20
-4.0629761417322836
11
5.2805333858267716
21
-4.0586428740157476
0
LINE
8
BLACK
6
CONTINUOUS
10
5.2805333858267716
20
-4.0586428740157476
11
5.2808417322834647
21
-4.0581529921259838
0
LINE
8
BLACK
6
CONTINUOUS
10
5.2808417322834647
20
-4.0581529921259838
11
5.2817121259842521
21
-4.0573981102362202
0
LINE
8
BLACK
6
CONTINUOUS
10
5.2817121259842521
20
-4.0573981102362202
11
5.2828050787401573
21
-4.0570337795275586
0
LINE
8
BLACK
6
CONTINUOUS
10
5.2828050787401573
20
-4.0570337795275586
11
5.2839542913385822
21
-4.0571154330708659
0
LINE
8
BLACK
6
CONTINUOUS
10
6.3316409055118106
20
-4.0851625984251969
11
6.3327053149606298
21
-4.0856035039370076
0
LINE
8
BLACK
6
CONTINUOUS
10
6.3327053149606298
20
-4.0856035039370076
11
6.3335199606299213
21
-4.086418149606299
0
LINE
8
BLACK
6
CONTINUOUS
10
6.3335199606299213
20
-4.086418149606299
11
6.3339608661417319
21
-4.0874825590551183
0
LINE
8
BLACK
6
CONTINUOUS
10
6.3339608661417319
20
-4.0874825590551183
11
6.3339608661417319
21
-4.08863468503937
0
LINE
8
BLACK
6
CONTINUOUS
10
6.3339608661417319
20
-4.08863468503937
11
6.3335199606299213
21
-4.0896990944881892
0
LINE
8
BLACK
6
CONTINUOUS
10
6.3335199606299213
20
-4.0896990944881892
11
6.3327053149606298
21
-4.0905137401574798
0
LINE
8
BLACK
6
CONTINUOUS
10
6.3327053149606298
20
-4.0905137401574798
11
6.3316409055118106
21
-4.0909546456692913
0
LINE
8
BLACK
6
CONTINUOUS
10
6.3316409055118106
20
-4.0909546456692913
11
6.3310648425196847
21
-4.0910113779527562
0
LINE
8
BLACK
6
CONTINUOUS
10
6.3310648425196847
20
-4.0910113779527562
11
6.2710648425196851
21
-4.0910113779527562
0
LINE
8
BLACK
6
CONTINUOUS
10
6.2710648425196851
20
-4.0910113779527562
11
6.2704887795275592
21
-4.0909546456692913
0
LINE
8
BLACK
6
CONTINUOUS
10
6.2704887795275592
20
-4.0909546456692913
11
6.26942437007874
21
-4.0905137401574798
0
LINE
8
BLACK
6
CONTINUOUS
10
6.26942437007874
20
-4.0905137401574798
11
6.2686097244094485
21
-4.0896990944881892
0
LINE
8
BLACK
6
CONTINUOUS
10
6.2686097244094485
20
-4.0896990944881892
11
6.2681688188976379
21
-4.08863468503937
0
LINE
8
BLACK
6
CONTINUOUS
10
6.2681688188976379
20
-4.08863468503937
11
6.2681688188976379
21
-4.0874825590551183
0
LINE
8
BLACK
6
CONTINUOUS
10
6.2681688188976379
20
-4.0874825590551183
11
6.2686097244094485
21
-4.086418149606299
0
LINE
8
BLACK
6
CONTINUOUS
10
6.2686097244094485
20
-4.086418149606299
11
6.26942437007874
21
-4.0856035039370076
0
LINE
8
BLACK
6
CONTINUOUS
10
6.26942437007874
20
-4.0856035039370076
11
6.2704887795275592
21
-4.0851625984251969
0
LINE
8
BLACK
6
CONTINUOUS
10
6.2704887795275592
20
-4.0851625984251969
11
6.2710648425196851
21
-4.0851058661417321
0
LINE
8
BLACK
6
CONTINUOUS
10
6.2710648425196851
20
-4.0851058661417321
11
6.3310648425196847
21
-4.0851058661417321
0
LINE
8
BLACK
6
CONTINUOUS
10
6.3310648425196847
20
-4.0851058661417321
11
6.3316409055118106
21
-4.0851625984251969
0
LINE
8
BLACK
6
CONTINUOUS
10
5.4982472440944878
20
-4.039654645669291
11
5.4984270472440944
21
-4.0405586220472438
0
LINE
8
BLACK
6
CONTINUOUS
10
5.4984270472440944
20
-4.0405586220472438
11
5.4984270472440944
21
-4.0705586220472441
0
LINE
8
BLACK
6
CONTINUOUS
10
5.4984270472440944
20
-4.0705586220472441
11
5.4982472440944878
21
-4.0714625984251969
0
LINE
8
BLACK
6
CONTINUOUS
10
5.4982472440944878
20
-4.0714625984251969
11
5.4969688188976376
21
-4.0727410236220472
0
LINE
8
BLACK
6
CONTINUOUS
10
5.4969688188976376
20
-4.0727410236220472
11
5.4951608661417319
21
-4.0727410236220472
0
LINE
8
BLACK
6
CONTINUOUS
10
5.4951608661417319
20
-4.0727410236220472
11
5.4938824409448817
21
-4.0714625984251969
0
LINE
8
BLACK
6
CONTINUOUS
10
5.4938824409448817
20
-4.0714625984251969
11
5.4937026377952751
21
-4.0705586220472441
0
LINE
8
BLACK
6
CONTINUOUS
10
5.4937026377952751
20
-4.0705586220472441
11
5.4937026377952751
21
-4.0405586220472438
0
LINE
8
BLACK
6
CONTINUOUS
10
5.4937026377952751
20
-4.0405586220472438
11
5.4938824409448817
21
-4.039654645669291
0
LINE
8
BLACK
6
CONTINUOUS
10
5.4938824409448817
20
-4.039654645669291
11
5.4951608661417319
21
-4.0383762204724407
0
LINE
8
BLACK
6
CONTINUOUS
10
5.4951608661417319
20
-4.0383762204724407
11
5.4969688188976376
21
-4.0383762204724407
0
LINE
8
BLACK
6
CONTINUOUS
10
5.4969688188976376
20
-4.0383762204724407
11
5.4982472440944878
21
-4.039654645669291
0
LINE
8
BLACK
6
CONTINUOUS
10
5.5582472440944883
20
-4.039654645669291
11
5.558427047244094
21
-4.0405586220472438
0
LINE
8
BLACK
6
CONTINUOUS
10
5.558427047244094
20
-4.0405586220472438
11
5.558427047244094
21
-4.0705586220472441
0
LINE
8
BLACK
6
CONTINUOUS
10
5.558427047244094
20
-4.0705586220472441
11
5.5582472440944883
21
-4.0714625984251969
0
LINE
8
BLACK
6
CONTINUOUS
10
5.5582472440944883
20
-4.0714625984251969
11
5.5569688188976381
21
-4.0727410236220472
0
LINE
8
BLACK
6
CONTINUOUS
10
5.5569688188976381
20
-4.0727410236220472
11
5.5551608661417324
21
-4.0727410236220472
0
LINE
8
BLACK
6
CONTINUOUS
10
5.5551608661417324
20
-4.0727410236220472
11
5.5538824409448821
21
-4.0714625984251969
0
LINE
8
BLACK
6
CONTINUOUS
10
5.5538824409448821
20
-4.0714625984251969
11
5.5537026377952756
21
-4.0705586220472441
0
LINE
8
BLACK
6
CONTINUOUS
10
5.5537026377952756
20
-4.0705586220472441
11
5.5537026377952756
21
-4.0405586220472438
0
LINE
8
BLACK
6
CONTINUOUS
10
5.5537026377952756
20
-4.0405586220472438
11
5.5538824409448821
21
-4.039654645669291
0
LINE
8
BLACK
6
CONTINUOUS
10
5.5538824409448821
20
-4.039654645669291
11
5.5551608661417324
21
-4.0383762204724407
0
LINE
8
BLACK
6
CONTINUOUS
10
5.5551608661417324
20
-4.0383762204724407
11
5.5569688188976381
21
-4.0383762204724407
0
LINE
8
BLACK
6
CONTINUOUS
10
5.5569688188976381
20
-4.0383762204724407
11
5.5582472440944883
21
-4.039654645669291
0
LINE
8
BLACK
6
CONTINUOUS
10
5.0232472440944882
20
-4.0371546456692915
11
5.0234270472440947
21
-4.0380586220472443
0
LINE
8
BLACK
6
CONTINUOUS
10
5.0234270472440947
20
-4.0380586220472443
11
5.0234270472440947
21
-4.0680586220472437
0
LINE
8
BLACK
6
CONTINUOUS
10
5.0234270472440947
20
-4.0680586220472437
11
5.0232472440944882
21
-4.0689625984251965
0
LINE
8
BLACK
6
CONTINUOUS
10
5.0232472440944882
20
-4.0689625984251965
11
5.0219688188976379
21
-4.0702410236220468
0
LINE
8
BLACK
6
CONTINUOUS
10
5.0219688188976379
20
-4.0702410236220468
11
5.0201608661417323
21
-4.0702410236220468
0
LINE
8
BLACK
6
CONTINUOUS
10
5.0201608661417323
20
-4.0702410236220468
11
5.018882440944882
21
-4.0689625984251965
0
LINE
8
BLACK
6
CONTINUOUS
10
5.018882440944882
20
-4.0689625984251965
11
5.0187026377952755
21
-4.0680586220472437
0
LINE
8
BLACK
6
CONTINUOUS
10
5.0187026377952755
20
-4.0680586220472437
11
5.0187026377952755
21
-4.0380586220472443
0
LINE
8
BLACK
6
CONTINUOUS
10
5.0187026377952755
20
-4.0380586220472443
11
5.018882440944882
21
-4.0371546456692915
0
LINE
8
BLACK
6
CONTINUOUS
10
5.018882440944882
20
-4.0371546456692915
11
5.0201608661417323
21
-4.0358762204724412
0
LINE
8
BLACK
6
CONTINUOUS
10
5.0201608661417323
20
-4.0358762204724412
11
5.0219688188976379
21
-4.0358762204724412
0
LINE
8
BLACK
6
CONTINUOUS
10
5.0219688188976379
20
-4.0358762204724412
11
5.0232472440944882
21
-4.0371546456692915
0
LINE
8
BLACK
6
CONTINUOUS
10
5.0832472440944878
20
-4.0371546456692915
11
5.0834270472440943
21
-4.0380586220472443
0
LINE
8
BLACK
6
CONTINUOUS
10
5.0834270472440943
20
-4.0380586220472443
11
5.0834270472440943
21
-4.0680586220472437
0
LINE
8
BLACK
6
CONTINUOUS
10
5.0834270472440943
20
-4.0680586220472437
11
5.0832472440944878
21
-4.0689625984251965
0
LINE
8
BLACK
6
CONTINUOUS
10
5.0832472440944878
20
-4.0689625984251965
11
5.0819688188976375
21
-4.0702410236220468
0
LINE
8
BLACK
6
CONTINUOUS
10
5.0819688188976375
20
-4.0702410236220468
11
5.0801608661417319
21
-4.0702410236220468
0
LINE
8
BLACK
6
CONTINUOUS
10
5.0801608661417319
20
-4.0702410236220468
11
5.0788824409448816
21
-4.0689625984251965
0
LINE
8
BLACK
6
CONTINUOUS
10
5.0788824409448816
20
-4.0689625984251965
11
5.0787026377952751
21
-4.0680586220472437
0
LINE
8
BLACK
6
CONTINUOUS
10
5.0787026377952751
20
-4.0680586220472437
11
5.0787026377952751
21
-4.0380586220472443
0
LINE
8
BLACK
6
CONTINUOUS
10
5.0787026377952751
20
-4.0380586220472443
11
5.0788824409448816
21
-4.0371546456692915
0
LINE
8
BLACK
6
CONTINUOUS
10
5.0788824409448816
20
-4.0371546456692915
11
5.0801608661417319
21
-4.0358762204724412
0
LINE
8
BLACK
6
CONTINUOUS
10
5.0801608661417319
20
-4.0358762204724412
11
5.0819688188976375
21
-4.0358762204724412
0
LINE
8
BLACK
6
CONTINUOUS
10
5.0819688188976375
20
-4.0358762204724412
11
5.0832472440944878
21
-4.0371546456692915
0
LINE
8
BLACK
6
CONTINUOUS
10
5.573247244094488
20
-4.0371546456692915
11
5.5734270472440945
21
-4.0380586220472443
0
LINE
8
BLACK
6
CONTINUOUS
10
5.5734270472440945
20
-4.0380586220472443
11
5.5734270472440945
21
-4.0680586220472437
0
LINE
8
BLACK
6
CONTINUOUS
10
5.5734270472440945
20
-4.0680586220472437
11
5.573247244094488
21
-4.0689625984251965
0
LINE
8
BLACK
6
CONTINUOUS
10
5.573247244094488
20
-4.0689625984251965
11
5.5719688188976377
21
-4.0702410236220468
0
LINE
8
BLACK
6
CONTINUOUS
10
5.5719688188976377
20
-4.0702410236220468
11
5.5701608661417321
21
-4.0702410236220468
0
LINE
8
BLACK
6
CONTINUOUS
10
5.5701608661417321
20
-4.0702410236220468
11
5.5688824409448818
21
-4.0689625984251965
0
LINE
8
BLACK
6
CONTINUOUS
10
5.5688824409448818
20
-4.0689625984251965
11
5.5687026377952753
21
-4.0680586220472437
0
LINE
8
BLACK
6
CONTINUOUS
10
5.5687026377952753
20
-4.0680586220472437
11
5.5687026377952753
21
-4.0380586220472443
0
LINE
8
BLACK
6
CONTINUOUS
10
5.5687026377952753
20
-4.0380586220472443
11
5.5688824409448818
21
-4.0371546456692915
0
LINE
8
BLACK
6
CONTINUOUS
10
5.5688824409448818
20
-4.0371546456692915
11
5.5701608661417321
21
-4.0358762204724412
0
LINE
8
BLACK
6
CONTINUOUS
10
5.5701608661417321
20
-4.0358762204724412
11
5.5719688188976377
21
-4.0358762204724412
0
LINE
8
BLACK
6
CONTINUOUS
10
5.5719688188976377
20
-4.0358762204724412
11
5.573247244094488
21
-4.0371546456692915
0
LINE
8
BLACK
6
CONTINUOUS
10
5.6332472440944876
20
-4.0371546456692915
11
5.6334270472440942
21
-4.0380586220472443
0
LINE
8
BLACK
6
CONTINUOUS
10
5.6334270472440942
20
-4.0380586220472443
11
5.6334270472440942
21
-4.0680586220472437
0
LINE
8
BLACK
6
CONTINUOUS
10
5.6334270472440942
20
-4.0680586220472437
11
5.6332472440944876
21
-4.0689625984251965
0
LINE
8
BLACK
6
CONTINUOUS
10
5.6332472440944876
20
-4.0689625984251965
11
5.6319688188976373
21
-4.0702410236220468
0
LINE
8
BLACK
6
CONTINUOUS
10
5.6319688188976373
20
-4.0702410236220468
11
5.6301608661417317
21
-4.0702410236220468
0
LINE
8
BLACK
6
CONTINUOUS
10
5.6301608661417317
20
-4.0702410236220468
11
5.6288824409448814
21
-4.0689625984251965
0
LINE
8
BLACK
6
CONTINUOUS
10
5.6288824409448814
20
-4.0689625984251965
11
5.6287026377952758
21
-4.0680586220472437
0
LINE
8
BLACK
6
CONTINUOUS
10
5.6287026377952758
20
-4.0680586220472437
11
5.6287026377952758
21
-4.0380586220472443
0
LINE
8
BLACK
6
CONTINUOUS
10
5.6287026377952758
20
-4.0380586220472443
11
5.6288824409448814
21
-4.0371546456692915
0
LINE
8
BLACK
6
CONTINUOUS
10
5.6288824409448814
20
-4.0371546456692915
11
5.6301608661417317
21
-4.0358762204724412
0
LINE
8
BLACK
6
CONTINUOUS
10
5.6301608661417317
20
-4.0358762204724412
11
5.6319688188976373
21
-4.0358762204724412
0
LINE
8
BLACK
6
CONTINUOUS
10
5.6319688188976373
20
-4.0358762204724412
11
5.6332472440944876
21
-4.0371546456692915
0
LINE
8
BLACK
6
CONTINUOUS
10
5.6482472440944882
20
-4.0371546456692915
11
5.6484270472440947
21
-4.0380586220472443
0
LINE
8
BLACK
6
CONTINUOUS
10
5.6484270472440947
20
-4.0380586220472443
11
5.6484270472440947
21
-4.0680586220472437
0
LINE
8
BLACK
6
CONTINUOUS
10
5.6484270472440947
20
-4.0680586220472437
11
5.6482472440944882
21
-4.0689625984251965
0
LINE
8
BLACK
6
CONTINUOUS
10
5.6482472440944882
20
-4.0689625984251965
11
5.6469688188976379
21
-4.0702410236220468
0
LINE
8
BLACK
6
CONTINUOUS
10
5.6469688188976379
20
-4.0702410236220468
11
5.6451608661417323
21
-4.0702410236220468
0
LINE
8
BLACK
6
CONTINUOUS
10
5.6451608661417323
20
-4.0702410236220468
11
5.643882440944882
21
-4.0689625984251965
0
LINE
8
BLACK
6
CONTINUOUS
10
5.643882440944882
20
-4.0689625984251965
11
5.6437026377952755
21
-4.0680586220472437
0
LINE
8
BLACK
6
CONTINUOUS
10
5.6437026377952755
20
-4.0680586220472437
11
5.6437026377952755
21
-4.0380586220472443
0
LINE
8
BLACK
6
CONTINUOUS
10
5.6437026377952755
20
-4.0380586220472443
11
5.643882440944882
21
-4.0371546456692915
0
LINE
8
BLACK
6
CONTINUOUS
10
5.643882440944882
20
-4.0371546456692915
11
5.6451608661417323
21
-4.0358762204724412
0
LINE
8
BLACK
6
CONTINUOUS
10
5.6451608661417323
20
-4.0358762204724412
11
5.6469688188976379
21
-4.0358762204724412
0
LINE
8
BLACK
6
CONTINUOUS
10
5.6469688188976379
20
-4.0358762204724412
11
5.6482472440944882
21
-4.0371546456692915
0
LINE
8
BLACK
6
CONTINUOUS
10
5.7082472440944878
20
-4.0371546456692915
11
5.7084270472440943
21
-4.0380586220472443
0
LINE
8
BLACK
6
CONTINUOUS
10
5.7084270472440943
20
-4.0380586220472443
11
5.7084270472440943
21
-4.0680586220472437
0
LINE
8
BLACK
6
CONTINUOUS
10
5.7084270472440943
20
-4.0680586220472437
11
5.7082472440944878
21
-4.0689625984251965
0
LINE
8
BLACK
6
CONTINUOUS
10
5.7082472440944878
20
-4.0689625984251965
11
5.7069688188976375
21
-4.0702410236220468
0
LINE
8
BLACK
6
CONTINUOUS
10
5.7069688188976375
20
-4.0702410236220468
11
5.7051608661417319
21
-4.0702410236220468
0
LINE
8
BLACK
6
CONTINUOUS
10
5.7051608661417319
20
-4.0702410236220468
11
5.7038824409448816
21
-4.0689625984251965
0
LINE
8
BLACK
6
CONTINUOUS
10
5.7038824409448816
20
-4.0689625984251965
11
5.7037026377952751
21
-4.0680586220472437
0
LINE
8
BLACK
6
CONTINUOUS
10
5.7037026377952751
20
-4.0680586220472437
11
5.7037026377952751
21
-4.0380586220472443
0
LINE
8
BLACK
6
CONTINUOUS
10
5.7037026377952751
20
-4.0380586220472443
11
5.7038824409448816
21
-4.0371546456692915
0
LINE
8
BLACK
6
CONTINUOUS
10
5.7038824409448816
20
-4.0371546456692915
11
5.7051608661417319
21
-4.0358762204724412
0
LINE
8
BLACK
6
CONTINUOUS
10
5.7051608661417319
20
-4.0358762204724412
11
5.7069688188976375
21
-4.0358762204724412
0
LINE
8
BLACK
6
CONTINUOUS
10
5.7069688188976375
20
-4.0358762204724412
11
5.7082472440944878
21
-4.0371546456692915
0
LINE
8
BLACK
6
CONTINUOUS
10
6.3532472440944883
20
-4.0281546456692912
11
6.3534270472440939
21
-4.029058622047244
0
LINE
8
BLACK
6
CONTINUOUS
10
6.3534270472440939
20
-4.029058622047244
11
6.3534270472440939
21
-4.0590586220472442
0
LINE
8
BLACK
6
CONTINUOUS
10
6.3534270472440939
20
-4.0590586220472442
11
6.3532472440944883
21
-4.059962598425197
0
LINE
8
BLACK
6
CONTINUOUS
10
6.3532472440944883
20
-4.059962598425197
11
6.351968818897638
21
-4.0612410236220473
0
LINE
8
BLACK
6
CONTINUOUS
10
6.351968818897638
20
-4.0612410236220473
11
6.3501608661417324
21
-4.0612410236220473
0
LINE
8
BLACK
6
CONTINUOUS
10
6.3501608661417324
20
-4.0612410236220473
11
6.3488824409448821
21
-4.059962598425197
0
LINE
8
BLACK
6
CONTINUOUS
10
6.3488824409448821
20
-4.059962598425197
11
6.3487026377952755
21
-4.0590586220472442
0
LINE
8
BLACK
6
CONTINUOUS
10
6.3487026377952755
20
-4.0590586220472442
11
6.3487026377952755
21
-4.029058622047244
0
LINE
8
BLACK
6
CONTINUOUS
10
6.3487026377952755
20
-4.029058622047244
11
6.3488824409448821
21
-4.0281546456692912
0
LINE
8
BLACK
6
CONTINUOUS
10
6.3488824409448821
20
-4.0281546456692912
11
6.3501608661417324
21
-4.0268762204724409
0
LINE
8
BLACK
6
CONTINUOUS
10
6.3501608661417324
20
-4.0268762204724409
11
6.351968818897638
21
-4.0268762204724409
0
LINE
8
BLACK
6
CONTINUOUS
10
6.351968818897638
20
-4.0268762204724409
11
6.3532472440944883
21
-4.0281546456692912
0
LINE
8
BLACK
6
CONTINUOUS
10
6.4132472440944879
20
-4.0281546456692912
11
6.4134270472440944
21
-4.029058622047244
0
LINE
8
BLACK
6
CONTINUOUS
10
6.4134270472440944
20
-4.029058622047244
11
6.4134270472440944
21
-4.0590586220472442
0
LINE
8
BLACK
6
CONTINUOUS
10
6.4134270472440944
20
-4.0590586220472442
11
6.4132472440944879
21
-4.059962598425197
0
LINE
8
BLACK
6
CONTINUOUS
10
6.4132472440944879
20
-4.059962598425197
11
6.4119688188976376
21
-4.0612410236220473
0
LINE
8
BLACK
6
CONTINUOUS
10
6.4119688188976376
20
-4.0612410236220473
11
6.410160866141732
21
-4.0612410236220473
0
LINE
8
BLACK
6
CONTINUOUS
10
6.410160866141732
20
-4.0612410236220473
11
6.4088824409448817
21
-4.059962598425197
0
LINE
8
BLACK
6
CONTINUOUS
10
6.4088824409448817
20
-4.059962598425197
11
6.4087026377952752
21
-4.0590586220472442
0
LINE
8
BLACK
6
CONTINUOUS
10
6.4087026377952752
20
-4.0590586220472442
11
6.4087026377952752
21
-4.029058622047244
0
LINE
8
BLACK
6
CONTINUOUS
10
6.4087026377952752
20
-4.029058622047244
11
6.4088824409448817
21
-4.0281546456692912
0
LINE
8
BLACK
6
CONTINUOUS
10
6.4088824409448817
20
-4.0281546456692912
11
6.410160866141732
21
-4.0268762204724409
0
LINE
8
BLACK
6
CONTINUOUS
10
6.410160866141732
20
-4.0268762204724409
11
6.4119688188976376
21
-4.0268762204724409
0
LINE
8
BLACK
6
CONTINUOUS
10
6.4119688188976376
20
-4.0268762204724409
11
6.4132472440944879
21
-4.0281546456692912
0
LINE
8
BLACK
6
CONTINUOUS
10
6.5532472440944884
20
-4.0281546456692912
11
6.5534270472440941
21
-4.029058622047244
0
LINE
8
BLACK
6
CONTINUOUS
10
6.5534270472440941
20
-4.029058622047244
11
6.5534270472440941
21
-4.0590586220472442
0
LINE
8
BLACK
6
CONTINUOUS
10
6.5534270472440941
20
-4.0590586220472442
11
6.5532472440944884
21
-4.059962598425197
0
LINE
8
BLACK
6
CONTINUOUS
10
6.5532472440944884
20
-4.059962598425197
11
6.5519688188976373
21
-4.0612410236220473
0
LINE
8
BLACK
6
CONTINUOUS
10
6.5519688188976373
20
-4.0612410236220473
11
6.5501608661417325
21
-4.0612410236220473
0
LINE
8
BLACK
6
CONTINUOUS
10
6.5501608661417325
20
-4.0612410236220473
11
6.5488824409448814
21
-4.059962598425197
0
LINE
8
BLACK
6
CONTINUOUS
10
6.5488824409448814
20
-4.059962598425197
11
6.5487026377952757
21
-4.0590586220472442
0
LINE
8
BLACK
6
CONTINUOUS
10
6.5487026377952757
20
-4.0590586220472442
11
6.5487026377952757
21
-4.029058622047244
0
LINE
8
BLACK
6
CONTINUOUS
10
6.5487026377952757
20
-4.029058622047244
11
6.5488824409448814
21
-4.0281546456692912
0
LINE
8
BLACK
6
CONTINUOUS
10
6.5488824409448814
20
-4.0281546456692912
11
6.5501608661417325
21
-4.0268762204724409
0
LINE
8
BLACK
6
CONTINUOUS
10
6.5501608661417325
20
-4.0268762204724409
11
6.5519688188976373
21
-4.0268762204724409
0
LINE
8
BLACK
6
CONTINUOUS
10
6.5519688188976373
20
-4.0268762204724409
11
6.5532472440944884
21
-4.0281546456692912
0
LINE
8
BLACK
6
CONTINUOUS
10
6.6132472440944881
20
-4.0281546456692912
11
6.6134270472440946
21
-4.029058622047244
0
LINE
8
BLACK
6
CONTINUOUS
10
6.6134270472440946
20
-4.029058622047244
11
6.6134270472440946
21
-4.0590586220472442
0
LINE
8
BLACK
6
CONTINUOUS
10
6.6134270472440946
20
-4.0590586220472442
11
6.6132472440944881
21
-4.059962598425197
0
LINE
8
BLACK
6
CONTINUOUS
10
6.6132472440944881
20
-4.059962598425197
11
6.6119688188976378
21
-4.0612410236220473
0
LINE
8
BLACK
6
CONTINUOUS
10
6.6119688188976378
20
-4.0612410236220473
11
6.6101608661417321
21
-4.0612410236220473
0
LINE
8
BLACK
6
CONTINUOUS
10
6.6101608661417321
20
-4.0612410236220473
11
6.6088824409448819
21
-4.059962598425197
0
LINE
8
BLACK
6
CONTINUOUS
10
6.6088824409448819
20
-4.059962598425197
11
6.6087026377952753
21
-4.0590586220472442
0
LINE
8
BLACK
6
CONTINUOUS
10
6.6087026377952753
20
-4.0590586220472442
11
6.6087026377952753
21
-4.029058622047244
0
LINE
8
BLACK
6
CONTINUOUS
10
6.6087026377952753
20
-4.029058622047244
11
6.6088824409448819
21
-4.0281546456692912
0
LINE
8
BLACK
6
CONTINUOUS
10
6.6088824409448819
20
-4.0281546456692912
11
6.6101608661417321
21
-4.0268762204724409
0
LINE
8
BLACK
6
CONTINUOUS
10
6.6101608661417321
20
-4.0268762204724409
11
6.6119688188976378
21
-4.0268762204724409
0
LINE
8
BLACK
6
CONTINUOUS
10
6.6119688188976378
20
-4.0268762204724409
11
6.6132472440944881
21
-4.0281546456692912
0
LINE
8
BLACK
6
CONTINUOUS
10
6.7032472440944879
20
-4.0281546456692912
11
6.7034270472440944
21
-4.029058622047244
0
LINE
8
BLACK
6
CONTINUOUS
10
6.7034270472440944
20
-4.029058622047244
11
6.7034270472440944
21
-4.0590586220472442
0
LINE
8
BLACK
6
CONTINUOUS
10
6.7034270472440944
20
-4.0590586220472442
11
6.7032472440944879
21
-4.059962598425197
0
LINE
8
BLACK
6
CONTINUOUS
10
6.7032472440944879
20
-4.059962598425197
11
6.7019688188976376
21
-4.0612410236220473
0
LINE
8
BLACK
6
CONTINUOUS
10
6.7019688188976376
20
-4.0612410236220473
11
6.700160866141732
21
-4.0612410236220473
0
LINE
8
BLACK
6
CONTINUOUS
10
6.700160866141732
20
-4.0612410236220473
11
6.6988824409448817
21
-4.059962598425197
0
LINE
8
BLACK
6
CONTINUOUS
10
6.6988824409448817
20
-4.059962598425197
11
6.6987026377952752
21
-4.0590586220472442
0
LINE
8
BLACK
6
CONTINUOUS
10
6.6987026377952752
20
-4.0590586220472442
11
6.6987026377952752
21
-4.029058622047244
0
LINE
8
BLACK
6
CONTINUOUS
10
6.6987026377952752
20
-4.029058622047244
11
6.6988824409448817
21
-4.0281546456692912
0
LINE
8
BLACK
6
CONTINUOUS
10
6.6988824409448817
20
-4.0281546456692912
11
6.700160866141732
21
-4.0268762204724409
0
LINE
8
BLACK
6
CONTINUOUS
10
6.700160866141732
20
-4.0268762204724409
11
6.7019688188976376
21
-4.0268762204724409
0
LINE
8
BLACK
6
CONTINUOUS
10
6.7019688188976376
20
-4.0268762204724409
11
6.7032472440944879
21
-4.0281546456692912
0
LINE
8
BLACK
6
CONTINUOUS
10
6.7632472440944884
20
-4.0281546456692912
11
6.763427047244094
21
-4.029058622047244
0
LINE
8
BLACK
6
CONTINUOUS
10
6.763427047244094
20
-4.029058622047244
11
6.763427047244094
21
-4.0590586220472442
0
LINE
8
BLACK
6
CONTINUOUS
10
6.763427047244094
20
-4.0590586220472442
11
6.7632472440944884
21
-4.059962598425197
0
LINE
8
BLACK
6
CONTINUOUS
10
6.7632472440944884
20
-4.059962598425197
11
6.7619688188976372
21
-4.0612410236220473
0
LINE
8
BLACK
6
CONTINUOUS
10
6.7619688188976372
20
-4.0612410236220473
11
6.7601608661417325
21
-4.0612410236220473
0
LINE
8
BLACK
6
CONTINUOUS
10
6.7601608661417325
20
-4.0612410236220473
11
6.7588824409448813
21
-4.059962598425197
0
LINE
8
BLACK
6
CONTINUOUS
10
6.7588824409448813
20
-4.059962598425197
11
6.7587026377952757
21
-4.0590586220472442
0
LINE
8
BLACK
6
CONTINUOUS
10
6.7587026377952757
20
-4.0590586220472442
11
6.7587026377952757
21
-4.029058622047244
0
LINE
8
BLACK
6
CONTINUOUS
10
6.7587026377952757
20
-4.029058622047244
11
6.7588824409448813
21
-4.0281546456692912
0
LINE
8
BLACK
6
CONTINUOUS
10
6.7588824409448813
20
-4.0281546456692912
11
6.7601608661417325
21
-4.0268762204724409
0
LINE
8
BLACK
6
CONTINUOUS
10
6.7601608661417325
20
-4.0268762204724409
11
6.7619688188976372
21
-4.0268762204724409
0
LINE
8
BLACK
6
CONTINUOUS
10
6.7619688188976372
20
-4.0268762204724409
11
6.7632472440944884
21
-4.0281546456692912
0
LINE
8
BLACK
6
CONTINUOUS
10
6.2732472440944882
20
-4.0121546456692911
11
6.2734270472440947
21
-4.013058622047244
0
LINE
8
BLACK
6
CONTINUOUS
10
6.2734270472440947
20
-4.013058622047244
11
6.2734270472440947
21
-4.0430586220472442
0
LINE
8
BLACK
6
CONTINUOUS
10
6.2734270472440947
20
-4.0430586220472442
11
6.2732472440944882
21
-4.043962598425197
0
LINE
8
BLACK
6
CONTINUOUS
10
6.2732472440944882
20
-4.043962598425197
11
6.2719688188976379
21
-4.0452410236220473
0
LINE
8
BLACK
6
CONTINUOUS
10
6.2719688188976379
20
-4.0452410236220473
11
6.2701608661417323
21
-4.0452410236220473
0
LINE
8
BLACK
6
CONTINUOUS
10
6.2701608661417323
20
-4.0452410236220473
11
6.268882440944882
21
-4.043962598425197
0
LINE
8
BLACK
6
CONTINUOUS
10
6.268882440944882
20
-4.043962598425197
11
6.2687026377952755
21
-4.0430586220472442
0
LINE
8
BLACK
6
CONTINUOUS
10
6.2687026377952755
20
-4.0430586220472442
11
6.2687026377952755
21
-4.013058622047244
0
LINE
8
BLACK
6
CONTINUOUS
10
6.2687026377952755
20
-4.013058622047244
11
6.268882440944882
21
-4.0121546456692911
0
LINE
8
BLACK
6
CONTINUOUS
10
6.268882440944882
20
-4.0121546456692911
11
6.2701608661417323
21
-4.0108762204724409
0
LINE
8
BLACK
6
CONTINUOUS
10
6.2701608661417323
20
-4.0108762204724409
11
6.2719688188976379
21
-4.0108762204724409
0
LINE
8
BLACK
6
CONTINUOUS
10
6.2719688188976379
20
-4.0108762204724409
11
6.2732472440944882
21
-4.0121546456692911
0
LINE
8
BLACK
6
CONTINUOUS
10
6.3332472440944878
20
-4.0121546456692911
11
6.3334270472440943
21
-4.013058622047244
0
LINE
8
BLACK
6
CONTINUOUS
10
6.3334270472440943
20
-4.013058622047244
11
6.3334270472440943
21
-4.0430586220472442
0
LINE
8
BLACK
6
CONTINUOUS
10
6.3334270472440943
20
-4.0430586220472442
11
6.3332472440944878
21
-4.043962598425197
0
LINE
8
BLACK
6
CONTINUOUS
10
6.3332472440944878
20
-4.043962598425197
11
6.3319688188976375
21
-4.0452410236220473
0
LINE
8
BLACK
6
CONTINUOUS
10
6.3319688188976375
20
-4.0452410236220473
11
6.3301608661417319
21
-4.0452410236220473
0
LINE
8
BLACK
6
CONTINUOUS
10
6.3301608661417319
20
-4.0452410236220473
11
6.3288824409448816
21
-4.043962598425197
0
LINE
8
BLACK
6
CONTINUOUS
10
6.3288824409448816
20
-4.043962598425197
11
6.3287026377952751
21
-4.0430586220472442
0
LINE
8
BLACK
6
CONTINUOUS
10
6.3287026377952751
20
-4.0430586220472442
11
6.3287026377952751
21
-4.013058622047244
0
LINE
8
BLACK
6
CONTINUOUS
10
6.3287026377952751
20
-4.013058622047244
11
6.3288824409448816
21
-4.0121546456692911
0
LINE
8
BLACK
6
CONTINUOUS
10
6.3288824409448816
20
-4.0121546456692911
11
6.3301608661417319
21
-4.0108762204724409
0
LINE
8
BLACK
6
CONTINUOUS
10
6.3301608661417319
20
-4.0108762204724409
11
6.3319688188976375
21
-4.0108762204724409
0
LINE
8
BLACK
6
CONTINUOUS
10
6.3319688188976375
20
-4.0108762204724409
11
6.3332472440944878
21
-4.0121546456692911
0
LINE
8
BLACK
6
CONTINUOUS
10
5.3099409448818893
20
-4.0070673228346454
11
5.3100388976377948
21
-4.0071078740157482
0
LINE
8
BLACK
6
CONTINUOUS
10
5.3100388976377948
20
-4.0071078740157482
11
5.3101448031496066
21
-4.007115433070866
0
LINE
8
BLACK
6
CONTINUOUS
10
5.3101448031496066
20
-4.007115433070866
11
5.310685393700787
21
-4.0073223228346455
0
LINE
8
BLACK
6
CONTINUOUS
10
5.310685393700787
20
-4.0073223228346455
11
5.3154473228346459
21
-4.0097033070866139
0
LINE
8
BLACK
6
CONTINUOUS
10
5.3154473228346459
20
-4.0097033070866139
11
5.3156951181102361
21
-4.0098592913385822
0
LINE
8
BLACK
6
CONTINUOUS
10
5.3156951181102361
20
-4.0098592913385822
11
5.3157672047244091
21
-4.0098891732283466
0
LINE
8
BLACK
6
CONTINUOUS
10
5.3157672047244091
20
-4.0098891732283466
11
5.3158483858267713
21
-4.0099557874015748
0
LINE
8
BLACK
6
CONTINUOUS
10
5.3158483858267713
20
-4.0099557874015748
11
5.315937165354331
21
-4.0100116929133858
0
LINE
8
BLACK
6
CONTINUOUS
10
5.315937165354331
20
-4.0100116929133858
11
5.3159881889763776
21
-4.0100705511811023
0
LINE
8
BLACK
6
CONTINUOUS
10
5.3159881889763776
20
-4.0100705511811023
11
5.3162146850393697
21
-4.0102564173228341
0
LINE
8
BLACK
6
CONTINUOUS
10
5.3162146850393697
20
-4.0102564173228341
11
5.3185956692913381
21
-4.0126373622047247
0
LINE
8
BLACK
6
CONTINUOUS
10
5.3185956692913381
20
-4.0126373622047247
11
5.3187814173228345
21
-4.0128637007874017
0
LINE
8
BLACK
6
CONTINUOUS
10
5.3187814173228345
20
-4.0128637007874017
11
5.3188404330708661
21
-4.0129148818897633
0
LINE
8
BLACK
6
CONTINUOUS
10
5.3188404330708661
20
-4.0129148818897633
11
5.3188963779527558
21
-4.013003818897638
0
LINE
8
BLACK
6
CONTINUOUS
10
5.3188963779527558
20
-4.013003818897638
11
5.3189628740157477
21
-4.0130848031496065
0
LINE
8
BLACK
6
CONTINUOUS
10
5.3189628740157477
20
-4.0130848031496065
11
5.3189926771653546
21
-4.0131567322834645
0
LINE
8
BLACK
6
CONTINUOUS
10
5.3189926771653546
20
-4.0131567322834645
11
5.3191487795275592
21
-4.0134047637795272
0
LINE
8
BLACK
6
CONTINUOUS
10
5.3191487795275592
20
-4.0134047637795272
11
5.3215297244094488
21
-4.0181666535433074
0
LINE
8
BLACK
6
CONTINUOUS
10
5.3215297244094488
20
-4.0181666535433074
11
5.3217366141732283
21
-4.0187072440944878
0
LINE
8
BLACK
6
CONTINUOUS
10
5.3217366141732283
20
-4.0187072440944878
11
5.3217441338582674
21
-4.0188131102362208
0
LINE
8
BLACK
6
CONTINUOUS
10
5.3217441338582674
20
-4.0188131102362208
11
5.3217847244094489
21
-4.0189111023622051
0
LINE
8
BLACK
6
CONTINUOUS
10
5.3217847244094489
20
-4.0189111023622051
11
5.3218414566929129
21
-4.0194871653543309
0
LINE
8
BLACK
6
CONTINUOUS
10
5.3218414566929129
20
-4.0194871653543309
11
5.3218414566929129
21
-4.0290109842519684
0
LINE
8
BLACK
6
CONTINUOUS
10
5.3218414566929129
20
-4.0290109842519684
11
5.3217847244094489
21
-4.0295870472440942
0
LINE
8
BLACK
6
CONTINUOUS
10
5.3217847244094489
20
-4.0295870472440942
11
5.3217441338582674
21
-4.0296849999999997
0
LINE
8
BLACK
6
CONTINUOUS
10
5.3217441338582674
20
-4.0296849999999997
11
5.3217366141732283
21
-4.0297909055118106
0
LINE
8
BLACK
6
CONTINUOUS
10
5.3217366141732283
20
-4.0297909055118106
11
5.3215297244094488
21
-4.0303314960629919
0
LINE
8
BLACK
6
CONTINUOUS
10
5.3215297244094488
20
-4.0303314960629919
11
5.3191487795275592
21
-4.0350933858267712
0
LINE
8
BLACK
6
CONTINUOUS
10
5.3191487795275592
20
-4.0350933858267712
11
5.3189926771653546
21
-4.035341377952756
0
LINE
8
BLACK
6
CONTINUOUS
10
5.3189926771653546
20
-4.035341377952756
11
5.3189628740157477
21
-4.0354133464566928
0
LINE
8
BLACK
6
CONTINUOUS
10
5.3189628740157477
20
-4.0354133464566928
11
5.3188963779527558
21
-4.0354942913385825
0
LINE
8
BLACK
6
CONTINUOUS
10
5.3188963779527558
20
-4.0354942913385825
11
5.3188404330708661
21
-4.0355832677165351
0
LINE
8
BLACK
6
CONTINUOUS
10
5.3188404330708661
20
-4.0355832677165351
11
5.3187814173228345
21
-4.0356344094488188
0
LINE
8
BLACK
6
CONTINUOUS
10
5.3187814173228345
20
-4.0356344094488188
11
5.3185956692913381
21
-4.0358607874015746
0
LINE
8
BLACK
6
CONTINUOUS
10
5.3185956692913381
20
-4.0358607874015746
11
5.3162146850393697
21
-4.038241771653543
0
LINE
8
BLACK
6
CONTINUOUS
10
5.3162146850393697
20
-4.038241771653543
11
5.3159881889763776
21
-4.0384275984251969
0
LINE
8
BLACK
6
CONTINUOUS
10
5.3159881889763776
20
-4.0384275984251969
11
5.3159371259842523
21
-4.038486535433071
0
LINE
8
BLACK
6
CONTINUOUS
10
5.3159371259842523
20
-4.038486535433071
11
5.3158483070866138
21
-4.0385424015748033
0
LINE
8
BLACK
6
CONTINUOUS
10
5.3158483070866138
20
-4.0385424015748033
11
5.3157672440944879
21
-4.0386089763779527
0
LINE
8
BLACK
6
CONTINUOUS
10
5.3157672440944879
20
-4.0386089763779527
11
5.3156951968503936
21
-4.0386387795275587
0
LINE
8
BLACK
6
CONTINUOUS
10
5.3156951968503936
20
-4.0386387795275587
11
5.3154472834645672
21
-4.0387948818897641
0
LINE
8
BLACK
6
CONTINUOUS
10
5.3154472834645672
20
-4.0387948818897641
11
5.310685393700787
21
-4.0411758267716538
0
LINE
8
BLACK
6
CONTINUOUS
10
5.310685393700787
20
-4.0411758267716538
11
5.3101447637795278
21
-4.0413827165354332
0
LINE
8
BLACK
6
CONTINUOUS
10
5.3101447637795278
20
-4.0413827165354332
11
5.3100389370078735
21
-4.0413901968503936
0
LINE
8
BLACK
6
CONTINUOUS
10
5.3100389370078735
20
-4.0413901968503936
11
5.3099409448818893
21
-4.0414308267716539
0
LINE
8
BLACK
6
CONTINUOUS
10
5.3099409448818893
20
-4.0414308267716539
11
5.3093648818897634
21
-4.0414875590551178
0
LINE
8
BLACK
6
CONTINUOUS
10
5.3093648818897634
20
-4.0414875590551178
11
5.268888700787401
21
-4.0414875590551178
0
LINE
8
BLACK
6
CONTINUOUS
10
5.268888700787401
20
-4.0414875590551178
11
5.2683126377952751
21
-4.0414308267716539
0
LINE
8
BLACK
6
CONTINUOUS
10
5.2683126377952751
20
-4.0414308267716539
11
5.2672482283464568
21
-4.0409899212598424
0
LINE
8
BLACK
6
CONTINUOUS
10
5.2672482283464568
20
-4.0409899212598424
11
5.2664335826771653
21
-4.0401752755905509
0
LINE
8
BLACK
6
CONTINUOUS
10
5.2664335826771653
20
-4.0401752755905509
11
5.2659926771653538
21
-4.0391108661417325
0
LINE
8
BLACK
6
CONTINUOUS
10
5.2659926771653538
20
-4.0391108661417325
11
5.2659926771653538
21
-4.0379587401574799
0
LINE
8
BLACK
6
CONTINUOUS
10
5.2659926771653538
20
-4.0379587401574799
11
5.2664335826771653
21
-4.0368943307086615
0
LINE
8
BLACK
6
CONTINUOUS
10
5.2664335826771653
20
-4.0368943307086615
11
5.2672482283464568
21
-4.0360796850393701
0
LINE
8
BLACK
6
CONTINUOUS
10
5.2672482283464568
20
-4.0360796850393701
11
5.2683126377952751
21
-4.0356387795275586
0
LINE
8
BLACK
6
CONTINUOUS
10
5.2683126377952751
20
-4.0356387795275586
11
5.268888700787401
21
-4.0355820472440946
0
LINE
8
BLACK
6
CONTINUOUS
10
5.268888700787401
20
-4.0355820472440946
11
5.3086678346456688
21
-4.0355820472440946
0
LINE
8
BLACK
6
CONTINUOUS
10
5.3086678346456688
20
-4.0355820472440946
11
5.3123776771653546
21
-4.0337271259842522
0
LINE
8
BLACK
6
CONTINUOUS
10
5.3123776771653546
20
-4.0337271259842522
11
5.3140810236220473
21
-4.0320237795275586
0
LINE
8
BLACK
6
CONTINUOUS
10
5.3140810236220473
20
-4.0320237795275586
11
5.3159359448818897
21
-4.0283139370078738
0
LINE
8
BLACK
6
CONTINUOUS
10
5.3159359448818897
20
-4.0283139370078738
11
5.3159359448818897
21
-4.0201842125984255
0
LINE
8
BLACK
6
CONTINUOUS
10
5.3159359448818897
20
-4.0201842125984255
11
5.3140810236220473
21
-4.0164743700787398
0
LINE
8
BLACK
6
CONTINUOUS
10
5.3140810236220473
20
-4.0164743700787398
11
5.3123776771653546
21
-4.0147710236220471
0
LINE
8
BLACK
6
CONTINUOUS
10
5.3123776771653546
20
-4.0147710236220471
11
5.3086678346456688
21
-4.0129161023622046
0
LINE
8
BLACK
6
CONTINUOUS
10
5.3086678346456688
20
-4.0129161023622046
11
5.268888700787401
21
-4.0129161023622046
0
LINE
8
BLACK
6
CONTINUOUS
10
5.268888700787401
20
-4.0129161023622046
11
5.2683126377952751
21
-4.0128593700787398
0
LINE
8
BLACK
6
CONTINUOUS
10
5.2683126377952751
20
-4.0128593700787398
11
5.2672482283464568
21
-4.0124184645669292
0
LINE
8
BLACK
6
CONTINUOUS
10
5.2672482283464568
20
-4.0124184645669292
11
5.2664335826771653
21
-4.0116038188976377
0
LINE
8
BLACK
6
CONTINUOUS
10
5.2664335826771653
20
-4.0116038188976377
11
5.2659926771653538
21
-4.0105394094488185
0
LINE
8
BLACK
6
CONTINUOUS
10
5.2659926771653538
20
-4.0105394094488185
11
5.2659926771653538
21
-4.0093872834645667
0
LINE
8
BLACK
6
CONTINUOUS
10
5.2659926771653538
20
-4.0093872834645667
11
5.2664335826771653
21
-4.0083228740157484
0
LINE
8
BLACK
6
CONTINUOUS
10
5.2664335826771653
20
-4.0083228740157484
11
5.2672482283464568
21
-4.0075082283464569
0
LINE
8
BLACK
6
CONTINUOUS
10
5.2672482283464568
20
-4.0075082283464569
11
5.2683126377952751
21
-4.0070673228346454
0
LINE
8
BLACK
6
CONTINUOUS
10
5.2683126377952751
20
-4.0070673228346454
11
5.268888700787401
21
-4.0070105905511806
0
LINE
8
BLACK
6
CONTINUOUS
10
5.268888700787401
20
-4.0070105905511806
11
5.3093648818897634
21
-4.0070105905511806
0
LINE
8
BLACK
6
CONTINUOUS
10
5.3093648818897634
20
-4.0070105905511806
11
5.3099409448818893
21
-4.0070673228346454
0
LINE
8
BLACK
6
CONTINUOUS
10
6.2316409055118109
20
-4.0101625984251967
11
6.2327053149606302
21
-4.0106035039370074
0
LINE
8
BLACK
6
CONTINUOUS
10
6.2327053149606302
20
-4.0106035039370074
11
6.2335199606299208
21
-4.0114181496062988
0
LINE
8
BLACK
6
CONTINUOUS
10
6.2335199606299208
20
-4.0114181496062988
11
6.2339608661417323
21
-4.0124825590551181
0
LINE
8
BLACK
6
CONTINUOUS
10
6.2339608661417323
20
-4.0124825590551181
11
6.2339608661417323
21
-4.0136346850393698
0
LINE
8
BLACK
6
CONTINUOUS
10
6.2339608661417323
20
-4.0136346850393698
11
6.2335199606299208
21
-4.0146990944881891
0
LINE
8
BLACK
6
CONTINUOUS
10
6.2335199606299208
20
-4.0146990944881891
11
6.2327053149606302
21
-4.0155137401574805
0
LINE
8
BLACK
6
CONTINUOUS
10
6.2327053149606302
20
-4.0155137401574805
11
6.2316409055118109
21
-4.0159546456692912
0
LINE
8
BLACK
6
CONTINUOUS
10
6.2316409055118109
20
-4.0159546456692912
11
6.2310648425196851
21
-4.016011377952756
0
LINE
8
BLACK
6
CONTINUOUS
10
6.2310648425196851
20
-4.016011377952756
11
6.1710648425196846
21
-4.016011377952756
0
LINE
8
BLACK
6
CONTINUOUS
10
6.1710648425196846
20
-4.016011377952756
11
6.1704887795275587
21
-4.0159546456692912
0
LINE
8
BLACK
6
CONTINUOUS
10
6.1704887795275587
20
-4.0159546456692912
11
6.1694243700787403
21
-4.0155137401574805
0
LINE
8
BLACK
6
CONTINUOUS
10
6.1694243700787403
20
-4.0155137401574805
11
6.1686097244094489
21
-4.0146990944881891
0
LINE
8
BLACK
6
CONTINUOUS
10
6.1686097244094489
20
-4.0146990944881891
11
6.1681688188976374
21
-4.0136346850393698
0
LINE
8
BLACK
6
CONTINUOUS
10
6.1681688188976374
20
-4.0136346850393698
11
6.1681688188976374
21
-4.0124825590551181
0
LINE
8
BLACK
6
CONTINUOUS
10
6.1681688188976374
20
-4.0124825590551181
11
6.1686097244094489
21
-4.0114181496062988
0
LINE
8
BLACK
6
CONTINUOUS
10
6.1686097244094489
20
-4.0114181496062988
11
6.1694243700787403
21
-4.0106035039370074
0
LINE
8
BLACK
6
CONTINUOUS
10
6.1694243700787403
20
-4.0106035039370074
11
6.1704887795275587
21
-4.0101625984251967
0
LINE
8
BLACK
6
CONTINUOUS
10
6.1704887795275587
20
-4.0101625984251967
11
6.1710648425196846
21
-4.0101058661417319
0
LINE
8
BLACK
6
CONTINUOUS
10
6.1710648425196846
20
-4.0101058661417319
11
6.2310648425196851
21
-4.0101058661417319
0
LINE
8
BLACK
6
CONTINUOUS
10
6.2310648425196851
20
-4.0101058661417319
11
6.2316409055118109
21
-4.0101625984251967
0
LINE
8
BLACK
6
CONTINUOUS
10
5.5566409055118111
20
-3.9926625984251967
11
5.5577053149606295
21
-3.9931035039370077
0
LINE
8
BLACK
6
CONTINUOUS
10
5.5577053149606295
20
-3.9931035039370077
11
5.5585199606299209
21
-3.9939181496062992
0
LINE
8
BLACK
6
CONTINUOUS
10
5.5585199606299209
20
-3.9939181496062992
11
5.5589608661417325
21
-3.994982559055118
0
LINE
8
BLACK
6
CONTINUOUS
10
5.5589608661417325
20
-3.994982559055118
11
5.5589608661417325
21
-3.9961346850393702
0
LINE
8
BLACK
6
CONTINUOUS
10
5.5589608661417325
20
-3.9961346850393702
11
5.5585199606299209
21
-3.997199094488189
0
LINE
8
BLACK
6
CONTINUOUS
10
5.5585199606299209
20
-3.997199094488189
11
5.5577053149606295
21
-3.99801374015748
0
LINE
8
BLACK
6
CONTINUOUS
10
5.5577053149606295
20
-3.99801374015748
11
5.5566409055118111
21
-3.9984546456692911
0
LINE
8
BLACK
6
CONTINUOUS
10
5.5566409055118111
20
-3.9984546456692911
11
5.5560648425196852
21
-3.9985113779527559
0
LINE
8
BLACK
6
CONTINUOUS
10
5.5560648425196852
20
-3.9985113779527559
11
5.4960648425196847
21
-3.9985113779527559
0
LINE
8
BLACK
6
CONTINUOUS
10
5.4960648425196847
20
-3.9985113779527559
11
5.4954887795275589
21
-3.9984546456692911
0
LINE
8
BLACK
6
CONTINUOUS
10
5.4954887795275589
20
-3.9984546456692911
11
5.4944243700787396
21
-3.99801374015748
0
LINE
8
BLACK
6
CONTINUOUS
10
5.4944243700787396
20
-3.99801374015748
11
5.4936097244094491
21
-3.997199094488189
0
LINE
8
BLACK
6
CONTINUOUS
10
5.4936097244094491
20
-3.997199094488189
11
5.4931688188976375
21
-3.9961346850393702
0
LINE
8
BLACK
6
CONTINUOUS
10
5.4931688188976375
20
-3.9961346850393702
11
5.4931688188976375
21
-3.994982559055118
0
LINE
8
BLACK
6
CONTINUOUS
10
5.4931688188976375
20
-3.994982559055118
11
5.4936097244094491
21
-3.9939181496062992
0
LINE
8
BLACK
6
CONTINUOUS
10
5.4936097244094491
20
-3.9939181496062992
11
5.4944243700787396
21
-3.9931035039370077
0
LINE
8
BLACK
6
CONTINUOUS
10
5.4944243700787396
20
-3.9931035039370077
11
5.4954887795275589
21
-3.9926625984251967
0
LINE
8
BLACK
6
CONTINUOUS
10
5.4954887795275589
20
-3.9926625984251967
11
5.4960648425196847
21
-3.9926058661417323
0
LINE
8
BLACK
6
CONTINUOUS
10
5.4960648425196847
20
-3.9926058661417323
11
5.5560648425196852
21
-3.9926058661417323
0
LINE
8
BLACK
6
CONTINUOUS
10
5.5560648425196852
20
-3.9926058661417323
11
5.5566409055118111
21
-3.9926625984251967
0
LINE
8
BLACK
6
CONTINUOUS
10
5.0816409055118106
20
-3.9901625984251967
11
5.0827053149606298
21
-3.9906035039370078
0
LINE
8
BLACK
6
CONTINUOUS
10
5.0827053149606298
20
-3.9906035039370078
11
5.0835199606299213
21
-3.9914181496062993
0
LINE
8
BLACK
6
CONTINUOUS
10
5.0835199606299213
20
-3.9914181496062993
11
5.0839608661417319
21
-3.9924825590551181
0
LINE
8
BLACK
6
CONTINUOUS
10
5.0839608661417319
20
-3.9924825590551181
11
5.0839608661417319
21
-3.9936346850393698
0
LINE
8
BLACK
6
CONTINUOUS
10
5.0839608661417319
20
-3.9936346850393698
11
5.0835199606299213
21
-3.9946990944881891
0
LINE
8
BLACK
6
CONTINUOUS
10
5.0835199606299213
20
-3.9946990944881891
11
5.0827053149606298
21
-3.9955137401574801
0
LINE
8
BLACK
6
CONTINUOUS
10
5.0827053149606298
20
-3.9955137401574801
11
5.0816409055118106
21
-3.9959546456692911
0
LINE
8
BLACK
6
CONTINUOUS
10
5.0816409055118106
20
-3.9959546456692911
11
5.0810648425196847
21
-3.996011377952756
0
LINE
8
BLACK
6
CONTINUOUS
10
5.0810648425196847
20
-3.996011377952756
11
5.0210648425196851
21
-3.996011377952756
0
LINE
8
BLACK
6
CONTINUOUS
10
5.0210648425196851
20
-3.996011377952756
11
5.0204887795275592
21
-3.9959546456692911
0
LINE
8
BLACK
6
CONTINUOUS
10
5.0204887795275592
20
-3.9959546456692911
11
5.01942437007874
21
-3.9955137401574801
0
LINE
8
BLACK
6
CONTINUOUS
10
5.01942437007874
20
-3.9955137401574801
11
5.0186097244094485
21
-3.9946990944881891
0
LINE
8
BLACK
6
CONTINUOUS
10
5.0186097244094485
20
-3.9946990944881891
11
5.0181688188976379
21
-3.9936346850393698
0
LINE
8
BLACK
6
CONTINUOUS
10
5.0181688188976379
20
-3.9936346850393698
11
5.0181688188976379
21
-3.9924825590551181
0
LINE
8
BLACK
6
CONTINUOUS
10
5.0181688188976379
20
-3.9924825590551181
11
5.0186097244094485
21
-3.9914181496062993
0
LINE
8
BLACK
6
CONTINUOUS
10
5.0186097244094485
20
-3.9914181496062993
11
5.01942437007874
21
-3.9906035039370078
0
LINE
8
BLACK
6
CONTINUOUS
10
5.01942437007874
20
-3.9906035039370078
11
5.0204887795275592
21
-3.9901625984251967
0
LINE
8
BLACK
6
CONTINUOUS
10
5.0204887795275592
20
-3.9901625984251967
11
5.0210648425196851
21
-3.9901058661417323
0
LINE
8
BLACK
6
CONTINUOUS
10
5.0210648425196851
20
-3.9901058661417323
11
5.0810648425196847
21
-3.9901058661417323
0
LINE
8
BLACK
6
CONTINUOUS
10
5.0810648425196847
20
-3.9901058661417323
11
5.0816409055118106
21
-3.9901625984251967
0
LINE
8
BLACK
6
CONTINUOUS
10
5.6316409055118113
20
-3.9901625984251967
11
5.6327053149606297
21
-3.9906035039370078
0
LINE
8
BLACK
6
CONTINUOUS
10
5.6327053149606297
20
-3.9906035039370078
11
5.6335199606299211
21
-3.9914181496062993
0
LINE
8
BLACK
6
CONTINUOUS
10
5.6335199606299211
20
-3.9914181496062993
11
5.6339608661417317
21
-3.9924825590551181
0
LINE
8
BLACK
6
CONTINUOUS
10
5.6339608661417317
20
-3.9924825590551181
11
5.6339608661417317
21
-3.9936346850393698
0
LINE
8
BLACK
6
CONTINUOUS
10
5.6339608661417317
20
-3.9936346850393698
11
5.6335199606299211
21
-3.9946990944881891
0
LINE
8
BLACK
6
CONTINUOUS
10
5.6335199606299211
20
-3.9946990944881891
11
5.6327053149606297
21
-3.9955137401574801
0
LINE
8
BLACK
6
CONTINUOUS
10
5.6327053149606297
20
-3.9955137401574801
11
5.6316409055118113
21
-3.9959546456692911
0
LINE
8
BLACK
6
CONTINUOUS
10
5.6316409055118113
20
-3.9959546456692911
11
5.6310648425196845
21
-3.996011377952756
0
LINE
8
BLACK
6
CONTINUOUS
10
5.6310648425196845
20
-3.996011377952756
11
5.5710648425196849
21
-3.996011377952756
0
LINE
8
BLACK
6
CONTINUOUS
10
5.5710648425196849
20
-3.996011377952756
11
5.5704887795275591
21
-3.9959546456692911
0
LINE
8
BLACK
6
CONTINUOUS
10
5.5704887795275591
20
-3.9959546456692911
11
5.5694243700787398
21
-3.9955137401574801
0
LINE
8
BLACK
6
CONTINUOUS
10
5.5694243700787398
20
-3.9955137401574801
11
5.5686097244094483
21
-3.9946990944881891
0
LINE
8
BLACK
6
CONTINUOUS
10
5.5686097244094483
20
-3.9946990944881891
11
5.5681688188976377
21
-3.9936346850393698
0
LINE
8
BLACK
6
CONTINUOUS
10
5.5681688188976377
20
-3.9936346850393698
11
5.5681688188976377
21
-3.9924825590551181
0
LINE
8
BLACK
6
CONTINUOUS
10
5.5681688188976377
20
-3.9924825590551181
11
5.5686097244094483
21
-3.9914181496062993
0
LINE
8
BLACK
6
CONTINUOUS
10
5.5686097244094483
20
-3.9914181496062993
11
5.5694243700787398
21
-3.9906035039370078
0
LINE
8
BLACK
6
CONTINUOUS
10
5.5694243700787398
20
-3.9906035039370078
11
5.5704887795275591
21
-3.9901625984251967
0
LINE
8
BLACK
6
CONTINUOUS
10
5.5704887795275591
20
-3.9901625984251967
11
5.5710648425196849
21
-3.9901058661417323
0
LINE
8
BLACK
6
CONTINUOUS
10
5.5710648425196849
20
-3.9901058661417323
11
5.6310648425196845
21
-3.9901058661417323
0
LINE
8
BLACK
6
CONTINUOUS
10
5.6310648425196845
20
-3.9901058661417323
11
5.6316409055118113
21
-3.9901625984251967
0
LINE
8
BLACK
6
CONTINUOUS
10
5.7066409055118106
20
-3.9901625984251967
11
5.7077053149606298
21
-3.9906035039370078
0
LINE
8
BLACK
6
CONTINUOUS
10
5.7077053149606298
20
-3.9906035039370078
11
5.7085199606299213
21
-3.9914181496062993
0
LINE
8
BLACK
6
CONTINUOUS
10
5.7085199606299213
20
-3.9914181496062993
11
5.7089608661417319
21
-3.9924825590551181
0
LINE
8
BLACK
6
CONTINUOUS
10
5.7089608661417319
20
-3.9924825590551181
11
5.7089608661417319
21
-3.9936346850393698
0
LINE
8
BLACK
6
CONTINUOUS
10
5.7089608661417319
20
-3.9936346850393698
11
5.7085199606299213
21
-3.9946990944881891
0
LINE
8
BLACK
6
CONTINUOUS
10
5.7085199606299213
20
-3.9946990944881891
11
5.7077053149606298
21
-3.9955137401574801
0
LINE
8
BLACK
6
CONTINUOUS
10
5.7077053149606298
20
-3.9955137401574801
11
5.7066409055118106
21
-3.9959546456692911
0
LINE
8
BLACK
6
CONTINUOUS
10
5.7066409055118106
20
-3.9959546456692911
11
5.7060648425196847
21
-3.996011377952756
0
LINE
8
BLACK
6
CONTINUOUS
10
5.7060648425196847
20
-3.996011377952756
11
5.6460648425196851
21
-3.996011377952756
0
LINE
8
BLACK
6
CONTINUOUS
10
5.6460648425196851
20
-3.996011377952756
11
5.6454887795275592
21
-3.9959546456692911
0
LINE
8
BLACK
6
CONTINUOUS
10
5.6454887795275592
20
-3.9959546456692911
11
5.64442437007874
21
-3.9955137401574801
0
LINE
8
BLACK
6
CONTINUOUS
10
5.64442437007874
20
-3.9955137401574801
11
5.6436097244094485
21
-3.9946990944881891
0
LINE
8
BLACK
6
CONTINUOUS
10
5.6436097244094485
20
-3.9946990944881891
11
5.6431688188976379
21
-3.9936346850393698
0
LINE
8
BLACK
6
CONTINUOUS
10
5.6431688188976379
20
-3.9936346850393698
11
5.6431688188976379
21
-3.9924825590551181
0
LINE
8
BLACK
6
CONTINUOUS
10
5.6431688188976379
20
-3.9924825590551181
11
5.6436097244094485
21
-3.9914181496062993
0
LINE
8
BLACK
6
CONTINUOUS
10
5.6436097244094485
20
-3.9914181496062993
11
5.64442437007874
21
-3.9906035039370078
0
LINE
8
BLACK
6
CONTINUOUS
10
5.64442437007874
20
-3.9906035039370078
11
5.6454887795275592
21
-3.9901625984251967
0
LINE
8
BLACK
6
CONTINUOUS
10
5.6454887795275592
20
-3.9901625984251967
11
5.6460648425196851
21
-3.9901058661417323
0
LINE
8
BLACK
6
CONTINUOUS
10
5.6460648425196851
20
-3.9901058661417323
11
5.7060648425196847
21
-3.9901058661417323
0
LINE
8
BLACK
6
CONTINUOUS
10
5.7060648425196847
20
-3.9901058661417323
11
5.7066409055118106
21
-3.9901625984251967
0
LINE
8
BLACK
6
CONTINUOUS
10
6.4116409055118107
20
-3.9811625984251968
11
6.4127053149606299
21
-3.9816035039370079
0
LINE
8
BLACK
6
CONTINUOUS
10
6.4127053149606299
20
-3.9816035039370079
11
6.4135199606299214
21
-3.9824181496062989
0
LINE
8
BLACK
6
CONTINUOUS
10
6.4135199606299214
20
-3.9824181496062989
11
6.413960866141732
21
-3.9834825590551182
0
LINE
8
BLACK
6
CONTINUOUS
10
6.413960866141732
20
-3.9834825590551182
11
6.413960866141732
21
-3.9846346850393699
0
LINE
8
BLACK
6
CONTINUOUS
10
6.413960866141732
20
-3.9846346850393699
11
6.4135199606299214
21
-3.9856990944881887
0
LINE
8
BLACK
6
CONTINUOUS
10
6.4135199606299214
20
-3.9856990944881887
11
6.4127053149606299
21
-3.9865137401574802
0
LINE
8
BLACK
6
CONTINUOUS
10
6.4127053149606299
20
-3.9865137401574802
11
6.4116409055118107
21
-3.9869546456692913
0
LINE
8
BLACK
6
CONTINUOUS
10
6.4116409055118107
20
-3.9869546456692913
11
6.4110648425196848
21
-3.9870113779527556
0
LINE
8
BLACK
6
CONTINUOUS
10
6.4110648425196848
20
-3.9870113779527556
11
6.3510648425196852
21
-3.9870113779527556
0
LINE
8
BLACK
6
CONTINUOUS
10
6.3510648425196852
20
-3.9870113779527556
11
6.3504887795275593
21
-3.9869546456692913
0
LINE
8
BLACK
6
CONTINUOUS
10
6.3504887795275593
20
-3.9869546456692913
11
6.3494243700787401
21
-3.9865137401574802
0
LINE
8
BLACK
6
CONTINUOUS
10
6.3494243700787401
20
-3.9865137401574802
11
6.3486097244094486
21
-3.9856990944881887
0
LINE
8
BLACK
6
CONTINUOUS
10
6.3486097244094486
20
-3.9856990944881887
11
6.348168818897638
21
-3.9846346850393699
0
LINE
8
BLACK
6
CONTINUOUS
10
6.348168818897638
20
-3.9846346850393699
11
6.348168818897638
21
-3.9834825590551182
0
LINE
8
BLACK
6
CONTINUOUS
10
6.348168818897638
20
-3.9834825590551182
11
6.3486097244094486
21
-3.9824181496062989
0
LINE
8
BLACK
6
CONTINUOUS
10
6.3486097244094486
20
-3.9824181496062989
11
6.3494243700787401
21
-3.9816035039370079
0
LINE
8
BLACK
6
CONTINUOUS
10
6.3494243700787401
20
-3.9816035039370079
11
6.3504887795275593
21
-3.9811625984251968
0
LINE
8
BLACK
6
CONTINUOUS
10
6.3504887795275593
20
-3.9811625984251968
11
6.3510648425196852
21
-3.981105866141732
0
LINE
8
BLACK
6
CONTINUOUS
10
6.3510648425196852
20
-3.981105866141732
11
6.4110648425196848
21
-3.981105866141732
0
LINE
8
BLACK
6
CONTINUOUS
10
6.4110648425196848
20
-3.981105866141732
11
6.4116409055118107
21
-3.9811625984251968
0
LINE
8
BLACK
6
CONTINUOUS
10
6.6116409055118108
20
-3.9811625984251968
11
6.6127053149606301
21
-3.9816035039370079
0
LINE
8
BLACK
6
CONTINUOUS
10
6.6127053149606301
20
-3.9816035039370079
11
6.6135199606299215
21
-3.9824181496062989
0
LINE
8
BLACK
6
CONTINUOUS
10
6.6135199606299215
20
-3.9824181496062989
11
6.6139608661417322
21
-3.9834825590551182
0
LINE
8
BLACK
6
CONTINUOUS
10
6.6139608661417322
20
-3.9834825590551182
11
6.6139608661417322
21
-3.9846346850393699
0
LINE
8
BLACK
6
CONTINUOUS
10
6.6139608661417322
20
-3.9846346850393699
11
6.6135199606299215
21
-3.9856990944881887
0
LINE
8
BLACK
6
CONTINUOUS
10
6.6135199606299215
20
-3.9856990944881887
11
6.6127053149606301
21
-3.9865137401574802
0
LINE
8
BLACK
6
CONTINUOUS
10
6.6127053149606301
20
-3.9865137401574802
11
6.6116409055118108
21
-3.9869546456692913
0
LINE
8
BLACK
6
CONTINUOUS
10
6.6116409055118108
20
-3.9869546456692913
11
6.611064842519685
21
-3.9870113779527556
0
LINE
8
BLACK
6
CONTINUOUS
10
6.611064842519685
20
-3.9870113779527556
11
6.5510648425196845
21
-3.9870113779527556
0
LINE
8
BLACK
6
CONTINUOUS
10
6.5510648425196845
20
-3.9870113779527556
11
6.5504887795275586
21
-3.9869546456692913
0
LINE
8
BLACK
6
CONTINUOUS
10
6.5504887795275586
20
-3.9869546456692913
11
6.5494243700787402
21
-3.9865137401574802
0
LINE
8
BLACK
6
CONTINUOUS
10
6.5494243700787402
20
-3.9865137401574802
11
6.5486097244094488
21
-3.9856990944881887
0
LINE
8
BLACK
6
CONTINUOUS
10
6.5486097244094488
20
-3.9856990944881887
11
6.5481688188976372
21
-3.9846346850393699
0
LINE
8
BLACK
6
CONTINUOUS
10
6.5481688188976372
20
-3.9846346850393699
11
6.5481688188976372
21
-3.9834825590551182
0
LINE
8
BLACK
6
CONTINUOUS
10
6.5481688188976372
20
-3.9834825590551182
11
6.5486097244094488
21
-3.9824181496062989
0
LINE
8
BLACK
6
CONTINUOUS
10
6.5486097244094488
20
-3.9824181496062989
11
6.5494243700787402
21
-3.9816035039370079
0
LINE
8
BLACK
6
CONTINUOUS
10
6.5494243700787402
20
-3.9816035039370079
11
6.5504887795275586
21
-3.9811625984251968
0
LINE
8
BLACK
6
CONTINUOUS
10
6.5504887795275586
20
-3.9811625984251968
11
6.5510648425196845
21
-3.981105866141732
0
LINE
8
BLACK
6
CONTINUOUS
10
6.5510648425196845
20
-3.981105866141732
11
6.611064842519685
21
-3.981105866141732
0
LINE
8
BLACK
6
CONTINUOUS
10
6.611064842519685
20
-3.981105866141732
11
6.6116409055118108
21
-3.9811625984251968
0
LINE
8
BLACK
6
CONTINUOUS
10
6.7616409055118112
20
-3.9811625984251968
11
6.7627053149606295
21
-3.9816035039370079
0
LINE
8
BLACK
6
CONTINUOUS
10
6.7627053149606295
20
-3.9816035039370079
11
6.763519960629921
21
-3.9824181496062989
0
LINE
8
BLACK
6
CONTINUOUS
10
6.763519960629921
20
-3.9824181496062989
11
6.7639608661417325
21
-3.9834825590551182
0
LINE
8
BLACK
6
CONTINUOUS
10
6.7639608661417325
20
-3.9834825590551182
11
6.7639608661417325
21
-3.9846346850393699
0
LINE
8
BLACK
6
CONTINUOUS
10
6.7639608661417325
20
-3.9846346850393699
11
6.763519960629921
21
-3.9856990944881887
0
LINE
8
BLACK
6
CONTINUOUS
10
6.763519960629921
20
-3.9856990944881887
11
6.7627053149606295
21
-3.9865137401574802
0
LINE
8
BLACK
6
CONTINUOUS
10
6.7627053149606295
20
-3.9865137401574802
11
6.7616409055118112
21
-3.9869546456692913
0
LINE
8
BLACK
6
CONTINUOUS
10
6.7616409055118112
20
-3.9869546456692913
11
6.7610648425196853
21
-3.9870113779527556
0
LINE
8
BLACK
6
CONTINUOUS
10
6.7610648425196853
20
-3.9870113779527556
11
6.7010648425196848
21
-3.9870113779527556
0
LINE
8
BLACK
6
CONTINUOUS
10
6.7010648425196848
20
-3.9870113779527556
11
6.7004887795275589
21
-3.9869546456692913
0
LINE
8
BLACK
6
CONTINUOUS
10
6.7004887795275589
20
-3.9869546456692913
11
6.6994243700787397
21
-3.9865137401574802
0
LINE
8
BLACK
6
CONTINUOUS
10
6.6994243700787397
20
-3.9865137401574802
11
6.6986097244094482
21
-3.9856990944881887
0
LINE
8
BLACK
6
CONTINUOUS
10
6.6986097244094482
20
-3.9856990944881887
11
6.6981688188976376
21
-3.9846346850393699
0
LINE
8
BLACK
6
CONTINUOUS
10
6.6981688188976376
20
-3.9846346850393699
11
6.6981688188976376
21
-3.9834825590551182
0
LINE
8
BLACK
6
CONTINUOUS
10
6.6981688188976376
20
-3.9834825590551182
11
6.6986097244094482
21
-3.9824181496062989
0
LINE
8
BLACK
6
CONTINUOUS
10
6.6986097244094482
20
-3.9824181496062989
11
6.6994243700787397
21
-3.9816035039370079
0
LINE
8
BLACK
6
CONTINUOUS
10
6.6994243700787397
20
-3.9816035039370079
11
6.7004887795275589
21
-3.9811625984251968
0
LINE
8
BLACK
6
CONTINUOUS
10
6.7004887795275589
20
-3.9811625984251968
11
6.7010648425196848
21
-3.981105866141732
0
LINE
8
BLACK
6
CONTINUOUS
10
6.7010648425196848
20
-3.981105866141732
11
6.7610648425196853
21
-3.981105866141732
0
LINE
8
BLACK
6
CONTINUOUS
10
6.7610648425196853
20
-3.981105866141732
11
6.7616409055118112
21
-3.9811625984251968
0
LINE
8
BLACK
6
CONTINUOUS
10
6.3316409055118106
20
-3.9651625984251968
11
6.3327053149606298
21
-3.9656035039370079
0
LINE
8
BLACK
6
CONTINUOUS
10
6.3327053149606298
20
-3.9656035039370079
11
6.3335199606299213
21
-3.9664181496062989
0
LINE
8
BLACK
6
CONTINUOUS
10
6.3335199606299213
20
-3.9664181496062989
11
6.3339608661417319
21
-3.9674825590551182
0
LINE
8
BLACK
6
CONTINUOUS
10
6.3339608661417319
20
-3.9674825590551182
11
6.3339608661417319
21
-3.9686346850393699
0
LINE
8
BLACK
6
CONTINUOUS
10
6.3339608661417319
20
-3.9686346850393699
11
6.3335199606299213
21
-3.9696990944881887
0
LINE
8
BLACK
6
CONTINUOUS
10
6.3335199606299213
20
-3.9696990944881887
11
6.3327053149606298
21
-3.9705137401574802
0
LINE
8
BLACK
6
CONTINUOUS
10
6.3327053149606298
20
-3.9705137401574802
11
6.3316409055118106
21
-3.9709546456692912
0
LINE
8
BLACK
6
CONTINUOUS
10
6.3316409055118106
20
-3.9709546456692912
11
6.3310648425196847
21
-3.9710113779527556
0
LINE
8
BLACK
6
CONTINUOUS
10
6.3310648425196847
20
-3.9710113779527556
11
6.2710648425196851
21
-3.9710113779527556
0
LINE
8
BLACK
6
CONTINUOUS
10
6.2710648425196851
20
-3.9710113779527556
11
6.2704887795275592
21
-3.9709546456692912
0
LINE
8
BLACK
6
CONTINUOUS
10
6.2704887795275592
20
-3.9709546456692912
11
6.26942437007874
21
-3.9705137401574802
0
LINE
8
BLACK
6
CONTINUOUS
10
6.26942437007874
20
-3.9705137401574802
11
6.2686097244094485
21
-3.9696990944881887
0
LINE
8
BLACK
6
CONTINUOUS
10
6.2686097244094485
20
-3.9696990944881887
11
6.2681688188976379
21
-3.9686346850393699
0
LINE
8
BLACK
6
CONTINUOUS
10
6.2681688188976379
20
-3.9686346850393699
11
6.2681688188976379
21
-3.9674825590551182
0
LINE
8
BLACK
6
CONTINUOUS
10
6.2681688188976379
20
-3.9674825590551182
11
6.2686097244094485
21
-3.9664181496062989
0
LINE
8
BLACK
6
CONTINUOUS
10
6.2686097244094485
20
-3.9664181496062989
11
6.26942437007874
21
-3.9656035039370079
0
LINE
8
BLACK
6
CONTINUOUS
10
6.26942437007874
20
-3.9656035039370079
11
6.2704887795275592
21
-3.9651625984251968
0
LINE
8
BLACK
6
CONTINUOUS
10
6.2704887795275592
20
-3.9651625984251968
11
6.2710648425196851
21
-3.965105866141732
0
LINE
8
BLACK
6
CONTINUOUS
10
6.2710648425196851
20
-3.965105866141732
11
6.3310648425196847
21
-3.965105866141732
0
LINE
8
BLACK
6
CONTINUOUS
10
6.3310648425196847
20
-3.965105866141732
11
6.3316409055118106
21
-3.9651625984251968
0
LINE
8
BLACK
6
CONTINUOUS
10
6.1732472440944877
20
-3.9371546456692914
11
6.1734270472440942
21
-3.9380586220472442
0
LINE
8
BLACK
6
CONTINUOUS
10
6.1734270472440942
20
-3.9380586220472442
11
6.1734270472440942
21
-3.968058622047244
0
LINE
8
BLACK
6
CONTINUOUS
10
6.1734270472440942
20
-3.968058622047244
11
6.1732472440944877
21
-3.9689625984251968
0
LINE
8
BLACK
6
CONTINUOUS
10
6.1732472440944877
20
-3.9689625984251968
11
6.1719688188976374
21
-3.9702410236220471
0
LINE
8
BLACK
6
CONTINUOUS
10
6.1719688188976374
20
-3.9702410236220471
11
6.1701608661417318
21
-3.9702410236220471
0
LINE
8
BLACK
6
CONTINUOUS
10
6.1701608661417318
20
-3.9702410236220471
11
6.1688824409448815
21
-3.9689625984251968
0
LINE
8
BLACK
6
CONTINUOUS
10
6.1688824409448815
20
-3.9689625984251968
11
6.1687026377952758
21
-3.968058622047244
0
LINE
8
BLACK
6
CONTINUOUS
10
6.1687026377952758
20
-3.968058622047244
11
6.1687026377952758
21
-3.9380586220472442
0
LINE
8
BLACK
6
CONTINUOUS
10
6.1687026377952758
20
-3.9380586220472442
11
6.1688824409448815
21
-3.9371546456692914
0
LINE
8
BLACK
6
CONTINUOUS
10
6.1688824409448815
20
-3.9371546456692914
11
6.1701608661417318
21
-3.9358762204724407
0
LINE
8
BLACK
6
CONTINUOUS
10
6.1701608661417318
20
-3.9358762204724407
11
6.1719688188976374
21
-3.9358762204724407
0
LINE
8
BLACK
6
CONTINUOUS
10
6.1719688188976374
20
-3.9358762204724407
11
6.1732472440944877
21
-3.9371546456692914
0
LINE
8
BLACK
6
CONTINUOUS
10
6.2332472440944882
20
-3.9371546456692914
11
6.2334270472440947
21
-3.9380586220472442
0
LINE
8
BLACK
6
CONTINUOUS
10
6.2334270472440947
20
-3.9380586220472442
11
6.2334270472440947
21
-3.968058622047244
0
LINE
8
BLACK
6
CONTINUOUS
10
6.2334270472440947
20
-3.968058622047244
11
6.2332472440944882
21
-3.9689625984251968
0
LINE
8
BLACK
6
CONTINUOUS
10
6.2332472440944882
20
-3.9689625984251968
11
6.2319688188976379
21
-3.9702410236220471
0
LINE
8
BLACK
6
CONTINUOUS
10
6.2319688188976379
20
-3.9702410236220471
11
6.2301608661417323
21
-3.9702410236220471
0
LINE
8
BLACK
6
CONTINUOUS
10
6.2301608661417323
20
-3.9702410236220471
11
6.228882440944882
21
-3.9689625984251968
0
LINE
8
BLACK
6
CONTINUOUS
10
6.228882440944882
20
-3.9689625984251968
11
6.2287026377952754
21
-3.968058622047244
0
LINE
8
BLACK
6
CONTINUOUS
10
6.2287026377952754
20
-3.968058622047244
11
6.2287026377952754
21
-3.9380586220472442
0
LINE
8
BLACK
6
CONTINUOUS
10
6.2287026377952754
20
-3.9380586220472442
11
6.228882440944882
21
-3.9371546456692914
0
LINE
8
BLACK
6
CONTINUOUS
10
6.228882440944882
20
-3.9371546456692914
11
6.2301608661417323
21
-3.9358762204724407
0
LINE
8
BLACK
6
CONTINUOUS
10
6.2301608661417323
20
-3.9358762204724407
11
6.2319688188976379
21
-3.9358762204724407
0
LINE
8
BLACK
6
CONTINUOUS
10
6.2319688188976379
20
-3.9358762204724407
11
6.2332472440944882
21
-3.9371546456692914
0
LINE
8
BLACK
6
CONTINUOUS
10
5.6316409055118113
20
-3.9601625984251969
11
5.6327053149606297
21
-3.960603503937008
0
LINE
8
BLACK
6
CONTINUOUS
10
5.6327053149606297
20
-3.960603503937008
11
5.6335199606299211
21
-3.961418149606299
0
LINE
8
BLACK
6
CONTINUOUS
10
5.6335199606299211
20
-3.961418149606299
11
5.6339608661417317
21
-3.9624825590551178
0
LINE
8
BLACK
6
CONTINUOUS
10
5.6339608661417317
20
-3.9624825590551178
11
5.6339608661417317
21
-3.96363468503937
0
LINE
8
BLACK
6
CONTINUOUS
10
5.6339608661417317
20
-3.96363468503937
11
5.6335199606299211
21
-3.9646990944881888
0
LINE
8
BLACK
6
CONTINUOUS
10
5.6335199606299211
20
-3.9646990944881888
11
5.6327053149606297
21
-3.9655137401574803
0
LINE
8
BLACK
6
CONTINUOUS
10
5.6327053149606297
20
-3.9655137401574803
11
5.6316409055118113
21
-3.9659546456692913
0
LINE
8
BLACK
6
CONTINUOUS
10
5.6316409055118113
20
-3.9659546456692913
11
5.6310648425196845
21
-3.9660113779527557
0
LINE
8
BLACK
6
CONTINUOUS
10
5.6310648425196845
20
-3.9660113779527557
11
5.5710648425196849
21
-3.9660113779527557
0
LINE
8
BLACK
6
CONTINUOUS
10
5.5710648425196849
20
-3.9660113779527557
11
5.5704887795275591
21
-3.9659546456692913
0
LINE
8
BLACK
6
CONTINUOUS
10
5.5704887795275591
20
-3.9659546456692913
11
5.5694243700787398
21
-3.9655137401574803
0
LINE
8
BLACK
6
CONTINUOUS
10
5.5694243700787398
20
-3.9655137401574803
11
5.5686097244094483
21
-3.9646990944881888
0
LINE
8
BLACK
6
CONTINUOUS
10
5.5686097244094483
20
-3.9646990944881888
11
5.5681688188976377
21
-3.96363468503937
0
LINE
8
BLACK
6
CONTINUOUS
10
5.5681688188976377
20
-3.96363468503937
11
5.5681688188976377
21
-3.9624825590551178
0
LINE
8
BLACK
6
CONTINUOUS
10
5.5681688188976377
20
-3.9624825590551178
11
5.5686097244094483
21
-3.961418149606299
0
LINE
8
BLACK
6
CONTINUOUS
10
5.5686097244094483
20
-3.961418149606299
11
5.5694243700787398
21
-3.960603503937008
0
LINE
8
BLACK
6
CONTINUOUS
10
5.5694243700787398
20
-3.960603503937008
11
5.5704887795275591
21
-3.9601625984251969
0
LINE
8
BLACK
6
CONTINUOUS
10
5.5704887795275591
20
-3.9601625984251969
11
5.5710648425196849
21
-3.9601058661417321
0
LINE
8
BLACK
6
CONTINUOUS
10
5.5710648425196849
20
-3.9601058661417321
11
5.6310648425196845
21
-3.9601058661417321
0
LINE
8
BLACK
6
CONTINUOUS
10
5.6310648425196845
20
-3.9601058661417321
11
5.6316409055118113
21
-3.9601625984251969
0
LINE
8
BLACK
6
CONTINUOUS
10
6.2727053149606302
20
-3.8866035039370077
11
6.2735199606299208
21
-3.8874181496062992
0
LINE
8
BLACK
6
CONTINUOUS
10
6.2735199606299208
20
-3.8874181496062992
11
6.2739608661417323
21
-3.888482559055118
0
LINE
8
BLACK
6
CONTINUOUS
10
6.2739608661417323
20
-3.888482559055118
11
6.2740175984251971
21
-3.8890586220472438
0
LINE
8
BLACK
6
CONTINUOUS
10
6.2740175984251971
20
-3.8890586220472438
11
6.2740175984251971
21
-3.9490586220472439
0
LINE
8
BLACK
6
CONTINUOUS
10
6.2740175984251971
20
-3.9490586220472439
11
6.2739608661417323
21
-3.9496346850393702
0
LINE
8
BLACK
6
CONTINUOUS
10
6.2739608661417323
20
-3.9496346850393702
11
6.2735199606299208
21
-3.950699094488189
0
LINE
8
BLACK
6
CONTINUOUS
10
6.2735199606299208
20
-3.950699094488189
11
6.2727053149606302
21
-3.95151374015748
0
LINE
8
BLACK
6
CONTINUOUS
10
6.2727053149606302
20
-3.95151374015748
11
6.271640905511811
21
-3.9519546456692911
0
LINE
8
BLACK
6
CONTINUOUS
10
6.271640905511811
20
-3.9519546456692911
11
6.2704887795275592
21
-3.9519546456692911
0
LINE
8
BLACK
6
CONTINUOUS
10
6.2704887795275592
20
-3.9519546456692911
11
6.26942437007874
21
-3.95151374015748
0
LINE
8
BLACK
6
CONTINUOUS
10
6.26942437007874
20
-3.95151374015748
11
6.2686097244094485
21
-3.950699094488189
0
LINE
8
BLACK
6
CONTINUOUS
10
6.2686097244094485
20
-3.950699094488189
11
6.2681688188976379
21
-3.9496346850393702
0
LINE
8
BLACK
6
CONTINUOUS
10
6.2681688188976379
20
-3.9496346850393702
11
6.2681120866141731
21
-3.9490586220472439
0
LINE
8
BLACK
6
CONTINUOUS
10
6.2681120866141731
20
-3.9490586220472439
11
6.2681120866141731
21
-3.8890586220472438
0
LINE
8
BLACK
6
CONTINUOUS
10
6.2681120866141731
20
-3.8890586220472438
11
6.2681688188976379
21
-3.888482559055118
0
LINE
8
BLACK
6
CONTINUOUS
10
6.2681688188976379
20
-3.888482559055118
11
6.2686097244094485
21
-3.8874181496062992
0
LINE
8
BLACK
6
CONTINUOUS
10
6.2686097244094485
20
-3.8874181496062992
11
6.26942437007874
21
-3.8866035039370077
0
LINE
8
BLACK
6
CONTINUOUS
10
6.26942437007874
20
-3.8866035039370077
11
6.2704887795275592
21
-3.8861625984251966
0
LINE
8
BLACK
6
CONTINUOUS
10
6.2704887795275592
20
-3.8861625984251966
11
6.271640905511811
21
-3.8861625984251966
0
LINE
8
BLACK
6
CONTINUOUS
10
6.271640905511811
20
-3.8861625984251966
11
6.2727053149606302
21
-3.8866035039370077
0
LINE
8
BLACK
6
CONTINUOUS
10
6.3927053149606294
20
-3.8866035039370077
11
6.3935199606299209
21
-3.8874181496062992
0
LINE
8
BLACK
6
CONTINUOUS
10
6.3935199606299209
20
-3.8874181496062992
11
6.3939608661417324
21
-3.888482559055118
0
LINE
8
BLACK
6
CONTINUOUS
10
6.3939608661417324
20
-3.888482559055118
11
6.3940175984251963
21
-3.8890586220472438
0
LINE
8
BLACK
6
CONTINUOUS
10
6.3940175984251963
20
-3.8890586220472438
11
6.3940175984251963
21
-3.9490586220472439
0
LINE
8
BLACK
6
CONTINUOUS
10
6.3940175984251963
20
-3.9490586220472439
11
6.3939608661417324
21
-3.9496346850393702
0
LINE
8
BLACK
6
CONTINUOUS
10
6.3939608661417324
20
-3.9496346850393702
11
6.3935199606299209
21
-3.950699094488189
0
LINE
8
BLACK
6
CONTINUOUS
10
6.3935199606299209
20
-3.950699094488189
11
6.3927053149606294
21
-3.95151374015748
0
LINE
8
BLACK
6
CONTINUOUS
10
6.3927053149606294
20
-3.95151374015748
11
6.3916409055118111
21
-3.9519546456692911
0
LINE
8
BLACK
6
CONTINUOUS
10
6.3916409055118111
20
-3.9519546456692911
11
6.3904887795275593
21
-3.9519546456692911
0
LINE
8
BLACK
6
CONTINUOUS
10
6.3904887795275593
20
-3.9519546456692911
11
6.3894243700787401
21
-3.95151374015748
0
LINE
8
BLACK
6
CONTINUOUS
10
6.3894243700787401
20
-3.95151374015748
11
6.3886097244094486
21
-3.950699094488189
0
LINE
8
BLACK
6
CONTINUOUS
10
6.3886097244094486
20
-3.950699094488189
11
6.388168818897638
21
-3.9496346850393702
0
LINE
8
BLACK
6
CONTINUOUS
10
6.388168818897638
20
-3.9496346850393702
11
6.3881120866141732
21
-3.9490586220472439
0
LINE
8
BLACK
6
CONTINUOUS
10
6.3881120866141732
20
-3.9490586220472439
11
6.3881120866141732
21
-3.8890586220472438
0
LINE
8
BLACK
6
CONTINUOUS
10
6.3881120866141732
20
-3.8890586220472438
11
6.388168818897638
21
-3.888482559055118
0
LINE
8
BLACK
6
CONTINUOUS
10
6.388168818897638
20
-3.888482559055118
11
6.3886097244094486
21
-3.8874181496062992
0
LINE
8
BLACK
6
CONTINUOUS
10
6.3886097244094486
20
-3.8874181496062992
11
6.3894243700787401
21
-3.8866035039370077
0
LINE
8
BLACK
6
CONTINUOUS
10
6.3894243700787401
20
-3.8866035039370077
11
6.3904887795275593
21
-3.8861625984251966
0
LINE
8
BLACK
6
CONTINUOUS
10
6.3904887795275593
20
-3.8861625984251966
11
6.3916409055118111
21
-3.8861625984251966
0
LINE
8
BLACK
6
CONTINUOUS
10
6.3916409055118111
20
-3.8861625984251966
11
6.3927053149606294
21
-3.8866035039370077
0
LINE
8
BLACK
6
CONTINUOUS
10
6.4227053149606297
20
-3.8866035039370077
11
6.4235199606299211
21
-3.8874181496062992
0
LINE
8
BLACK
6
CONTINUOUS
10
6.4235199606299211
20
-3.8874181496062992
11
6.4239608661417318
21
-3.888482559055118
0
LINE
8
BLACK
6
CONTINUOUS
10
6.4239608661417318
20
-3.888482559055118
11
6.4240175984251966
21
-3.8890586220472438
0
LINE
8
BLACK
6
CONTINUOUS
10
6.4240175984251966
20
-3.8890586220472438
11
6.4240175984251966
21
-3.9490586220472439
0
LINE
8
BLACK
6
CONTINUOUS
10
6.4240175984251966
20
-3.9490586220472439
11
6.4239608661417318
21
-3.9496346850393702
0
LINE
8
BLACK
6
CONTINUOUS
10
6.4239608661417318
20
-3.9496346850393702
11
6.4235199606299211
21
-3.950699094488189
0
LINE
8
BLACK
6
CONTINUOUS
10
6.4235199606299211
20
-3.950699094488189
11
6.4227053149606297
21
-3.95151374015748
0
LINE
8
BLACK
6
CONTINUOUS
10
6.4227053149606297
20
-3.95151374015748
11
6.4216409055118104
21
-3.9519546456692911
0
LINE
8
BLACK
6
CONTINUOUS
10
6.4216409055118104
20
-3.9519546456692911
11
6.4204887795275587
21
-3.9519546456692911
0
LINE
8
BLACK
6
CONTINUOUS
10
6.4204887795275587
20
-3.9519546456692911
11
6.4194243700787403
21
-3.95151374015748
0
LINE
8
BLACK
6
CONTINUOUS
10
6.4194243700787403
20
-3.95151374015748
11
6.4186097244094489
21
-3.950699094488189
0
LINE
8
BLACK
6
CONTINUOUS
10
6.4186097244094489
20
-3.950699094488189
11
6.4181688188976374
21
-3.9496346850393702
0
LINE
8
BLACK
6
CONTINUOUS
10
6.4181688188976374
20
-3.9496346850393702
11
6.4181120866141734
21
-3.9490586220472439
0
LINE
8
BLACK
6
CONTINUOUS
10
6.4181120866141734
20
-3.9490586220472439
11
6.4181120866141734
21
-3.8890586220472438
0
LINE
8
BLACK
6
CONTINUOUS
10
6.4181120866141734
20
-3.8890586220472438
11
6.4181688188976374
21
-3.888482559055118
0
LINE
8
BLACK
6
CONTINUOUS
10
6.4181688188976374
20
-3.888482559055118
11
6.4186097244094489
21
-3.8874181496062992
0
LINE
8
BLACK
6
CONTINUOUS
10
6.4186097244094489
20
-3.8874181496062992
11
6.4194243700787403
21
-3.8866035039370077
0
LINE
8
BLACK
6
CONTINUOUS
10
6.4194243700787403
20
-3.8866035039370077
11
6.4204887795275587
21
-3.8861625984251966
0
LINE
8
BLACK
6
CONTINUOUS
10
6.4204887795275587
20
-3.8861625984251966
11
6.4216409055118104
21
-3.8861625984251966
0
LINE
8
BLACK
6
CONTINUOUS
10
6.4216409055118104
20
-3.8861625984251966
11
6.4227053149606297
21
-3.8866035039370077
0
LINE
8
BLACK
6
CONTINUOUS
10
6.5427053149606298
20
-3.8866035039370077
11
6.5435199606299213
21
-3.8874181496062992
0
LINE
8
BLACK
6
CONTINUOUS
10
6.5435199606299213
20
-3.8874181496062992
11
6.5439608661417319
21
-3.888482559055118
0
LINE
8
BLACK
6
CONTINUOUS
10
6.5439608661417319
20
-3.888482559055118
11
6.5440175984251967
21
-3.8890586220472438
0
LINE
8
BLACK
6
CONTINUOUS
10
6.5440175984251967
20
-3.8890586220472438
11
6.5440175984251967
21
-3.9490586220472439
0
LINE
8
BLACK
6
CONTINUOUS
10
6.5440175984251967
20
-3.9490586220472439
11
6.5439608661417319
21
-3.9496346850393702
0
LINE
8
BLACK
6
CONTINUOUS
10
6.5439608661417319
20
-3.9496346850393702
11
6.5435199606299213
21
-3.950699094488189
0
LINE
8
BLACK
6
CONTINUOUS
10
6.5435199606299213
20
-3.950699094488189
11
6.5427053149606298
21
-3.95151374015748
0
LINE
8
BLACK
6
CONTINUOUS
10
6.5427053149606298
20
-3.95151374015748
11
6.5416409055118105
21
-3.9519546456692911
0
LINE
8
BLACK
6
CONTINUOUS
10
6.5416409055118105
20
-3.9519546456692911
11
6.5404887795275588
21
-3.9519546456692911
0
LINE
8
BLACK
6
CONTINUOUS
10
6.5404887795275588
20
-3.9519546456692911
11
6.5394243700787404
21
-3.95151374015748
0
LINE
8
BLACK
6
CONTINUOUS
10
6.5394243700787404
20
-3.95151374015748
11
6.538609724409449
21
-3.950699094488189
0
LINE
8
BLACK
6
CONTINUOUS
10
6.538609724409449
20
-3.950699094488189
11
6.5381688188976375
21
-3.9496346850393702
0
LINE
8
BLACK
6
CONTINUOUS
10
6.5381688188976375
20
-3.9496346850393702
11
6.5381120866141726
21
-3.9490586220472439
0
LINE
8
BLACK
6
CONTINUOUS
10
6.5381120866141726
20
-3.9490586220472439
11
6.5381120866141726
21
-3.8890586220472438
0
LINE
8
BLACK
6
CONTINUOUS
10
6.5381120866141726
20
-3.8890586220472438
11
6.5381688188976375
21
-3.888482559055118
0
LINE
8
BLACK
6
CONTINUOUS
10
6.5381688188976375
20
-3.888482559055118
11
6.538609724409449
21
-3.8874181496062992
0
LINE
8
BLACK
6
CONTINUOUS
10
6.538609724409449
20
-3.8874181496062992
11
6.5394243700787404
21
-3.8866035039370077
0
LINE
8
BLACK
6
CONTINUOUS
10
6.5394243700787404
20
-3.8866035039370077
11
6.5404887795275588
21
-3.8861625984251966
0
LINE
8
BLACK
6
CONTINUOUS
10
6.5404887795275588
20
-3.8861625984251966
11
6.5416409055118105
21
-3.8861625984251966
0
LINE
8
BLACK
6
CONTINUOUS
10
6.5416409055118105
20
-3.8861625984251966
11
6.5427053149606298
21
-3.8866035039370077
0
LINE
8
BLACK
6
CONTINUOUS
10
6.57270531496063
20
-3.8866035039370077
11
6.5735199606299215
21
-3.8874181496062992
0
LINE
8
BLACK
6
CONTINUOUS
10
6.5735199606299215
20
-3.8874181496062992
11
6.5739608661417321
21
-3.888482559055118
0
LINE
8
BLACK
6
CONTINUOUS
10
6.5739608661417321
20
-3.888482559055118
11
6.574017598425197
21
-3.8890586220472438
0
LINE
8
BLACK
6
CONTINUOUS
10
6.574017598425197
20
-3.8890586220472438
11
6.574017598425197
21
-3.9490586220472439
0
LINE
8
BLACK
6
CONTINUOUS
10
6.574017598425197
20
-3.9490586220472439
11
6.5739608661417321
21
-3.9496346850393702
0
LINE
8
BLACK
6
CONTINUOUS
10
6.5739608661417321
20
-3.9496346850393702
11
6.5735199606299215
21
-3.950699094488189
0
LINE
8
BLACK
6
CONTINUOUS
10
6.5735199606299215
20
-3.950699094488189
11
6.57270531496063
21
-3.95151374015748
0
LINE
8
BLACK
6
CONTINUOUS
10
6.57270531496063
20
-3.95151374015748
11
6.5716409055118108
21
-3.9519546456692911
0
LINE
8
BLACK
6
CONTINUOUS
10
6.5716409055118108
20
-3.9519546456692911
11
6.5704887795275591
21
-3.9519546456692911
0
LINE
8
BLACK
6
CONTINUOUS
10
6.5704887795275591
20
-3.9519546456692911
11
6.5694243700787398
21
-3.95151374015748
0
LINE
8
BLACK
6
CONTINUOUS
10
6.5694243700787398
20
-3.95151374015748
11
6.5686097244094483
21
-3.950699094488189
0
LINE
8
BLACK
6
CONTINUOUS
10
6.5686097244094483
20
-3.950699094488189
11
6.5681688188976377
21
-3.9496346850393702
0
LINE
8
BLACK
6
CONTINUOUS
10
6.5681688188976377
20
-3.9496346850393702
11
6.5681120866141729
21
-3.9490586220472439
0
LINE
8
BLACK
6
CONTINUOUS
10
6.5681120866141729
20
-3.9490586220472439
11
6.5681120866141729
21
-3.8890586220472438
0
LINE
8
BLACK
6
CONTINUOUS
10
6.5681120866141729
20
-3.8890586220472438
11
6.5681688188976377
21
-3.888482559055118
0
LINE
8
BLACK
6
CONTINUOUS
10
6.5681688188976377
20
-3.888482559055118
11
6.5686097244094483
21
-3.8874181496062992
0
LINE
8
BLACK
6
CONTINUOUS
10
6.5686097244094483
20
-3.8874181496062992
11
6.5694243700787398
21
-3.8866035039370077
0
LINE
8
BLACK
6
CONTINUOUS
10
6.5694243700787398
20
-3.8866035039370077
11
6.5704887795275591
21
-3.8861625984251966
0
LINE
8
BLACK
6
CONTINUOUS
10
6.5704887795275591
20
-3.8861625984251966
11
6.5716409055118108
21
-3.8861625984251966
0
LINE
8
BLACK
6
CONTINUOUS
10
6.5716409055118108
20
-3.8861625984251966
11
6.57270531496063
21
-3.8866035039370077
0
LINE
8
BLACK
6
CONTINUOUS
10
6.6927053149606301
20
-3.8866035039370077
11
6.6935199606299207
21
-3.8874181496062992
0
LINE
8
BLACK
6
CONTINUOUS
10
6.6935199606299207
20
-3.8874181496062992
11
6.6939608661417322
21
-3.888482559055118
0
LINE
8
BLACK
6
CONTINUOUS
10
6.6939608661417322
20
-3.888482559055118
11
6.6940175984251971
21
-3.8890586220472438
0
LINE
8
BLACK
6
CONTINUOUS
10
6.6940175984251971
20
-3.8890586220472438
11
6.6940175984251971
21
-3.9490586220472439
0
LINE
8
BLACK
6
CONTINUOUS
10
6.6940175984251971
20
-3.9490586220472439
11
6.6939608661417322
21
-3.9496346850393702
0
LINE
8
BLACK
6
CONTINUOUS
10
6.6939608661417322
20
-3.9496346850393702
11
6.6935199606299207
21
-3.950699094488189
0
LINE
8
BLACK
6
CONTINUOUS
10
6.6935199606299207
20
-3.950699094488189
11
6.6927053149606301
21
-3.95151374015748
0
LINE
8
BLACK
6
CONTINUOUS
10
6.6927053149606301
20
-3.95151374015748
11
6.6916409055118109
21
-3.9519546456692911
0
LINE
8
BLACK
6
CONTINUOUS
10
6.6916409055118109
20
-3.9519546456692911
11
6.6904887795275592
21
-3.9519546456692911
0
LINE
8
BLACK
6
CONTINUOUS
10
6.6904887795275592
20
-3.9519546456692911
11
6.6894243700787399
21
-3.95151374015748
0
LINE
8
BLACK
6
CONTINUOUS
10
6.6894243700787399
20
-3.95151374015748
11
6.6886097244094485
21
-3.950699094488189
0
LINE
8
BLACK
6
CONTINUOUS
10
6.6886097244094485
20
-3.950699094488189
11
6.6881688188976378
21
-3.9496346850393702
0
LINE
8
BLACK
6
CONTINUOUS
10
6.6881688188976378
20
-3.9496346850393702
11
6.688112086614173
21
-3.9490586220472439
0
LINE
8
BLACK
6
CONTINUOUS
10
6.688112086614173
20
-3.9490586220472439
11
6.688112086614173
21
-3.8890586220472438
0
LINE
8
BLACK
6
CONTINUOUS
10
6.688112086614173
20
-3.8890586220472438
11
6.6881688188976378
21
-3.888482559055118
0
LINE
8
BLACK
6
CONTINUOUS
10
6.6881688188976378
20
-3.888482559055118
11
6.6886097244094485
21
-3.8874181496062992
0
LINE
8
BLACK
6
CONTINUOUS
10
6.6886097244094485
20
-3.8874181496062992
11
6.6894243700787399
21
-3.8866035039370077
0
LINE
8
BLACK
6
CONTINUOUS
10
6.6894243700787399
20
-3.8866035039370077
11
6.6904887795275592
21
-3.8861625984251966
0
LINE
8
BLACK
6
CONTINUOUS
10
6.6904887795275592
20
-3.8861625984251966
11
6.6916409055118109
21
-3.8861625984251966
0
LINE
8
BLACK
6
CONTINUOUS
10
6.6916409055118109
20
-3.8861625984251966
11
6.6927053149606301
21
-3.8866035039370077
0
LINE
8
BLACK
6
CONTINUOUS
10
6.3469688188976381
20
-3.9468762204724408
11
6.3482472440944884
21
-3.9481546456692911
0
LINE
8
BLACK
6
CONTINUOUS
10
6.3482472440944884
20
-3.9481546456692911
11
6.3482472440944884
21
-3.9499625984251967
0
LINE
8
BLACK
6
CONTINUOUS
10
6.3482472440944884
20
-3.9499625984251967
11
6.3469688188976381
21
-3.951241023622047
0
LINE
8
BLACK
6
CONTINUOUS
10
6.3469688188976381
20
-3.951241023622047
11
6.3460648425196853
21
-3.9514208267716535
0
LINE
8
BLACK
6
CONTINUOUS
10
6.3460648425196853
20
-3.9514208267716535
11
6.316064842519685
21
-3.9514208267716535
0
LINE
8
BLACK
6
CONTINUOUS
10
6.316064842519685
20
-3.9514208267716535
11
6.3151608661417322
21
-3.951241023622047
0
LINE
8
BLACK
6
CONTINUOUS
10
6.3151608661417322
20
-3.951241023622047
11
6.3138824409448819
21
-3.9499625984251967
0
LINE
8
BLACK
6
CONTINUOUS
10
6.3138824409448819
20
-3.9499625984251967
11
6.3138824409448819
21
-3.9481546456692911
0
LINE
8
BLACK
6
CONTINUOUS
10
6.3138824409448819
20
-3.9481546456692911
11
6.3151608661417322
21
-3.9468762204724408
0
LINE
8
BLACK
6
CONTINUOUS
10
6.3151608661417322
20
-3.9468762204724408
11
6.316064842519685
21
-3.9466964173228347
0
LINE
8
BLACK
6
CONTINUOUS
10
6.316064842519685
20
-3.9466964173228347
11
6.3460648425196853
21
-3.9466964173228347
0
LINE
8
BLACK
6
CONTINUOUS
10
6.3460648425196853
20
-3.9466964173228347
11
6.3469688188976381
21
-3.9468762204724408
0
LINE
8
BLACK
6
CONTINUOUS
10
6.4969688188976376
20
-3.9468762204724408
11
6.4982472440944878
21
-3.9481546456692911
0
LINE
8
BLACK
6
CONTINUOUS
10
6.4982472440944878
20
-3.9481546456692911
11
6.4982472440944878
21
-3.9499625984251967
0
LINE
8
BLACK
6
CONTINUOUS
10
6.4982472440944878
20
-3.9499625984251967
11
6.4969688188976376
21
-3.951241023622047
0
LINE
8
BLACK
6
CONTINUOUS
10
6.4969688188976376
20
-3.951241023622047
11
6.4960648425196847
21
-3.9514208267716535
0
LINE
8
BLACK
6
CONTINUOUS
10
6.4960648425196847
20
-3.9514208267716535
11
6.4660648425196845
21
-3.9514208267716535
0
LINE
8
BLACK
6
CONTINUOUS
10
6.4660648425196845
20
-3.9514208267716535
11
6.4651608661417326
21
-3.951241023622047
0
LINE
8
BLACK
6
CONTINUOUS
10
6.4651608661417326
20
-3.951241023622047
11
6.4638824409448814
21
-3.9499625984251967
0
LINE
8
BLACK
6
CONTINUOUS
10
6.4638824409448814
20
-3.9499625984251967
11
6.4638824409448814
21
-3.9481546456692911
0
LINE
8
BLACK
6
CONTINUOUS
10
6.4638824409448814
20
-3.9481546456692911
11
6.4651608661417326
21
-3.9468762204724408
0
LINE
8
BLACK
6
CONTINUOUS
10
6.4651608661417326
20
-3.9468762204724408
11
6.4660648425196845
21
-3.9466964173228347
0
LINE
8
BLACK
6
CONTINUOUS
10
6.4660648425196845
20
-3.9466964173228347
11
6.4960648425196847
21
-3.9466964173228347
0
LINE
8
BLACK
6
CONTINUOUS
10
6.4960648425196847
20
-3.9466964173228347
11
6.4969688188976376
21
-3.9468762204724408
0
LINE
8
BLACK
6
CONTINUOUS
10
6.6469688188976379
20
-3.9468762204724408
11
6.6482472440944882
21
-3.9481546456692911
0
LINE
8
BLACK
6
CONTINUOUS
10
6.6482472440944882
20
-3.9481546456692911
11
6.6482472440944882
21
-3.9499625984251967
0
LINE
8
BLACK
6
CONTINUOUS
10
6.6482472440944882
20
-3.9499625984251967
11
6.6469688188976379
21
-3.951241023622047
0
LINE
8
BLACK
6
CONTINUOUS
10
6.6469688188976379
20
-3.951241023622047
11
6.6460648425196851
21
-3.9514208267716535
0
LINE
8
BLACK
6
CONTINUOUS
10
6.6460648425196851
20
-3.9514208267716535
11
6.6160648425196849
21
-3.9514208267716535
0
LINE
8
BLACK
6
CONTINUOUS
10
6.6160648425196849
20
-3.9514208267716535
11
6.615160866141732
21
-3.951241023622047
0
LINE
8
BLACK
6
CONTINUOUS
10
6.615160866141732
20
-3.951241023622047
11
6.6138824409448818
21
-3.9499625984251967
0
LINE
8
BLACK
6
CONTINUOUS
10
6.6138824409448818
20
-3.9499625984251967
11
6.6138824409448818
21
-3.9481546456692911
0
LINE
8
BLACK
6
CONTINUOUS
10
6.6138824409448818
20
-3.9481546456692911
11
6.615160866141732
21
-3.9468762204724408
0
LINE
8
BLACK
6
CONTINUOUS
10
6.615160866141732
20
-3.9468762204724408
11
6.6160648425196849
21
-3.9466964173228347
0
LINE
8
BLACK
6
CONTINUOUS
10
6.6160648425196849
20
-3.9466964173228347
11
6.6460648425196851
21
-3.9466964173228347
0
LINE
8
BLACK
6
CONTINUOUS
10
6.6460648425196851
20
-3.9466964173228347
11
6.6469688188976379
21
-3.9468762204724408
0
LINE
8
BLACK
6
CONTINUOUS
10
6.7177053149606296
20
-3.8856035039370078
11
6.7185199606299211
21
-3.8864181496062993
0
LINE
8
BLACK
6
CONTINUOUS
10
6.7185199606299211
20
-3.8864181496062993
11
6.7189608661417317
21
-3.8874825590551181
0
LINE
8
BLACK
6
CONTINUOUS
10
6.7189608661417317
20
-3.8874825590551181
11
6.7190175984251965
21
-3.888058622047244
0
LINE
8
BLACK
6
CONTINUOUS
10
6.7190175984251965
20
-3.888058622047244
11
6.7190175984251965
21
-3.948058622047244
0
LINE
8
BLACK
6
CONTINUOUS
10
6.7190175984251965
20
-3.948058622047244
11
6.7189608661417317
21
-3.9486346850393699
0
LINE
8
BLACK
6
CONTINUOUS
10
6.7189608661417317
20
-3.9486346850393699
11
6.7185199606299211
21
-3.9496990944881887
0
LINE
8
BLACK
6
CONTINUOUS
10
6.7185199606299211
20
-3.9496990944881887
11
6.7177053149606296
21
-3.9505137401574801
0
LINE
8
BLACK
6
CONTINUOUS
10
6.7177053149606296
20
-3.9505137401574801
11
6.7166409055118113
21
-3.9509546456692912
0
LINE
8
BLACK
6
CONTINUOUS
10
6.7166409055118113
20
-3.9509546456692912
11
6.7154887795275586
21
-3.9509546456692912
0
LINE
8
BLACK
6
CONTINUOUS
10
6.7154887795275586
20
-3.9509546456692912
11
6.7144243700787403
21
-3.9505137401574801
0
LINE
8
BLACK
6
CONTINUOUS
10
6.7144243700787403
20
-3.9505137401574801
11
6.7136097244094488
21
-3.9496990944881887
0
LINE
8
BLACK
6
CONTINUOUS
10
6.7136097244094488
20
-3.9496990944881887
11
6.7131688188976373
21
-3.9486346850393699
0
LINE
8
BLACK
6
CONTINUOUS
10
6.7131688188976373
20
-3.9486346850393699
11
6.7131120866141734
21
-3.948058622047244
0
LINE
8
BLACK
6
CONTINUOUS
10
6.7131120866141734
20
-3.948058622047244
11
6.7131120866141734
21
-3.888058622047244
0
LINE
8
BLACK
6
CONTINUOUS
10
6.7131120866141734
20
-3.888058622047244
11
6.7131688188976373
21
-3.8874825590551181
0
LINE
8
BLACK
6
CONTINUOUS
10
6.7131688188976373
20
-3.8874825590551181
11
6.7136097244094488
21
-3.8864181496062993
0
LINE
8
BLACK
6
CONTINUOUS
10
6.7136097244094488
20
-3.8864181496062993
11
6.7144243700787403
21
-3.8856035039370078
0
LINE
8
BLACK
6
CONTINUOUS
10
6.7144243700787403
20
-3.8856035039370078
11
6.7154887795275586
21
-3.8851625984251967
0
LINE
8
BLACK
6
CONTINUOUS
10
6.7154887795275586
20
-3.8851625984251967
11
6.7166409055118113
21
-3.8851625984251967
0
LINE
8
BLACK
6
CONTINUOUS
10
6.7166409055118113
20
-3.8851625984251967
11
6.7177053149606296
21
-3.8856035039370078
0
LINE
8
BLACK
6
CONTINUOUS
10
6.8377053149606297
20
-3.8856035039370078
11
6.8385199606299212
21
-3.8864181496062993
0
LINE
8
BLACK
6
CONTINUOUS
10
6.8385199606299212
20
-3.8864181496062993
11
6.8389608661417318
21
-3.8874825590551181
0
LINE
8
BLACK
6
CONTINUOUS
10
6.8389608661417318
20
-3.8874825590551181
11
6.8390175984251966
21
-3.888058622047244
0
LINE
8
BLACK
6
CONTINUOUS
10
6.8390175984251966
20
-3.888058622047244
11
6.8390175984251966
21
-3.948058622047244
0
LINE
8
BLACK
6
CONTINUOUS
10
6.8390175984251966
20
-3.948058622047244
11
6.8389608661417318
21
-3.9486346850393699
0
LINE
8
BLACK
6
CONTINUOUS
10
6.8389608661417318
20
-3.9486346850393699
11
6.8385199606299212
21
-3.9496990944881887
0
LINE
8
BLACK
6
CONTINUOUS
10
6.8385199606299212
20
-3.9496990944881887
11
6.8377053149606297
21
-3.9505137401574801
0
LINE
8
BLACK
6
CONTINUOUS
10
6.8377053149606297
20
-3.9505137401574801
11
6.8366409055118105
21
-3.9509546456692912
0
LINE
8
BLACK
6
CONTINUOUS
10
6.8366409055118105
20
-3.9509546456692912
11
6.8354887795275587
21
-3.9509546456692912
0
LINE
8
BLACK
6
CONTINUOUS
10
6.8354887795275587
20
-3.9509546456692912
11
6.8344243700787404
21
-3.9505137401574801
0
LINE
8
BLACK
6
CONTINUOUS
10
6.8344243700787404
20
-3.9505137401574801
11
6.8336097244094489
21
-3.9496990944881887
0
LINE
8
BLACK
6
CONTINUOUS
10
6.8336097244094489
20
-3.9496990944881887
11
6.8331688188976374
21
-3.9486346850393699
0
LINE
8
BLACK
6
CONTINUOUS
10
6.8331688188976374
20
-3.9486346850393699
11
6.8331120866141735
21
-3.948058622047244
0
LINE
8
BLACK
6
CONTINUOUS
10
6.8331120866141735
20
-3.948058622047244
11
6.8331120866141735
21
-3.888058622047244
0
LINE
8
BLACK
6
CONTINUOUS
10
6.8331120866141735
20
-3.888058622047244
11
6.8331688188976374
21
-3.8874825590551181
0
LINE
8
BLACK
6
CONTINUOUS
10
6.8331688188976374
20
-3.8874825590551181
11
6.8336097244094489
21
-3.8864181496062993
0
LINE
8
BLACK
6
CONTINUOUS
10
6.8336097244094489
20
-3.8864181496062993
11
6.8344243700787404
21
-3.8856035039370078
0
LINE
8
BLACK
6
CONTINUOUS
10
6.8344243700787404
20
-3.8856035039370078
11
6.8354887795275587
21
-3.8851625984251967
0
LINE
8
BLACK
6
CONTINUOUS
10
6.8354887795275587
20
-3.8851625984251967
11
6.8366409055118105
21
-3.8851625984251967
0
LINE
8
BLACK
6
CONTINUOUS
10
6.8366409055118105
20
-3.8851625984251967
11
6.8377053149606297
21
-3.8856035039370078
0
LINE
8
BLACK
6
CONTINUOUS
10
6.7919688188976375
20
-3.9458762204724409
11
6.7932472440944878
21
-3.9471546456692912
0
LINE
8
BLACK
6
CONTINUOUS
10
6.7932472440944878
20
-3.9471546456692912
11
6.7932472440944878
21
-3.9489625984251968
0
LINE
8
BLACK
6
CONTINUOUS
10
6.7932472440944878
20
-3.9489625984251968
11
6.7919688188976375
21
-3.9502410236220471
0
LINE
8
BLACK
6
CONTINUOUS
10
6.7919688188976375
20
-3.9502410236220471
11
6.7910648425196847
21
-3.9504208267716536
0
LINE
8
BLACK
6
CONTINUOUS
10
6.7910648425196847
20
-3.9504208267716536
11
6.7610648425196853
21
-3.9504208267716536
0
LINE
8
BLACK
6
CONTINUOUS
10
6.7610648425196853
20
-3.9504208267716536
11
6.7601608661417325
21
-3.9502410236220471
0
LINE
8
BLACK
6
CONTINUOUS
10
6.7601608661417325
20
-3.9502410236220471
11
6.7588824409448813
21
-3.9489625984251968
0
LINE
8
BLACK
6
CONTINUOUS
10
6.7588824409448813
20
-3.9489625984251968
11
6.7588824409448813
21
-3.9471546456692912
0
LINE
8
BLACK
6
CONTINUOUS
10
6.7588824409448813
20
-3.9471546456692912
11
6.7601608661417325
21
-3.9458762204724409
0
LINE
8
BLACK
6
CONTINUOUS
10
6.7601608661417325
20
-3.9458762204724409
11
6.7610648425196853
21
-3.9456964173228344
0
LINE
8
BLACK
6
CONTINUOUS
10
6.7610648425196853
20
-3.9456964173228344
11
6.7910648425196847
21
-3.9456964173228344
0
LINE
8
BLACK
6
CONTINUOUS
10
6.7910648425196847
20
-3.9456964173228344
11
6.7919688188976375
21
-3.9458762204724409
0
LINE
8
BLACK
6
CONTINUOUS
10
5.7808062992125979
20
-3.8993987401574803
11
5.7809861023622044
21
-3.9003027165354331
0
LINE
8
BLACK
6
CONTINUOUS
10
5.7809861023622044
20
-3.9003027165354331
11
5.7809861023622044
21
-3.9190035039370077
0
LINE
8
BLACK
6
CONTINUOUS
10
5.7809861023622044
20
-3.9190035039370077
11
5.7808062992125979
21
-3.9199074803149605
0
LINE
8
BLACK
6
CONTINUOUS
10
5.7808062992125979
20
-3.9199074803149605
11
5.7795278740157476
21
-3.9211859055118108
0
LINE
8
BLACK
6
CONTINUOUS
10
5.7795278740157476
20
-3.9211859055118108
11
5.777719921259842
21
-3.9211859055118108
0
LINE
8
BLACK
6
CONTINUOUS
10
5.777719921259842
20
-3.9211859055118108
11
5.7764414960629917
21
-3.9199074803149605
0
LINE
8
BLACK
6
CONTINUOUS
10
5.7764414960629917
20
-3.9199074803149605
11
5.7762616929133861
21
-3.9190035039370077
0
LINE
8
BLACK
6
CONTINUOUS
10
5.7762616929133861
20
-3.9190035039370077
11
5.7762616929133861
21
-3.9003027165354331
0
LINE
8
BLACK
6
CONTINUOUS
10
5.7762616929133861
20
-3.9003027165354331
11
5.7764414960629917
21
-3.8993987401574803
0
LINE
8
BLACK
6
CONTINUOUS
10
5.7764414960629917
20
-3.8993987401574803
11
5.777719921259842
21
-3.8981203149606301
0
LINE
8
BLACK
6
CONTINUOUS
10
5.777719921259842
20
-3.8981203149606301
11
5.7795278740157476
21
-3.8981203149606301
0
LINE
8
BLACK
6
CONTINUOUS
10
5.7795278740157476
20
-3.8981203149606301
11
5.7808062992125979
21
-3.8993987401574803
0
LINE
8
BLACK
6
CONTINUOUS
10
6.0244097637795271
20
-3.8981203149606301
11
6.0256881889763783
21
-3.8993987401574803
0
LINE
8
BLACK
6
CONTINUOUS
10
6.0256881889763783
20
-3.8993987401574803
11
6.0258679921259839
21
-3.9003027165354331
0
LINE
8
BLACK
6
CONTINUOUS
10
6.0258679921259839
20
-3.9003027165354331
11
6.0258679921259839
21
-3.9190035039370077
0
LINE
8
BLACK
6
CONTINUOUS
10
6.0258679921259839
20
-3.9190035039370077
11
6.0256881889763783
21
-3.9199074803149605
0
LINE
8
BLACK
6
CONTINUOUS
10
6.0256881889763783
20
-3.9199074803149605
11
6.0244097637795271
21
-3.9211859055118108
0
LINE
8
BLACK
6
CONTINUOUS
10
6.0244097637795271
20
-3.9211859055118108
11
6.0226018110236224
21
-3.9211859055118108
0
LINE
8
BLACK
6
CONTINUOUS
10
6.0226018110236224
20
-3.9211859055118108
11
6.0213233858267712
21
-3.9199074803149605
0
LINE
8
BLACK
6
CONTINUOUS
10
6.0213233858267712
20
-3.9199074803149605
11
6.0211435826771655
21
-3.9190035039370077
0
LINE
8
BLACK
6
CONTINUOUS
10
6.0211435826771655
20
-3.9190035039370077
11
6.0211435826771655
21
-3.9026649212598423
0
LINE
8
BLACK
6
CONTINUOUS
10
6.0211435826771655
20
-3.9026649212598423
11
6.0048050000000002
21
-3.9026649212598423
0
LINE
8
BLACK
6
CONTINUOUS
10
6.0048050000000002
20
-3.9026649212598423
11
6.0039010236220474
21
-3.9024851181102362
0
LINE
8
BLACK
6
CONTINUOUS
10
6.0039010236220474
20
-3.9024851181102362
11
6.0026225984251971
21
-3.901206692913386
0
LINE
8
BLACK
6
CONTINUOUS
10
6.0026225984251971
20
-3.901206692913386
11
6.0026225984251971
21
-3.8993987401574803
0
LINE
8
BLACK
6
CONTINUOUS
10
6.0026225984251971
20
-3.8993987401574803
11
6.0039010236220474
21
-3.8981203149606301
0
LINE
8
BLACK
6
CONTINUOUS
10
6.0039010236220474
20
-3.8981203149606301
11
6.0048050000000002
21
-3.8979405118110235
0
LINE
8
BLACK
6
CONTINUOUS
10
6.0048050000000002
20
-3.8979405118110235
11
6.0235057874015743
21
-3.8979405118110235
0
LINE
8
BLACK
6
CONTINUOUS
10
6.0235057874015743
20
-3.8979405118110235
11
6.0244097637795271
21
-3.8981203149606301
0
LINE
8
BLACK
6
CONTINUOUS
10
5.573247244094488
20
-3.8871546456692911
11
5.5734270472440945
21
-3.888058622047244
0
LINE
8
BLACK
6
CONTINUOUS
10
5.5734270472440945
20
-3.888058622047244
11
5.5734270472440945
21
-3.9180586220472442
0
LINE
8
BLACK
6
CONTINUOUS
10
5.5734270472440945
20
-3.9180586220472442
11
5.573247244094488
21
-3.9189625984251966
0
LINE
8
BLACK
6
CONTINUOUS
10
5.573247244094488
20
-3.9189625984251966
11
5.5719688188976377
21
-3.9202410236220473
0
LINE
8
BLACK
6
CONTINUOUS
10
5.5719688188976377
20
-3.9202410236220473
11
5.5701608661417321
21
-3.9202410236220473
0
LINE
8
BLACK
6
CONTINUOUS
10
5.5701608661417321
20
-3.9202410236220473
11
5.5688824409448818
21
-3.9189625984251966
0
LINE
8
BLACK
6
CONTINUOUS
10
5.5688824409448818
20
-3.9189625984251966
11
5.5687026377952753
21
-3.9180586220472442
0
LINE
8
BLACK
6
CONTINUOUS
10
5.5687026377952753
20
-3.9180586220472442
11
5.5687026377952753
21
-3.888058622047244
0
LINE
8
BLACK
6
CONTINUOUS
10
5.5687026377952753
20
-3.888058622047244
11
5.5688824409448818
21
-3.8871546456692911
0
LINE
8
BLACK
6
CONTINUOUS
10
5.5688824409448818
20
-3.8871546456692911
11
5.5701608661417321
21
-3.8858762204724409
0
LINE
8
BLACK
6
CONTINUOUS
10
5.5701608661417321
20
-3.8858762204724409
11
5.5719688188976377
21
-3.8858762204724409
0
LINE
8
BLACK
6
CONTINUOUS
10
5.5719688188976377
20
-3.8858762204724409
11
5.573247244094488
21
-3.8871546456692911
0
LINE
8
BLACK
6
CONTINUOUS
10
5.6332472440944876
20
-3.8871546456692911
11
5.6334270472440942
21
-3.888058622047244
0
LINE
8
BLACK
6
CONTINUOUS
10
5.6334270472440942
20
-3.888058622047244
11
5.6334270472440942
21
-3.9180586220472442
0
LINE
8
BLACK
6
CONTINUOUS
10
5.6334270472440942
20
-3.9180586220472442
11
5.6332472440944876
21
-3.9189625984251966
0
LINE
8
BLACK
6
CONTINUOUS
10
5.6332472440944876
20
-3.9189625984251966
11
5.6319688188976373
21
-3.9202410236220473
0
LINE
8
BLACK
6
CONTINUOUS
10
5.6319688188976373
20
-3.9202410236220473
11
5.6301608661417317
21
-3.9202410236220473
0
LINE
8
BLACK
6
CONTINUOUS
10
5.6301608661417317
20
-3.9202410236220473
11
5.6288824409448814
21
-3.9189625984251966
0
LINE
8
BLACK
6
CONTINUOUS
10
5.6288824409448814
20
-3.9189625984251966
11
5.6287026377952758
21
-3.9180586220472442
0
LINE
8
BLACK
6
CONTINUOUS
10
5.6287026377952758
20
-3.9180586220472442
11
5.6287026377952758
21
-3.888058622047244
0
LINE
8
BLACK
6
CONTINUOUS
10
5.6287026377952758
20
-3.888058622047244
11
5.6288824409448814
21
-3.8871546456692911
0
LINE
8
BLACK
6
CONTINUOUS
10
5.6288824409448814
20
-3.8871546456692911
11
5.6301608661417317
21
-3.8858762204724409
0
LINE
8
BLACK
6
CONTINUOUS
10
5.6301608661417317
20
-3.8858762204724409
11
5.6319688188976373
21
-3.8858762204724409
0
LINE
8
BLACK
6
CONTINUOUS
10
5.6319688188976373
20
-3.8858762204724409
11
5.6332472440944876
21
-3.8871546456692911
0
LINE
8
BLACK
6
CONTINUOUS
10
6.2316409055118109
20
-3.8901625984251966
11
6.2327053149606302
21
-3.8906035039370077
0
LINE
8
BLACK
6
CONTINUOUS
10
6.2327053149606302
20
-3.8906035039370077
11
6.2335199606299208
21
-3.8914181496062992
0
LINE
8
BLACK
6
CONTINUOUS
10
6.2335199606299208
20
-3.8914181496062992
11
6.2339608661417323
21
-3.892482559055118
0
LINE
8
BLACK
6
CONTINUOUS
10
6.2339608661417323
20
-3.892482559055118
11
6.2339608661417323
21
-3.8936346850393702
0
LINE
8
BLACK
6
CONTINUOUS
10
6.2339608661417323
20
-3.8936346850393702
11
6.2335199606299208
21
-3.894699094488189
0
LINE
8
BLACK
6
CONTINUOUS
10
6.2335199606299208
20
-3.894699094488189
11
6.2327053149606302
21
-3.8955137401574804
0
LINE
8
BLACK
6
CONTINUOUS
10
6.2327053149606302
20
-3.8955137401574804
11
6.2316409055118109
21
-3.8959546456692911
0
LINE
8
BLACK
6
CONTINUOUS
10
6.2316409055118109
20
-3.8959546456692911
11
6.2310648425196851
21
-3.8960113779527559
0
LINE
8
BLACK
6
CONTINUOUS
10
6.2310648425196851
20
-3.8960113779527559
11
6.1710648425196846
21
-3.8960113779527559
0
LINE
8
BLACK
6
CONTINUOUS
10
6.1710648425196846
20
-3.8960113779527559
11
6.1704887795275587
21
-3.8959546456692911
0
LINE
8
BLACK
6
CONTINUOUS
10
6.1704887795275587
20
-3.8959546456692911
11
6.1694243700787403
21
-3.8955137401574804
0
LINE
8
BLACK
6
CONTINUOUS
10
6.1694243700787403
20
-3.8955137401574804
11
6.1686097244094489
21
-3.894699094488189
0
LINE
8
BLACK
6
CONTINUOUS
10
6.1686097244094489
20
-3.894699094488189
11
6.1681688188976374
21
-3.8936346850393702
0
LINE
8
BLACK
6
CONTINUOUS
10
6.1681688188976374
20
-3.8936346850393702
11
6.1681688188976374
21
-3.892482559055118
0
LINE
8
BLACK
6
CONTINUOUS
10
6.1681688188976374
20
-3.892482559055118
11
6.1686097244094489
21
-3.8914181496062992
0
LINE
8
BLACK
6
CONTINUOUS
10
6.1686097244094489
20
-3.8914181496062992
11
6.1694243700787403
21
-3.8906035039370077
0
LINE
8
BLACK
6
CONTINUOUS
10
6.1694243700787403
20
-3.8906035039370077
11
6.1704887795275587
21
-3.8901625984251966
0
LINE
8
BLACK
6
CONTINUOUS
10
6.1704887795275587
20
-3.8901625984251966
11
6.1710648425196846
21
-3.8901058661417323
0
LINE
8
BLACK
6
CONTINUOUS
10
6.1710648425196846
20
-3.8901058661417323
11
6.2310648425196851
21
-3.8901058661417323
0
LINE
8
BLACK
6
CONTINUOUS
10
6.2310648425196851
20
-3.8901058661417323
11
6.2316409055118109
21
-3.8901625984251966
0
LINE
8
BLACK
6
CONTINUOUS
10
6.3469688188976381
20
-3.8868762204724407
11
6.3482472440944884
21
-3.888154645669291
0
LINE
8
BLACK
6
CONTINUOUS
10
6.3482472440944884
20
-3.888154645669291
11
6.3482472440944884
21
-3.8899625984251966
0
LINE
8
BLACK
6
CONTINUOUS
10
6.3482472440944884
20
-3.8899625984251966
11
6.3469688188976381
21
-3.8912410236220469
0
LINE
8
BLACK
6
CONTINUOUS
10
6.3469688188976381
20
-3.8912410236220469
11
6.3460648425196853
21
-3.8914208267716535
0
LINE
8
BLACK
6
CONTINUOUS
10
6.3460648425196853
20
-3.8914208267716535
11
6.316064842519685
21
-3.8914208267716535
0
LINE
8
BLACK
6
CONTINUOUS
10
6.316064842519685
20
-3.8914208267716535
11
6.3151608661417322
21
-3.8912410236220469
0
LINE
8
BLACK
6
CONTINUOUS
10
6.3151608661417322
20
-3.8912410236220469
11
6.3138824409448819
21
-3.8899625984251966
0
LINE
8
BLACK
6
CONTINUOUS
10
6.3138824409448819
20
-3.8899625984251966
11
6.3138824409448819
21
-3.888154645669291
0
LINE
8
BLACK
6
CONTINUOUS
10
6.3138824409448819
20
-3.888154645669291
11
6.3151608661417322
21
-3.8868762204724407
0
LINE
8
BLACK
6
CONTINUOUS
10
6.3151608661417322
20
-3.8868762204724407
11
6.316064842519685
21
-3.8866964173228347
0
LINE
8
BLACK
6
CONTINUOUS
10
6.316064842519685
20
-3.8866964173228347
11
6.3460648425196853
21
-3.8866964173228347
0
LINE
8
BLACK
6
CONTINUOUS
10
6.3460648425196853
20
-3.8866964173228347
11
6.3469688188976381
21
-3.8868762204724407
0
LINE
8
BLACK
6
CONTINUOUS
10
6.4969688188976376
20
-3.8868762204724407
11
6.4982472440944878
21
-3.888154645669291
0
LINE
8
BLACK
6
CONTINUOUS
10
6.4982472440944878
20
-3.888154645669291
11
6.4982472440944878
21
-3.8899625984251966
0
LINE
8
BLACK
6
CONTINUOUS
10
6.4982472440944878
20
-3.8899625984251966
11
6.4969688188976376
21
-3.8912410236220469
0
LINE
8
BLACK
6
CONTINUOUS
10
6.4969688188976376
20
-3.8912410236220469
11
6.4960648425196847
21
-3.8914208267716535
0
LINE
8
BLACK
6
CONTINUOUS
10
6.4960648425196847
20
-3.8914208267716535
11
6.4660648425196845
21
-3.8914208267716535
0
LINE
8
BLACK
6
CONTINUOUS
10
6.4660648425196845
20
-3.8914208267716535
11
6.4651608661417326
21
-3.8912410236220469
0
LINE
8
BLACK
6
CONTINUOUS
10
6.4651608661417326
20
-3.8912410236220469
11
6.4638824409448814
21
-3.8899625984251966
0
LINE
8
BLACK
6
CONTINUOUS
10
6.4638824409448814
20
-3.8899625984251966
11
6.4638824409448814
21
-3.888154645669291
0
LINE
8
BLACK
6
CONTINUOUS
10
6.4638824409448814
20
-3.888154645669291
11
6.4651608661417326
21
-3.8868762204724407
0
LINE
8
BLACK
6
CONTINUOUS
10
6.4651608661417326
20
-3.8868762204724407
11
6.4660648425196845
21
-3.8866964173228347
0
LINE
8
BLACK
6
CONTINUOUS
10
6.4660648425196845
20
-3.8866964173228347
11
6.4960648425196847
21
-3.8866964173228347
0
LINE
8
BLACK
6
CONTINUOUS
10
6.4960648425196847
20
-3.8866964173228347
11
6.4969688188976376
21
-3.8868762204724407
0
LINE
8
BLACK
6
CONTINUOUS
10
6.6469688188976379
20
-3.8868762204724407
11
6.6482472440944882
21
-3.888154645669291
0
LINE
8
BLACK
6
CONTINUOUS
10
6.6482472440944882
20
-3.888154645669291
11
6.6482472440944882
21
-3.8899625984251966
0
LINE
8
BLACK
6
CONTINUOUS
10
6.6482472440944882
20
-3.8899625984251966
11
6.6469688188976379
21
-3.8912410236220469
0
LINE
8
BLACK
6
CONTINUOUS
10
6.6469688188976379
20
-3.8912410236220469
11
6.6460648425196851
21
-3.8914208267716535
0
LINE
8
BLACK
6
CONTINUOUS
10
6.6460648425196851
20
-3.8914208267716535
11
6.6160648425196849
21
-3.8914208267716535
0
LINE
8
BLACK
6
CONTINUOUS
10
6.6160648425196849
20
-3.8914208267716535
11
6.615160866141732
21
-3.8912410236220469
0
LINE
8
BLACK
6
CONTINUOUS
10
6.615160866141732
20
-3.8912410236220469
11
6.6138824409448818
21
-3.8899625984251966
0
LINE
8
BLACK
6
CONTINUOUS
10
6.6138824409448818
20
-3.8899625984251966
11
6.6138824409448818
21
-3.888154645669291
0
LINE
8
BLACK
6
CONTINUOUS
10
6.6138824409448818
20
-3.888154645669291
11
6.615160866141732
21
-3.8868762204724407
0
LINE
8
BLACK
6
CONTINUOUS
10
6.615160866141732
20
-3.8868762204724407
11
6.6160648425196849
21
-3.8866964173228347
0
LINE
8
BLACK
6
CONTINUOUS
10
6.6160648425196849
20
-3.8866964173228347
11
6.6460648425196851
21
-3.8866964173228347
0
LINE
8
BLACK
6
CONTINUOUS
10
6.6460648425196851
20
-3.8866964173228347
11
6.6469688188976379
21
-3.8868762204724407
0
LINE
8
BLACK
6
CONTINUOUS
10
6.7919688188976375
20
-3.8858762204724409
11
6.7932472440944878
21
-3.8871546456692911
0
LINE
8
BLACK
6
CONTINUOUS
10
6.7932472440944878
20
-3.8871546456692911
11
6.7932472440944878
21
-3.8889625984251968
0
LINE
8
BLACK
6
CONTINUOUS
10
6.7932472440944878
20
-3.8889625984251968
11
6.7919688188976375
21
-3.890241023622047
0
LINE
8
BLACK
6
CONTINUOUS
10
6.7919688188976375
20
-3.890241023622047
11
6.7910648425196847
21
-3.8904208267716536
0
LINE
8
BLACK
6
CONTINUOUS
10
6.7910648425196847
20
-3.8904208267716536
11
6.7610648425196853
21
-3.8904208267716536
0
LINE
8
BLACK
6
CONTINUOUS
10
6.7610648425196853
20
-3.8904208267716536
11
6.7601608661417325
21
-3.890241023622047
0
LINE
8
BLACK
6
CONTINUOUS
10
6.7601608661417325
20
-3.890241023622047
11
6.7588824409448813
21
-3.8889625984251968
0
LINE
8
BLACK
6
CONTINUOUS
10
6.7588824409448813
20
-3.8889625984251968
11
6.7588824409448813
21
-3.8871546456692911
0
LINE
8
BLACK
6
CONTINUOUS
10
6.7588824409448813
20
-3.8871546456692911
11
6.7601608661417325
21
-3.8858762204724409
0
LINE
8
BLACK
6
CONTINUOUS
10
6.7601608661417325
20
-3.8858762204724409
11
6.7610648425196853
21
-3.8856964173228348
0
LINE
8
BLACK
6
CONTINUOUS
10
6.7610648425196853
20
-3.8856964173228348
11
6.7910648425196847
21
-3.8856964173228348
0
LINE
8
BLACK
6
CONTINUOUS
10
6.7910648425196847
20
-3.8856964173228348
11
6.7919688188976375
21
-3.8858762204724409
0
LINE
8
BLACK
6
CONTINUOUS
10
5.22020531496063
20
-3.815603503937008
11
5.2210199606299215
21
-3.816418149606299
0
LINE
8
BLACK
6
CONTINUOUS
10
5.2210199606299215
20
-3.816418149606299
11
5.2214608661417321
21
-3.8174825590551182
0
LINE
8
BLACK
6
CONTINUOUS
10
5.2214608661417321
20
-3.8174825590551182
11
5.2215175984251969
21
-3.8180586220472441
0
LINE
8
BLACK
6
CONTINUOUS
10
5.2215175984251969
20
-3.8180586220472441
11
5.2215175984251969
21
-3.8780586220472442
0
LINE
8
BLACK
6
CONTINUOUS
10
5.2215175984251969
20
-3.8780586220472442
11
5.2214608661417321
21
-3.87863468503937
0
LINE
8
BLACK
6
CONTINUOUS
10
5.2214608661417321
20
-3.87863468503937
11
5.2210199606299215
21
-3.8796990944881888
0
LINE
8
BLACK
6
CONTINUOUS
10
5.2210199606299215
20
-3.8796990944881888
11
5.22020531496063
21
-3.8805137401574803
0
LINE
8
BLACK
6
CONTINUOUS
10
5.22020531496063
20
-3.8805137401574803
11
5.2191409055118108
21
-3.8809546456692914
0
LINE
8
BLACK
6
CONTINUOUS
10
5.2191409055118108
20
-3.8809546456692914
11
5.217988779527559
21
-3.8809546456692914
0
LINE
8
BLACK
6
CONTINUOUS
10
5.217988779527559
20
-3.8809546456692914
11
5.2169243700787398
21
-3.8805137401574803
0
LINE
8
BLACK
6
CONTINUOUS
10
5.2169243700787398
20
-3.8805137401574803
11
5.2161097244094483
21
-3.8796990944881888
0
LINE
8
BLACK
6
CONTINUOUS
10
5.2161097244094483
20
-3.8796990944881888
11
5.2156688188976377
21
-3.87863468503937
0
LINE
8
BLACK
6
CONTINUOUS
10
5.2156688188976377
20
-3.87863468503937
11
5.2156120866141729
21
-3.8780586220472442
0
LINE
8
BLACK
6
CONTINUOUS
10
5.2156120866141729
20
-3.8780586220472442
11
5.2156120866141729
21
-3.8180586220472441
0
LINE
8
BLACK
6
CONTINUOUS
10
5.2156120866141729
20
-3.8180586220472441
11
5.2156688188976377
21
-3.8174825590551182
0
LINE
8
BLACK
6
CONTINUOUS
10
5.2156688188976377
20
-3.8174825590551182
11
5.2161097244094483
21
-3.816418149606299
0
LINE
8
BLACK
6
CONTINUOUS
10
5.2161097244094483
20
-3.816418149606299
11
5.2169243700787398
21
-3.815603503937008
0
LINE
8
BLACK
6
CONTINUOUS
10
5.2169243700787398
20
-3.815603503937008
11
5.217988779527559
21
-3.8151625984251969
0
LINE
8
BLACK
6
CONTINUOUS
10
5.217988779527559
20
-3.8151625984251969
11
5.2191409055118108
21
-3.8151625984251969
0
LINE
8
BLACK
6
CONTINUOUS
10
5.2191409055118108
20
-3.8151625984251969
11
5.22020531496063
21
-3.815603503937008
0
LINE
8
BLACK
6
CONTINUOUS
10
5.3402053149606301
20
-3.815603503937008
11
5.3410199606299216
21
-3.816418149606299
0
LINE
8
BLACK
6
CONTINUOUS
10
5.3410199606299216
20
-3.816418149606299
11
5.3414608661417322
21
-3.8174825590551182
0
LINE
8
BLACK
6
CONTINUOUS
10
5.3414608661417322
20
-3.8174825590551182
11
5.341517598425197
21
-3.8180586220472441
0
LINE
8
BLACK
6
CONTINUOUS
10
5.341517598425197
20
-3.8180586220472441
11
5.341517598425197
21
-3.8780586220472442
0
LINE
8
BLACK
6
CONTINUOUS
10
5.341517598425197
20
-3.8780586220472442
11
5.3414608661417322
21
-3.87863468503937
0
LINE
8
BLACK
6
CONTINUOUS
10
5.3414608661417322
20
-3.87863468503937
11
5.3410199606299216
21
-3.8796990944881888
0
LINE
8
BLACK
6
CONTINUOUS
10
5.3410199606299216
20
-3.8796990944881888
11
5.3402053149606301
21
-3.8805137401574803
0
LINE
8
BLACK
6
CONTINUOUS
10
5.3402053149606301
20
-3.8805137401574803
11
5.3391409055118109
21
-3.8809546456692914
0
LINE
8
BLACK
6
CONTINUOUS
10
5.3391409055118109
20
-3.8809546456692914
11
5.3379887795275591
21
-3.8809546456692914
0
LINE
8
BLACK
6
CONTINUOUS
10
5.3379887795275591
20
-3.8809546456692914
11
5.3369243700787399
21
-3.8805137401574803
0
LINE
8
BLACK
6
CONTINUOUS
10
5.3369243700787399
20
-3.8805137401574803
11
5.3361097244094484
21
-3.8796990944881888
0
LINE
8
BLACK
6
CONTINUOUS
10
5.3361097244094484
20
-3.8796990944881888
11
5.3356688188976378
21
-3.87863468503937
0
LINE
8
BLACK
6
CONTINUOUS
10
5.3356688188976378
20
-3.87863468503937
11
5.335612086614173
21
-3.8780586220472442
0
LINE
8
BLACK
6
CONTINUOUS
10
5.335612086614173
20
-3.8780586220472442
11
5.335612086614173
21
-3.8180586220472441
0
LINE
8
BLACK
6
CONTINUOUS
10
5.335612086614173
20
-3.8180586220472441
11
5.3356688188976378
21
-3.8174825590551182
0
LINE
8
BLACK
6
CONTINUOUS
10
5.3356688188976378
20
-3.8174825590551182
11
5.3361097244094484
21
-3.816418149606299
0
LINE
8
BLACK
6
CONTINUOUS
10
5.3361097244094484
20
-3.816418149606299
11
5.3369243700787399
21
-3.815603503937008
0
LINE
8
BLACK
6
CONTINUOUS
10
5.3369243700787399
20
-3.815603503937008
11
5.3379887795275591
21
-3.8151625984251969
0
LINE
8
BLACK
6
CONTINUOUS
10
5.3379887795275591
20
-3.8151625984251969
11
5.3391409055118109
21
-3.8151625984251969
0
LINE
8
BLACK
6
CONTINUOUS
10
5.3391409055118109
20
-3.8151625984251969
11
5.3402053149606301
21
-3.815603503937008
0
LINE
8
BLACK
6
CONTINUOUS
10
5.2944688188976379
20
-3.8758762204724411
11
5.2957472440944882
21
-3.8771546456692914
0
LINE
8
BLACK
6
CONTINUOUS
10
5.2957472440944882
20
-3.8771546456692914
11
5.2957472440944882
21
-3.878962598425197
0
LINE
8
BLACK
6
CONTINUOUS
10
5.2957472440944882
20
-3.878962598425197
11
5.2944688188976379
21
-3.8802410236220473
0
LINE
8
BLACK
6
CONTINUOUS
10
5.2944688188976379
20
-3.8802410236220473
11
5.2935648425196851
21
-3.8804208267716533
0
LINE
8
BLACK
6
CONTINUOUS
10
5.2935648425196851
20
-3.8804208267716533
11
5.2635648425196848
21
-3.8804208267716533
0
LINE
8
BLACK
6
CONTINUOUS
10
5.2635648425196848
20
-3.8804208267716533
11
5.262660866141732
21
-3.8802410236220473
0
LINE
8
BLACK
6
CONTINUOUS
10
5.262660866141732
20
-3.8802410236220473
11
5.2613824409448817
21
-3.878962598425197
0
LINE
8
BLACK
6
CONTINUOUS
10
5.2613824409448817
20
-3.878962598425197
11
5.2613824409448817
21
-3.8771546456692914
0
LINE
8
BLACK
6
CONTINUOUS
10
5.2613824409448817
20
-3.8771546456692914
11
5.262660866141732
21
-3.8758762204724411
0
LINE
8
BLACK
6
CONTINUOUS
10
5.262660866141732
20
-3.8758762204724411
11
5.2635648425196848
21
-3.8756964173228345
0
LINE
8
BLACK
6
CONTINUOUS
10
5.2635648425196848
20
-3.8756964173228345
11
5.2935648425196851
21
-3.8756964173228345
0
LINE
8
BLACK
6
CONTINUOUS
10
5.2935648425196851
20
-3.8756964173228345
11
5.2944688188976379
21
-3.8758762204724411
0
LINE
8
BLACK
6
CONTINUOUS
10
5.1138771653543307
20
-3.6832570078740154
11
5.1140569685039372
21
-3.6841609842519683
0
LINE
8
BLACK
6
CONTINUOUS
10
5.1140569685039372
20
-3.6841609842519683
11
5.1140569685039372
21
-3.8510901181102359
0
LINE
8
BLACK
6
CONTINUOUS
10
5.1140569685039372
20
-3.8510901181102359
11
5.1880727165354328
21
-3.8510901181102359
0
LINE
8
BLACK
6
CONTINUOUS
10
5.1880727165354328
20
-3.8510901181102359
11
5.1880727165354328
21
-3.6841609842519683
0
LINE
8
BLACK
6
CONTINUOUS
10
5.1880727165354328
20
-3.6841609842519683
11
5.1882525196850393
21
-3.6832570078740154
0
LINE
8
BLACK
6
CONTINUOUS
10
5.1882525196850393
20
-3.6832570078740154
11
5.1895309448818896
21
-3.6819785826771652
0
LINE
8
BLACK
6
CONTINUOUS
10
5.1895309448818896
20
-3.6819785826771652
11
5.1913388976377952
21
-3.6819785826771652
0
LINE
8
BLACK
6
CONTINUOUS
10
5.1913388976377952
20
-3.6819785826771652
11
5.1926173228346455
21
-3.6832570078740154
0
LINE
8
BLACK
6
CONTINUOUS
10
5.1926173228346455
20
-3.6832570078740154
11
5.192797125984252
21
-3.6841609842519683
0
LINE
8
BLACK
6
CONTINUOUS
10
5.192797125984252
20
-3.6841609842519683
11
5.192797125984252
21
-3.8534523228346456
0
LINE
8
BLACK
6
CONTINUOUS
10
5.192797125984252
20
-3.8534523228346456
11
5.1926173228346455
21
-3.8543562992125984
0
LINE
8
BLACK
6
CONTINUOUS
10
5.1926173228346455
20
-3.8543562992125984
11
5.1913388976377952
21
-3.8556347244094487
0
LINE
8
BLACK
6
CONTINUOUS
10
5.1913388976377952
20
-3.8556347244094487
11
5.1904349212598424
21
-3.8558145275590552
0
LINE
8
BLACK
6
CONTINUOUS
10
5.1904349212598424
20
-3.8558145275590552
11
5.1116947637795276
21
-3.8558145275590552
0
LINE
8
BLACK
6
CONTINUOUS
10
5.1116947637795276
20
-3.8558145275590552
11
5.1107907874015748
21
-3.8556347244094487
0
LINE
8
BLACK
6
CONTINUOUS
10
5.1107907874015748
20
-3.8556347244094487
11
5.1095123622047245
21
-3.8543562992125984
0
LINE
8
BLACK
6
CONTINUOUS
10
5.1095123622047245
20
-3.8543562992125984
11
5.109332559055118
21
-3.8534523228346456
0
LINE
8
BLACK
6
CONTINUOUS
10
5.109332559055118
20
-3.8534523228346456
11
5.109332559055118
21
-3.6841609842519683
0
LINE
8
BLACK
6
CONTINUOUS
10
5.109332559055118
20
-3.6841609842519683
11
5.1095123622047245
21
-3.6832570078740154
0
LINE
8
BLACK
6
CONTINUOUS
10
5.1095123622047245
20
-3.6832570078740154
11
5.1107907874015748
21
-3.6819785826771652
0
LINE
8
BLACK
6
CONTINUOUS
10
5.1107907874015748
20
-3.6819785826771652
11
5.1125987401574804
21
-3.6819785826771652
0
LINE
8
BLACK
6
CONTINUOUS
10
5.1125987401574804
20
-3.6819785826771652
11
5.1138771653543307
21
-3.6832570078740154
0
LINE
8
BLACK
6
CONTINUOUS
10
5.6316409055118113
20
-3.8401625984251968
11
5.6327053149606297
21
-3.8406035039370079
0
LINE
8
BLACK
6
CONTINUOUS
10
5.6327053149606297
20
-3.8406035039370079
11
5.6335199606299211
21
-3.8414181496062989
0
LINE
8
BLACK
6
CONTINUOUS
10
5.6335199606299211
20
-3.8414181496062989
11
5.6339608661417317
21
-3.8424825590551182
0
LINE
8
BLACK
6
CONTINUOUS
10
5.6339608661417317
20
-3.8424825590551182
11
5.6339608661417317
21
-3.8436346850393699
0
LINE
8
BLACK
6
CONTINUOUS
10
5.6339608661417317
20
-3.8436346850393699
11
5.6335199606299211
21
-3.8446990944881887
0
LINE
8
BLACK
6
CONTINUOUS
10
5.6335199606299211
20
-3.8446990944881887
11
5.6327053149606297
21
-3.8455137401574802
0
LINE
8
BLACK
6
CONTINUOUS
10
5.6327053149606297
20
-3.8455137401574802
11
5.6316409055118113
21
-3.8459546456692912
0
LINE
8
BLACK
6
CONTINUOUS
10
5.6316409055118113
20
-3.8459546456692912
11
5.6310648425196845
21
-3.8460113779527556
0
LINE
8
BLACK
6
CONTINUOUS
10
5.6310648425196845
20
-3.8460113779527556
11
5.5710648425196849
21
-3.8460113779527556
0
LINE
8
BLACK
6
CONTINUOUS
10
5.5710648425196849
20
-3.8460113779527556
11
5.5704887795275591
21
-3.8459546456692912
0
LINE
8
BLACK
6
CONTINUOUS
10
5.5704887795275591
20
-3.8459546456692912
11
5.5694243700787398
21
-3.8455137401574802
0
LINE
8
BLACK
6
CONTINUOUS
10
5.5694243700787398
20
-3.8455137401574802
11
5.5686097244094483
21
-3.8446990944881887
0
LINE
8
BLACK
6
CONTINUOUS
10
5.5686097244094483
20
-3.8446990944881887
11
5.5681688188976377
21
-3.8436346850393699
0
LINE
8
BLACK
6
CONTINUOUS
10
5.5681688188976377
20
-3.8436346850393699
11
5.5681688188976377
21
-3.8424825590551182
0
LINE
8
BLACK
6
CONTINUOUS
10
5.5681688188976377
20
-3.8424825590551182
11
5.5686097244094483
21
-3.8414181496062989
0
LINE
8
BLACK
6
CONTINUOUS
10
5.5686097244094483
20
-3.8414181496062989
11
5.5694243700787398
21
-3.8406035039370079
0
LINE
8
BLACK
6
CONTINUOUS
10
5.5694243700787398
20
-3.8406035039370079
11
5.5704887795275591
21
-3.8401625984251968
0
LINE
8
BLACK
6
CONTINUOUS
10
5.5704887795275591
20
-3.8401625984251968
11
5.5710648425196849
21
-3.840105866141732
0
LINE
8
BLACK
6
CONTINUOUS
10
5.5710648425196849
20
-3.840105866141732
11
5.6310648425196845
21
-3.840105866141732
0
LINE
8
BLACK
6
CONTINUOUS
10
5.6310648425196845
20
-3.840105866141732
11
5.6316409055118113
21
-3.8401625984251968
0
LINE
8
BLACK
6
CONTINUOUS
10
5.2944688188976379
20
-3.815876220472441
11
5.2957472440944882
21
-3.8171546456692913
0
LINE
8
BLACK
6
CONTINUOUS
10
5.2957472440944882
20
-3.8171546456692913
11
5.2957472440944882
21
-3.8189625984251969
0
LINE
8
BLACK
6
CONTINUOUS
10
5.2957472440944882
20
-3.8189625984251969
11
5.2944688188976379
21
-3.8202410236220472
0
LINE
8
BLACK
6
CONTINUOUS
10
5.2944688188976379
20
-3.8202410236220472
11
5.2935648425196851
21
-3.8204208267716533
0
LINE
8
BLACK
6
CONTINUOUS
10
5.2935648425196851
20
-3.8204208267716533
11
5.2635648425196848
21
-3.8204208267716533
0
LINE
8
BLACK
6
CONTINUOUS
10
5.2635648425196848
20
-3.8204208267716533
11
5.262660866141732
21
-3.8202410236220472
0
LINE
8
BLACK
6
CONTINUOUS
10
5.262660866141732
20
-3.8202410236220472
11
5.2613824409448817
21
-3.8189625984251969
0
LINE
8
BLACK
6
CONTINUOUS
10
5.2613824409448817
20
-3.8189625984251969
11
5.2613824409448817
21
-3.8171546456692913
0
LINE
8
BLACK
6
CONTINUOUS
10
5.2613824409448817
20
-3.8171546456692913
11
5.262660866141732
21
-3.815876220472441
0
LINE
8
BLACK
6
CONTINUOUS
10
5.262660866141732
20
-3.815876220472441
11
5.2635648425196848
21
-3.8156964173228345
0
LINE
8
BLACK
6
CONTINUOUS
10
5.2635648425196848
20
-3.8156964173228345
11
5.2935648425196851
21
-3.8156964173228345
0
LINE
8
BLACK
6
CONTINUOUS
10
5.2935648425196851
20
-3.8156964173228345
11
5.2944688188976379
21
-3.815876220472441
0
LINE
8
BLACK
6
CONTINUOUS
10
6.24270531496063
20
-3.7456035039370077
11
6.2435199606299214
21
-3.7464181496062992
0
LINE
8
BLACK
6
CONTINUOUS
10
6.2435199606299214
20
-3.7464181496062992
11
6.2439608661417321
21
-3.747482559055118
0
LINE
8
BLACK
6
CONTINUOUS
10
6.2439608661417321
20
-3.747482559055118
11
6.2440175984251969
21
-3.7480586220472438
0
LINE
8
BLACK
6
CONTINUOUS
10
6.2440175984251969
20
-3.7480586220472438
11
6.2440175984251969
21
-3.8080586220472439
0
LINE
8
BLACK
6
CONTINUOUS
10
6.2440175984251969
20
-3.8080586220472439
11
6.2439608661417321
21
-3.8086346850393702
0
LINE
8
BLACK
6
CONTINUOUS
10
6.2439608661417321
20
-3.8086346850393702
11
6.2435199606299214
21
-3.809699094488189
0
LINE
8
BLACK
6
CONTINUOUS
10
6.2435199606299214
20
-3.809699094488189
11
6.24270531496063
21
-3.81051374015748
0
LINE
8
BLACK
6
CONTINUOUS
10
6.24270531496063
20
-3.81051374015748
11
6.2416409055118107
21
-3.8109546456692911
0
LINE
8
BLACK
6
CONTINUOUS
10
6.2416409055118107
20
-3.8109546456692911
11
6.240488779527559
21
-3.8109546456692911
0
LINE
8
BLACK
6
CONTINUOUS
10
6.240488779527559
20
-3.8109546456692911
11
6.2394243700787397
21
-3.81051374015748
0
LINE
8
BLACK
6
CONTINUOUS
10
6.2394243700787397
20
-3.81051374015748
11
6.2386097244094483
21
-3.809699094488189
0
LINE
8
BLACK
6
CONTINUOUS
10
6.2386097244094483
20
-3.809699094488189
11
6.2381688188976376
21
-3.8086346850393702
0
LINE
8
BLACK
6
CONTINUOUS
10
6.2381688188976376
20
-3.8086346850393702
11
6.2381120866141728
21
-3.8080586220472439
0
LINE
8
BLACK
6
CONTINUOUS
10
6.2381120866141728
20
-3.8080586220472439
11
6.2381120866141728
21
-3.7480586220472438
0
LINE
8
BLACK
6
CONTINUOUS
10
6.2381120866141728
20
-3.7480586220472438
11
6.2381688188976376
21
-3.747482559055118
0
LINE
8
BLACK
6
CONTINUOUS
10
6.2381688188976376
20
-3.747482559055118
11
6.2386097244094483
21
-3.7464181496062992
0
LINE
8
BLACK
6
CONTINUOUS
10
6.2386097244094483
20
-3.7464181496062992
11
6.2394243700787397
21
-3.7456035039370077
0
LINE
8
BLACK
6
CONTINUOUS
10
6.2394243700787397
20
-3.7456035039370077
11
6.240488779527559
21
-3.7451625984251966
0
LINE
8
BLACK
6
CONTINUOUS
10
6.240488779527559
20
-3.7451625984251966
11
6.2416409055118107
21
-3.7451625984251966
0
LINE
8
BLACK
6
CONTINUOUS
10
6.2416409055118107
20
-3.7451625984251966
11
6.24270531496063
21
-3.7456035039370077
0
LINE
8
BLACK
6
CONTINUOUS
10
6.3627053149606301
20
-3.7456035039370077
11
6.3635199606299215
21
-3.7464181496062992
0
LINE
8
BLACK
6
CONTINUOUS
10
6.3635199606299215
20
-3.7464181496062992
11
6.3639608661417322
21
-3.747482559055118
0
LINE
8
BLACK
6
CONTINUOUS
10
6.3639608661417322
20
-3.747482559055118
11
6.364017598425197
21
-3.7480586220472438
0
LINE
8
BLACK
6
CONTINUOUS
10
6.364017598425197
20
-3.7480586220472438
11
6.364017598425197
21
-3.8080586220472439
0
LINE
8
BLACK
6
CONTINUOUS
10
6.364017598425197
20
-3.8080586220472439
11
6.3639608661417322
21
-3.8086346850393702
0
LINE
8
BLACK
6
CONTINUOUS
10
6.3639608661417322
20
-3.8086346850393702
11
6.3635199606299215
21
-3.809699094488189
0
LINE
8
BLACK
6
CONTINUOUS
10
6.3635199606299215
20
-3.809699094488189
11
6.3627053149606301
21
-3.81051374015748
0
LINE
8
BLACK
6
CONTINUOUS
10
6.3627053149606301
20
-3.81051374015748
11
6.3616409055118108
21
-3.8109546456692911
0
LINE
8
BLACK
6
CONTINUOUS
10
6.3616409055118108
20
-3.8109546456692911
11
6.3604887795275591
21
-3.8109546456692911
0
LINE
8
BLACK
6
CONTINUOUS
10
6.3604887795275591
20
-3.8109546456692911
11
6.3594243700787398
21
-3.81051374015748
0
LINE
8
BLACK
6
CONTINUOUS
10
6.3594243700787398
20
-3.81051374015748
11
6.3586097244094484
21
-3.809699094488189
0
LINE
8
BLACK
6
CONTINUOUS
10
6.3586097244094484
20
-3.809699094488189
11
6.3581688188976377
21
-3.8086346850393702
0
LINE
8
BLACK
6
CONTINUOUS
10
6.3581688188976377
20
-3.8086346850393702
11
6.3581120866141729
21
-3.8080586220472439
0
LINE
8
BLACK
6
CONTINUOUS
10
6.3581120866141729
20
-3.8080586220472439
11
6.3581120866141729
21
-3.7480586220472438
0
LINE
8
BLACK
6
CONTINUOUS
10
6.3581120866141729
20
-3.7480586220472438
11
6.3581688188976377
21
-3.747482559055118
0
LINE
8
BLACK
6
CONTINUOUS
10
6.3581688188976377
20
-3.747482559055118
11
6.3586097244094484
21
-3.7464181496062992
0
LINE
8
BLACK
6
CONTINUOUS
10
6.3586097244094484
20
-3.7464181496062992
11
6.3594243700787398
21
-3.7456035039370077
0
LINE
8
BLACK
6
CONTINUOUS
10
6.3594243700787398
20
-3.7456035039370077
11
6.3604887795275591
21
-3.7451625984251966
0
LINE
8
BLACK
6
CONTINUOUS
10
6.3604887795275591
20
-3.7451625984251966
11
6.3616409055118108
21
-3.7451625984251966
0
LINE
8
BLACK
6
CONTINUOUS
10
6.3616409055118108
20
-3.7451625984251966
11
6.3627053149606301
21
-3.7456035039370077
0
LINE
8
BLACK
6
CONTINUOUS
10
6.3927053149606294
20
-3.7456035039370077
11
6.3935199606299209
21
-3.7464181496062992
0
LINE
8
BLACK
6
CONTINUOUS
10
6.3935199606299209
20
-3.7464181496062992
11
6.3939608661417324
21
-3.747482559055118
0
LINE
8
BLACK
6
CONTINUOUS
10
6.3939608661417324
20
-3.747482559055118
11
6.3940175984251963
21
-3.7480586220472438
0
LINE
8
BLACK
6
CONTINUOUS
10
6.3940175984251963
20
-3.7480586220472438
11
6.3940175984251963
21
-3.8080586220472439
0
LINE
8
BLACK
6
CONTINUOUS
10
6.3940175984251963
20
-3.8080586220472439
11
6.3939608661417324
21
-3.8086346850393702
0
LINE
8
BLACK
6
CONTINUOUS
10
6.3939608661417324
20
-3.8086346850393702
11
6.3935199606299209
21
-3.809699094488189
0
LINE
8
BLACK
6
CONTINUOUS
10
6.3935199606299209
20
-3.809699094488189
11
6.3927053149606294
21
-3.81051374015748
0
LINE
8
BLACK
6
CONTINUOUS
10
6.3927053149606294
20
-3.81051374015748
11
6.3916409055118111
21
-3.8109546456692911
0
LINE
8
BLACK
6
CONTINUOUS
10
6.3916409055118111
20
-3.8109546456692911
11
6.3904887795275593
21
-3.8109546456692911
0
LINE
8
BLACK
6
CONTINUOUS
10
6.3904887795275593
20
-3.8109546456692911
11
6.3894243700787401
21
-3.81051374015748
0
LINE
8
BLACK
6
CONTINUOUS
10
6.3894243700787401
20
-3.81051374015748
11
6.3886097244094486
21
-3.809699094488189
0
LINE
8
BLACK
6
CONTINUOUS
10
6.3886097244094486
20
-3.809699094488189
11
6.388168818897638
21
-3.8086346850393702
0
LINE
8
BLACK
6
CONTINUOUS
10
6.388168818897638
20
-3.8086346850393702
11
6.3881120866141732
21
-3.8080586220472439
0
LINE
8
BLACK
6
CONTINUOUS
10
6.3881120866141732
20
-3.8080586220472439
11
6.3881120866141732
21
-3.7480586220472438
0
LINE
8
BLACK
6
CONTINUOUS
10
6.3881120866141732
20
-3.7480586220472438
11
6.388168818897638
21
-3.747482559055118
0
LINE
8
BLACK
6
CONTINUOUS
10
6.388168818897638
20
-3.747482559055118
11
6.3886097244094486
21
-3.7464181496062992
0
LINE
8
BLACK
6
CONTINUOUS
10
6.3886097244094486
20
-3.7464181496062992
11
6.3894243700787401
21
-3.7456035039370077
0
LINE
8
BLACK
6
CONTINUOUS
10
6.3894243700787401
20
-3.7456035039370077
11
6.3904887795275593
21
-3.7451625984251966
0
LINE
8
BLACK
6
CONTINUOUS
10
6.3904887795275593
20
-3.7451625984251966
11
6.3916409055118111
21
-3.7451625984251966
0
LINE
8
BLACK
6
CONTINUOUS
10
6.3916409055118111
20
-3.7451625984251966
11
6.3927053149606294
21
-3.7456035039370077
0
LINE
8
BLACK
6
CONTINUOUS
10
6.5127053149606295
20
-3.7456035039370077
11
6.513519960629921
21
-3.7464181496062992
0
LINE
8
BLACK
6
CONTINUOUS
10
6.513519960629921
20
-3.7464181496062992
11
6.5139608661417325
21
-3.747482559055118
0
LINE
8
BLACK
6
CONTINUOUS
10
6.5139608661417325
20
-3.747482559055118
11
6.5140175984251965
21
-3.7480586220472438
0
LINE
8
BLACK
6
CONTINUOUS
10
6.5140175984251965
20
-3.7480586220472438
11
6.5140175984251965
21
-3.8080586220472439
0
LINE
8
BLACK
6
CONTINUOUS
10
6.5140175984251965
20
-3.8080586220472439
11
6.5139608661417325
21
-3.8086346850393702
0
LINE
8
BLACK
6
CONTINUOUS
10
6.5139608661417325
20
-3.8086346850393702
11
6.513519960629921
21
-3.809699094488189
0
LINE
8
BLACK
6
CONTINUOUS
10
6.513519960629921
20
-3.809699094488189
11
6.5127053149606295
21
-3.81051374015748
0
LINE
8
BLACK
6
CONTINUOUS
10
6.5127053149606295
20
-3.81051374015748
11
6.5116409055118112
21
-3.8109546456692911
0
LINE
8
BLACK
6
CONTINUOUS
10
6.5116409055118112
20
-3.8109546456692911
11
6.5104887795275586
21
-3.8109546456692911
0
LINE
8
BLACK
6
CONTINUOUS
10
6.5104887795275586
20
-3.8109546456692911
11
6.5094243700787402
21
-3.81051374015748
0
LINE
8
BLACK
6
CONTINUOUS
10
6.5094243700787402
20
-3.81051374015748
11
6.5086097244094487
21
-3.809699094488189
0
LINE
8
BLACK
6
CONTINUOUS
10
6.5086097244094487
20
-3.809699094488189
11
6.5081688188976372
21
-3.8086346850393702
0
LINE
8
BLACK
6
CONTINUOUS
10
6.5081688188976372
20
-3.8086346850393702
11
6.5081120866141733
21
-3.8080586220472439
0
LINE
8
BLACK
6
CONTINUOUS
10
6.5081120866141733
20
-3.8080586220472439
11
6.5081120866141733
21
-3.7480586220472438
0
LINE
8
BLACK
6
CONTINUOUS
10
6.5081120866141733
20
-3.7480586220472438
11
6.5081688188976372
21
-3.747482559055118
0
LINE
8
BLACK
6
CONTINUOUS
10
6.5081688188976372
20
-3.747482559055118
11
6.5086097244094487
21
-3.7464181496062992
0
LINE
8
BLACK
6
CONTINUOUS
10
6.5086097244094487
20
-3.7464181496062992
11
6.5094243700787402
21
-3.7456035039370077
0
LINE
8
BLACK
6
CONTINUOUS
10
6.5094243700787402
20
-3.7456035039370077
11
6.5104887795275586
21
-3.7451625984251966
0
LINE
8
BLACK
6
CONTINUOUS
10
6.5104887795275586
20
-3.7451625984251966
11
6.5116409055118112
21
-3.7451625984251966
0
LINE
8
BLACK
6
CONTINUOUS
10
6.5116409055118112
20
-3.7451625984251966
11
6.5127053149606295
21
-3.7456035039370077
0
LINE
8
BLACK
6
CONTINUOUS
10
6.5427053149606298
20
-3.7456035039370077
11
6.5435199606299213
21
-3.7464181496062992
0
LINE
8
BLACK
6
CONTINUOUS
10
6.5435199606299213
20
-3.7464181496062992
11
6.5439608661417319
21
-3.747482559055118
0
LINE
8
BLACK
6
CONTINUOUS
10
6.5439608661417319
20
-3.747482559055118
11
6.5440175984251967
21
-3.7480586220472438
0
LINE
8
BLACK
6
CONTINUOUS
10
6.5440175984251967
20
-3.7480586220472438
11
6.5440175984251967
21
-3.8080586220472439
0
LINE
8
BLACK
6
CONTINUOUS
10
6.5440175984251967
20
-3.8080586220472439
11
6.5439608661417319
21
-3.8086346850393702
0
LINE
8
BLACK
6
CONTINUOUS
10
6.5439608661417319
20
-3.8086346850393702
11
6.5435199606299213
21
-3.809699094488189
0
LINE
8
BLACK
6
CONTINUOUS
10
6.5435199606299213
20
-3.809699094488189
11
6.5427053149606298
21
-3.81051374015748
0
LINE
8
BLACK
6
CONTINUOUS
10
6.5427053149606298
20
-3.81051374015748
11
6.5416409055118105
21
-3.8109546456692911
0
LINE
8
BLACK
6
CONTINUOUS
10
6.5416409055118105
20
-3.8109546456692911
11
6.5404887795275588
21
-3.8109546456692911
0
LINE
8
BLACK
6
CONTINUOUS
10
6.5404887795275588
20
-3.8109546456692911
11
6.5394243700787404
21
-3.81051374015748
0
LINE
8
BLACK
6
CONTINUOUS
10
6.5394243700787404
20
-3.81051374015748
11
6.538609724409449
21
-3.809699094488189
0
LINE
8
BLACK
6
CONTINUOUS
10
6.538609724409449
20
-3.809699094488189
11
6.5381688188976375
21
-3.8086346850393702
0
LINE
8
BLACK
6
CONTINUOUS
10
6.5381688188976375
20
-3.8086346850393702
11
6.5381120866141726
21
-3.8080586220472439
0
LINE
8
BLACK
6
CONTINUOUS
10
6.5381120866141726
20
-3.8080586220472439
11
6.5381120866141726
21
-3.7480586220472438
0
LINE
8
BLACK
6
CONTINUOUS
10
6.5381120866141726
20
-3.7480586220472438
11
6.5381688188976375
21
-3.747482559055118
0
LINE
8
BLACK
6
CONTINUOUS
10
6.5381688188976375
20
-3.747482559055118
11
6.538609724409449
21
-3.7464181496062992
0
LINE
8
BLACK
6
CONTINUOUS
10
6.538609724409449
20
-3.7464181496062992
11
6.5394243700787404
21
-3.7456035039370077
0
LINE
8
BLACK
6
CONTINUOUS
10
6.5394243700787404
20
-3.7456035039370077
11
6.5404887795275588
21
-3.7451625984251966
0
LINE
8
BLACK
6
CONTINUOUS
10
6.5404887795275588
20
-3.7451625984251966
11
6.5416409055118105
21
-3.7451625984251966
0
LINE
8
BLACK
6
CONTINUOUS
10
6.5416409055118105
20
-3.7451625984251966
11
6.5427053149606298
21
-3.7456035039370077
0
LINE
8
BLACK
6
CONTINUOUS
10
6.6627053149606299
20
-3.7456035039370077
11
6.6635199606299214
21
-3.7464181496062992
0
LINE
8
BLACK
6
CONTINUOUS
10
6.6635199606299214
20
-3.7464181496062992
11
6.663960866141732
21
-3.747482559055118
0
LINE
8
BLACK
6
CONTINUOUS
10
6.663960866141732
20
-3.747482559055118
11
6.6640175984251968
21
-3.7480586220472438
0
LINE
8
BLACK
6
CONTINUOUS
10
6.6640175984251968
20
-3.7480586220472438
11
6.6640175984251968
21
-3.8080586220472439
0
LINE
8
BLACK
6
CONTINUOUS
10
6.6640175984251968
20
-3.8080586220472439
11
6.663960866141732
21
-3.8086346850393702
0
LINE
8
BLACK
6
CONTINUOUS
10
6.663960866141732
20
-3.8086346850393702
11
6.6635199606299214
21
-3.809699094488189
0
LINE
8
BLACK
6
CONTINUOUS
10
6.6635199606299214
20
-3.809699094488189
11
6.6627053149606299
21
-3.81051374015748
0
LINE
8
BLACK
6
CONTINUOUS
10
6.6627053149606299
20
-3.81051374015748
11
6.6616409055118107
21
-3.8109546456692911
0
LINE
8
BLACK
6
CONTINUOUS
10
6.6616409055118107
20
-3.8109546456692911
11
6.6604887795275589
21
-3.8109546456692911
0
LINE
8
BLACK
6
CONTINUOUS
10
6.6604887795275589
20
-3.8109546456692911
11
6.6594243700787397
21
-3.81051374015748
0
LINE
8
BLACK
6
CONTINUOUS
10
6.6594243700787397
20
-3.81051374015748
11
6.6586097244094491
21
-3.809699094488189
0
LINE
8
BLACK
6
CONTINUOUS
10
6.6586097244094491
20
-3.809699094488189
11
6.6581688188976376
21
-3.8086346850393702
0
LINE
8
BLACK
6
CONTINUOUS
10
6.6581688188976376
20
-3.8086346850393702
11
6.6581120866141728
21
-3.8080586220472439
0
LINE
8
BLACK
6
CONTINUOUS
10
6.6581120866141728
20
-3.8080586220472439
11
6.6581120866141728
21
-3.7480586220472438
0
LINE
8
BLACK
6
CONTINUOUS
10
6.6581120866141728
20
-3.7480586220472438
11
6.6581688188976376
21
-3.747482559055118
0
LINE
8
BLACK
6
CONTINUOUS
10
6.6581688188976376
20
-3.747482559055118
11
6.6586097244094491
21
-3.7464181496062992
0
LINE
8
BLACK
6
CONTINUOUS
10
6.6586097244094491
20
-3.7464181496062992
11
6.6594243700787397
21
-3.7456035039370077
0
LINE
8
BLACK
6
CONTINUOUS
10
6.6594243700787397
20
-3.7456035039370077
11
6.6604887795275589
21
-3.7451625984251966
0
LINE
8
BLACK
6
CONTINUOUS
10
6.6604887795275589
20
-3.7451625984251966
11
6.6616409055118107
21
-3.7451625984251966
0
LINE
8
BLACK
6
CONTINUOUS
10
6.6616409055118107
20
-3.7451625984251966
11
6.6627053149606299
21
-3.7456035039370077
0
LINE
8
BLACK
6
CONTINUOUS
10
6.6927053149606301
20
-3.7456035039370077
11
6.6935199606299207
21
-3.7464181496062992
0
LINE
8
BLACK
6
CONTINUOUS
10
6.6935199606299207
20
-3.7464181496062992
11
6.6939608661417322
21
-3.747482559055118
0
LINE
8
BLACK
6
CONTINUOUS
10
6.6939608661417322
20
-3.747482559055118
11
6.6940175984251971
21
-3.7480586220472438
0
LINE
8
BLACK
6
CONTINUOUS
10
6.6940175984251971
20
-3.7480586220472438
11
6.6940175984251971
21
-3.8080586220472439
0
LINE
8
BLACK
6
CONTINUOUS
10
6.6940175984251971
20
-3.8080586220472439
11
6.6939608661417322
21
-3.8086346850393702
0
LINE
8
BLACK
6
CONTINUOUS
10
6.6939608661417322
20
-3.8086346850393702
11
6.6935199606299207
21
-3.809699094488189
0
LINE
8
BLACK
6
CONTINUOUS
10
6.6935199606299207
20
-3.809699094488189
11
6.6927053149606301
21
-3.81051374015748
0
LINE
8
BLACK
6
CONTINUOUS
10
6.6927053149606301
20
-3.81051374015748
11
6.6916409055118109
21
-3.8109546456692911
0
LINE
8
BLACK
6
CONTINUOUS
10
6.6916409055118109
20
-3.8109546456692911
11
6.6904887795275592
21
-3.8109546456692911
0
LINE
8
BLACK
6
CONTINUOUS
10
6.6904887795275592
20
-3.8109546456692911
11
6.6894243700787399
21
-3.81051374015748
0
LINE
8
BLACK
6
CONTINUOUS
10
6.6894243700787399
20
-3.81051374015748
11
6.6886097244094485
21
-3.809699094488189
0
LINE
8
BLACK
6
CONTINUOUS
10
6.6886097244094485
20
-3.809699094488189
11
6.6881688188976378
21
-3.8086346850393702
0
LINE
8
BLACK
6
CONTINUOUS
10
6.6881688188976378
20
-3.8086346850393702
11
6.688112086614173
21
-3.8080586220472439
0
LINE
8
BLACK
6
CONTINUOUS
10
6.688112086614173
20
-3.8080586220472439
11
6.688112086614173
21
-3.7480586220472438
0
LINE
8
BLACK
6
CONTINUOUS
10
6.688112086614173
20
-3.7480586220472438
11
6.6881688188976378
21
-3.747482559055118
0
LINE
8
BLACK
6
CONTINUOUS
10
6.6881688188976378
20
-3.747482559055118
11
6.6886097244094485
21
-3.7464181496062992
0
LINE
8
BLACK
6
CONTINUOUS
10
6.6886097244094485
20
-3.7464181496062992
11
6.6894243700787399
21
-3.7456035039370077
0
LINE
8
BLACK
6
CONTINUOUS
10
6.6894243700787399
20
-3.7456035039370077
11
6.6904887795275592
21
-3.7451625984251966
0
LINE
8
BLACK
6
CONTINUOUS
10
6.6904887795275592
20
-3.7451625984251966
11
6.6916409055118109
21
-3.7451625984251966
0
LINE
8
BLACK
6
CONTINUOUS
10
6.6916409055118109
20
-3.7451625984251966
11
6.6927053149606301
21
-3.7456035039370077
0
LINE
8
BLACK
6
CONTINUOUS
10
6.8127053149606294
20
-3.7456035039370077
11
6.8135199606299208
21
-3.7464181496062992
0
LINE
8
BLACK
6
CONTINUOUS
10
6.8135199606299208
20
-3.7464181496062992
11
6.8139608661417324
21
-3.747482559055118
0
LINE
8
BLACK
6
CONTINUOUS
10
6.8139608661417324
20
-3.747482559055118
11
6.8140175984251963
21
-3.7480586220472438
0
LINE
8
BLACK
6
CONTINUOUS
10
6.8140175984251963
20
-3.7480586220472438
11
6.8140175984251963
21
-3.8080586220472439
0
LINE
8
BLACK
6
CONTINUOUS
10
6.8140175984251963
20
-3.8080586220472439
11
6.8139608661417324
21
-3.8086346850393702
0
LINE
8
BLACK
6
CONTINUOUS
10
6.8139608661417324
20
-3.8086346850393702
11
6.8135199606299208
21
-3.809699094488189
0
LINE
8
BLACK
6
CONTINUOUS
10
6.8135199606299208
20
-3.809699094488189
11
6.8127053149606294
21
-3.81051374015748
0
LINE
8
BLACK
6
CONTINUOUS
10
6.8127053149606294
20
-3.81051374015748
11
6.811640905511811
21
-3.8109546456692911
0
LINE
8
BLACK
6
CONTINUOUS
10
6.811640905511811
20
-3.8109546456692911
11
6.8104887795275593
21
-3.8109546456692911
0
LINE
8
BLACK
6
CONTINUOUS
10
6.8104887795275593
20
-3.8109546456692911
11
6.80942437007874
21
-3.81051374015748
0
LINE
8
BLACK
6
CONTINUOUS
10
6.80942437007874
20
-3.81051374015748
11
6.8086097244094486
21
-3.809699094488189
0
LINE
8
BLACK
6
CONTINUOUS
10
6.8086097244094486
20
-3.809699094488189
11
6.8081688188976379
21
-3.8086346850393702
0
LINE
8
BLACK
6
CONTINUOUS
10
6.8081688188976379
20
-3.8086346850393702
11
6.8081120866141731
21
-3.8080586220472439
0
LINE
8
BLACK
6
CONTINUOUS
10
6.8081120866141731
20
-3.8080586220472439
11
6.8081120866141731
21
-3.7480586220472438
0
LINE
8
BLACK
6
CONTINUOUS
10
6.8081120866141731
20
-3.7480586220472438
11
6.8081688188976379
21
-3.747482559055118
0
LINE
8
BLACK
6
CONTINUOUS
10
6.8081688188976379
20
-3.747482559055118
11
6.8086097244094486
21
-3.7464181496062992
0
LINE
8
BLACK
6
CONTINUOUS
10
6.8086097244094486
20
-3.7464181496062992
11
6.80942437007874
21
-3.7456035039370077
0
LINE
8
BLACK
6
CONTINUOUS
10
6.80942437007874
20
-3.7456035039370077
11
6.8104887795275593
21
-3.7451625984251966
0
LINE
8
BLACK
6
CONTINUOUS
10
6.8104887795275593
20
-3.7451625984251966
11
6.811640905511811
21
-3.7451625984251966
0
LINE
8
BLACK
6
CONTINUOUS
10
6.811640905511811
20
-3.7451625984251966
11
6.8127053149606294
21
-3.7456035039370077
0
LINE
8
BLACK
6
CONTINUOUS
10
6.3169688188976378
20
-3.8058762204724408
11
6.3182472440944881
21
-3.8071546456692911
0
LINE
8
BLACK
6
CONTINUOUS
10
6.3182472440944881
20
-3.8071546456692911
11
6.3182472440944881
21
-3.8089625984251967
0
LINE
8
BLACK
6
CONTINUOUS
10
6.3182472440944881
20
-3.8089625984251967
11
6.3169688188976378
21
-3.810241023622047
0
LINE
8
BLACK
6
CONTINUOUS
10
6.3169688188976378
20
-3.810241023622047
11
6.316064842519685
21
-3.8104208267716535
0
LINE
8
BLACK
6
CONTINUOUS
10
6.316064842519685
20
-3.8104208267716535
11
6.2860648425196848
21
-3.8104208267716535
0
LINE
8
BLACK
6
CONTINUOUS
10
6.2860648425196848
20
-3.8104208267716535
11
6.285160866141732
21
-3.810241023622047
0
LINE
8
BLACK
6
CONTINUOUS
10
6.285160866141732
20
-3.810241023622047
11
6.2838824409448817
21
-3.8089625984251967
0
LINE
8
BLACK
6
CONTINUOUS
10
6.2838824409448817
20
-3.8089625984251967
11
6.2838824409448817
21
-3.8071546456692911
0
LINE
8
BLACK
6
CONTINUOUS
10
6.2838824409448817
20
-3.8071546456692911
11
6.285160866141732
21
-3.8058762204724408
0
LINE
8
BLACK
6
CONTINUOUS
10
6.285160866141732
20
-3.8058762204724408
11
6.2860648425196848
21
-3.8056964173228347
0
LINE
8
BLACK
6
CONTINUOUS
10
6.2860648425196848
20
-3.8056964173228347
11
6.316064842519685
21
-3.8056964173228347
0
LINE
8
BLACK
6
CONTINUOUS
10
6.316064842519685
20
-3.8056964173228347
11
6.3169688188976378
21
-3.8058762204724408
0
LINE
8
BLACK
6
CONTINUOUS
10
6.4669688188976373
20
-3.8058762204724408
11
6.4682472440944885
21
-3.8071546456692911
0
LINE
8
BLACK
6
CONTINUOUS
10
6.4682472440944885
20
-3.8071546456692911
11
6.4682472440944885
21
-3.8089625984251967
0
LINE
8
BLACK
6
CONTINUOUS
10
6.4682472440944885
20
-3.8089625984251967
11
6.4669688188976373
21
-3.810241023622047
0
LINE
8
BLACK
6
CONTINUOUS
10
6.4669688188976373
20
-3.810241023622047
11
6.4660648425196845
21
-3.8104208267716535
0
LINE
8
BLACK
6
CONTINUOUS
10
6.4660648425196845
20
-3.8104208267716535
11
6.4360648425196851
21
-3.8104208267716535
0
LINE
8
BLACK
6
CONTINUOUS
10
6.4360648425196851
20
-3.8104208267716535
11
6.4351608661417323
21
-3.810241023622047
0
LINE
8
BLACK
6
CONTINUOUS
10
6.4351608661417323
20
-3.810241023622047
11
6.433882440944882
21
-3.8089625984251967
0
LINE
8
BLACK
6
CONTINUOUS
10
6.433882440944882
20
-3.8089625984251967
11
6.433882440944882
21
-3.8071546456692911
0
LINE
8
BLACK
6
CONTINUOUS
10
6.433882440944882
20
-3.8071546456692911
11
6.4351608661417323
21
-3.8058762204724408
0
LINE
8
BLACK
6
CONTINUOUS
10
6.4351608661417323
20
-3.8058762204724408
11
6.4360648425196851
21
-3.8056964173228347
0
LINE
8
BLACK
6
CONTINUOUS
10
6.4360648425196851
20
-3.8056964173228347
11
6.4660648425196845
21
-3.8056964173228347
0
LINE
8
BLACK
6
CONTINUOUS
10
6.4660648425196845
20
-3.8056964173228347
11
6.4669688188976373
21
-3.8058762204724408
0
LINE
8
BLACK
6
CONTINUOUS
10
6.6169688188976377
20
-3.8058762204724408
11
6.6182472440944879
21
-3.8071546456692911
0
LINE
8
BLACK
6
CONTINUOUS
10
6.6182472440944879
20
-3.8071546456692911
11
6.6182472440944879
21
-3.8089625984251967
0
LINE
8
BLACK
6
CONTINUOUS
10
6.6182472440944879
20
-3.8089625984251967
11
6.6169688188976377
21
-3.810241023622047
0
LINE
8
BLACK
6
CONTINUOUS
10
6.6169688188976377
20
-3.810241023622047
11
6.6160648425196849
21
-3.8104208267716535
0
LINE
8
BLACK
6
CONTINUOUS
10
6.6160648425196849
20
-3.8104208267716535
11
6.5860648425196846
21
-3.8104208267716535
0
LINE
8
BLACK
6
CONTINUOUS
10
6.5860648425196846
20
-3.8104208267716535
11
6.5851608661417318
21
-3.810241023622047
0
LINE
8
BLACK
6
CONTINUOUS
10
6.5851608661417318
20
-3.810241023622047
11
6.5838824409448815
21
-3.8089625984251967
0
LINE
8
BLACK
6
CONTINUOUS
10
6.5838824409448815
20
-3.8089625984251967
11
6.5838824409448815
21
-3.8071546456692911
0
LINE
8
BLACK
6
CONTINUOUS
10
6.5838824409448815
20
-3.8071546456692911
11
6.5851608661417318
21
-3.8058762204724408
0
LINE
8
BLACK
6
CONTINUOUS
10
6.5851608661417318
20
-3.8058762204724408
11
6.5860648425196846
21
-3.8056964173228347
0
LINE
8
BLACK
6
CONTINUOUS
10
6.5860648425196846
20
-3.8056964173228347
11
6.6160648425196849
21
-3.8056964173228347
0
LINE
8
BLACK
6
CONTINUOUS
10
6.6160648425196849
20
-3.8056964173228347
11
6.6169688188976377
21
-3.8058762204724408
0
LINE
8
BLACK
6
CONTINUOUS
10
6.766968818897638
20
-3.8058762204724408
11
6.7682472440944883
21
-3.8071546456692911
0
LINE
8
BLACK
6
CONTINUOUS
10
6.7682472440944883
20
-3.8071546456692911
11
6.7682472440944883
21
-3.8089625984251967
0
LINE
8
BLACK
6
CONTINUOUS
10
6.7682472440944883
20
-3.8089625984251967
11
6.766968818897638
21
-3.810241023622047
0
LINE
8
BLACK
6
CONTINUOUS
10
6.766968818897638
20
-3.810241023622047
11
6.7660648425196852
21
-3.8104208267716535
0
LINE
8
BLACK
6
CONTINUOUS
10
6.7660648425196852
20
-3.8104208267716535
11
6.736064842519685
21
-3.8104208267716535
0
LINE
8
BLACK
6
CONTINUOUS
10
6.736064842519685
20
-3.8104208267716535
11
6.7351608661417321
21
-3.810241023622047
0
LINE
8
BLACK
6
CONTINUOUS
10
6.7351608661417321
20
-3.810241023622047
11
6.7338824409448819
21
-3.8089625984251967
0
LINE
8
BLACK
6
CONTINUOUS
10
6.7338824409448819
20
-3.8089625984251967
11
6.7338824409448819
21
-3.8071546456692911
0
LINE
8
BLACK
6
CONTINUOUS
10
6.7338824409448819
20
-3.8071546456692911
11
6.7351608661417321
21
-3.8058762204724408
0
LINE
8
BLACK
6
CONTINUOUS
10
6.7351608661417321
20
-3.8058762204724408
11
6.736064842519685
21
-3.8056964173228347
0
LINE
8
BLACK
6
CONTINUOUS
10
6.736064842519685
20
-3.8056964173228347
11
6.7660648425196852
21
-3.8056964173228347
0
LINE
8
BLACK
6
CONTINUOUS
10
6.7660648425196852
20
-3.8056964173228347
11
6.766968818897638
21
-3.8058762204724408
0
LINE
8
BLACK
6
CONTINUOUS
10
5.9874018897637793
20
-3.7939864566929131
11
5.9886803149606296
21
-3.7952648818897639
0
LINE
8
BLACK
6
CONTINUOUS
10
5.9886803149606296
20
-3.7952648818897639
11
5.9888601181102361
21
-3.7961688582677167
0
LINE
8
BLACK
6
CONTINUOUS
10
5.9888601181102361
20
-3.7961688582677167
11
5.9888601181102361
21
-3.8056176771653543
0
LINE
8
BLACK
6
CONTINUOUS
10
5.9888601181102361
20
-3.8056176771653543
11
5.9886803149606296
21
-3.8065216535433071
0
LINE
8
BLACK
6
CONTINUOUS
10
5.9886803149606296
20
-3.8065216535433071
11
5.9874018897637793
21
-3.8078000787401574
0
LINE
8
BLACK
6
CONTINUOUS
10
5.9874018897637793
20
-3.8078000787401574
11
5.9855939370078737
21
-3.8078000787401574
0
LINE
8
BLACK
6
CONTINUOUS
10
5.9855939370078737
20
-3.8078000787401574
11
5.9843155118110234
21
-3.8065216535433071
0
LINE
8
BLACK
6
CONTINUOUS
10
5.9843155118110234
20
-3.8065216535433071
11
5.9841357086614169
21
-3.8056176771653543
0
LINE
8
BLACK
6
CONTINUOUS
10
5.9841357086614169
20
-3.8056176771653543
11
5.9841357086614169
21
-3.7985310629921258
0
LINE
8
BLACK
6
CONTINUOUS
10
5.9841357086614169
20
-3.7985310629921258
11
5.9156317716535431
21
-3.7985310629921258
0
LINE
8
BLACK
6
CONTINUOUS
10
5.9156317716535431
20
-3.7985310629921258
11
5.9147277952755903
21
-3.7983512598425198
0
LINE
8
BLACK
6
CONTINUOUS
10
5.9147277952755903
20
-3.7983512598425198
11
5.9134493700787401
21
-3.797072834645669
0
LINE
8
BLACK
6
CONTINUOUS
10
5.9134493700787401
20
-3.797072834645669
11
5.9134493700787401
21
-3.7952648818897639
0
LINE
8
BLACK
6
CONTINUOUS
10
5.9134493700787401
20
-3.7952648818897639
11
5.9147277952755903
21
-3.7939864566929131
0
LINE
8
BLACK
6
CONTINUOUS
10
5.9147277952755903
20
-3.7939864566929131
11
5.9156317716535431
21
-3.793806653543307
0
LINE
8
BLACK
6
CONTINUOUS
10
5.9156317716535431
20
-3.793806653543307
11
5.9864979133858265
21
-3.793806653543307
0
LINE
8
BLACK
6
CONTINUOUS
10
5.9864979133858265
20
-3.793806653543307
11
5.9874018897637793
21
-3.7939864566929131
0
LINE
8
BLACK
6
CONTINUOUS
10
5.22020531496063
20
-3.7356035039370079
11
5.2210199606299215
21
-3.7364181496062989
0
LINE
8
BLACK
6
CONTINUOUS
10
5.2210199606299215
20
-3.7364181496062989
11
5.2214608661417321
21
-3.7374825590551182
0
LINE
8
BLACK
6
CONTINUOUS
10
5.2214608661417321
20
-3.7374825590551182
11
5.2215175984251969
21
-3.738058622047244
0
LINE
8
BLACK
6
CONTINUOUS
10
5.2215175984251969
20
-3.738058622047244
11
5.2215175984251969
21
-3.7980586220472441
0
LINE
8
BLACK
6
CONTINUOUS
10
5.2215175984251969
20
-3.7980586220472441
11
5.2214608661417321
21
-3.79863468503937
0
LINE
8
BLACK
6
CONTINUOUS
10
5.2214608661417321
20
-3.79863468503937
11
5.2210199606299215
21
-3.7996990944881888
0
LINE
8
BLACK
6
CONTINUOUS
10
5.2210199606299215
20
-3.7996990944881888
11
5.22020531496063
21
-3.8005137401574802
0
LINE
8
BLACK
6
CONTINUOUS
10
5.22020531496063
20
-3.8005137401574802
11
5.2191409055118108
21
-3.8009546456692913
0
LINE
8
BLACK
6
CONTINUOUS
10
5.2191409055118108
20
-3.8009546456692913
11
5.217988779527559
21
-3.8009546456692913
0
LINE
8
BLACK
6
CONTINUOUS
10
5.217988779527559
20
-3.8009546456692913
11
5.2169243700787398
21
-3.8005137401574802
0
LINE
8
BLACK
6
CONTINUOUS
10
5.2169243700787398
20
-3.8005137401574802
11
5.2161097244094483
21
-3.7996990944881888
0
LINE
8
BLACK
6
CONTINUOUS
10
5.2161097244094483
20
-3.7996990944881888
11
5.2156688188976377
21
-3.79863468503937
0
LINE
8
BLACK
6
CONTINUOUS
10
5.2156688188976377
20
-3.79863468503937
11
5.2156120866141729
21
-3.7980586220472441
0
LINE
8
BLACK
6
CONTINUOUS
10
5.2156120866141729
20
-3.7980586220472441
11
5.2156120866141729
21
-3.738058622047244
0
LINE
8
BLACK
6
CONTINUOUS
10
5.2156120866141729
20
-3.738058622047244
11
5.2156688188976377
21
-3.7374825590551182
0
LINE
8
BLACK
6
CONTINUOUS
10
5.2156688188976377
20
-3.7374825590551182
11
5.2161097244094483
21
-3.7364181496062989
0
LINE
8
BLACK
6
CONTINUOUS
10
5.2161097244094483
20
-3.7364181496062989
11
5.2169243700787398
21
-3.7356035039370079
0
LINE
8
BLACK
6
CONTINUOUS
10
5.2169243700787398
20
-3.7356035039370079
11
5.217988779527559
21
-3.7351625984251968
0
LINE
8
BLACK
6
CONTINUOUS
10
5.217988779527559
20
-3.7351625984251968
11
5.2191409055118108
21
-3.7351625984251968
0
LINE
8
BLACK
6
CONTINUOUS
10
5.2191409055118108
20
-3.7351625984251968
11
5.22020531496063
21
-3.7356035039370079
0
LINE
8
BLACK
6
CONTINUOUS
10
5.3402053149606301
20
-3.7356035039370079
11
5.3410199606299216
21
-3.7364181496062989
0
LINE
8
BLACK
6
CONTINUOUS
10
5.3410199606299216
20
-3.7364181496062989
11
5.3414608661417322
21
-3.7374825590551182
0
LINE
8
BLACK
6
CONTINUOUS
10
5.3414608661417322
20
-3.7374825590551182
11
5.341517598425197
21
-3.738058622047244
0
LINE
8
BLACK
6
CONTINUOUS
10
5.341517598425197
20
-3.738058622047244
11
5.341517598425197
21
-3.7980586220472441
0
LINE
8
BLACK
6
CONTINUOUS
10
5.341517598425197
20
-3.7980586220472441
11
5.3414608661417322
21
-3.79863468503937
0
LINE
8
BLACK
6
CONTINUOUS
10
5.3414608661417322
20
-3.79863468503937
11
5.3410199606299216
21
-3.7996990944881888
0
LINE
8
BLACK
6
CONTINUOUS
10
5.3410199606299216
20
-3.7996990944881888
11
5.3402053149606301
21
-3.8005137401574802
0
LINE
8
BLACK
6
CONTINUOUS
10
5.3402053149606301
20
-3.8005137401574802
11
5.3391409055118109
21
-3.8009546456692913
0
LINE
8
BLACK
6
CONTINUOUS
10
5.3391409055118109
20
-3.8009546456692913
11
5.3379887795275591
21
-3.8009546456692913
0
LINE
8
BLACK
6
CONTINUOUS
10
5.3379887795275591
20
-3.8009546456692913
11
5.3369243700787399
21
-3.8005137401574802
0
LINE
8
BLACK
6
CONTINUOUS
10
5.3369243700787399
20
-3.8005137401574802
11
5.3361097244094484
21
-3.7996990944881888
0
LINE
8
BLACK
6
CONTINUOUS
10
5.3361097244094484
20
-3.7996990944881888
11
5.3356688188976378
21
-3.79863468503937
0
LINE
8
BLACK
6
CONTINUOUS
10
5.3356688188976378
20
-3.79863468503937
11
5.335612086614173
21
-3.7980586220472441
0
LINE
8
BLACK
6
CONTINUOUS
10
5.335612086614173
20
-3.7980586220472441
11
5.335612086614173
21
-3.738058622047244
0
LINE
8
BLACK
6
CONTINUOUS
10
5.335612086614173
20
-3.738058622047244
11
5.3356688188976378
21
-3.7374825590551182
0
LINE
8
BLACK
6
CONTINUOUS
10
5.3356688188976378
20
-3.7374825590551182
11
5.3361097244094484
21
-3.7364181496062989
0
LINE
8
BLACK
6
CONTINUOUS
10
5.3361097244094484
20
-3.7364181496062989
11
5.3369243700787399
21
-3.7356035039370079
0
LINE
8
BLACK
6
CONTINUOUS
10
5.3369243700787399
20
-3.7356035039370079
11
5.3379887795275591
21
-3.7351625984251968
0
LINE
8
BLACK
6
CONTINUOUS
10
5.3379887795275591
20
-3.7351625984251968
11
5.3391409055118109
21
-3.7351625984251968
0
LINE
8
BLACK
6
CONTINUOUS
10
5.3391409055118109
20
-3.7351625984251968
11
5.3402053149606301
21
-3.7356035039370079
0
LINE
8
BLACK
6
CONTINUOUS
10
5.2944688188976379
20
-3.795876220472441
11
5.2957472440944882
21
-3.7971546456692913
0
LINE
8
BLACK
6
CONTINUOUS
10
5.2957472440944882
20
-3.7971546456692913
11
5.2957472440944882
21
-3.7989625984251969
0
LINE
8
BLACK
6
CONTINUOUS
10
5.2957472440944882
20
-3.7989625984251969
11
5.2944688188976379
21
-3.8002410236220472
0
LINE
8
BLACK
6
CONTINUOUS
10
5.2944688188976379
20
-3.8002410236220472
11
5.2935648425196851
21
-3.8004208267716533
0
LINE
8
BLACK
6
CONTINUOUS
10
5.2935648425196851
20
-3.8004208267716533
11
5.2635648425196848
21
-3.8004208267716533
0
LINE
8
BLACK
6
CONTINUOUS
10
5.2635648425196848
20
-3.8004208267716533
11
5.262660866141732
21
-3.8002410236220472
0
LINE
8
BLACK
6
CONTINUOUS
10
5.262660866141732
20
-3.8002410236220472
11
5.2613824409448817
21
-3.7989625984251969
0
LINE
8
BLACK
6
CONTINUOUS
10
5.2613824409448817
20
-3.7989625984251969
11
5.2613824409448817
21
-3.7971546456692913
0
LINE
8
BLACK
6
CONTINUOUS
10
5.2613824409448817
20
-3.7971546456692913
11
5.262660866141732
21
-3.795876220472441
0
LINE
8
BLACK
6
CONTINUOUS
10
5.262660866141732
20
-3.795876220472441
11
5.2635648425196848
21
-3.7956964173228345
0
LINE
8
BLACK
6
CONTINUOUS
10
5.2635648425196848
20
-3.7956964173228345
11
5.2935648425196851
21
-3.7956964173228345
0
LINE
8
BLACK
6
CONTINUOUS
10
5.2935648425196851
20
-3.7956964173228345
11
5.2944688188976379
21
-3.795876220472441
0
LINE
8
BLACK
6
CONTINUOUS
10
5.5066409055118113
20
-3.7876625984251966
11
5.5077053149606297
21
-3.7881035039370077
0
LINE
8
BLACK
6
CONTINUOUS
10
5.5077053149606297
20
-3.7881035039370077
11
5.5085199606299211
21
-3.7889181496062991
0
LINE
8
BLACK
6
CONTINUOUS
10
5.5085199606299211
20
-3.7889181496062991
11
5.5089608661417317
21
-3.7899825590551179
0
LINE
8
BLACK
6
CONTINUOUS
10
5.5089608661417317
20
-3.7899825590551179
11
5.5089608661417317
21
-3.7911346850393701
0
LINE
8
BLACK
6
CONTINUOUS
10
5.5089608661417317
20
-3.7911346850393701
11
5.5085199606299211
21
-3.7921990944881889
0
LINE
8
BLACK
6
CONTINUOUS
10
5.5085199606299211
20
-3.7921990944881889
11
5.5077053149606297
21
-3.7930137401574804
0
LINE
8
BLACK
6
CONTINUOUS
10
5.5077053149606297
20
-3.7930137401574804
11
5.5066409055118113
21
-3.7934546456692915
0
LINE
8
BLACK
6
CONTINUOUS
10
5.5066409055118113
20
-3.7934546456692915
11
5.5060648425196845
21
-3.7935113779527558
0
LINE
8
BLACK
6
CONTINUOUS
10
5.5060648425196845
20
-3.7935113779527558
11
5.4460648425196849
21
-3.7935113779527558
0
LINE
8
BLACK
6
CONTINUOUS
10
5.4460648425196849
20
-3.7935113779527558
11
5.4454887795275591
21
-3.7934546456692915
0
LINE
8
BLACK
6
CONTINUOUS
10
5.4454887795275591
20
-3.7934546456692915
11
5.4444243700787398
21
-3.7930137401574804
0
LINE
8
BLACK
6
CONTINUOUS
10
5.4444243700787398
20
-3.7930137401574804
11
5.4436097244094483
21
-3.7921990944881889
0
LINE
8
BLACK
6
CONTINUOUS
10
5.4436097244094483
20
-3.7921990944881889
11
5.4431688188976377
21
-3.7911346850393701
0
LINE
8
BLACK
6
CONTINUOUS
10
5.4431688188976377
20
-3.7911346850393701
11
5.4431688188976377
21
-3.7899825590551179
0
LINE
8
BLACK
6
CONTINUOUS
10
5.4431688188976377
20
-3.7899825590551179
11
5.4436097244094483
21
-3.7889181496062991
0
LINE
8
BLACK
6
CONTINUOUS
10
5.4436097244094483
20
-3.7889181496062991
11
5.4444243700787398
21
-3.7881035039370077
0
LINE
8
BLACK
6
CONTINUOUS
10
5.4444243700787398
20
-3.7881035039370077
11
5.4454887795275591
21
-3.7876625984251966
0
LINE
8
BLACK
6
CONTINUOUS
10
5.4454887795275591
20
-3.7876625984251966
11
5.4460648425196849
21
-3.7876058661417322
0
LINE
8
BLACK
6
CONTINUOUS
10
5.4460648425196849
20
-3.7876058661417322
11
5.5060648425196845
21
-3.7876058661417322
0
LINE
8
BLACK
6
CONTINUOUS
10
5.5060648425196845
20
-3.7876058661417322
11
5.5066409055118113
21
-3.7876625984251966
0
LINE
8
BLACK
6
CONTINUOUS
10
6.2066409055118106
20
-3.7851625984251966
11
6.2077053149606298
21
-3.7856035039370077
0
LINE
8
BLACK
6
CONTINUOUS
10
6.2077053149606298
20
-3.7856035039370077
11
6.2085199606299213
21
-3.7864181496062992
0
LINE
8
BLACK
6
CONTINUOUS
10
6.2085199606299213
20
-3.7864181496062992
11
6.2089608661417319
21
-3.787482559055118
0
LINE
8
BLACK
6
CONTINUOUS
10
6.2089608661417319
20
-3.787482559055118
11
6.2089608661417319
21
-3.7886346850393702
0
LINE
8
BLACK
6
CONTINUOUS
10
6.2089608661417319
20
-3.7886346850393702
11
6.2085199606299213
21
-3.789699094488189
0
LINE
8
BLACK
6
CONTINUOUS
10
6.2085199606299213
20
-3.789699094488189
11
6.2077053149606298
21
-3.7905137401574804
0
LINE
8
BLACK
6
CONTINUOUS
10
6.2077053149606298
20
-3.7905137401574804
11
6.2066409055118106
21
-3.7909546456692911
0
LINE
8
BLACK
6
CONTINUOUS
10
6.2066409055118106
20
-3.7909546456692911
11
6.2060648425196847
21
-3.7910113779527559
0
LINE
8
BLACK
6
CONTINUOUS
10
6.2060648425196847
20
-3.7910113779527559
11
6.1460648425196851
21
-3.7910113779527559
0
LINE
8
BLACK
6
CONTINUOUS
10
6.1460648425196851
20
-3.7910113779527559
11
6.1454887795275592
21
-3.7909546456692911
0
LINE
8
BLACK
6
CONTINUOUS
10
6.1454887795275592
20
-3.7909546456692911
11
6.14442437007874
21
-3.7905137401574804
0
LINE
8
BLACK
6
CONTINUOUS
10
6.14442437007874
20
-3.7905137401574804
11
6.1436097244094485
21
-3.789699094488189
0
LINE
8
BLACK
6
CONTINUOUS
10
6.1436097244094485
20
-3.789699094488189
11
6.1431688188976379
21
-3.7886346850393702
0
LINE
8
BLACK
6
CONTINUOUS
10
6.1431688188976379
20
-3.7886346850393702
11
6.1431688188976379
21
-3.787482559055118
0
LINE
8
BLACK
6
CONTINUOUS
10
6.1431688188976379
20
-3.787482559055118
11
6.1436097244094485
21
-3.7864181496062992
0
LINE
8
BLACK
6
CONTINUOUS
10
6.1436097244094485
20
-3.7864181496062992
11
6.14442437007874
21
-3.7856035039370077
0
LINE
8
BLACK
6
CONTINUOUS
10
6.14442437007874
20
-3.7856035039370077
11
6.1454887795275592
21
-3.7851625984251966
0
LINE
8
BLACK
6
CONTINUOUS
10
6.1454887795275592
20
-3.7851625984251966
11
6.1460648425196851
21
-3.7851058661417323
0
LINE
8
BLACK
6
CONTINUOUS
10
6.1460648425196851
20
-3.7851058661417323
11
6.2060648425196847
21
-3.7851058661417323
0
LINE
8
BLACK
6
CONTINUOUS
10
6.2060648425196847
20
-3.7851058661417323
11
6.2066409055118106
21
-3.7851625984251966
0
LINE
8
BLACK
6
CONTINUOUS
10
5.1466294881889763
20
-3.7586471653543305
11
5.1476600000000001
21
-3.7591624409448818
0
LINE
8
BLACK
6
CONTINUOUS
10
5.1476600000000001
20
-3.7591624409448818
11
5.148414842519685
21
-3.7600327952755905
0
LINE
8
BLACK
6
CONTINUOUS
10
5.148414842519685
20
-3.7600327952755905
11
5.1487791732283466
21
-3.7611257874015749
0
LINE
8
BLACK
6
CONTINUOUS
10
5.1487791732283466
20
-3.7611257874015749
11
5.1486975196850393
21
-3.7622749999999998
0
LINE
8
BLACK
6
CONTINUOUS
10
5.1486975196850393
20
-3.7622749999999998
11
5.1484906299212598
21
-3.7628155905511811
0
LINE
8
BLACK
6
CONTINUOUS
10
5.1484906299212598
20
-3.7628155905511811
11
5.1466158661417323
21
-3.7665651181102362
0
LINE
8
BLACK
6
CONTINUOUS
10
5.1466158661417323
20
-3.7665651181102362
11
5.1464598425196852
21
-3.7668129133858268
0
LINE
8
BLACK
6
CONTINUOUS
10
5.1464598425196852
20
-3.7668129133858268
11
5.1464299999999996
21
-3.7668850787401573
0
LINE
8
BLACK
6
CONTINUOUS
10
5.1464299999999996
20
-3.7668850787401573
11
5.1463633858267714
21
-3.7669662204724408
0
LINE
8
BLACK
6
CONTINUOUS
10
5.1463633858267714
20
-3.7669662204724408
11
5.1463075196850392
21
-3.767055
0
LINE
8
BLACK
6
CONTINUOUS
10
5.1463075196850392
20
-3.767055
11
5.1462485826771651
21
-3.7671061023622046
0
LINE
8
BLACK
6
CONTINUOUS
10
5.1462485826771651
20
-3.7671061023622046
11
5.1460627559055121
21
-3.7673325196850391
0
LINE
8
BLACK
6
CONTINUOUS
10
5.1460627559055121
20
-3.7673325196850391
11
5.1436043700787399
21
-3.7697909055118108
0
LINE
8
BLACK
6
CONTINUOUS
10
5.1436043700787399
20
-3.7697909055118108
11
5.1710183464566928
21
-3.7697909055118108
0
LINE
8
BLACK
6
CONTINUOUS
10
5.1710183464566928
20
-3.7697909055118108
11
5.1710183464566928
21
-3.7614950787401575
0
LINE
8
BLACK
6
CONTINUOUS
10
5.1710183464566928
20
-3.7614950787401575
11
5.1710750787401576
21
-3.7609190157480312
0
LINE
8
BLACK
6
CONTINUOUS
10
5.1710750787401576
20
-3.7609190157480312
11
5.1715159842519682
21
-3.7598546062992124
0
LINE
8
BLACK
6
CONTINUOUS
10
5.1715159842519682
20
-3.7598546062992124
11
5.1723306299212597
21
-3.759039960629921
0
LINE
8
BLACK
6
CONTINUOUS
10
5.1723306299212597
20
-3.759039960629921
11
5.1733950393700789
21
-3.7585990551181103
0
LINE
8
BLACK
6
CONTINUOUS
10
5.1733950393700789
20
-3.7585990551181103
11
5.1745471653543307
21
-3.7585990551181103
0
LINE
8
BLACK
6
CONTINUOUS
10
5.1745471653543307
20
-3.7585990551181103
11
5.1756115748031499
21
-3.759039960629921
0
LINE
8
BLACK
6
CONTINUOUS
10
5.1756115748031499
20
-3.759039960629921
11
5.1764262204724405
21
-3.7598546062992124
0
LINE
8
BLACK
6
CONTINUOUS
10
5.1764262204724405
20
-3.7598546062992124
11
5.176867125984252
21
-3.7609190157480312
0
LINE
8
BLACK
6
CONTINUOUS
10
5.176867125984252
20
-3.7609190157480312
11
5.1769238582677168
21
-3.7614950787401575
0
LINE
8
BLACK
6
CONTINUOUS
10
5.1769238582677168
20
-3.7614950787401575
11
5.1769238582677168
21
-3.7839922440944882
0
LINE
8
BLACK
6
CONTINUOUS
10
5.1769238582677168
20
-3.7839922440944882
11
5.176867125984252
21
-3.7845683070866141
0
LINE
8
BLACK
6
CONTINUOUS
10
5.176867125984252
20
-3.7845683070866141
11
5.1764262204724405
21
-3.7856327165354329
0
LINE
8
BLACK
6
CONTINUOUS
10
5.1764262204724405
20
-3.7856327165354329
11
5.1756115748031499
21
-3.7864473622047243
0
LINE
8
BLACK
6
CONTINUOUS
10
5.1756115748031499
20
-3.7864473622047243
11
5.1745471653543307
21
-3.7868882677165354
0
LINE
8
BLACK
6
CONTINUOUS
10
5.1745471653543307
20
-3.7868882677165354
11
5.1733950393700789
21
-3.7868882677165354
0
LINE
8
BLACK
6
CONTINUOUS
10
5.1733950393700789
20
-3.7868882677165354
11
5.1723306299212597
21
-3.7864473622047243
0
LINE
8
BLACK
6
CONTINUOUS
10
5.1723306299212597
20
-3.7864473622047243
11
5.1715159842519682
21
-3.7856327165354329
0
LINE
8
BLACK
6
CONTINUOUS
10
5.1715159842519682
20
-3.7856327165354329
11
5.1710750787401576
21
-3.7845683070866141
0
LINE
8
BLACK
6
CONTINUOUS
10
5.1710750787401576
20
-3.7845683070866141
11
5.1710183464566928
21
-3.7839922440944882
0
LINE
8
BLACK
6
CONTINUOUS
10
5.1710183464566928
20
-3.7839922440944882
11
5.1710183464566928
21
-3.7756964173228345
0
LINE
8
BLACK
6
CONTINUOUS
10
5.1710183464566928
20
-3.7756964173228345
11
5.1346010236220474
21
-3.7756964173228345
0
LINE
8
BLACK
6
CONTINUOUS
10
5.1346010236220474
20
-3.7756964173228345
11
5.1345989370078735
21
-3.7756961811023619
0
LINE
8
BLACK
6
CONTINUOUS
10
5.1345989370078735
20
-3.7756961811023619
11
5.1345979133858268
21
-3.7756964173228345
0
LINE
8
BLACK
6
CONTINUOUS
10
5.1345979133858268
20
-3.7756964173228345
11
5.1345948818897638
21
-3.7756957874015749
0
LINE
8
BLACK
6
CONTINUOUS
10
5.1345948818897638
20
-3.7756957874015749
11
5.1340249606299215
21
-3.7756396850393701
0
LINE
8
BLACK
6
CONTINUOUS
10
5.1340249606299215
20
-3.7756396850393701
11
5.1337548425196848
21
-3.7755277952755906
0
LINE
8
BLACK
6
CONTINUOUS
10
5.1337548425196848
20
-3.7755277952755906
11
5.133468228346457
21
-3.7754704724409449
0
LINE
8
BLACK
6
CONTINUOUS
10
5.133468228346457
20
-3.7754704724409449
11
5.1332278346456688
21
-3.7753094881889764
0
LINE
8
BLACK
6
CONTINUOUS
10
5.1332278346456688
20
-3.7753094881889764
11
5.1329605511811023
21
-3.775198779527559
0
LINE
8
BLACK
6
CONTINUOUS
10
5.1329605511811023
20
-3.775198779527559
11
5.1327538188976378
21
-3.7749920472440945
0
LINE
8
BLACK
6
CONTINUOUS
10
5.1327538188976378
20
-3.7749920472440945
11
5.13251094488189
21
-3.7748294094488188
0
LINE
8
BLACK
6
CONTINUOUS
10
5.13251094488189
20
-3.7748294094488188
11
5.132350433070866
21
-3.7745886614173227
0
LINE
8
BLACK
6
CONTINUOUS
10
5.132350433070866
20
-3.7745886614173227
11
5.1321459055118108
21
-3.7743841338582675
0
LINE
8
BLACK
6
CONTINUOUS
10
5.1321459055118108
20
-3.7743841338582675
11
5.1320340157480313
21
-3.7741140157480313
0
LINE
8
BLACK
6
CONTINUOUS
10
5.1320340157480313
20
-3.7741140157480313
11
5.1318718503937006
21
-3.7738707874015747
0
LINE
8
BLACK
6
CONTINUOUS
10
5.1318718503937006
20
-3.7738707874015747
11
5.1318157086614171
21
-3.7735869685039369
0
LINE
8
BLACK
6
CONTINUOUS
10
5.1318157086614171
20
-3.7735869685039369
11
5.1317050000000002
21
-3.7733197244094487
0
LINE
8
BLACK
6
CONTINUOUS
10
5.1317050000000002
20
-3.7733197244094487
11
5.1317050000000002
21
-3.7730273228346456
0
LINE
8
BLACK
6
CONTINUOUS
10
5.1317050000000002
20
-3.7730273228346456
11
5.1316482677165354
21
-3.7727405511811023
0
LINE
8
BLACK
6
CONTINUOUS
10
5.1316482677165354
20
-3.7727405511811023
11
5.1317050000000002
21
-3.7724568897637796
0
LINE
8
BLACK
6
CONTINUOUS
10
5.1317050000000002
20
-3.7724568897637796
11
5.1317050000000002
21
-3.7721675984251966
0
LINE
8
BLACK
6
CONTINUOUS
10
5.1317050000000002
20
-3.7721675984251966
11
5.1318168503937009
21
-3.7718974803149607
0
LINE
8
BLACK
6
CONTINUOUS
10
5.1318168503937009
20
-3.7718974803149607
11
5.1318742125984249
21
-3.771610866141732
0
LINE
8
BLACK
6
CONTINUOUS
10
5.1318742125984249
20
-3.771610866141732
11
5.1320351574803151
21
-3.7713704724409447
0
LINE
8
BLACK
6
CONTINUOUS
10
5.1320351574803151
20
-3.7713704724409447
11
5.1321459055118108
21
-3.7711031889763778
0
LINE
8
BLACK
6
CONTINUOUS
10
5.1321459055118108
20
-3.7711031889763778
11
5.1323525984251965
21
-3.7708964566929133
0
LINE
8
BLACK
6
CONTINUOUS
10
5.1323525984251965
20
-3.7708964566929133
11
5.132515275590551
21
-3.7706535826771654
0
LINE
8
BLACK
6
CONTINUOUS
10
5.132515275590551
20
-3.7706535826771654
11
5.132958503937008
21
-3.7702905511811022
0
LINE
8
BLACK
6
CONTINUOUS
10
5.132958503937008
20
-3.7702905511811022
11
5.1329605511811023
21
-3.7702885433070867
0
LINE
8
BLACK
6
CONTINUOUS
10
5.1329605511811023
20
-3.7702885433070867
11
5.1329614173228348
21
-3.7702881496062992
0
LINE
8
BLACK
6
CONTINUOUS
10
5.1329614173228348
20
-3.7702881496062992
11
5.1329631102362203
21
-3.7702868110236221
0
LINE
8
BLACK
6
CONTINUOUS
10
5.1329631102362203
20
-3.7702868110236221
11
5.1383441338582676
21
-3.7666994488188976
0
LINE
8
BLACK
6
CONTINUOUS
10
5.1383441338582676
20
-3.7666994488188976
11
5.1415481102362204
21
-3.7634955118110236
0
LINE
8
BLACK
6
CONTINUOUS
10
5.1415481102362204
20
-3.7634955118110236
11
5.1432085826771656
21
-3.760174566929134
0
LINE
8
BLACK
6
CONTINUOUS
10
5.1432085826771656
20
-3.760174566929134
11
5.1435169291338578
21
-3.7596846850393701
0
LINE
8
BLACK
6
CONTINUOUS
10
5.1435169291338578
20
-3.7596846850393701
11
5.1443873228346453
21
-3.7589298425196849
0
LINE
8
BLACK
6
CONTINUOUS
10
5.1443873228346453
20
-3.7589298425196849
11
5.1454802755905513
21
-3.7585655118110237
0
LINE
8
BLACK
6
CONTINUOUS
10
5.1454802755905513
20
-3.7585655118110237
11
5.1466294881889763
21
-3.7586471653543305
0
LINE
8
BLACK
6
CONTINUOUS
10
6.3169688188976378
20
-3.7458762204724407
11
6.3182472440944881
21
-3.7471546456692915
0
LINE
8
BLACK
6
CONTINUOUS
10
6.3182472440944881
20
-3.7471546456692915
11
6.3182472440944881
21
-3.7489625984251966
0
LINE
8
BLACK
6
CONTINUOUS
10
6.3182472440944881
20
-3.7489625984251966
11
6.3169688188976378
21
-3.7502410236220474
0
LINE
8
BLACK
6
CONTINUOUS
10
6.3169688188976378
20
-3.7502410236220474
11
6.316064842519685
21
-3.7504208267716534
0
LINE
8
BLACK
6
CONTINUOUS
10
6.316064842519685
20
-3.7504208267716534
11
6.2860648425196848
21
-3.7504208267716534
0
LINE
8
BLACK
6
CONTINUOUS
10
6.2860648425196848
20
-3.7504208267716534
11
6.285160866141732
21
-3.7502410236220474
0
LINE
8
BLACK
6
CONTINUOUS
10
6.285160866141732
20
-3.7502410236220474
11
6.2838824409448817
21
-3.7489625984251966
0
LINE
8
BLACK
6
CONTINUOUS
10
6.2838824409448817
20
-3.7489625984251966
11
6.2838824409448817
21
-3.7471546456692915
0
LINE
8
BLACK
6
CONTINUOUS
10
6.2838824409448817
20
-3.7471546456692915
11
6.285160866141732
21
-3.7458762204724407
0
LINE
8
BLACK
6
CONTINUOUS
10
6.285160866141732
20
-3.7458762204724407
11
6.2860648425196848
21
-3.7456964173228346
0
LINE
8
BLACK
6
CONTINUOUS
10
6.2860648425196848
20
-3.7456964173228346
11
6.316064842519685
21
-3.7456964173228346
0
LINE
8
BLACK
6
CONTINUOUS
10
6.316064842519685
20
-3.7456964173228346
11
6.3169688188976378
21
-3.7458762204724407
0
LINE
8
BLACK
6
CONTINUOUS
10
6.4669688188976373
20
-3.7458762204724407
11
6.4682472440944885
21
-3.7471546456692915
0
LINE
8
BLACK
6
CONTINUOUS
10
6.4682472440944885
20
-3.7471546456692915
11
6.4682472440944885
21
-3.7489625984251966
0
LINE
8
BLACK
6
CONTINUOUS
10
6.4682472440944885
20
-3.7489625984251966
11
6.4669688188976373
21
-3.7502410236220474
0
LINE
8
BLACK
6
CONTINUOUS
10
6.4669688188976373
20
-3.7502410236220474
11
6.4660648425196845
21
-3.7504208267716534
0
LINE
8
BLACK
6
CONTINUOUS
10
6.4660648425196845
20
-3.7504208267716534
11
6.4360648425196851
21
-3.7504208267716534
0
LINE
8
BLACK
6
CONTINUOUS
10
6.4360648425196851
20
-3.7504208267716534
11
6.4351608661417323
21
-3.7502410236220474
0
LINE
8
BLACK
6
CONTINUOUS
10
6.4351608661417323
20
-3.7502410236220474
11
6.433882440944882
21
-3.7489625984251966
0
LINE
8
BLACK
6
CONTINUOUS
10
6.433882440944882
20
-3.7489625984251966
11
6.433882440944882
21
-3.7471546456692915
0
LINE
8
BLACK
6
CONTINUOUS
10
6.433882440944882
20
-3.7471546456692915
11
6.4351608661417323
21
-3.7458762204724407
0
LINE
8
BLACK
6
CONTINUOUS
10
6.4351608661417323
20
-3.7458762204724407
11
6.4360648425196851
21
-3.7456964173228346
0
LINE
8
BLACK
6
CONTINUOUS
10
6.4360648425196851
20
-3.7456964173228346
11
6.4660648425196845
21
-3.7456964173228346
0
LINE
8
BLACK
6
CONTINUOUS
10
6.4660648425196845
20
-3.7456964173228346
11
6.4669688188976373
21
-3.7458762204724407
0
LINE
8
BLACK
6
CONTINUOUS
10
6.6169688188976377
20
-3.7458762204724407
11
6.6182472440944879
21
-3.7471546456692915
0
LINE
8
BLACK
6
CONTINUOUS
10
6.6182472440944879
20
-3.7471546456692915
11
6.6182472440944879
21
-3.7489625984251966
0
LINE
8
BLACK
6
CONTINUOUS
10
6.6182472440944879
20
-3.7489625984251966
11
6.6169688188976377
21
-3.7502410236220474
0
LINE
8
BLACK
6
CONTINUOUS
10
6.6169688188976377
20
-3.7502410236220474
11
6.6160648425196849
21
-3.7504208267716534
0
LINE
8
BLACK
6
CONTINUOUS
10
6.6160648425196849
20
-3.7504208267716534
11
6.5860648425196846
21
-3.7504208267716534
0
LINE
8
BLACK
6
CONTINUOUS
10
6.5860648425196846
20
-3.7504208267716534
11
6.5851608661417318
21
-3.7502410236220474
0
LINE
8
BLACK
6
CONTINUOUS
10
6.5851608661417318
20
-3.7502410236220474
11
6.5838824409448815
21
-3.7489625984251966
0
LINE
8
BLACK
6
CONTINUOUS
10
6.5838824409448815
20
-3.7489625984251966
11
6.5838824409448815
21
-3.7471546456692915
0
LINE
8
BLACK
6
CONTINUOUS
10
6.5838824409448815
20
-3.7471546456692915
11
6.5851608661417318
21
-3.7458762204724407
0
LINE
8
BLACK
6
CONTINUOUS
10
6.5851608661417318
20
-3.7458762204724407
11
6.5860648425196846
21
-3.7456964173228346
0
LINE
8
BLACK
6
CONTINUOUS
10
6.5860648425196846
20
-3.7456964173228346
11
6.6160648425196849
21
-3.7456964173228346
0
LINE
8
BLACK
6
CONTINUOUS
10
6.6160648425196849
20
-3.7456964173228346
11
6.6169688188976377
21
-3.7458762204724407
0
LINE
8
BLACK
6
CONTINUOUS
10
6.766968818897638
20
-3.7458762204724407
11
6.7682472440944883
21
-3.7471546456692915
0
LINE
8
BLACK
6
CONTINUOUS
10
6.7682472440944883
20
-3.7471546456692915
11
6.7682472440944883
21
-3.7489625984251966
0
LINE
8
BLACK
6
CONTINUOUS
10
6.7682472440944883
20
-3.7489625984251966
11
6.766968818897638
21
-3.7502410236220474
0
LINE
8
BLACK
6
CONTINUOUS
10
6.766968818897638
20
-3.7502410236220474
11
6.7660648425196852
21
-3.7504208267716534
0
LINE
8
BLACK
6
CONTINUOUS
10
6.7660648425196852
20
-3.7504208267716534
11
6.736064842519685
21
-3.7504208267716534
0
LINE
8
BLACK
6
CONTINUOUS
10
6.736064842519685
20
-3.7504208267716534
11
6.7351608661417321
21
-3.7502410236220474
0
LINE
8
BLACK
6
CONTINUOUS
10
6.7351608661417321
20
-3.7502410236220474
11
6.7338824409448819
21
-3.7489625984251966
0
LINE
8
BLACK
6
CONTINUOUS
10
6.7338824409448819
20
-3.7489625984251966
11
6.7338824409448819
21
-3.7471546456692915
0
LINE
8
BLACK
6
CONTINUOUS
10
6.7338824409448819
20
-3.7471546456692915
11
6.7351608661417321
21
-3.7458762204724407
0
LINE
8
BLACK
6
CONTINUOUS
10
6.7351608661417321
20
-3.7458762204724407
11
6.736064842519685
21
-3.7456964173228346
0
LINE
8
BLACK
6
CONTINUOUS
10
6.736064842519685
20
-3.7456964173228346
11
6.7660648425196852
21
-3.7456964173228346
0
LINE
8
BLACK
6
CONTINUOUS
10
6.7660648425196852
20
-3.7456964173228346
11
6.766968818897638
21
-3.7458762204724407
0
LINE
8
BLACK
6
CONTINUOUS
10
5.1745471653543307
20
-3.72110374015748
11
5.1756115748031499
21
-3.7215446456692911
0
LINE
8
BLACK
6
CONTINUOUS
10
5.1756115748031499
20
-3.7215446456692911
11
5.1764262204724405
21
-3.7223592913385826
0
LINE
8
BLACK
6
CONTINUOUS
10
5.1764262204724405
20
-3.7223592913385826
11
5.176867125984252
21
-3.7234237007874014
0
LINE
8
BLACK
6
CONTINUOUS
10
5.176867125984252
20
-3.7234237007874014
11
5.1769238582677168
21
-3.7239997637795277
0
LINE
8
BLACK
6
CONTINUOUS
10
5.1769238582677168
20
-3.7239997637795277
11
5.1769238582677168
21
-3.7333735826771655
0
LINE
8
BLACK
6
CONTINUOUS
10
5.1769238582677168
20
-3.7333735826771655
11
5.1768951181102363
21
-3.7336651574803148
0
LINE
8
BLACK
6
CONTINUOUS
10
5.1768951181102363
20
-3.7336651574803148
11
5.1769006692913386
21
-3.7337429133858269
0
LINE
8
BLACK
6
CONTINUOUS
10
5.1769006692913386
20
-3.7337429133858269
11
5.1768774015748029
21
-3.7338451574803151
0
LINE
8
BLACK
6
CONTINUOUS
10
5.1768774015748029
20
-3.7338451574803151
11
5.176867125984252
21
-3.7339496456692913
0
LINE
8
BLACK
6
CONTINUOUS
10
5.176867125984252
20
-3.7339496456692913
11
5.1768372440944876
21
-3.7340216929133856
0
LINE
8
BLACK
6
CONTINUOUS
10
5.1768372440944876
20
-3.7340216929133856
11
5.1767723228346458
21
-3.7343073622047243
0
LINE
8
BLACK
6
CONTINUOUS
10
5.1767723228346458
20
-3.7343073622047243
11
5.1748975590551183
21
-3.7399316141732282
0
LINE
8
BLACK
6
CONTINUOUS
10
5.1748975590551183
20
-3.7399316141732282
11
5.1746615748031495
21
-3.7404601968503934
0
LINE
8
BLACK
6
CONTINUOUS
10
5.1746615748031495
20
-3.7404601968503934
11
5.1745920866141732
21
-3.740540275590551
0
LINE
8
BLACK
6
CONTINUOUS
10
5.1745920866141732
20
-3.740540275590551
11
5.1745514960629917
21
-3.7406383464566928
0
LINE
8
BLACK
6
CONTINUOUS
10
5.1745514960629917
20
-3.7406383464566928
11
5.1741842519685042
21
-3.7410857874015746
0
LINE
8
BLACK
6
CONTINUOUS
10
5.1741842519685042
20
-3.7410857874015746
11
5.1704346850393703
21
-3.7448353149606297
0
LINE
8
BLACK
6
CONTINUOUS
10
5.1704346850393703
20
-3.7448353149606297
11
5.1702083070866145
21
-3.7450210629921261
0
LINE
8
BLACK
6
CONTINUOUS
10
5.1702083070866145
20
-3.7450210629921261
11
5.1701571653543308
21
-3.7450800787401572
0
LINE
8
BLACK
6
CONTINUOUS
10
5.1701571653543308
20
-3.7450800787401572
11
5.170068228346457
21
-3.745136023622047
0
LINE
8
BLACK
6
CONTINUOUS
10
5.170068228346457
20
-3.745136023622047
11
5.1699872047244098
21
-3.7452025590551181
0
LINE
8
BLACK
6
CONTINUOUS
10
5.1699872047244098
20
-3.7452025590551181
11
5.1699151574803146
21
-3.7452323622047241
0
LINE
8
BLACK
6
CONTINUOUS
10
5.1699151574803146
20
-3.7452323622047241
11
5.1696672834645669
21
-3.7453884251968503
0
LINE
8
BLACK
6
CONTINUOUS
10
5.1696672834645669
20
-3.7453884251968503
11
5.1659177559055118
21
-3.7472631889763779
0
LINE
8
BLACK
6
CONTINUOUS
10
5.1659177559055118
20
-3.7472631889763779
11
5.1658756299212598
21
-3.7472792913385824
0
LINE
8
BLACK
6
CONTINUOUS
10
5.1658756299212598
20
-3.7472792913385824
11
5.1658585039370077
21
-3.7472920078740155
0
LINE
8
BLACK
6
CONTINUOUS
10
5.1658585039370077
20
-3.7472920078740155
11
5.1656165354330703
21
-3.7473784251968505
0
LINE
8
BLACK
6
CONTINUOUS
10
5.1656165354330703
20
-3.7473784251968505
11
5.1653771259842518
21
-3.7474700787401574
0
LINE
8
BLACK
6
CONTINUOUS
10
5.1653771259842518
20
-3.7474700787401574
11
5.1653558661417325
21
-3.7474715748031495
0
LINE
8
BLACK
6
CONTINUOUS
10
5.1653558661417325
20
-3.7474715748031495
11
5.1653133858267717
21
-3.7474867716535432
0
LINE
8
BLACK
6
CONTINUOUS
10
5.1653133858267717
20
-3.7474867716535432
11
5.1578143307086615
21
-3.7493615354330707
0
LINE
8
BLACK
6
CONTINUOUS
10
5.1578143307086615
20
-3.7493615354330707
11
5.157714448818898
21
-3.7493762992125985
0
LINE
8
BLACK
6
CONTINUOUS
10
5.157714448818898
20
-3.7493762992125985
11
5.1576742519685039
21
-3.7493929527559056
0
LINE
8
BLACK
6
CONTINUOUS
10
5.1576742519685039
20
-3.7493929527559056
11
5.1574572047244089
21
-3.7494142913385824
0
LINE
8
BLACK
6
CONTINUOUS
10
5.1574572047244089
20
-3.7494142913385824
11
5.1572417322834641
21
-3.7494461811023623
0
LINE
8
BLACK
6
CONTINUOUS
10
5.1572417322834641
20
-3.7494461811023623
11
5.1571987007874016
21
-3.7494397637795274
0
LINE
8
BLACK
6
CONTINUOUS
10
5.1571987007874016
20
-3.7494397637795274
11
5.1570981889763781
21
-3.7494496850393699
0
LINE
8
BLACK
6
CONTINUOUS
10
5.1570981889763781
20
-3.7494496850393699
11
5.1514738976377954
21
-3.7494496850393699
0
LINE
8
BLACK
6
CONTINUOUS
10
5.1514738976377954
20
-3.7494496850393699
11
5.1513733464566931
21
-3.7494397637795274
0
LINE
8
BLACK
6
CONTINUOUS
10
5.1513733464566931
20
-3.7494397637795274
11
5.1513303543307085
21
-3.7494461811023623
0
LINE
8
BLACK
6
CONTINUOUS
10
5.1513303543307085
20
-3.7494461811023623
11
5.1511148425196849
21
-3.7494142913385824
0
LINE
8
BLACK
6
CONTINUOUS
10
5.1511148425196849
20
-3.7494142913385824
11
5.1508978346456695
21
-3.7493929527559056
0
LINE
8
BLACK
6
CONTINUOUS
10
5.1508978346456695
20
-3.7493929527559056
11
5.1508575984251967
21
-3.7493762992125985
0
LINE
8
BLACK
6
CONTINUOUS
10
5.1508575984251967
20
-3.7493762992125985
11
5.150757755905512
21
-3.7493615354330707
0
LINE
8
BLACK
6
CONTINUOUS
10
5.150757755905512
20
-3.7493615354330707
11
5.1432587007874018
21
-3.7474867716535432
0
LINE
8
BLACK
6
CONTINUOUS
10
5.1432587007874018
20
-3.7474867716535432
11
5.1432161811023622
21
-3.7474715748031495
0
LINE
8
BLACK
6
CONTINUOUS
10
5.1432161811023622
20
-3.7474715748031495
11
5.143194921259842
21
-3.7474700787401574
0
LINE
8
BLACK
6
CONTINUOUS
10
5.143194921259842
20
-3.7474700787401574
11
5.1429551574803147
21
-3.7473783070866142
0
LINE
8
BLACK
6
CONTINUOUS
10
5.1429551574803147
20
-3.7473783070866142
11
5.1427135826771648
21
-3.7472920078740155
0
LINE
8
BLACK
6
CONTINUOUS
10
5.1427135826771648
20
-3.7472920078740155
11
5.1426964173228349
21
-3.7472792913385824
0
LINE
8
BLACK
6
CONTINUOUS
10
5.1426964173228349
20
-3.7472792913385824
11
5.1426543307086616
21
-3.7472631889763779
0
LINE
8
BLACK
6
CONTINUOUS
10
5.1426543307086616
20
-3.7472631889763779
11
5.1389048031496065
21
-3.7453884251968503
0
LINE
8
BLACK
6
CONTINUOUS
10
5.1389048031496065
20
-3.7453884251968503
11
5.1386569685039367
21
-3.7452324015748029
0
LINE
8
BLACK
6
CONTINUOUS
10
5.1386569685039367
20
-3.7452324015748029
11
5.1385848425196849
21
-3.7452025590551181
0
LINE
8
BLACK
6
CONTINUOUS
10
5.1385848425196849
20
-3.7452025590551181
11
5.1385036614173227
21
-3.7451359448818895
0
LINE
8
BLACK
6
CONTINUOUS
10
5.1385036614173227
20
-3.7451359448818895
11
5.1384149212598427
21
-3.7450800787401572
0
LINE
8
BLACK
6
CONTINUOUS
10
5.1384149212598427
20
-3.7450800787401572
11
5.138363779527559
21
-3.7450211417322832
0
LINE
8
BLACK
6
CONTINUOUS
10
5.138363779527559
20
-3.7450211417322832
11
5.1381374015748031
21
-3.7448353149606297
0
LINE
8
BLACK
6
CONTINUOUS
10
5.1381374015748031
20
-3.7448353149606297
11
5.134387874015748
21
-3.7410857874015746
0
LINE
8
BLACK
6
CONTINUOUS
10
5.134387874015748
20
-3.7410857874015746
11
5.1340206692913384
21
-3.7406383464566928
0
LINE
8
BLACK
6
CONTINUOUS
10
5.1340206692913384
20
-3.7406383464566928
11
5.133980039370079
21
-3.740540275590551
0
LINE
8
BLACK
6
CONTINUOUS
10
5.133980039370079
20
-3.740540275590551
11
5.1339105511811018
21
-3.7404601574803147
0
LINE
8
BLACK
6
CONTINUOUS
10
5.1339105511811018
20
-3.7404601574803147
11
5.1336745669291339
21
-3.7399316141732282
0
LINE
8
BLACK
6
CONTINUOUS
10
5.1336745669291339
20
-3.7399316141732282
11
5.1317998031496064
21
-3.7343073228346455
0
LINE
8
BLACK
6
CONTINUOUS
10
5.1317998031496064
20
-3.7343073228346455
11
5.1317348425196849
21
-3.7340217322834643
0
LINE
8
BLACK
6
CONTINUOUS
10
5.1317348425196849
20
-3.7340217322834643
11
5.1317050000000002
21
-3.7339496456692913
0
LINE
8
BLACK
6
CONTINUOUS
10
5.1317050000000002
20
-3.7339496456692913
11
5.1316946850393697
21
-3.7338451181102363
0
LINE
8
BLACK
6
CONTINUOUS
10
5.1316946850393697
20
-3.7338451181102363
11
5.1316714566929136
21
-3.7337428740157481
0
LINE
8
BLACK
6
CONTINUOUS
10
5.1316714566929136
20
-3.7337428740157481
11
5.1316769685039372
21
-3.733665118110236
0
LINE
8
BLACK
6
CONTINUOUS
10
5.1316769685039372
20
-3.733665118110236
11
5.1316482677165354
21
-3.7333735826771655
0
LINE
8
BLACK
6
CONTINUOUS
10
5.1316482677165354
20
-3.7333735826771655
11
5.1316482677165354
21
-3.7239997637795277
0
LINE
8
BLACK
6
CONTINUOUS
10
5.1316482677165354
20
-3.7239997637795277
11
5.1317050000000002
21
-3.7234237007874014
0
LINE
8
BLACK
6
CONTINUOUS
10
5.1317050000000002
20
-3.7234237007874014
11
5.1321459055118108
21
-3.7223592913385826
0
LINE
8
BLACK
6
CONTINUOUS
10
5.1321459055118108
20
-3.7223592913385826
11
5.1329605511811023
21
-3.7215446456692911
0
LINE
8
BLACK
6
CONTINUOUS
10
5.1329605511811023
20
-3.7215446456692911
11
5.1340249606299215
21
-3.72110374015748
0
LINE
8
BLACK
6
CONTINUOUS
10
5.1340249606299215
20
-3.72110374015748
11
5.1346010236220474
21
-3.7210470078740157
0
LINE
8
BLACK
6
CONTINUOUS
10
5.1346010236220474
20
-3.7210470078740157
11
5.1739711023622048
21
-3.7210470078740157
0
LINE
8
BLACK
6
CONTINUOUS
10
5.1739711023622048
20
-3.7210470078740157
11
5.1745471653543307
21
-3.72110374015748
0
LINE
8
BLACK
6
CONTINUOUS
10
5.1375537795275585
20
-3.7328944094488188
11
5.1390565748031491
21
-3.7374028346456694
0
LINE
8
BLACK
6
CONTINUOUS
10
5.1390565748031491
20
-3.7374028346456694
11
5.1419744094488191
21
-3.7403206692913384
0
LINE
8
BLACK
6
CONTINUOUS
10
5.1419744094488191
20
-3.7403206692913384
11
5.1450053937007869
21
-3.7418361417322834
0
LINE
8
BLACK
6
CONTINUOUS
10
5.1450053937007869
20
-3.7418361417322834
11
5.1518374409448819
21
-3.7435441732283463
0
LINE
8
BLACK
6
CONTINUOUS
10
5.1518374409448819
20
-3.7435441732283463
11
5.1567346456692915
21
-3.7435441732283463
0
LINE
8
BLACK
6
CONTINUOUS
10
5.1567346456692915
20
-3.7435441732283463
11
5.1635666929133857
21
-3.7418361417322834
0
LINE
8
BLACK
6
CONTINUOUS
10
5.1635666929133857
20
-3.7418361417322834
11
5.1665976771653543
21
-3.7403206299212597
0
LINE
8
BLACK
6
CONTINUOUS
10
5.1665976771653543
20
-3.7403206299212597
11
5.1695155511811022
21
-3.7374027952755906
0
LINE
8
BLACK
6
CONTINUOUS
10
5.1695155511811022
20
-3.7374027952755906
11
5.1710183464566928
21
-3.7328944488188975
0
LINE
8
BLACK
6
CONTINUOUS
10
5.1710183464566928
20
-3.7328944488188975
11
5.1710183464566928
21
-3.7269525196850393
0
LINE
8
BLACK
6
CONTINUOUS
10
5.1710183464566928
20
-3.7269525196850393
11
5.1375537795275585
21
-3.7269525196850393
0
LINE
8
BLACK
6
CONTINUOUS
10
5.1375537795275585
20
-3.7269525196850393
11
5.1375537795275585
21
-3.7328944094488188
0
LINE
8
BLACK
6
CONTINUOUS
10
5.448247244094488
20
-3.7146546456692913
11
5.4484270472440945
21
-3.7155586220472441
0
LINE
8
BLACK
6
CONTINUOUS
10
5.4484270472440945
20
-3.7155586220472441
11
5.4484270472440945
21
-3.7455586220472439
0
LINE
8
BLACK
6
CONTINUOUS
10
5.4484270472440945
20
-3.7455586220472439
11
5.448247244094488
21
-3.7464625984251967
0
LINE
8
BLACK
6
CONTINUOUS
10
5.448247244094488
20
-3.7464625984251967
11
5.4469688188976377
21
-3.747741023622047
0
LINE
8
BLACK
6
CONTINUOUS
10
5.4469688188976377
20
-3.747741023622047
11
5.4451608661417321
21
-3.747741023622047
0
LINE
8
BLACK
6
CONTINUOUS
10
5.4451608661417321
20
-3.747741023622047
11
5.4438824409448818
21
-3.7464625984251967
0
LINE
8
BLACK
6
CONTINUOUS
10
5.4438824409448818
20
-3.7464625984251967
11
5.4437026377952753
21
-3.7455586220472439
0
LINE
8
BLACK
6
CONTINUOUS
10
5.4437026377952753
20
-3.7455586220472439
11
5.4437026377952753
21
-3.7155586220472441
0
LINE
8
BLACK
6
CONTINUOUS
10
5.4437026377952753
20
-3.7155586220472441
11
5.4438824409448818
21
-3.7146546456692913
0
LINE
8
BLACK
6
CONTINUOUS
10
5.4438824409448818
20
-3.7146546456692913
11
5.4451608661417321
21
-3.713376220472441
0
LINE
8
BLACK
6
CONTINUOUS
10
5.4451608661417321
20
-3.713376220472441
11
5.4469688188976377
21
-3.713376220472441
0
LINE
8
BLACK
6
CONTINUOUS
10
5.4469688188976377
20
-3.713376220472441
11
5.448247244094488
21
-3.7146546456692913
0
LINE
8
BLACK
6
CONTINUOUS
10
5.5082472440944876
20
-3.7146546456692913
11
5.5084270472440942
21
-3.7155586220472441
0
LINE
8
BLACK
6
CONTINUOUS
10
5.5084270472440942
20
-3.7155586220472441
11
5.5084270472440942
21
-3.7455586220472439
0
LINE
8
BLACK
6
CONTINUOUS
10
5.5084270472440942
20
-3.7455586220472439
11
5.5082472440944876
21
-3.7464625984251967
0
LINE
8
BLACK
6
CONTINUOUS
10
5.5082472440944876
20
-3.7464625984251967
11
5.5069688188976373
21
-3.747741023622047
0
LINE
8
BLACK
6
CONTINUOUS
10
5.5069688188976373
20
-3.747741023622047
11
5.5051608661417317
21
-3.747741023622047
0
LINE
8
BLACK
6
CONTINUOUS
10
5.5051608661417317
20
-3.747741023622047
11
5.5038824409448814
21
-3.7464625984251967
0
LINE
8
BLACK
6
CONTINUOUS
10
5.5038824409448814
20
-3.7464625984251967
11
5.5037026377952758
21
-3.7455586220472439
0
LINE
8
BLACK
6
CONTINUOUS
10
5.5037026377952758
20
-3.7455586220472439
11
5.5037026377952758
21
-3.7155586220472441
0
LINE
8
BLACK
6
CONTINUOUS
10
5.5037026377952758
20
-3.7155586220472441
11
5.5038824409448814
21
-3.7146546456692913
0
LINE
8
BLACK
6
CONTINUOUS
10
5.5038824409448814
20
-3.7146546456692913
11
5.5051608661417317
21
-3.713376220472441
0
LINE
8
BLACK
6
CONTINUOUS
10
5.5051608661417317
20
-3.713376220472441
11
5.5069688188976373
21
-3.713376220472441
0
LINE
8
BLACK
6
CONTINUOUS
10
5.5069688188976373
20
-3.713376220472441
11
5.5082472440944876
21
-3.7146546456692913
0
LINE
8
BLACK
6
CONTINUOUS
10
6.1482472440944882
20
-3.7121546456692913
11
6.1484270472440947
21
-3.7130586220472441
0
LINE
8
BLACK
6
CONTINUOUS
10
6.1484270472440947
20
-3.7130586220472441
11
6.1484270472440947
21
-3.7430586220472439
0
LINE
8
BLACK
6
CONTINUOUS
10
6.1484270472440947
20
-3.7430586220472439
11
6.1482472440944882
21
-3.7439625984251967
0
LINE
8
BLACK
6
CONTINUOUS
10
6.1482472440944882
20
-3.7439625984251967
11
6.1469688188976379
21
-3.745241023622047
0
LINE
8
BLACK
6
CONTINUOUS
10
6.1469688188976379
20
-3.745241023622047
11
6.1451608661417323
21
-3.745241023622047
0
LINE
8
BLACK
6
CONTINUOUS
10
6.1451608661417323
20
-3.745241023622047
11
6.143882440944882
21
-3.7439625984251967
0
LINE
8
BLACK
6
CONTINUOUS
10
6.143882440944882
20
-3.7439625984251967
11
6.1437026377952755
21
-3.7430586220472439
0
LINE
8
BLACK
6
CONTINUOUS
10
6.1437026377952755
20
-3.7430586220472439
11
6.1437026377952755
21
-3.7130586220472441
0
LINE
8
BLACK
6
CONTINUOUS
10
6.1437026377952755
20
-3.7130586220472441
11
6.143882440944882
21
-3.7121546456692913
0
LINE
8
BLACK
6
CONTINUOUS
10
6.143882440944882
20
-3.7121546456692913
11
6.1451608661417323
21
-3.710876220472441
0
LINE
8
BLACK
6
CONTINUOUS
10
6.1451608661417323
20
-3.710876220472441
11
6.1469688188976379
21
-3.710876220472441
0
LINE
8
BLACK
6
CONTINUOUS
10
6.1469688188976379
20
-3.710876220472441
11
6.1482472440944882
21
-3.7121546456692913
0
LINE
8
BLACK
6
CONTINUOUS
10
6.2082472440944878
20
-3.7121546456692913
11
6.2084270472440943
21
-3.7130586220472441
0
LINE
8
BLACK
6
CONTINUOUS
10
6.2084270472440943
20
-3.7130586220472441
11
6.2084270472440943
21
-3.7430586220472439
0
LINE
8
BLACK
6
CONTINUOUS
10
6.2084270472440943
20
-3.7430586220472439
11
6.2082472440944878
21
-3.7439625984251967
0
LINE
8
BLACK
6
CONTINUOUS
10
6.2082472440944878
20
-3.7439625984251967
11
6.2069688188976375
21
-3.745241023622047
0
LINE
8
BLACK
6
CONTINUOUS
10
6.2069688188976375
20
-3.745241023622047
11
6.2051608661417319
21
-3.745241023622047
0
LINE
8
BLACK
6
CONTINUOUS
10
6.2051608661417319
20
-3.745241023622047
11
6.2038824409448816
21
-3.7439625984251967
0
LINE
8
BLACK
6
CONTINUOUS
10
6.2038824409448816
20
-3.7439625984251967
11
6.2037026377952751
21
-3.7430586220472439
0
LINE
8
BLACK
6
CONTINUOUS
10
6.2037026377952751
20
-3.7430586220472439
11
6.2037026377952751
21
-3.7130586220472441
0
LINE
8
BLACK
6
CONTINUOUS
10
6.2037026377952751
20
-3.7130586220472441
11
6.2038824409448816
21
-3.7121546456692913
0
LINE
8
BLACK
6
CONTINUOUS
10
6.2038824409448816
20
-3.7121546456692913
11
6.2051608661417319
21
-3.710876220472441
0
LINE
8
BLACK
6
CONTINUOUS
10
6.2051608661417319
20
-3.710876220472441
11
6.2069688188976375
21
-3.710876220472441
0
LINE
8
BLACK
6
CONTINUOUS
10
6.2069688188976375
20
-3.710876220472441
11
6.2082472440944878
21
-3.7121546456692913
0
LINE
8
BLACK
6
CONTINUOUS
10
6.0595464566929129
20
-3.7086507086614171
11
6.0597262598425194
21
-3.7095546850393699
0
LINE
8
BLACK
6
CONTINUOUS
10
6.0597262598425194
20
-3.7095546850393699
11
6.0597262598425194
21
-3.7386885433070867
0
LINE
8
BLACK
6
CONTINUOUS
10
6.0597262598425194
20
-3.7386885433070867
11
6.0731120866141728
21
-3.7386885433070867
0
LINE
8
BLACK
6
CONTINUOUS
10
6.0731120866141728
20
-3.7386885433070867
11
6.0740160629921256
21
-3.7388683464566927
0
LINE
8
BLACK
6
CONTINUOUS
10
6.0740160629921256
20
-3.7388683464566927
11
6.0752944881889759
21
-3.740146771653543
0
LINE
8
BLACK
6
CONTINUOUS
10
6.0752944881889759
20
-3.740146771653543
11
6.0752944881889759
21
-3.7419547244094487
0
LINE
8
BLACK
6
CONTINUOUS
10
6.0752944881889759
20
-3.7419547244094487
11
6.0740160629921256
21
-3.7432331496062989
0
LINE
8
BLACK
6
CONTINUOUS
10
6.0740160629921256
20
-3.7432331496062989
11
6.0731120866141728
21
-3.7434129527559055
0
LINE
8
BLACK
6
CONTINUOUS
10
6.0731120866141728
20
-3.7434129527559055
11
6.0573640551181098
21
-3.7434129527559055
0
LINE
8
BLACK
6
CONTINUOUS
10
6.0573640551181098
20
-3.7434129527559055
11
6.056460078740157
21
-3.7432331496062989
0
LINE
8
BLACK
6
CONTINUOUS
10
6.056460078740157
20
-3.7432331496062989
11
6.0551816535433067
21
-3.7419547244094487
0
LINE
8
BLACK
6
CONTINUOUS
10
6.0551816535433067
20
-3.7419547244094487
11
6.0550018503937011
21
-3.7410507480314958
0
LINE
8
BLACK
6
CONTINUOUS
10
6.0550018503937011
20
-3.7410507480314958
11
6.0550018503937011
21
-3.7095546850393699
0
LINE
8
BLACK
6
CONTINUOUS
10
6.0550018503937011
20
-3.7095546850393699
11
6.0551816535433067
21
-3.7086507086614171
0
LINE
8
BLACK
6
CONTINUOUS
10
6.0551816535433067
20
-3.7086507086614171
11
6.056460078740157
21
-3.7073722834645668
0
LINE
8
BLACK
6
CONTINUOUS
10
6.056460078740157
20
-3.7073722834645668
11
6.0582680314960626
21
-3.7073722834645668
0
LINE
8
BLACK
6
CONTINUOUS
10
6.0582680314960626
20
-3.7073722834645668
11
6.0595464566929129
21
-3.7086507086614171
0
LINE
8
BLACK
6
CONTINUOUS
10
5.8469480314960629
20
-3.7086507086614171
11
5.8471278346456694
21
-3.7095546850393699
0
LINE
8
BLACK
6
CONTINUOUS
10
5.8471278346456694
20
-3.7095546850393699
11
5.8471278346456694
21
-3.7410507480314958
0
LINE
8
BLACK
6
CONTINUOUS
10
5.8471278346456694
20
-3.7410507480314958
11
5.8469480314960629
21
-3.7419547244094487
0
LINE
8
BLACK
6
CONTINUOUS
10
5.8469480314960629
20
-3.7419547244094487
11
5.8456696062992126
21
-3.7432331496062989
0
LINE
8
BLACK
6
CONTINUOUS
10
5.8456696062992126
20
-3.7432331496062989
11
5.843861653543307
21
-3.7432331496062989
0
LINE
8
BLACK
6
CONTINUOUS
10
5.843861653543307
20
-3.7432331496062989
11
5.8425832283464567
21
-3.7419547244094487
0
LINE
8
BLACK
6
CONTINUOUS
10
5.8425832283464567
20
-3.7419547244094487
11
5.8424034251968502
21
-3.7410507480314958
0
LINE
8
BLACK
6
CONTINUOUS
10
5.8424034251968502
20
-3.7410507480314958
11
5.8424034251968502
21
-3.7095546850393699
0
LINE
8
BLACK
6
CONTINUOUS
10
5.8424034251968502
20
-3.7095546850393699
11
5.8425832283464567
21
-3.7086507086614171
0
LINE
8
BLACK
6
CONTINUOUS
10
5.8425832283464567
20
-3.7086507086614171
11
5.843861653543307
21
-3.7073722834645668
0
LINE
8
BLACK
6
CONTINUOUS
10
5.843861653543307
20
-3.7073722834645668
11
5.8456696062992126
21
-3.7073722834645668
0
LINE
8
BLACK
6
CONTINUOUS
10
5.8456696062992126
20
-3.7073722834645668
11
5.8469480314960629
21
-3.7086507086614171
0
LINE
8
BLACK
6
CONTINUOUS
10
5.2944688188976379
20
-3.7358762204724409
11
5.2957472440944882
21
-3.7371546456692912
0
LINE
8
BLACK
6
CONTINUOUS
10
5.2957472440944882
20
-3.7371546456692912
11
5.2957472440944882
21
-3.7389625984251968
0
LINE
8
BLACK
6
CONTINUOUS
10
5.2957472440944882
20
-3.7389625984251968
11
5.2944688188976379
21
-3.7402410236220471
0
LINE
8
BLACK
6
CONTINUOUS
10
5.2944688188976379
20
-3.7402410236220471
11
5.2935648425196851
21
-3.7404208267716537
0
LINE
8
BLACK
6
CONTINUOUS
10
5.2935648425196851
20
-3.7404208267716537
11
5.2635648425196848
21
-3.7404208267716537
0
LINE
8
BLACK
6
CONTINUOUS
10
5.2635648425196848
20
-3.7404208267716537
11
5.262660866141732
21
-3.7402410236220471
0
LINE
8
BLACK
6
CONTINUOUS
10
5.262660866141732
20
-3.7402410236220471
11
5.2613824409448817
21
-3.7389625984251968
0
LINE
8
BLACK
6
CONTINUOUS
10
5.2613824409448817
20
-3.7389625984251968
11
5.2613824409448817
21
-3.7371546456692912
0
LINE
8
BLACK
6
CONTINUOUS
10
5.2613824409448817
20
-3.7371546456692912
11
5.262660866141732
21
-3.7358762204724409
0
LINE
8
BLACK
6
CONTINUOUS
10
5.262660866141732
20
-3.7358762204724409
11
5.2635648425196848
21
-3.7356964173228344
0
LINE
8
BLACK
6
CONTINUOUS
10
5.2635648425196848
20
-3.7356964173228344
11
5.2935648425196851
21
-3.7356964173228344
0
LINE
8
BLACK
6
CONTINUOUS
10
5.2935648425196851
20
-3.7356964173228344
11
5.2944688188976379
21
-3.7358762204724409
0
LINE
8
BLACK
6
CONTINUOUS
10
5.9403922834645666
20
-3.6936987795275589
11
5.9404902755905509
21
-3.69373937007874
0
LINE
8
BLACK
6
CONTINUOUS
10
5.9404902755905509
20
-3.69373937007874
11
5.9405961023622043
21
-3.6937468897637795
0
LINE
8
BLACK
6
CONTINUOUS
10
5.9405961023622043
20
-3.6937468897637795
11
5.9411367322834643
21
-3.693953779527559
0
LINE
8
BLACK
6
CONTINUOUS
10
5.9411367322834643
20
-3.693953779527559
11
5.9448862598425194
21
-3.6958285433070865
0
LINE
8
BLACK
6
CONTINUOUS
10
5.9448862598425194
20
-3.6958285433070865
11
5.9451342519685042
21
-3.6959846062992123
0
LINE
8
BLACK
6
CONTINUOUS
10
5.9451342519685042
20
-3.6959846062992123
11
5.945206220472441
21
-3.6960144488188975
0
LINE
8
BLACK
6
CONTINUOUS
10
5.945206220472441
20
-3.6960144488188975
11
5.9452871653543307
21
-3.6960809055118111
0
LINE
8
BLACK
6
CONTINUOUS
10
5.9452871653543307
20
-3.6960809055118111
11
5.9453761417322832
21
-3.6961368897637796
0
LINE
8
BLACK
6
CONTINUOUS
10
5.9453761417322832
20
-3.6961368897637796
11
5.9454272834645669
21
-3.696195866141732
0
LINE
8
BLACK
6
CONTINUOUS
10
5.9454272834645669
20
-3.696195866141732
11
5.9456536614173228
21
-3.6963816535433072
0
LINE
8
BLACK
6
CONTINUOUS
10
5.9456536614173228
20
-3.6963816535433072
11
5.9475284251968503
21
-3.6982564173228347
0
LINE
8
BLACK
6
CONTINUOUS
10
5.9475284251968503
20
-3.6982564173228347
11
5.94789562992126
21
-3.6987038582677165
0
LINE
8
BLACK
6
CONTINUOUS
10
5.94789562992126
20
-3.6987038582677165
11
5.9483365354330706
21
-3.6997682677165353
0
LINE
8
BLACK
6
CONTINUOUS
10
5.9483365354330706
20
-3.6997682677165353
11
5.9483365354330706
21
-3.7009203543307088
0
LINE
8
BLACK
6
CONTINUOUS
10
5.9483365354330706
20
-3.7009203543307088
11
5.94789562992126
21
-3.7019847637795276
0
LINE
8
BLACK
6
CONTINUOUS
10
5.94789562992126
20
-3.7019847637795276
11
5.9470809448818898
21
-3.7027994488188973
0
LINE
8
BLACK
6
CONTINUOUS
10
5.9470809448818898
20
-3.7027994488188973
11
5.9460165354330705
21
-3.7032403543307084
0
LINE
8
BLACK
6
CONTINUOUS
10
5.9460165354330705
20
-3.7032403543307084
11
5.9448644488188975
21
-3.7032403543307084
0
LINE
8
BLACK
6
CONTINUOUS
10
5.9448644488188975
20
-3.7032403543307084
11
5.9438000393700783
21
-3.7027994488188973
0
LINE
8
BLACK
6
CONTINUOUS
10
5.9438000393700783
20
-3.7027994488188973
11
5.9433525984251965
21
-3.7024322440944881
0
LINE
8
BLACK
6
CONTINUOUS
10
5.9433525984251965
20
-3.7024322440944881
11
5.9418166535433068
21
-3.7008962992125984
0
LINE
8
BLACK
6
CONTINUOUS
10
5.9418166535433068
20
-3.7008962992125984
11
5.9391191732283461
21
-3.6995475590551181
0
LINE
8
BLACK
6
CONTINUOUS
10
5.9391191732283461
20
-3.6995475590551181
11
5.9311394488188975
21
-3.6995475590551181
0
LINE
8
BLACK
6
CONTINUOUS
10
5.9311394488188975
20
-3.6995475590551181
11
5.9284419685039369
21
-3.7008962992125984
0
LINE
8
BLACK
6
CONTINUOUS
10
5.9284419685039369
20
-3.7008962992125984
11
5.9272448425196851
21
-3.7020934251968503
0
LINE
8
BLACK
6
CONTINUOUS
10
5.9272448425196851
20
-3.7020934251968503
11
5.9258961023622048
21
-3.7047909055118109
0
LINE
8
BLACK
6
CONTINUOUS
10
5.9258961023622048
20
-3.7047909055118109
11
5.9258961023622048
21
-3.7073642125984252
0
LINE
8
BLACK
6
CONTINUOUS
10
5.9258961023622048
20
-3.7073642125984252
11
5.9273988976377954
21
-3.7118726377952753
0
LINE
8
BLACK
6
CONTINUOUS
10
5.9273988976377954
20
-3.7118726377952753
11
5.9494031889763779
21
-3.733876968503937
0
LINE
8
BLACK
6
CONTINUOUS
10
5.9494031889763779
20
-3.733876968503937
11
5.9497704330708663
21
-3.7343244094488188
0
LINE
8
BLACK
6
CONTINUOUS
10
5.9497704330708663
20
-3.7343244094488188
11
5.9502112992125982
21
-3.7353888582677164
0
LINE
8
BLACK
6
CONTINUOUS
10
5.9502112992125982
20
-3.7353888582677164
11
5.9502112992125982
21
-3.7365409448818898
0
LINE
8
BLACK
6
CONTINUOUS
10
5.9502112992125982
20
-3.7365409448818898
11
5.9497703937007875
21
-3.7376053543307086
0
LINE
8
BLACK
6
CONTINUOUS
10
5.9497703937007875
20
-3.7376053543307086
11
5.9489557480314961
21
-3.7384200393700788
0
LINE
8
BLACK
6
CONTINUOUS
10
5.9489557480314961
20
-3.7384200393700788
11
5.9482030708661418
21
-3.7387317716535433
0
LINE
8
BLACK
6
CONTINUOUS
10
5.9482030708661418
20
-3.7387317716535433
11
5.9478913385826768
21
-3.7388609055118107
0
LINE
8
BLACK
6
CONTINUOUS
10
5.9478913385826768
20
-3.7388609055118107
11
5.947315275590551
21
-3.7389176377952755
0
LINE
8
BLACK
6
CONTINUOUS
10
5.947315275590551
20
-3.7389176377952755
11
5.9229433464566927
21
-3.7389176377952755
0
LINE
8
BLACK
6
CONTINUOUS
10
5.9229433464566927
20
-3.7389176377952755
11
5.9223672834645669
21
-3.7388609055118107
0
LINE
8
BLACK
6
CONTINUOUS
10
5.9223672834645669
20
-3.7388609055118107
11
5.9213028740157476
21
-3.7384200000000001
0
LINE
8
BLACK
6
CONTINUOUS
10
5.9213028740157476
20
-3.7384200000000001
11
5.9204882283464562
21
-3.7376053543307086
0
LINE
8
BLACK
6
CONTINUOUS
10
5.9204882283464562
20
-3.7376053543307086
11
5.9200473228346455
21
-3.7365409448818898
0
LINE
8
BLACK
6
CONTINUOUS
10
5.9200473228346455
20
-3.7365409448818898
11
5.9200473228346455
21
-3.7353888188976376
0
LINE
8
BLACK
6
CONTINUOUS
10
5.9200473228346455
20
-3.7353888188976376
11
5.9204882283464562
21
-3.7343244094488188
0
LINE
8
BLACK
6
CONTINUOUS
10
5.9204882283464562
20
-3.7343244094488188
11
5.9213028740157476
21
-3.7335097637795274
0
LINE
8
BLACK
6
CONTINUOUS
10
5.9213028740157476
20
-3.7335097637795274
11
5.9223672834645669
21
-3.7330688582677163
0
LINE
8
BLACK
6
CONTINUOUS
10
5.9223672834645669
20
-3.7330688582677163
11
5.9229433464566927
21
-3.7330121259842519
0
LINE
8
BLACK
6
CONTINUOUS
10
5.9229433464566927
20
-3.7330121259842519
11
5.940186692913386
21
-3.7330121259842519
0
LINE
8
BLACK
6
CONTINUOUS
10
5.940186692913386
20
-3.7330121259842519
11
5.9227301968503934
21
-3.715555590551181
0
LINE
8
BLACK
6
CONTINUOUS
10
5.9227301968503934
20
-3.715555590551181
11
5.9223629921259837
21
-3.7151081496062992
0
LINE
8
BLACK
6
CONTINUOUS
10
5.9223629921259837
20
-3.7151081496062992
11
5.9223223622047243
21
-3.7150100787401574
0
LINE
8
BLACK
6
CONTINUOUS
10
5.9223223622047243
20
-3.7150100787401574
11
5.9222528740157481
21
-3.7149299606299211
0
LINE
8
BLACK
6
CONTINUOUS
10
5.9222528740157481
20
-3.7149299606299211
11
5.9220168897637793
21
-3.7144014173228346
0
LINE
8
BLACK
6
CONTINUOUS
10
5.9220168897637793
20
-3.7144014173228346
11
5.9201421259842517
21
-3.7087771259842519
0
LINE
8
BLACK
6
CONTINUOUS
10
5.9201421259842517
20
-3.7087771259842519
11
5.9200771653543303
21
-3.7084915354330708
0
LINE
8
BLACK
6
CONTINUOUS
10
5.9200771653543303
20
-3.7084915354330708
11
5.9200473228346455
21
-3.7084194488188977
0
LINE
8
BLACK
6
CONTINUOUS
10
5.9200473228346455
20
-3.7084194488188977
11
5.9200370078740159
21
-3.7083149212598423
0
LINE
8
BLACK
6
CONTINUOUS
10
5.9200370078740159
20
-3.7083149212598423
11
5.9200137795275589
21
-3.7082126771653541
0
LINE
8
BLACK
6
CONTINUOUS
10
5.9200137795275589
20
-3.7082126771653541
11
5.9200192913385825
21
-3.7081349212598425
0
LINE
8
BLACK
6
CONTINUOUS
10
5.9200192913385825
20
-3.7081349212598425
11
5.9199905905511807
21
-3.7078433858267714
0
LINE
8
BLACK
6
CONTINUOUS
10
5.9199905905511807
20
-3.7078433858267714
11
5.9199905905511807
21
-3.7040938582677163
0
LINE
8
BLACK
6
CONTINUOUS
10
5.9199905905511807
20
-3.7040938582677163
11
5.9200473228346455
21
-3.7035177952755904
0
LINE
8
BLACK
6
CONTINUOUS
10
5.9200473228346455
20
-3.7035177952755904
11
5.9200879133858271
21
-3.7034197637795274
0
LINE
8
BLACK
6
CONTINUOUS
10
5.9200879133858271
20
-3.7034197637795274
11
5.9200954330708662
21
-3.7033139763779528
0
LINE
8
BLACK
6
CONTINUOUS
10
5.9200954330708662
20
-3.7033139763779528
11
5.9203023228346456
21
-3.7027733464566928
0
LINE
8
BLACK
6
CONTINUOUS
10
5.9203023228346456
20
-3.7027733464566928
11
5.9221770866141732
21
-3.6990238188976376
0
LINE
8
BLACK
6
CONTINUOUS
10
5.9221770866141732
20
-3.6990238188976376
11
5.922333149606299
21
-3.6987757874015745
0
LINE
8
BLACK
6
CONTINUOUS
10
5.922333149606299
20
-3.6987757874015745
11
5.9223629921259837
21
-3.6987038582677165
0
LINE
8
BLACK
6
CONTINUOUS
10
5.9223629921259837
20
-3.6987038582677165
11
5.9224294488188978
21
-3.6986228740157481
0
LINE
8
BLACK
6
CONTINUOUS
10
5.9224294488188978
20
-3.6986228740157481
11
5.9224854330708663
21
-3.6985339370078738
0
LINE
8
BLACK
6
CONTINUOUS
10
5.9224854330708663
20
-3.6985339370078738
11
5.9225444094488191
21
-3.6984827559055118
0
LINE
8
BLACK
6
CONTINUOUS
10
5.9225444094488191
20
-3.6984827559055118
11
5.9227301968503934
21
-3.6982564173228347
0
LINE
8
BLACK
6
CONTINUOUS
10
5.9227301968503934
20
-3.6982564173228347
11
5.9246049606299209
21
-3.6963816535433072
0
LINE
8
BLACK
6
CONTINUOUS
10
5.9246049606299209
20
-3.6963816535433072
11
5.924831299212598
21
-3.696195866141732
0
LINE
8
BLACK
6
CONTINUOUS
10
5.924831299212598
20
-3.696195866141732
11
5.9248824803149605
21
-3.6961368897637796
0
LINE
8
BLACK
6
CONTINUOUS
10
5.9248824803149605
20
-3.6961368897637796
11
5.9249714173228343
21
-3.6960809055118111
0
LINE
8
BLACK
6
CONTINUOUS
10
5.9249714173228343
20
-3.6960809055118111
11
5.9250524015748027
21
-3.6960144488188975
0
LINE
8
BLACK
6
CONTINUOUS
10
5.9250524015748027
20
-3.6960144488188975
11
5.9251243307086616
21
-3.6959846062992123
0
LINE
8
BLACK
6
CONTINUOUS
10
5.9251243307086616
20
-3.6959846062992123
11
5.9253723622047243
21
-3.6958285433070865
0
LINE
8
BLACK
6
CONTINUOUS
10
5.9253723622047243
20
-3.6958285433070865
11
5.9291218897637794
21
-3.693953779527559
0
LINE
8
BLACK
6
CONTINUOUS
10
5.9291218897637794
20
-3.693953779527559
11
5.9296624803149607
21
-3.6937468897637795
0
LINE
8
BLACK
6
CONTINUOUS
10
5.9296624803149607
20
-3.6937468897637795
11
5.9297683464566928
21
-3.6937393307086612
0
LINE
8
BLACK
6
CONTINUOUS
10
5.9297683464566928
20
-3.6937393307086612
11
5.9298663385826771
21
-3.6936987795275589
0
LINE
8
BLACK
6
CONTINUOUS
10
5.9298663385826771
20
-3.6936987795275589
11
5.930442401574803
21
-3.6936420472440945
0
LINE
8
BLACK
6
CONTINUOUS
10
5.930442401574803
20
-3.6936420472440945
11
5.9398162204724407
21
-3.6936420472440945
0
LINE
8
BLACK
6
CONTINUOUS
10
5.9398162204724407
20
-3.6936420472440945
11
5.9403922834645666
21
-3.6936987795275589
0
LINE
8
BLACK
6
CONTINUOUS
10
5.984004645669291
20
-3.6938422440944882
11
5.9849766535433071
21
-3.6944607874015749
0
LINE
8
BLACK
6
CONTINUOUS
10
5.9849766535433071
20
-3.6944607874015749
11
5.9856379133858271
21
-3.6954042519685038
0
LINE
8
BLACK
6
CONTINUOUS
10
5.9856379133858271
20
-3.6954042519685038
11
5.985887834645669
21
-3.696528897637795
0
LINE
8
BLACK
6
CONTINUOUS
10
5.985887834645669
20
-3.696528897637795
11
5.9856883858267711
21
-3.6976635826771651
0
LINE
8
BLACK
6
CONTINUOUS
10
5.9856883858267711
20
-3.6976635826771651
11
5.985426968503937
21
-3.6981800393700786
0
LINE
8
BLACK
6
CONTINUOUS
10
5.985426968503937
20
-3.6981800393700786
11
5.9727652362204724
21
-3.7180770472440945
0
LINE
8
BLACK
6
CONTINUOUS
10
5.9727652362204724
20
-3.7180770472440945
11
5.9727652362204724
21
-3.7359648818897635
0
LINE
8
BLACK
6
CONTINUOUS
10
5.9727652362204724
20
-3.7359648818897635
11
5.9727085039370076
21
-3.7365409448818898
0
LINE
8
BLACK
6
CONTINUOUS
10
5.9727085039370076
20
-3.7365409448818898
11
5.9722675984251969
21
-3.7376053543307086
0
LINE
8
BLACK
6
CONTINUOUS
10
5.9722675984251969
20
-3.7376053543307086
11
5.9714529527559055
21
-3.7384200000000001
0
LINE
8
BLACK
6
CONTINUOUS
10
5.9714529527559055
20
-3.7384200000000001
11
5.9703885433070862
21
-3.7388609055118107
0
LINE
8
BLACK
6
CONTINUOUS
10
5.9703885433070862
20
-3.7388609055118107
11
5.9692364173228345
21
-3.7388609055118107
0
LINE
8
BLACK
6
CONTINUOUS
10
5.9692364173228345
20
-3.7388609055118107
11
5.9681720078740153
21
-3.7384200000000001
0
LINE
8
BLACK
6
CONTINUOUS
10
5.9681720078740153
20
-3.7384200000000001
11
5.9673573622047247
21
-3.7376053543307086
0
LINE
8
BLACK
6
CONTINUOUS
10
5.9673573622047247
20
-3.7376053543307086
11
5.9669164566929132
21
-3.7365409448818898
0
LINE
8
BLACK
6
CONTINUOUS
10
5.9669164566929132
20
-3.7365409448818898
11
5.9668597244094483
21
-3.7359648818897635
0
LINE
8
BLACK
6
CONTINUOUS
10
5.9668597244094483
20
-3.7359648818897635
11
5.9668597244094483
21
-3.7180770866141732
0
LINE
8
BLACK
6
CONTINUOUS
10
5.9668597244094483
20
-3.7180770866141732
11
5.9541979921259838
21
-3.6981800787401573
0
LINE
8
BLACK
6
CONTINUOUS
10
5.9541979921259838
20
-3.6981800787401573
11
5.9539366141732284
21
-3.6976636220472439
0
LINE
8
BLACK
6
CONTINUOUS
10
5.9539366141732284
20
-3.6976636220472439
11
5.9537371259842518
21
-3.696528897637795
0
LINE
8
BLACK
6
CONTINUOUS
10
5.9537371259842518
20
-3.696528897637795
11
5.9539870472440946
21
-3.6954042519685038
0
LINE
8
BLACK
6
CONTINUOUS
10
5.9539870472440946
20
-3.6954042519685038
11
5.9546483464566924
21
-3.6944608267716537
0
LINE
8
BLACK
6
CONTINUOUS
10
5.9546483464566924
20
-3.6944608267716537
11
5.9556203149606297
21
-3.693842283464567
0
LINE
8
BLACK
6
CONTINUOUS
10
5.9556203149606297
20
-3.693842283464567
11
5.956755039370079
21
-3.6936427952755904
0
LINE
8
BLACK
6
CONTINUOUS
10
5.956755039370079
20
-3.6936427952755904
11
5.9578796850393703
21
-3.6938927165354332
0
LINE
8
BLACK
6
CONTINUOUS
10
5.9578796850393703
20
-3.6938927165354332
11
5.9588231102362199
21
-3.6945540157480314
0
LINE
8
BLACK
6
CONTINUOUS
10
5.9588231102362199
20
-3.6945540157480314
11
5.9591802755905512
21
-3.6950095275590549
0
LINE
8
BLACK
6
CONTINUOUS
10
5.9591802755905512
20
-3.6950095275590549
11
5.9698124409448816
21
-3.7117172834645666
0
LINE
8
BLACK
6
CONTINUOUS
10
5.9698124409448816
20
-3.7117172834645666
11
5.9804446850393695
21
-3.6950095275590549
0
LINE
8
BLACK
6
CONTINUOUS
10
5.9804446850393695
20
-3.6950095275590549
11
5.9808018503937008
21
-3.6945539763779527
0
LINE
8
BLACK
6
CONTINUOUS
10
5.9808018503937008
20
-3.6945539763779527
11
5.9817452755905514
21
-3.6938927165354332
0
LINE
8
BLACK
6
CONTINUOUS
10
5.9817452755905514
20
-3.6938927165354332
11
5.9828699212598426
21
-3.6936427952755904
0
LINE
8
BLACK
6
CONTINUOUS
10
5.9828699212598426
20
-3.6936427952755904
11
5.984004645669291
21
-3.6938422440944882
0
LINE
8
BLACK
6
CONTINUOUS
10
6.4566409055118106
20
-3.7101625984251969
11
6.4577053149606298
21
-3.710603503937008
0
LINE
8
BLACK
6
CONTINUOUS
10
6.4577053149606298
20
-3.710603503937008
11
6.4585199606299213
21
-3.711418149606299
0
LINE
8
BLACK
6
CONTINUOUS
10
6.4585199606299213
20
-3.711418149606299
11
6.4589608661417319
21
-3.7124825590551178
0
LINE
8
BLACK
6
CONTINUOUS
10
6.4589608661417319
20
-3.7124825590551178
11
6.4589608661417319
21
-3.71363468503937
0
LINE
8
BLACK
6
CONTINUOUS
10
6.4589608661417319
20
-3.71363468503937
11
6.4585199606299213
21
-3.7146990944881888
0
LINE
8
BLACK
6
CONTINUOUS
10
6.4585199606299213
20
-3.7146990944881888
11
6.4577053149606298
21
-3.7155137401574803
0
LINE
8
BLACK
6
CONTINUOUS
10
6.4577053149606298
20
-3.7155137401574803
11
6.4566409055118106
21
-3.7159546456692913
0
LINE
8
BLACK
6
CONTINUOUS
10
6.4566409055118106
20
-3.7159546456692913
11
6.4560648425196847
21
-3.7160113779527557
0
LINE
8
BLACK
6
CONTINUOUS
10
6.4560648425196847
20
-3.7160113779527557
11
6.3960648425196851
21
-3.7160113779527557
0
LINE
8
BLACK
6
CONTINUOUS
10
6.3960648425196851
20
-3.7160113779527557
11
6.3954887795275592
21
-3.7159546456692913
0
LINE
8
BLACK
6
CONTINUOUS
10
6.3954887795275592
20
-3.7159546456692913
11
6.39442437007874
21
-3.7155137401574803
0
LINE
8
BLACK
6
CONTINUOUS
10
6.39442437007874
20
-3.7155137401574803
11
6.3936097244094485
21
-3.7146990944881888
0
LINE
8
BLACK
6
CONTINUOUS
10
6.3936097244094485
20
-3.7146990944881888
11
6.3931688188976379
21
-3.71363468503937
0
LINE
8
BLACK
6
CONTINUOUS
10
6.3931688188976379
20
-3.71363468503937
11
6.3931688188976379
21
-3.7124825590551178
0
LINE
8
BLACK
6
CONTINUOUS
10
6.3931688188976379
20
-3.7124825590551178
11
6.3936097244094485
21
-3.711418149606299
0
LINE
8
BLACK
6
CONTINUOUS
10
6.3936097244094485
20
-3.711418149606299
11
6.39442437007874
21
-3.710603503937008
0
LINE
8
BLACK
6
CONTINUOUS
10
6.39442437007874
20
-3.710603503937008
11
6.3954887795275592
21
-3.7101625984251969
0
LINE
8
BLACK
6
CONTINUOUS
10
6.3954887795275592
20
-3.7101625984251969
11
6.3960648425196851
21
-3.7101058661417321
0
LINE
8
BLACK
6
CONTINUOUS
10
6.3960648425196851
20
-3.7101058661417321
11
6.4560648425196847
21
-3.7101058661417321
0
LINE
8
BLACK
6
CONTINUOUS
10
6.4560648425196847
20
-3.7101058661417321
11
6.4566409055118106
21
-3.7101625984251969
0
LINE
8
BLACK
6
CONTINUOUS
10
6.5816409055118106
20
-3.7101625984251969
11
6.5827053149606298
21
-3.710603503937008
0
LINE
8
BLACK
6
CONTINUOUS
10
6.5827053149606298
20
-3.710603503937008
11
6.5835199606299213
21
-3.711418149606299
0
LINE
8
BLACK
6
CONTINUOUS
10
6.5835199606299213
20
-3.711418149606299
11
6.5839608661417319
21
-3.7124825590551178
0
LINE
8
BLACK
6
CONTINUOUS
10
6.5839608661417319
20
-3.7124825590551178
11
6.5839608661417319
21
-3.71363468503937
0
LINE
8
BLACK
6
CONTINUOUS
10
6.5839608661417319
20
-3.71363468503937
11
6.5835199606299213
21
-3.7146990944881888
0
LINE
8
BLACK
6
CONTINUOUS
10
6.5835199606299213
20
-3.7146990944881888
11
6.5827053149606298
21
-3.7155137401574803
0
LINE
8
BLACK
6
CONTINUOUS
10
6.5827053149606298
20
-3.7155137401574803
11
6.5816409055118106
21
-3.7159546456692913
0
LINE
8
BLACK
6
CONTINUOUS
10
6.5816409055118106
20
-3.7159546456692913
11
6.5810648425196847
21
-3.7160113779527557
0
LINE
8
BLACK
6
CONTINUOUS
10
6.5810648425196847
20
-3.7160113779527557
11
6.5210648425196851
21
-3.7160113779527557
0
LINE
8
BLACK
6
CONTINUOUS
10
6.5210648425196851
20
-3.7160113779527557
11
6.5204887795275592
21
-3.7159546456692913
0
LINE
8
BLACK
6
CONTINUOUS
10
6.5204887795275592
20
-3.7159546456692913
11
6.51942437007874
21
-3.7155137401574803
0
LINE
8
BLACK
6
CONTINUOUS
10
6.51942437007874
20
-3.7155137401574803
11
6.5186097244094485
21
-3.7146990944881888
0
LINE
8
BLACK
6
CONTINUOUS
10
6.5186097244094485
20
-3.7146990944881888
11
6.5181688188976379
21
-3.71363468503937
0
LINE
8
BLACK
6
CONTINUOUS
10
6.5181688188976379
20
-3.71363468503937
11
6.5181688188976379
21
-3.7124825590551178
0
LINE
8
BLACK
6
CONTINUOUS
10
6.5181688188976379
20
-3.7124825590551178
11
6.5186097244094485
21
-3.711418149606299
0
LINE
8
BLACK
6
CONTINUOUS
10
6.5186097244094485
20
-3.711418149606299
11
6.51942437007874
21
-3.710603503937008
0
LINE
8
BLACK
6
CONTINUOUS
10
6.51942437007874
20
-3.710603503937008
11
6.5204887795275592
21
-3.7101625984251969
0
LINE
8
BLACK
6
CONTINUOUS
10
6.5204887795275592
20
-3.7101625984251969
11
6.5210648425196851
21
-3.7101058661417321
0
LINE
8
BLACK
6
CONTINUOUS
10
6.5210648425196851
20
-3.7101058661417321
11
6.5810648425196847
21
-3.7101058661417321
0
LINE
8
BLACK
6
CONTINUOUS
10
6.5810648425196847
20
-3.7101058661417321
11
6.5816409055118106
21
-3.7101625984251969
0
LINE
8
BLACK
6
CONTINUOUS
10
6.7066409055118106
20
-3.7101625984251969
11
6.7077053149606298
21
-3.710603503937008
0
LINE
8
BLACK
6
CONTINUOUS
10
6.7077053149606298
20
-3.710603503937008
11
6.7085199606299213
21
-3.711418149606299
0
LINE
8
BLACK
6
CONTINUOUS
10
6.7085199606299213
20
-3.711418149606299
11
6.7089608661417319
21
-3.7124825590551178
0
LINE
8
BLACK
6
CONTINUOUS
10
6.7089608661417319
20
-3.7124825590551178
11
6.7089608661417319
21
-3.71363468503937
0
LINE
8
BLACK
6
CONTINUOUS
10
6.7089608661417319
20
-3.71363468503937
11
6.7085199606299213
21
-3.7146990944881888
0
LINE
8
BLACK
6
CONTINUOUS
10
6.7085199606299213
20
-3.7146990944881888
11
6.7077053149606298
21
-3.7155137401574803
0
LINE
8
BLACK
6
CONTINUOUS
10
6.7077053149606298
20
-3.7155137401574803
11
6.7066409055118106
21
-3.7159546456692913
0
LINE
8
BLACK
6
CONTINUOUS
10
6.7066409055118106
20
-3.7159546456692913
11
6.7060648425196847
21
-3.7160113779527557
0
LINE
8
BLACK
6
CONTINUOUS
10
6.7060648425196847
20
-3.7160113779527557
11
6.6460648425196851
21
-3.7160113779527557
0
LINE
8
BLACK
6
CONTINUOUS
10
6.6460648425196851
20
-3.7160113779527557
11
6.6454887795275592
21
-3.7159546456692913
0
LINE
8
BLACK
6
CONTINUOUS
10
6.6454887795275592
20
-3.7159546456692913
11
6.64442437007874
21
-3.7155137401574803
0
LINE
8
BLACK
6
CONTINUOUS
10
6.64442437007874
20
-3.7155137401574803
11
6.6436097244094485
21
-3.7146990944881888
0
LINE
8
BLACK
6
CONTINUOUS
10
6.6436097244094485
20
-3.7146990944881888
11
6.6431688188976379
21
-3.71363468503937
0
LINE
8
BLACK
6
CONTINUOUS
10
6.6431688188976379
20
-3.71363468503937
11
6.6431688188976379
21
-3.7124825590551178
0
LINE
8
BLACK
6
CONTINUOUS
10
6.6431688188976379
20
-3.7124825590551178
11
6.6436097244094485
21
-3.711418149606299
0
LINE
8
BLACK
6
CONTINUOUS
10
6.6436097244094485
20
-3.711418149606299
11
6.64442437007874
21
-3.710603503937008
0
LINE
8
BLACK
6
CONTINUOUS
10
6.64442437007874
20
-3.710603503937008
11
6.6454887795275592
21
-3.7101625984251969
0
LINE
8
BLACK
6
CONTINUOUS
10
6.6454887795275592
20
-3.7101625984251969
11
6.6460648425196851
21
-3.7101058661417321
0
LINE
8
BLACK
6
CONTINUOUS
10
6.6460648425196851
20
-3.7101058661417321
11
6.7060648425196847
21
-3.7101058661417321
0
LINE
8
BLACK
6
CONTINUOUS
10
6.7060648425196847
20
-3.7101058661417321
11
6.7066409055118106
21
-3.7101625984251969
0
LINE
8
BLACK
6
CONTINUOUS
10
6.24270531496063
20
-3.6456035039370076
11
6.2435199606299214
21
-3.6464181496062991
0
LINE
8
BLACK
6
CONTINUOUS
10
6.2435199606299214
20
-3.6464181496062991
11
6.2439608661417321
21
-3.6474825590551179
0
LINE
8
BLACK
6
CONTINUOUS
10
6.2439608661417321
20
-3.6474825590551179
11
6.2440175984251969
21
-3.6480586220472442
0
LINE
8
BLACK
6
CONTINUOUS
10
6.2440175984251969
20
-3.6480586220472442
11
6.2440175984251969
21
-3.7080586220472438
0
LINE
8
BLACK
6
CONTINUOUS
10
6.2440175984251969
20
-3.7080586220472438
11
6.2439608661417321
21
-3.7086346850393701
0
LINE
8
BLACK
6
CONTINUOUS
10
6.2439608661417321
20
-3.7086346850393701
11
6.2435199606299214
21
-3.7096990944881889
0
LINE
8
BLACK
6
CONTINUOUS
10
6.2435199606299214
20
-3.7096990944881889
11
6.24270531496063
21
-3.7105137401574804
0
LINE
8
BLACK
6
CONTINUOUS
10
6.24270531496063
20
-3.7105137401574804
11
6.2416409055118107
21
-3.7109546456692915
0
LINE
8
BLACK
6
CONTINUOUS
10
6.2416409055118107
20
-3.7109546456692915
11
6.240488779527559
21
-3.7109546456692915
0
LINE
8
BLACK
6
CONTINUOUS
10
6.240488779527559
20
-3.7109546456692915
11
6.2394243700787397
21
-3.7105137401574804
0
LINE
8
BLACK
6
CONTINUOUS
10
6.2394243700787397
20
-3.7105137401574804
11
6.2386097244094483
21
-3.7096990944881889
0
LINE
8
BLACK
6
CONTINUOUS
10
6.2386097244094483
20
-3.7096990944881889
11
6.2381688188976376
21
-3.7086346850393701
0
LINE
8
BLACK
6
CONTINUOUS
10
6.2381688188976376
20
-3.7086346850393701
11
6.2381120866141728
21
-3.7080586220472438
0
LINE
8
BLACK
6
CONTINUOUS
10
6.2381120866141728
20
-3.7080586220472438
11
6.2381120866141728
21
-3.6480586220472442
0
LINE
8
BLACK
6
CONTINUOUS
10
6.2381120866141728
20
-3.6480586220472442
11
6.2381688188976376
21
-3.6474825590551179
0
LINE
8
BLACK
6
CONTINUOUS
10
6.2381688188976376
20
-3.6474825590551179
11
6.2386097244094483
21
-3.6464181496062991
0
LINE
8
BLACK
6
CONTINUOUS
10
6.2386097244094483
20
-3.6464181496062991
11
6.2394243700787397
21
-3.6456035039370076
0
LINE
8
BLACK
6
CONTINUOUS
10
6.2394243700787397
20
-3.6456035039370076
11
6.240488779527559
21
-3.645162598425197
0
LINE
8
BLACK
6
CONTINUOUS
10
6.240488779527559
20
-3.645162598425197
11
6.2416409055118107
21
-3.645162598425197
0
LINE
8
BLACK
6
CONTINUOUS
10
6.2416409055118107
20
-3.645162598425197
11
6.24270531496063
21
-3.6456035039370076
0
LINE
8
BLACK
6
CONTINUOUS
10
6.3627053149606301
20
-3.6456035039370076
11
6.3635199606299215
21
-3.6464181496062991
0
LINE
8
BLACK
6
CONTINUOUS
10
6.3635199606299215
20
-3.6464181496062991
11
6.3639608661417322
21
-3.6474825590551179
0
LINE
8
BLACK
6
CONTINUOUS
10
6.3639608661417322
20
-3.6474825590551179
11
6.364017598425197
21
-3.6480586220472442
0
LINE
8
BLACK
6
CONTINUOUS
10
6.364017598425197
20
-3.6480586220472442
11
6.364017598425197
21
-3.7080586220472438
0
LINE
8
BLACK
6
CONTINUOUS
10
6.364017598425197
20
-3.7080586220472438
11
6.3639608661417322
21
-3.7086346850393701
0
LINE
8
BLACK
6
CONTINUOUS
10
6.3639608661417322
20
-3.7086346850393701
11
6.3635199606299215
21
-3.7096990944881889
0
LINE
8
BLACK
6
CONTINUOUS
10
6.3635199606299215
20
-3.7096990944881889
11
6.3627053149606301
21
-3.7105137401574804
0
LINE
8
BLACK
6
CONTINUOUS
10
6.3627053149606301
20
-3.7105137401574804
11
6.3616409055118108
21
-3.7109546456692915
0
LINE
8
BLACK
6
CONTINUOUS
10
6.3616409055118108
20
-3.7109546456692915
11
6.3604887795275591
21
-3.7109546456692915
0
LINE
8
BLACK
6
CONTINUOUS
10
6.3604887795275591
20
-3.7109546456692915
11
6.3594243700787398
21
-3.7105137401574804
0
LINE
8
BLACK
6
CONTINUOUS
10
6.3594243700787398
20
-3.7105137401574804
11
6.3586097244094484
21
-3.7096990944881889
0
LINE
8
BLACK
6
CONTINUOUS
10
6.3586097244094484
20
-3.7096990944881889
11
6.3581688188976377
21
-3.7086346850393701
0
LINE
8
BLACK
6
CONTINUOUS
10
6.3581688188976377
20
-3.7086346850393701
11
6.3581120866141729
21
-3.7080586220472438
0
LINE
8
BLACK
6
CONTINUOUS
10
6.3581120866141729
20
-3.7080586220472438
11
6.3581120866141729
21
-3.6480586220472442
0
LINE
8
BLACK
6
CONTINUOUS
10
6.3581120866141729
20
-3.6480586220472442
11
6.3581688188976377
21
-3.6474825590551179
0
LINE
8
BLACK
6
CONTINUOUS
10
6.3581688188976377
20
-3.6474825590551179
11
6.3586097244094484
21
-3.6464181496062991
0
LINE
8
BLACK
6
CONTINUOUS
10
6.3586097244094484
20
-3.6464181496062991
11
6.3594243700787398
21
-3.6456035039370076
0
LINE
8
BLACK
6
CONTINUOUS
10
6.3594243700787398
20
-3.6456035039370076
11
6.3604887795275591
21
-3.645162598425197
0
LINE
8
BLACK
6
CONTINUOUS
10
6.3604887795275591
20
-3.645162598425197
11
6.3616409055118108
21
-3.645162598425197
0
LINE
8
BLACK
6
CONTINUOUS
10
6.3616409055118108
20
-3.645162598425197
11
6.3627053149606301
21
-3.6456035039370076
0
LINE
8
BLACK
6
CONTINUOUS
10
6.3169688188976378
20
-3.7058762204724407
11
6.3182472440944881
21
-3.7071546456692914
0
LINE
8
BLACK
6
CONTINUOUS
10
6.3182472440944881
20
-3.7071546456692914
11
6.3182472440944881
21
-3.7089625984251966
0
LINE
8
BLACK
6
CONTINUOUS
10
6.3182472440944881
20
-3.7089625984251966
11
6.3169688188976378
21
-3.7102410236220473
0
LINE
8
BLACK
6
CONTINUOUS
10
6.3169688188976378
20
-3.7102410236220473
11
6.316064842519685
21
-3.7104208267716534
0
LINE
8
BLACK
6
CONTINUOUS
10
6.316064842519685
20
-3.7104208267716534
11
6.2860648425196848
21
-3.7104208267716534
0
LINE
8
BLACK
6
CONTINUOUS
10
6.2860648425196848
20
-3.7104208267716534
11
6.285160866141732
21
-3.7102410236220473
0
LINE
8
BLACK
6
CONTINUOUS
10
6.285160866141732
20
-3.7102410236220473
11
6.2838824409448817
21
-3.7089625984251966
0
LINE
8
BLACK
6
CONTINUOUS
10
6.2838824409448817
20
-3.7089625984251966
11
6.2838824409448817
21
-3.7071546456692914
0
LINE
8
BLACK
6
CONTINUOUS
10
6.2838824409448817
20
-3.7071546456692914
11
6.285160866141732
21
-3.7058762204724407
0
LINE
8
BLACK
6
CONTINUOUS
10
6.285160866141732
20
-3.7058762204724407
11
6.2860648425196848
21
-3.7056964173228346
0
LINE
8
BLACK
6
CONTINUOUS
10
6.2860648425196848
20
-3.7056964173228346
11
6.316064842519685
21
-3.7056964173228346
0
LINE
8
BLACK
6
CONTINUOUS
10
6.316064842519685
20
-3.7056964173228346
11
6.3169688188976378
21
-3.7058762204724407
0
LINE
8
BLACK
6
CONTINUOUS
10
5.5066409055118113
20
-3.6676625984251969
11
5.5077053149606297
21
-3.6681035039370076
0
LINE
8
BLACK
6
CONTINUOUS
10
5.5077053149606297
20
-3.6681035039370076
11
5.5085199606299211
21
-3.668918149606299
0
LINE
8
BLACK
6
CONTINUOUS
10
5.5085199606299211
20
-3.668918149606299
11
5.5089608661417317
21
-3.6699825590551178
0
LINE
8
BLACK
6
CONTINUOUS
10
5.5089608661417317
20
-3.6699825590551178
11
5.5089608661417317
21
-3.67113468503937
0
LINE
8
BLACK
6
CONTINUOUS
10
5.5089608661417317
20
-3.67113468503937
11
5.5085199606299211
21
-3.6721990944881888
0
LINE
8
BLACK
6
CONTINUOUS
10
5.5085199606299211
20
-3.6721990944881888
11
5.5077053149606297
21
-3.6730137401574803
0
LINE
8
BLACK
6
CONTINUOUS
10
5.5077053149606297
20
-3.6730137401574803
11
5.5066409055118113
21
-3.6734546456692914
0
LINE
8
BLACK
6
CONTINUOUS
10
5.5066409055118113
20
-3.6734546456692914
11
5.5060648425196845
21
-3.6735113779527557
0
LINE
8
BLACK
6
CONTINUOUS
10
5.5060648425196845
20
-3.6735113779527557
11
5.4460648425196849
21
-3.6735113779527557
0
LINE
8
BLACK
6
CONTINUOUS
10
5.4460648425196849
20
-3.6735113779527557
11
5.4454887795275591
21
-3.6734546456692914
0
LINE
8
BLACK
6
CONTINUOUS
10
5.4454887795275591
20
-3.6734546456692914
11
5.4444243700787398
21
-3.6730137401574803
0
LINE
8
BLACK
6
CONTINUOUS
10
5.4444243700787398
20
-3.6730137401574803
11
5.4436097244094483
21
-3.6721990944881888
0
LINE
8
BLACK
6
CONTINUOUS
10
5.4436097244094483
20
-3.6721990944881888
11
5.4431688188976377
21
-3.67113468503937
0
LINE
8
BLACK
6
CONTINUOUS
10
5.4431688188976377
20
-3.67113468503937
11
5.4431688188976377
21
-3.6699825590551178
0
LINE
8
BLACK
6
CONTINUOUS
10
5.4431688188976377
20
-3.6699825590551178
11
5.4436097244094483
21
-3.668918149606299
0
LINE
8
BLACK
6
CONTINUOUS
10
5.4436097244094483
20
-3.668918149606299
11
5.4444243700787398
21
-3.6681035039370076
0
LINE
8
BLACK
6
CONTINUOUS
10
5.4444243700787398
20
-3.6681035039370076
11
5.4454887795275591
21
-3.6676625984251969
0
LINE
8
BLACK
6
CONTINUOUS
10
5.4454887795275591
20
-3.6676625984251969
11
5.4460648425196849
21
-3.6676058661417321
0
LINE
8
BLACK
6
CONTINUOUS
10
5.4460648425196849
20
-3.6676058661417321
11
5.5060648425196845
21
-3.6676058661417321
0
LINE
8
BLACK
6
CONTINUOUS
10
5.5060648425196845
20
-3.6676058661417321
11
5.5066409055118113
21
-3.6676625984251969
0
LINE
8
BLACK
6
CONTINUOUS
10
6.2066409055118106
20
-3.665162598425197
11
6.2077053149606298
21
-3.6656035039370076
0
LINE
8
BLACK
6
CONTINUOUS
10
6.2077053149606298
20
-3.6656035039370076
11
6.2085199606299213
21
-3.6664181496062991
0
LINE
8
BLACK
6
CONTINUOUS
10
6.2085199606299213
20
-3.6664181496062991
11
6.2089608661417319
21
-3.6674825590551179
0
LINE
8
BLACK
6
CONTINUOUS
10
6.2089608661417319
20
-3.6674825590551179
11
6.2089608661417319
21
-3.6686346850393701
0
LINE
8
BLACK
6
CONTINUOUS
10
6.2089608661417319
20
-3.6686346850393701
11
6.2085199606299213
21
-3.6696990944881889
0
LINE
8
BLACK
6
CONTINUOUS
10
6.2085199606299213
20
-3.6696990944881889
11
6.2077053149606298
21
-3.6705137401574803
0
LINE
8
BLACK
6
CONTINUOUS
10
6.2077053149606298
20
-3.6705137401574803
11
6.2066409055118106
21
-3.6709546456692914
0
LINE
8
BLACK
6
CONTINUOUS
10
6.2066409055118106
20
-3.6709546456692914
11
6.2060648425196847
21
-3.6710113779527558
0
LINE
8
BLACK
6
CONTINUOUS
10
6.2060648425196847
20
-3.6710113779527558
11
6.1460648425196851
21
-3.6710113779527558
0
LINE
8
BLACK
6
CONTINUOUS
10
6.1460648425196851
20
-3.6710113779527558
11
6.1454887795275592
21
-3.6709546456692914
0
LINE
8
BLACK
6
CONTINUOUS
10
6.1454887795275592
20
-3.6709546456692914
11
6.14442437007874
21
-3.6705137401574803
0
LINE
8
BLACK
6
CONTINUOUS
10
6.14442437007874
20
-3.6705137401574803
11
6.1436097244094485
21
-3.6696990944881889
0
LINE
8
BLACK
6
CONTINUOUS
10
6.1436097244094485
20
-3.6696990944881889
11
6.1431688188976379
21
-3.6686346850393701
0
LINE
8
BLACK
6
CONTINUOUS
10
6.1431688188976379
20
-3.6686346850393701
11
6.1431688188976379
21
-3.6674825590551179
0
LINE
8
BLACK
6
CONTINUOUS
10
6.1431688188976379
20
-3.6674825590551179
11
6.1436097244094485
21
-3.6664181496062991
0
LINE
8
BLACK
6
CONTINUOUS
10
6.1436097244094485
20
-3.6664181496062991
11
6.14442437007874
21
-3.6656035039370076
0
LINE
8
BLACK
6
CONTINUOUS
10
6.14442437007874
20
-3.6656035039370076
11
6.1454887795275592
21
-3.665162598425197
0
LINE
8
BLACK
6
CONTINUOUS
10
6.1454887795275592
20
-3.665162598425197
11
6.1460648425196851
21
-3.6651058661417322
0
LINE
8
BLACK
6
CONTINUOUS
10
6.1460648425196851
20
-3.6651058661417322
11
6.2060648425196847
21
-3.6651058661417322
0
LINE
8
BLACK
6
CONTINUOUS
10
6.2060648425196847
20
-3.6651058661417322
11
6.2066409055118106
21
-3.665162598425197
0
LINE
8
BLACK
6
CONTINUOUS
10
6.3982472440944882
20
-3.6371546456692911
11
6.3984270472440947
21
-3.638058622047244
0
LINE
8
BLACK
6
CONTINUOUS
10
6.3984270472440947
20
-3.638058622047244
11
6.3984270472440947
21
-3.6680586220472442
0
LINE
8
BLACK
6
CONTINUOUS
10
6.3984270472440947
20
-3.6680586220472442
11
6.3982472440944882
21
-3.6689625984251966
0
LINE
8
BLACK
6
CONTINUOUS
10
6.3982472440944882
20
-3.6689625984251966
11
6.3969688188976379
21
-3.6702410236220473
0
LINE
8
BLACK
6
CONTINUOUS
10
6.3969688188976379
20
-3.6702410236220473
11
6.3951608661417323
21
-3.6702410236220473
0
LINE
8
BLACK
6
CONTINUOUS
10
6.3951608661417323
20
-3.6702410236220473
11
6.393882440944882
21
-3.6689625984251966
0
LINE
8
BLACK
6
CONTINUOUS
10
6.393882440944882
20
-3.6689625984251966
11
6.3937026377952755
21
-3.6680586220472442
0
LINE
8
BLACK
6
CONTINUOUS
10
6.3937026377952755
20
-3.6680586220472442
11
6.3937026377952755
21
-3.638058622047244
0
LINE
8
BLACK
6
CONTINUOUS
10
6.3937026377952755
20
-3.638058622047244
11
6.393882440944882
21
-3.6371546456692911
0
LINE
8
BLACK
6
CONTINUOUS
10
6.393882440944882
20
-3.6371546456692911
11
6.3951608661417323
21
-3.6358762204724409
0
LINE
8
BLACK
6
CONTINUOUS
10
6.3951608661417323
20
-3.6358762204724409
11
6.3969688188976379
21
-3.6358762204724409
0
LINE
8
BLACK
6
CONTINUOUS
10
6.3969688188976379
20
-3.6358762204724409
11
6.3982472440944882
21
-3.6371546456692911
0
LINE
8
BLACK
6
CONTINUOUS
10
6.4582472440944878
20
-3.6371546456692911
11
6.4584270472440943
21
-3.638058622047244
0
LINE
8
BLACK
6
CONTINUOUS
10
6.4584270472440943
20
-3.638058622047244
11
6.4584270472440943
21
-3.6680586220472442
0
LINE
8
BLACK
6
CONTINUOUS
10
6.4584270472440943
20
-3.6680586220472442
11
6.4582472440944878
21
-3.6689625984251966
0
LINE
8
BLACK
6
CONTINUOUS
10
6.4582472440944878
20
-3.6689625984251966
11
6.4569688188976375
21
-3.6702410236220473
0
LINE
8
BLACK
6
CONTINUOUS
10
6.4569688188976375
20
-3.6702410236220473
11
6.4551608661417319
21
-3.6702410236220473
0
LINE
8
BLACK
6
CONTINUOUS
10
6.4551608661417319
20
-3.6702410236220473
11
6.4538824409448816
21
-3.6689625984251966
0
LINE
8
BLACK
6
CONTINUOUS
10
6.4538824409448816
20
-3.6689625984251966
11
6.4537026377952751
21
-3.6680586220472442
0
LINE
8
BLACK
6
CONTINUOUS
10
6.4537026377952751
20
-3.6680586220472442
11
6.4537026377952751
21
-3.638058622047244
0
LINE
8
BLACK
6
CONTINUOUS
10
6.4537026377952751
20
-3.638058622047244
11
6.4538824409448816
21
-3.6371546456692911
0
LINE
8
BLACK
6
CONTINUOUS
10
6.4538824409448816
20
-3.6371546456692911
11
6.4551608661417319
21
-3.6358762204724409
0
LINE
8
BLACK
6
CONTINUOUS
10
6.4551608661417319
20
-3.6358762204724409
11
6.4569688188976375
21
-3.6358762204724409
0
LINE
8
BLACK
6
CONTINUOUS
10
6.4569688188976375
20
-3.6358762204724409
11
6.4582472440944878
21
-3.6371546456692911
0
LINE
8
BLACK
6
CONTINUOUS
10
6.5232472440944882
20
-3.6371546456692911
11
6.5234270472440947
21
-3.638058622047244
0
LINE
8
BLACK
6
CONTINUOUS
10
6.5234270472440947
20
-3.638058622047244
11
6.5234270472440947
21
-3.6680586220472442
0
LINE
8
BLACK
6
CONTINUOUS
10
6.5234270472440947
20
-3.6680586220472442
11
6.5232472440944882
21
-3.6689625984251966
0
LINE
8
BLACK
6
CONTINUOUS
10
6.5232472440944882
20
-3.6689625984251966
11
6.5219688188976379
21
-3.6702410236220473
0
LINE
8
BLACK
6
CONTINUOUS
10
6.5219688188976379
20
-3.6702410236220473
11
6.5201608661417323
21
-3.6702410236220473
0
LINE
8
BLACK
6
CONTINUOUS
10
6.5201608661417323
20
-3.6702410236220473
11
6.518882440944882
21
-3.6689625984251966
0
LINE
8
BLACK
6
CONTINUOUS
10
6.518882440944882
20
-3.6689625984251966
11
6.5187026377952755
21
-3.6680586220472442
0
LINE
8
BLACK
6
CONTINUOUS
10
6.5187026377952755
20
-3.6680586220472442
11
6.5187026377952755
21
-3.638058622047244
0
LINE
8
BLACK
6
CONTINUOUS
10
6.5187026377952755
20
-3.638058622047244
11
6.518882440944882
21
-3.6371546456692911
0
LINE
8
BLACK
6
CONTINUOUS
10
6.518882440944882
20
-3.6371546456692911
11
6.5201608661417323
21
-3.6358762204724409
0
LINE
8
BLACK
6
CONTINUOUS
10
6.5201608661417323
20
-3.6358762204724409
11
6.5219688188976379
21
-3.6358762204724409
0
LINE
8
BLACK
6
CONTINUOUS
10
6.5219688188976379
20
-3.6358762204724409
11
6.5232472440944882
21
-3.6371546456692911
0
LINE
8
BLACK
6
CONTINUOUS
10
6.5832472440944878
20
-3.6371546456692911
11
6.5834270472440943
21
-3.638058622047244
0
LINE
8
BLACK
6
CONTINUOUS
10
6.5834270472440943
20
-3.638058622047244
11
6.5834270472440943
21
-3.6680586220472442
0
LINE
8
BLACK
6
CONTINUOUS
10
6.5834270472440943
20
-3.6680586220472442
11
6.5832472440944878
21
-3.6689625984251966
0
LINE
8
BLACK
6
CONTINUOUS
10
6.5832472440944878
20
-3.6689625984251966
11
6.5819688188976375
21
-3.6702410236220473
0
LINE
8
BLACK
6
CONTINUOUS
10
6.5819688188976375
20
-3.6702410236220473
11
6.5801608661417319
21
-3.6702410236220473
0
LINE
8
BLACK
6
CONTINUOUS
10
6.5801608661417319
20
-3.6702410236220473
11
6.5788824409448816
21
-3.6689625984251966
0
LINE
8
BLACK
6
CONTINUOUS
10
6.5788824409448816
20
-3.6689625984251966
11
6.5787026377952751
21
-3.6680586220472442
0
LINE
8
BLACK
6
CONTINUOUS
10
6.5787026377952751
20
-3.6680586220472442
11
6.5787026377952751
21
-3.638058622047244
0
LINE
8
BLACK
6
CONTINUOUS
10
6.5787026377952751
20
-3.638058622047244
11
6.5788824409448816
21
-3.6371546456692911
0
LINE
8
BLACK
6
CONTINUOUS
10
6.5788824409448816
20
-3.6371546456692911
11
6.5801608661417319
21
-3.6358762204724409
0
LINE
8
BLACK
6
CONTINUOUS
10
6.5801608661417319
20
-3.6358762204724409
11
6.5819688188976375
21
-3.6358762204724409
0
LINE
8
BLACK
6
CONTINUOUS
10
6.5819688188976375
20
-3.6358762204724409
11
6.5832472440944878
21
-3.6371546456692911
0
LINE
8
BLACK
6
CONTINUOUS
10
6.6482472440944882
20
-3.6371546456692911
11
6.6484270472440947
21
-3.638058622047244
0
LINE
8
BLACK
6
CONTINUOUS
10
6.6484270472440947
20
-3.638058622047244
11
6.6484270472440947
21
-3.6680586220472442
0
LINE
8
BLACK
6
CONTINUOUS
10
6.6484270472440947
20
-3.6680586220472442
11
6.6482472440944882
21
-3.6689625984251966
0
LINE
8
BLACK
6
CONTINUOUS
10
6.6482472440944882
20
-3.6689625984251966
11
6.6469688188976379
21
-3.6702410236220473
0
LINE
8
BLACK
6
CONTINUOUS
10
6.6469688188976379
20
-3.6702410236220473
11
6.6451608661417323
21
-3.6702410236220473
0
LINE
8
BLACK
6
CONTINUOUS
10
6.6451608661417323
20
-3.6702410236220473
11
6.643882440944882
21
-3.6689625984251966
0
LINE
8
BLACK
6
CONTINUOUS
10
6.643882440944882
20
-3.6689625984251966
11
6.6437026377952755
21
-3.6680586220472442
0
LINE
8
BLACK
6
CONTINUOUS
10
6.6437026377952755
20
-3.6680586220472442
11
6.6437026377952755
21
-3.638058622047244
0
LINE
8
BLACK
6
CONTINUOUS
10
6.6437026377952755
20
-3.638058622047244
11
6.643882440944882
21
-3.6371546456692911
0
LINE
8
BLACK
6
CONTINUOUS
10
6.643882440944882
20
-3.6371546456692911
11
6.6451608661417323
21
-3.6358762204724409
0
LINE
8
BLACK
6
CONTINUOUS
10
6.6451608661417323
20
-3.6358762204724409
11
6.6469688188976379
21
-3.6358762204724409
0
LINE
8
BLACK
6
CONTINUOUS
10
6.6469688188976379
20
-3.6358762204724409
11
6.6482472440944882
21
-3.6371546456692911
0
LINE
8
BLACK
6
CONTINUOUS
10
6.7082472440944878
20
-3.6371546456692911
11
6.7084270472440943
21
-3.638058622047244
0
LINE
8
BLACK
6
CONTINUOUS
10
6.7084270472440943
20
-3.638058622047244
11
6.7084270472440943
21
-3.6680586220472442
0
LINE
8
BLACK
6
CONTINUOUS
10
6.7084270472440943
20
-3.6680586220472442
11
6.7082472440944878
21
-3.6689625984251966
0
LINE
8
BLACK
6
CONTINUOUS
10
6.7082472440944878
20
-3.6689625984251966
11
6.7069688188976375
21
-3.6702410236220473
0
LINE
8
BLACK
6
CONTINUOUS
10
6.7069688188976375
20
-3.6702410236220473
11
6.7051608661417319
21
-3.6702410236220473
0
LINE
8
BLACK
6
CONTINUOUS
10
6.7051608661417319
20
-3.6702410236220473
11
6.7038824409448816
21
-3.6689625984251966
0
LINE
8
BLACK
6
CONTINUOUS
10
6.7038824409448816
20
-3.6689625984251966
11
6.7037026377952751
21
-3.6680586220472442
0
LINE
8
BLACK
6
CONTINUOUS
10
6.7037026377952751
20
-3.6680586220472442
11
6.7037026377952751
21
-3.638058622047244
0
LINE
8
BLACK
6
CONTINUOUS
10
6.7037026377952751
20
-3.638058622047244
11
6.7038824409448816
21
-3.6371546456692911
0
LINE
8
BLACK
6
CONTINUOUS
10
6.7038824409448816
20
-3.6371546456692911
11
6.7051608661417319
21
-3.6358762204724409
0
LINE
8
BLACK
6
CONTINUOUS
10
6.7051608661417319
20
-3.6358762204724409
11
6.7069688188976375
21
-3.6358762204724409
0
LINE
8
BLACK
6
CONTINUOUS
10
6.7069688188976375
20
-3.6358762204724409
11
6.7082472440944878
21
-3.6371546456692911
0
LINE
8
BLACK
6
CONTINUOUS
10
5.9874018897637793
20
-3.6522541732283464
11
5.9886803149606296
21
-3.6535325984251967
0
LINE
8
BLACK
6
CONTINUOUS
10
5.9886803149606296
20
-3.6535325984251967
11
5.9886803149606296
21
-3.6553405511811023
0
LINE
8
BLACK
6
CONTINUOUS
10
5.9886803149606296
20
-3.6553405511811023
11
5.9874018897637793
21
-3.6566189763779526
0
LINE
8
BLACK
6
CONTINUOUS
10
5.9874018897637793
20
-3.6566189763779526
11
5.9864979133858265
21
-3.6567987795275592
0
LINE
8
BLACK
6
CONTINUOUS
10
5.9864979133858265
20
-3.6567987795275592
11
5.9156317716535431
21
-3.6567987795275592
0
LINE
8
BLACK
6
CONTINUOUS
10
5.9156317716535431
20
-3.6567987795275592
11
5.9147277952755903
21
-3.6566189763779526
0
LINE
8
BLACK
6
CONTINUOUS
10
5.9147277952755903
20
-3.6566189763779526
11
5.9134493700787401
21
-3.6553405511811023
0
LINE
8
BLACK
6
CONTINUOUS
10
5.9134493700787401
20
-3.6553405511811023
11
5.9134493700787401
21
-3.6535325984251967
0
LINE
8
BLACK
6
CONTINUOUS
10
5.9134493700787401
20
-3.6535325984251967
11
5.9147277952755903
21
-3.6522541732283464
0
LINE
8
BLACK
6
CONTINUOUS
10
5.9147277952755903
20
-3.6522541732283464
11
5.9156317716535431
21
-3.6520743700787399
0
LINE
8
BLACK
6
CONTINUOUS
10
5.9156317716535431
20
-3.6520743700787399
11
5.9864979133858265
21
-3.6520743700787399
0
LINE
8
BLACK
6
CONTINUOUS
10
5.9864979133858265
20
-3.6520743700787399
11
5.9874018897637793
21
-3.6522541732283464
0
LINE
8
BLACK
6
CONTINUOUS
10
6.3169688188976378
20
-3.6458762204724406
11
6.3182472440944881
21
-3.6471546456692914
0
LINE
8
BLACK
6
CONTINUOUS
10
6.3182472440944881
20
-3.6471546456692914
11
6.3182472440944881
21
-3.6489625984251965
0
LINE
8
BLACK
6
CONTINUOUS
10
6.3182472440944881
20
-3.6489625984251965
11
6.3169688188976378
21
-3.6502410236220473
0
LINE
8
BLACK
6
CONTINUOUS
10
6.3169688188976378
20
-3.6502410236220473
11
6.316064842519685
21
-3.6504208267716534
0
LINE
8
BLACK
6
CONTINUOUS
10
6.316064842519685
20
-3.6504208267716534
11
6.2860648425196848
21
-3.6504208267716534
0
LINE
8
BLACK
6
CONTINUOUS
10
6.2860648425196848
20
-3.6504208267716534
11
6.285160866141732
21
-3.6502410236220473
0
LINE
8
BLACK
6
CONTINUOUS
10
6.285160866141732
20
-3.6502410236220473
11
6.2838824409448817
21
-3.6489625984251965
0
LINE
8
BLACK
6
CONTINUOUS
10
6.2838824409448817
20
-3.6489625984251965
11
6.2838824409448817
21
-3.6471546456692914
0
LINE
8
BLACK
6
CONTINUOUS
10
6.2838824409448817
20
-3.6471546456692914
11
6.285160866141732
21
-3.6458762204724406
0
LINE
8
BLACK
6
CONTINUOUS
10
6.285160866141732
20
-3.6458762204724406
11
6.2860648425196848
21
-3.6456964173228346
0
LINE
8
BLACK
6
CONTINUOUS
10
6.2860648425196848
20
-3.6456964173228346
11
6.316064842519685
21
-3.6456964173228346
0
LINE
8
BLACK
6
CONTINUOUS
10
6.316064842519685
20
-3.6456964173228346
11
6.3169688188976378
21
-3.6458762204724406
0
LINE
8
BLACK
6
CONTINUOUS
10
6.2966409055118104
20
-3.6126625984251968
11
6.2977053149606297
21
-3.6131035039370079
0
LINE
8
BLACK
6
CONTINUOUS
10
6.2977053149606297
20
-3.6131035039370079
11
6.2985199606299211
21
-3.6139181496062993
0
LINE
8
BLACK
6
CONTINUOUS
10
6.2985199606299211
20
-3.6139181496062993
11
6.2989608661417318
21
-3.6149825590551181
0
LINE
8
BLACK
6
CONTINUOUS
10
6.2989608661417318
20
-3.6149825590551181
11
6.2989608661417318
21
-3.6161346850393699
0
LINE
8
BLACK
6
CONTINUOUS
10
6.2989608661417318
20
-3.6161346850393699
11
6.2985199606299211
21
-3.6171990944881891
0
LINE
8
BLACK
6
CONTINUOUS
10
6.2985199606299211
20
-3.6171990944881891
11
6.2977053149606297
21
-3.6180137401574801
0
LINE
8
BLACK
6
CONTINUOUS
10
6.2977053149606297
20
-3.6180137401574801
11
6.2966409055118104
21
-3.6184546456692912
0
LINE
8
BLACK
6
CONTINUOUS
10
6.2966409055118104
20
-3.6184546456692912
11
6.2960648425196846
21
-3.618511377952756
0
LINE
8
BLACK
6
CONTINUOUS
10
6.2960648425196846
20
-3.618511377952756
11
6.236064842519685
21
-3.618511377952756
0
LINE
8
BLACK
6
CONTINUOUS
10
6.236064842519685
20
-3.618511377952756
11
6.2354887795275591
21
-3.6184546456692912
0
LINE
8
BLACK
6
CONTINUOUS
10
6.2354887795275591
20
-3.6184546456692912
11
6.2344243700787398
21
-3.6180137401574801
0
LINE
8
BLACK
6
CONTINUOUS
10
6.2344243700787398
20
-3.6180137401574801
11
6.2336097244094484
21
-3.6171990944881891
0
LINE
8
BLACK
6
CONTINUOUS
10
6.2336097244094484
20
-3.6171990944881891
11
6.2331688188976377
21
-3.6161346850393699
0
LINE
8
BLACK
6
CONTINUOUS
10
6.2331688188976377
20
-3.6161346850393699
11
6.2331688188976377
21
-3.6149825590551181
0
LINE
8
BLACK
6
CONTINUOUS
10
6.2331688188976377
20
-3.6149825590551181
11
6.2336097244094484
21
-3.6139181496062993
0
LINE
8
BLACK
6
CONTINUOUS
10
6.2336097244094484
20
-3.6139181496062993
11
6.2344243700787398
21
-3.6131035039370079
0
LINE
8
BLACK
6
CONTINUOUS
10
6.2344243700787398
20
-3.6131035039370079
11
6.2354887795275591
21
-3.6126625984251968
0
LINE
8
BLACK
6
CONTINUOUS
10
6.2354887795275591
20
-3.6126625984251968
11
6.236064842519685
21
-3.6126058661417324
0
LINE
8
BLACK
6
CONTINUOUS
10
6.236064842519685
20
-3.6126058661417324
11
6.2960648425196846
21
-3.6126058661417324
0
LINE
8
BLACK
6
CONTINUOUS
10
6.2960648425196846
20
-3.6126058661417324
11
6.2966409055118104
21
-3.6126625984251968
0
LINE
8
BLACK
6
CONTINUOUS
10
5.3066409055118111
20
-3.6101625984251968
11
5.3077053149606295
21
-3.6106035039370079
0
LINE
8
BLACK
6
CONTINUOUS
10
5.3077053149606295
20
-3.6106035039370079
11
5.3085199606299209
21
-3.6114181496062989
0
LINE
8
BLACK
6
CONTINUOUS
10
5.3085199606299209
20
-3.6114181496062989
11
5.3089608661417325
21
-3.6124825590551182
0
LINE
8
BLACK
6
CONTINUOUS
10
5.3089608661417325
20
-3.6124825590551182
11
5.3089608661417325
21
-3.6136346850393699
0
LINE
8
BLACK
6
CONTINUOUS
10
5.3089608661417325
20
-3.6136346850393699
11
5.3085199606299209
21
-3.6146990944881887
0
LINE
8
BLACK
6
CONTINUOUS
10
5.3085199606299209
20
-3.6146990944881887
11
5.3077053149606295
21
-3.6155137401574802
0
LINE
8
BLACK
6
CONTINUOUS
10
5.3077053149606295
20
-3.6155137401574802
11
5.3066409055118111
21
-3.6159546456692913
0
LINE
8
BLACK
6
CONTINUOUS
10
5.3066409055118111
20
-3.6159546456692913
11
5.3060648425196852
21
-3.6160113779527556
0
LINE
8
BLACK
6
CONTINUOUS
10
5.3060648425196852
20
-3.6160113779527556
11
5.2460648425196847
21
-3.6160113779527556
0
LINE
8
BLACK
6
CONTINUOUS
10
5.2460648425196847
20
-3.6160113779527556
11
5.2454887795275589
21
-3.6159546456692913
0
LINE
8
BLACK
6
CONTINUOUS
10
5.2454887795275589
20
-3.6159546456692913
11
5.2444243700787396
21
-3.6155137401574802
0
LINE
8
BLACK
6
CONTINUOUS
10
5.2444243700787396
20
-3.6155137401574802
11
5.2436097244094491
21
-3.6146990944881887
0
LINE
8
BLACK
6
CONTINUOUS
10
5.2436097244094491
20
-3.6146990944881887
11
5.2431688188976375
21
-3.6136346850393699
0
LINE
8
BLACK
6
CONTINUOUS
10
5.2431688188976375
20
-3.6136346850393699
11
5.2431688188976375
21
-3.6124825590551182
0
LINE
8
BLACK
6
CONTINUOUS
10
5.2431688188976375
20
-3.6124825590551182
11
5.2436097244094491
21
-3.6114181496062989
0
LINE
8
BLACK
6
CONTINUOUS
10
5.2436097244094491
20
-3.6114181496062989
11
5.2444243700787396
21
-3.6106035039370079
0
LINE
8
BLACK
6
CONTINUOUS
10
5.2444243700787396
20
-3.6106035039370079
11
5.2454887795275589
21
-3.6101625984251968
0
LINE
8
BLACK
6
CONTINUOUS
10
5.2454887795275589
20
-3.6101625984251968
11
5.2460648425196847
21
-3.610105866141732
0
LINE
8
BLACK
6
CONTINUOUS
10
5.2460648425196847
20
-3.610105866141732
11
5.3060648425196852
21
-3.610105866141732
0
LINE
8
BLACK
6
CONTINUOUS
10
5.3060648425196852
20
-3.610105866141732
11
5.3066409055118111
21
-3.6101625984251968
0
LINE
8
BLACK
6
CONTINUOUS
10
5.4066409055118108
20
-3.6101625984251968
11
5.40770531496063
21
-3.6106035039370079
0
LINE
8
BLACK
6
CONTINUOUS
10
5.40770531496063
20
-3.6106035039370079
11
5.4085199606299215
21
-3.6114181496062989
0
LINE
8
BLACK
6
CONTINUOUS
10
5.4085199606299215
20
-3.6114181496062989
11
5.4089608661417321
21
-3.6124825590551182
0
LINE
8
BLACK
6
CONTINUOUS
10
5.4089608661417321
20
-3.6124825590551182
11
5.4089608661417321
21
-3.6136346850393699
0
LINE
8
BLACK
6
CONTINUOUS
10
5.4089608661417321
20
-3.6136346850393699
11
5.4085199606299215
21
-3.6146990944881887
0
LINE
8
BLACK
6
CONTINUOUS
10
5.4085199606299215
20
-3.6146990944881887
11
5.40770531496063
21
-3.6155137401574802
0
LINE
8
BLACK
6
CONTINUOUS
10
5.40770531496063
20
-3.6155137401574802
11
5.4066409055118108
21
-3.6159546456692913
0
LINE
8
BLACK
6
CONTINUOUS
10
5.4066409055118108
20
-3.6159546456692913
11
5.4060648425196849
21
-3.6160113779527556
0
LINE
8
BLACK
6
CONTINUOUS
10
5.4060648425196849
20
-3.6160113779527556
11
5.3460648425196853
21
-3.6160113779527556
0
LINE
8
BLACK
6
CONTINUOUS
10
5.3460648425196853
20
-3.6160113779527556
11
5.3454887795275585
21
-3.6159546456692913
0
LINE
8
BLACK
6
CONTINUOUS
10
5.3454887795275585
20
-3.6159546456692913
11
5.3444243700787402
21
-3.6155137401574802
0
LINE
8
BLACK
6
CONTINUOUS
10
5.3444243700787402
20
-3.6155137401574802
11
5.3436097244094487
21
-3.6146990944881887
0
LINE
8
BLACK
6
CONTINUOUS
10
5.3436097244094487
20
-3.6146990944881887
11
5.3431688188976381
21
-3.6136346850393699
0
LINE
8
BLACK
6
CONTINUOUS
10
5.3431688188976381
20
-3.6136346850393699
11
5.3431688188976381
21
-3.6124825590551182
0
LINE
8
BLACK
6
CONTINUOUS
10
5.3431688188976381
20
-3.6124825590551182
11
5.3436097244094487
21
-3.6114181496062989
0
LINE
8
BLACK
6
CONTINUOUS
10
5.3436097244094487
20
-3.6114181496062989
11
5.3444243700787402
21
-3.6106035039370079
0
LINE
8
BLACK
6
CONTINUOUS
10
5.3444243700787402
20
-3.6106035039370079
11
5.3454887795275585
21
-3.6101625984251968
0
LINE
8
BLACK
6
CONTINUOUS
10
5.3454887795275585
20
-3.6101625984251968
11
5.3460648425196853
21
-3.610105866141732
0
LINE
8
BLACK
6
CONTINUOUS
10
5.3460648425196853
20
-3.610105866141732
11
5.4060648425196849
21
-3.610105866141732
0
LINE
8
BLACK
6
CONTINUOUS
10
5.4060648425196849
20
-3.610105866141732
11
5.4066409055118108
21
-3.6101625984251968
0
LINE
8
BLACK
6
CONTINUOUS
10
5.5066409055118113
20
-3.6101625984251968
11
5.5077053149606297
21
-3.6106035039370079
0
LINE
8
BLACK
6
CONTINUOUS
10
5.5077053149606297
20
-3.6106035039370079
11
5.5085199606299211
21
-3.6114181496062989
0
LINE
8
BLACK
6
CONTINUOUS
10
5.5085199606299211
20
-3.6114181496062989
11
5.5089608661417317
21
-3.6124825590551182
0
LINE
8
BLACK
6
CONTINUOUS
10
5.5089608661417317
20
-3.6124825590551182
11
5.5089608661417317
21
-3.6136346850393699
0
LINE
8
BLACK
6
CONTINUOUS
10
5.5089608661417317
20
-3.6136346850393699
11
5.5085199606299211
21
-3.6146990944881887
0
LINE
8
BLACK
6
CONTINUOUS
10
5.5085199606299211
20
-3.6146990944881887
11
5.5077053149606297
21
-3.6155137401574802
0
LINE
8
BLACK
6
CONTINUOUS
10
5.5077053149606297
20
-3.6155137401574802
11
5.5066409055118113
21
-3.6159546456692913
0
LINE
8
BLACK
6
CONTINUOUS
10
5.5066409055118113
20
-3.6159546456692913
11
5.5060648425196845
21
-3.6160113779527556
0
LINE
8
BLACK
6
CONTINUOUS
10
5.5060648425196845
20
-3.6160113779527556
11
5.4460648425196849
21
-3.6160113779527556
0
LINE
8
BLACK
6
CONTINUOUS
10
5.4460648425196849
20
-3.6160113779527556
11
5.4454887795275591
21
-3.6159546456692913
0
LINE
8
BLACK
6
CONTINUOUS
10
5.4454887795275591
20
-3.6159546456692913
11
5.4444243700787398
21
-3.6155137401574802
0
LINE
8
BLACK
6
CONTINUOUS
10
5.4444243700787398
20
-3.6155137401574802
11
5.4436097244094483
21
-3.6146990944881887
0
LINE
8
BLACK
6
CONTINUOUS
10
5.4436097244094483
20
-3.6146990944881887
11
5.4431688188976377
21
-3.6136346850393699
0
LINE
8
BLACK
6
CONTINUOUS
10
5.4431688188976377
20
-3.6136346850393699
11
5.4431688188976377
21
-3.6124825590551182
0
LINE
8
BLACK
6
CONTINUOUS
10
5.4431688188976377
20
-3.6124825590551182
11
5.4436097244094483
21
-3.6114181496062989
0
LINE
8
BLACK
6
CONTINUOUS
10
5.4436097244094483
20
-3.6114181496062989
11
5.4444243700787398
21
-3.6106035039370079
0
LINE
8
BLACK
6
CONTINUOUS
10
5.4444243700787398
20
-3.6106035039370079
11
5.4454887795275591
21
-3.6101625984251968
0
LINE
8
BLACK
6
CONTINUOUS
10
5.4454887795275591
20
-3.6101625984251968
11
5.4460648425196849
21
-3.610105866141732
0
LINE
8
BLACK
6
CONTINUOUS
10
5.4460648425196849
20
-3.610105866141732
11
5.5060648425196845
21
-3.610105866141732
0
LINE
8
BLACK
6
CONTINUOUS
10
5.5060648425196845
20
-3.610105866141732
11
5.5066409055118113
21
-3.6101625984251968
0
LINE
8
BLACK
6
CONTINUOUS
10
5.6066409055118109
20
-3.6101625984251968
11
5.6077053149606302
21
-3.6106035039370079
0
LINE
8
BLACK
6
CONTINUOUS
10
5.6077053149606302
20
-3.6106035039370079
11
5.6085199606299208
21
-3.6114181496062989
0
LINE
8
BLACK
6
CONTINUOUS
10
5.6085199606299208
20
-3.6114181496062989
11
5.6089608661417323
21
-3.6124825590551182
0
LINE
8
BLACK
6
CONTINUOUS
10
5.6089608661417323
20
-3.6124825590551182
11
5.6089608661417323
21
-3.6136346850393699
0
LINE
8
BLACK
6
CONTINUOUS
10
5.6089608661417323
20
-3.6136346850393699
11
5.6085199606299208
21
-3.6146990944881887
0
LINE
8
BLACK
6
CONTINUOUS
10
5.6085199606299208
20
-3.6146990944881887
11
5.6077053149606302
21
-3.6155137401574802
0
LINE
8
BLACK
6
CONTINUOUS
10
5.6077053149606302
20
-3.6155137401574802
11
5.6066409055118109
21
-3.6159546456692913
0
LINE
8
BLACK
6
CONTINUOUS
10
5.6066409055118109
20
-3.6159546456692913
11
5.6060648425196851
21
-3.6160113779527556
0
LINE
8
BLACK
6
CONTINUOUS
10
5.6060648425196851
20
-3.6160113779527556
11
5.5460648425196846
21
-3.6160113779527556
0
LINE
8
BLACK
6
CONTINUOUS
10
5.5460648425196846
20
-3.6160113779527556
11
5.5454887795275587
21
-3.6159546456692913
0
LINE
8
BLACK
6
CONTINUOUS
10
5.5454887795275587
20
-3.6159546456692913
11
5.5444243700787403
21
-3.6155137401574802
0
LINE
8
BLACK
6
CONTINUOUS
10
5.5444243700787403
20
-3.6155137401574802
11
5.5436097244094489
21
-3.6146990944881887
0
LINE
8
BLACK
6
CONTINUOUS
10
5.5436097244094489
20
-3.6146990944881887
11
5.5431688188976374
21
-3.6136346850393699
0
LINE
8
BLACK
6
CONTINUOUS
10
5.5431688188976374
20
-3.6136346850393699
11
5.5431688188976374
21
-3.6124825590551182
0
LINE
8
BLACK
6
CONTINUOUS
10
5.5431688188976374
20
-3.6124825590551182
11
5.5436097244094489
21
-3.6114181496062989
0
LINE
8
BLACK
6
CONTINUOUS
10
5.5436097244094489
20
-3.6114181496062989
11
5.5444243700787403
21
-3.6106035039370079
0
LINE
8
BLACK
6
CONTINUOUS
10
5.5444243700787403
20
-3.6106035039370079
11
5.5454887795275587
21
-3.6101625984251968
0
LINE
8
BLACK
6
CONTINUOUS
10
5.5454887795275587
20
-3.6101625984251968
11
5.5460648425196846
21
-3.610105866141732
0
LINE
8
BLACK
6
CONTINUOUS
10
5.5460648425196846
20
-3.610105866141732
11
5.6060648425196851
21
-3.610105866141732
0
LINE
8
BLACK
6
CONTINUOUS
10
5.6060648425196851
20
-3.610105866141732
11
5.6066409055118109
21
-3.6101625984251968
0
LINE
8
BLACK
6
CONTINUOUS
10
5.7066409055118106
20
-3.6101625984251968
11
5.7077053149606298
21
-3.6106035039370079
0
LINE
8
BLACK
6
CONTINUOUS
10
5.7077053149606298
20
-3.6106035039370079
11
5.7085199606299213
21
-3.6114181496062989
0
LINE
8
BLACK
6
CONTINUOUS
10
5.7085199606299213
20
-3.6114181496062989
11
5.7089608661417319
21
-3.6124825590551182
0
LINE
8
BLACK
6
CONTINUOUS
10
5.7089608661417319
20
-3.6124825590551182
11
5.7089608661417319
21
-3.6136346850393699
0
LINE
8
BLACK
6
CONTINUOUS
10
5.7089608661417319
20
-3.6136346850393699
11
5.7085199606299213
21
-3.6146990944881887
0
LINE
8
BLACK
6
CONTINUOUS
10
5.7085199606299213
20
-3.6146990944881887
11
5.7077053149606298
21
-3.6155137401574802
0
LINE
8
BLACK
6
CONTINUOUS
10
5.7077053149606298
20
-3.6155137401574802
11
5.7066409055118106
21
-3.6159546456692913
0
LINE
8
BLACK
6
CONTINUOUS
10
5.7066409055118106
20
-3.6159546456692913
11
5.7060648425196847
21
-3.6160113779527556
0
LINE
8
BLACK
6
CONTINUOUS
10
5.7060648425196847
20
-3.6160113779527556
11
5.6460648425196851
21
-3.6160113779527556
0
LINE
8
BLACK
6
CONTINUOUS
10
5.6460648425196851
20
-3.6160113779527556
11
5.6454887795275592
21
-3.6159546456692913
0
LINE
8
BLACK
6
CONTINUOUS
10
5.6454887795275592
20
-3.6159546456692913
11
5.64442437007874
21
-3.6155137401574802
0
LINE
8
BLACK
6
CONTINUOUS
10
5.64442437007874
20
-3.6155137401574802
11
5.6436097244094485
21
-3.6146990944881887
0
LINE
8
BLACK
6
CONTINUOUS
10
5.6436097244094485
20
-3.6146990944881887
11
5.6431688188976379
21
-3.6136346850393699
0
LINE
8
BLACK
6
CONTINUOUS
10
5.6431688188976379
20
-3.6136346850393699
11
5.6431688188976379
21
-3.6124825590551182
0
LINE
8
BLACK
6
CONTINUOUS
10
5.6431688188976379
20
-3.6124825590551182
11
5.6436097244094485
21
-3.6114181496062989
0
LINE
8
BLACK
6
CONTINUOUS
10
5.6436097244094485
20
-3.6114181496062989
11
5.64442437007874
21
-3.6106035039370079
0
LINE
8
BLACK
6
CONTINUOUS
10
5.64442437007874
20
-3.6106035039370079
11
5.6454887795275592
21
-3.6101625984251968
0
LINE
8
BLACK
6
CONTINUOUS
10
5.6454887795275592
20
-3.6101625984251968
11
5.6460648425196851
21
-3.610105866141732
0
LINE
8
BLACK
6
CONTINUOUS
10
5.6460648425196851
20
-3.610105866141732
11
5.7060648425196847
21
-3.610105866141732
0
LINE
8
BLACK
6
CONTINUOUS
10
5.7060648425196847
20
-3.610105866141732
11
5.7066409055118106
21
-3.6101625984251968
0
LINE
8
BLACK
6
CONTINUOUS
10
5.8066409055118111
20
-3.6101625984251968
11
5.8077053149606295
21
-3.6106035039370079
0
LINE
8
BLACK
6
CONTINUOUS
10
5.8077053149606295
20
-3.6106035039370079
11
5.8085199606299209
21
-3.6114181496062989
0
LINE
8
BLACK
6
CONTINUOUS
10
5.8085199606299209
20
-3.6114181496062989
11
5.8089608661417325
21
-3.6124825590551182
0
LINE
8
BLACK
6
CONTINUOUS
10
5.8089608661417325
20
-3.6124825590551182
11
5.8089608661417325
21
-3.6136346850393699
0
LINE
8
BLACK
6
CONTINUOUS
10
5.8089608661417325
20
-3.6136346850393699
11
5.8085199606299209
21
-3.6146990944881887
0
LINE
8
BLACK
6
CONTINUOUS
10
5.8085199606299209
20
-3.6146990944881887
11
5.8077053149606295
21
-3.6155137401574802
0
LINE
8
BLACK
6
CONTINUOUS
10
5.8077053149606295
20
-3.6155137401574802
11
5.8066409055118111
21
-3.6159546456692913
0
LINE
8
BLACK
6
CONTINUOUS
10
5.8066409055118111
20
-3.6159546456692913
11
5.8060648425196852
21
-3.6160113779527556
0
LINE
8
BLACK
6
CONTINUOUS
10
5.8060648425196852
20
-3.6160113779527556
11
5.7460648425196847
21
-3.6160113779527556
0
LINE
8
BLACK
6
CONTINUOUS
10
5.7460648425196847
20
-3.6160113779527556
11
5.7454887795275589
21
-3.6159546456692913
0
LINE
8
BLACK
6
CONTINUOUS
10
5.7454887795275589
20
-3.6159546456692913
11
5.7444243700787396
21
-3.6155137401574802
0
LINE
8
BLACK
6
CONTINUOUS
10
5.7444243700787396
20
-3.6155137401574802
11
5.7436097244094491
21
-3.6146990944881887
0
LINE
8
BLACK
6
CONTINUOUS
10
5.7436097244094491
20
-3.6146990944881887
11
5.7431688188976375
21
-3.6136346850393699
0
LINE
8
BLACK
6
CONTINUOUS
10
5.7431688188976375
20
-3.6136346850393699
11
5.7431688188976375
21
-3.6124825590551182
0
LINE
8
BLACK
6
CONTINUOUS
10
5.7431688188976375
20
-3.6124825590551182
11
5.7436097244094491
21
-3.6114181496062989
0
LINE
8
BLACK
6
CONTINUOUS
10
5.7436097244094491
20
-3.6114181496062989
11
5.7444243700787396
21
-3.6106035039370079
0
LINE
8
BLACK
6
CONTINUOUS
10
5.7444243700787396
20
-3.6106035039370079
11
5.7454887795275589
21
-3.6101625984251968
0
LINE
8
BLACK
6
CONTINUOUS
10
5.7454887795275589
20
-3.6101625984251968
11
5.7460648425196847
21
-3.610105866141732
0
LINE
8
BLACK
6
CONTINUOUS
10
5.7460648425196847
20
-3.610105866141732
11
5.8060648425196852
21
-3.610105866141732
0
LINE
8
BLACK
6
CONTINUOUS
10
5.8060648425196852
20
-3.610105866141732
11
5.8066409055118111
21
-3.6101625984251968
0
LINE
8
BLACK
6
CONTINUOUS
10
5.9066409055118108
20
-3.6101625984251968
11
5.90770531496063
21
-3.6106035039370079
0
LINE
8
BLACK
6
CONTINUOUS
10
5.90770531496063
20
-3.6106035039370079
11
5.9085199606299215
21
-3.6114181496062989
0
LINE
8
BLACK
6
CONTINUOUS
10
5.9085199606299215
20
-3.6114181496062989
11
5.9089608661417321
21
-3.6124825590551182
0
LINE
8
BLACK
6
CONTINUOUS
10
5.9089608661417321
20
-3.6124825590551182
11
5.9089608661417321
21
-3.6136346850393699
0
LINE
8
BLACK
6
CONTINUOUS
10
5.9089608661417321
20
-3.6136346850393699
11
5.9085199606299215
21
-3.6146990944881887
0
LINE
8
BLACK
6
CONTINUOUS
10
5.9085199606299215
20
-3.6146990944881887
11
5.90770531496063
21
-3.6155137401574802
0
LINE
8
BLACK
6
CONTINUOUS
10
5.90770531496063
20
-3.6155137401574802
11
5.9066409055118108
21
-3.6159546456692913
0
LINE
8
BLACK
6
CONTINUOUS
10
5.9066409055118108
20
-3.6159546456692913
11
5.9060648425196849
21
-3.6160113779527556
0
LINE
8
BLACK
6
CONTINUOUS
10
5.9060648425196849
20
-3.6160113779527556
11
5.8460648425196853
21
-3.6160113779527556
0
LINE
8
BLACK
6
CONTINUOUS
10
5.8460648425196853
20
-3.6160113779527556
11
5.8454887795275585
21
-3.6159546456692913
0
LINE
8
BLACK
6
CONTINUOUS
10
5.8454887795275585
20
-3.6159546456692913
11
5.8444243700787402
21
-3.6155137401574802
0
LINE
8
BLACK
6
CONTINUOUS
10
5.8444243700787402
20
-3.6155137401574802
11
5.8436097244094487
21
-3.6146990944881887
0
LINE
8
BLACK
6
CONTINUOUS
10
5.8436097244094487
20
-3.6146990944881887
11
5.8431688188976381
21
-3.6136346850393699
0
LINE
8
BLACK
6
CONTINUOUS
10
5.8431688188976381
20
-3.6136346850393699
11
5.8431688188976381
21
-3.6124825590551182
0
LINE
8
BLACK
6
CONTINUOUS
10
5.8431688188976381
20
-3.6124825590551182
11
5.8436097244094487
21
-3.6114181496062989
0
LINE
8
BLACK
6
CONTINUOUS
10
5.8436097244094487
20
-3.6114181496062989
11
5.8444243700787402
21
-3.6106035039370079
0
LINE
8
BLACK
6
CONTINUOUS
10
5.8444243700787402
20
-3.6106035039370079
11
5.8454887795275585
21
-3.6101625984251968
0
LINE
8
BLACK
6
CONTINUOUS
10
5.8454887795275585
20
-3.6101625984251968
11
5.8460648425196853
21
-3.610105866141732
0
LINE
8
BLACK
6
CONTINUOUS
10
5.8460648425196853
20
-3.610105866141732
11
5.9060648425196849
21
-3.610105866141732
0
LINE
8
BLACK
6
CONTINUOUS
10
5.9060648425196849
20
-3.610105866141732
11
5.9066409055118108
21
-3.6101625984251968
0
LINE
8
BLACK
6
CONTINUOUS
10
5.9816409055118109
20
-3.6101625984251968
11
5.9827053149606302
21
-3.6106035039370079
0
LINE
8
BLACK
6
CONTINUOUS
10
5.9827053149606302
20
-3.6106035039370079
11
5.9835199606299208
21
-3.6114181496062989
0
LINE
8
BLACK
6
CONTINUOUS
10
5.9835199606299208
20
-3.6114181496062989
11
5.9839608661417323
21
-3.6124825590551182
0
LINE
8
BLACK
6
CONTINUOUS
10
5.9839608661417323
20
-3.6124825590551182
11
5.9839608661417323
21
-3.6136346850393699
0
LINE
8
BLACK
6
CONTINUOUS
10
5.9839608661417323
20
-3.6136346850393699
11
5.9835199606299208
21
-3.6146990944881887
0
LINE
8
BLACK
6
CONTINUOUS
10
5.9835199606299208
20
-3.6146990944881887
11
5.9827053149606302
21
-3.6155137401574802
0
LINE
8
BLACK
6
CONTINUOUS
10
5.9827053149606302
20
-3.6155137401574802
11
5.9816409055118109
21
-3.6159546456692913
0
LINE
8
BLACK
6
CONTINUOUS
10
5.9816409055118109
20
-3.6159546456692913
11
5.9810648425196851
21
-3.6160113779527556
0
LINE
8
BLACK
6
CONTINUOUS
10
5.9810648425196851
20
-3.6160113779527556
11
5.9210648425196846
21
-3.6160113779527556
0
LINE
8
BLACK
6
CONTINUOUS
10
5.9210648425196846
20
-3.6160113779527556
11
5.9204887795275587
21
-3.6159546456692913
0
LINE
8
BLACK
6
CONTINUOUS
10
5.9204887795275587
20
-3.6159546456692913
11
5.9194243700787403
21
-3.6155137401574802
0
LINE
8
BLACK
6
CONTINUOUS
10
5.9194243700787403
20
-3.6155137401574802
11
5.9186097244094489
21
-3.6146990944881887
0
LINE
8
BLACK
6
CONTINUOUS
10
5.9186097244094489
20
-3.6146990944881887
11
5.9181688188976374
21
-3.6136346850393699
0
LINE
8
BLACK
6
CONTINUOUS
10
5.9181688188976374
20
-3.6136346850393699
11
5.9181688188976374
21
-3.6124825590551182
0
LINE
8
BLACK
6
CONTINUOUS
10
5.9181688188976374
20
-3.6124825590551182
11
5.9186097244094489
21
-3.6114181496062989
0
LINE
8
BLACK
6
CONTINUOUS
10
5.9186097244094489
20
-3.6114181496062989
11
5.9194243700787403
21
-3.6106035039370079
0
LINE
8
BLACK
6
CONTINUOUS
10
5.9194243700787403
20
-3.6106035039370079
11
5.9204887795275587
21
-3.6101625984251968
0
LINE
8
BLACK
6
CONTINUOUS
10
5.9204887795275587
20
-3.6101625984251968
11
5.9210648425196846
21
-3.610105866141732
0
LINE
8
BLACK
6
CONTINUOUS
10
5.9210648425196846
20
-3.610105866141732
11
5.9810648425196851
21
-3.610105866141732
0
LINE
8
BLACK
6
CONTINUOUS
10
5.9810648425196851
20
-3.610105866141732
11
5.9816409055118109
21
-3.6101625984251968
0
LINE
8
BLACK
6
CONTINUOUS
10
6.0566409055118111
20
-3.6101625984251968
11
6.0577053149606295
21
-3.6106035039370079
0
LINE
8
BLACK
6
CONTINUOUS
10
6.0577053149606295
20
-3.6106035039370079
11
6.0585199606299209
21
-3.6114181496062989
0
LINE
8
BLACK
6
CONTINUOUS
10
6.0585199606299209
20
-3.6114181496062989
11
6.0589608661417325
21
-3.6124825590551182
0
LINE
8
BLACK
6
CONTINUOUS
10
6.0589608661417325
20
-3.6124825590551182
11
6.0589608661417325
21
-3.6136346850393699
0
LINE
8
BLACK
6
CONTINUOUS
10
6.0589608661417325
20
-3.6136346850393699
11
6.0585199606299209
21
-3.6146990944881887
0
LINE
8
BLACK
6
CONTINUOUS
10
6.0585199606299209
20
-3.6146990944881887
11
6.0577053149606295
21
-3.6155137401574802
0
LINE
8
BLACK
6
CONTINUOUS
10
6.0577053149606295
20
-3.6155137401574802
11
6.0566409055118111
21
-3.6159546456692913
0
LINE
8
BLACK
6
CONTINUOUS
10
6.0566409055118111
20
-3.6159546456692913
11
6.0560648425196852
21
-3.6160113779527556
0
LINE
8
BLACK
6
CONTINUOUS
10
6.0560648425196852
20
-3.6160113779527556
11
5.9960648425196847
21
-3.6160113779527556
0
LINE
8
BLACK
6
CONTINUOUS
10
5.9960648425196847
20
-3.6160113779527556
11
5.9954887795275589
21
-3.6159546456692913
0
LINE
8
BLACK
6
CONTINUOUS
10
5.9954887795275589
20
-3.6159546456692913
11
5.9944243700787396
21
-3.6155137401574802
0
LINE
8
BLACK
6
CONTINUOUS
10
5.9944243700787396
20
-3.6155137401574802
11
5.9936097244094491
21
-3.6146990944881887
0
LINE
8
BLACK
6
CONTINUOUS
10
5.9936097244094491
20
-3.6146990944881887
11
5.9931688188976375
21
-3.6136346850393699
0
LINE
8
BLACK
6
CONTINUOUS
10
5.9931688188976375
20
-3.6136346850393699
11
5.9931688188976375
21
-3.6124825590551182
0
LINE
8
BLACK
6
CONTINUOUS
10
5.9931688188976375
20
-3.6124825590551182
11
5.9936097244094491
21
-3.6114181496062989
0
LINE
8
BLACK
6
CONTINUOUS
10
5.9936097244094491
20
-3.6114181496062989
11
5.9944243700787396
21
-3.6106035039370079
0
LINE
8
BLACK
6
CONTINUOUS
10
5.9944243700787396
20
-3.6106035039370079
11
5.9954887795275589
21
-3.6101625984251968
0
LINE
8
BLACK
6
CONTINUOUS
10
5.9954887795275589
20
-3.6101625984251968
11
5.9960648425196847
21
-3.610105866141732
0
LINE
8
BLACK
6
CONTINUOUS
10
5.9960648425196847
20
-3.610105866141732
11
6.0560648425196852
21
-3.610105866141732
0
LINE
8
BLACK
6
CONTINUOUS
10
6.0560648425196852
20
-3.610105866141732
11
6.0566409055118111
21
-3.6101625984251968
0
LINE
8
BLACK
6
CONTINUOUS
10
6.1366409055118112
20
-3.6076625984251969
11
6.1377053149606295
21
-3.608103503937008
0
LINE
8
BLACK
6
CONTINUOUS
10
6.1377053149606295
20
-3.608103503937008
11
6.138519960629921
21
-3.608918149606299
0
LINE
8
BLACK
6
CONTINUOUS
10
6.138519960629921
20
-3.608918149606299
11
6.1389608661417325
21
-3.6099825590551182
0
LINE
8
BLACK
6
CONTINUOUS
10
6.1389608661417325
20
-3.6099825590551182
11
6.1389608661417325
21
-3.61113468503937
0
LINE
8
BLACK
6
CONTINUOUS
10
6.1389608661417325
20
-3.61113468503937
11
6.138519960629921
21
-3.6121990944881888
0
LINE
8
BLACK
6
CONTINUOUS
10
6.138519960629921
20
-3.6121990944881888
11
6.1377053149606295
21
-3.6130137401574802
0
LINE
8
BLACK
6
CONTINUOUS
10
6.1377053149606295
20
-3.6130137401574802
11
6.1366409055118112
21
-3.6134546456692913
0
LINE
8
BLACK
6
CONTINUOUS
10
6.1366409055118112
20
-3.6134546456692913
11
6.1360648425196853
21
-3.6135113779527557
0
LINE
8
BLACK
6
CONTINUOUS
10
6.1360648425196853
20
-3.6135113779527557
11
6.0760648425196848
21
-3.6135113779527557
0
LINE
8
BLACK
6
CONTINUOUS
10
6.0760648425196848
20
-3.6135113779527557
11
6.0754887795275589
21
-3.6134546456692913
0
LINE
8
BLACK
6
CONTINUOUS
10
6.0754887795275589
20
-3.6134546456692913
11
6.0744243700787397
21
-3.6130137401574802
0
LINE
8
BLACK
6
CONTINUOUS
10
6.0744243700787397
20
-3.6130137401574802
11
6.0736097244094482
21
-3.6121990944881888
0
LINE
8
BLACK
6
CONTINUOUS
10
6.0736097244094482
20
-3.6121990944881888
11
6.0731688188976376
21
-3.61113468503937
0
LINE
8
BLACK
6
CONTINUOUS
10
6.0731688188976376
20
-3.61113468503937
11
6.0731688188976376
21
-3.6099825590551182
0
LINE
8
BLACK
6
CONTINUOUS
10
6.0731688188976376
20
-3.6099825590551182
11
6.0736097244094482
21
-3.608918149606299
0
LINE
8
BLACK
6
CONTINUOUS
10
6.0736097244094482
20
-3.608918149606299
11
6.0744243700787397
21
-3.608103503937008
0
LINE
8
BLACK
6
CONTINUOUS
10
6.0744243700787397
20
-3.608103503937008
11
6.0754887795275589
21
-3.6076625984251969
0
LINE
8
BLACK
6
CONTINUOUS
10
6.0754887795275589
20
-3.6076625984251969
11
6.0760648425196848
21
-3.6076058661417321
0
LINE
8
BLACK
6
CONTINUOUS
10
6.0760648425196848
20
-3.6076058661417321
11
6.1360648425196853
21
-3.6076058661417321
0
LINE
8
BLACK
6
CONTINUOUS
10
6.1360648425196853
20
-3.6076058661417321
11
6.1366409055118112
21
-3.6076625984251969
0
LINE
8
BLACK
6
CONTINUOUS
10
6.4566409055118106
20
-3.5901625984251968
11
6.4577053149606298
21
-3.5906035039370079
0
LINE
8
BLACK
6
CONTINUOUS
10
6.4577053149606298
20
-3.5906035039370079
11
6.4585199606299213
21
-3.5914181496062993
0
LINE
8
BLACK
6
CONTINUOUS
10
6.4585199606299213
20
-3.5914181496062993
11
6.4589608661417319
21
-3.5924825590551182
0
LINE
8
BLACK
6
CONTINUOUS
10
6.4589608661417319
20
-3.5924825590551182
11
6.4589608661417319
21
-3.5936346850393699
0
LINE
8
BLACK
6
CONTINUOUS
10
6.4589608661417319
20
-3.5936346850393699
11
6.4585199606299213
21
-3.5946990944881887
0
LINE
8
BLACK
6
CONTINUOUS
10
6.4585199606299213
20
-3.5946990944881887
11
6.4577053149606298
21
-3.5955137401574802
0
LINE
8
BLACK
6
CONTINUOUS
10
6.4577053149606298
20
-3.5955137401574802
11
6.4566409055118106
21
-3.5959546456692912
0
LINE
8
BLACK
6
CONTINUOUS
10
6.4566409055118106
20
-3.5959546456692912
11
6.4560648425196847
21
-3.5960113779527556
0
LINE
8
BLACK
6
CONTINUOUS
10
6.4560648425196847
20
-3.5960113779527556
11
6.3960648425196851
21
-3.5960113779527556
0
LINE
8
BLACK
6
CONTINUOUS
10
6.3960648425196851
20
-3.5960113779527556
11
6.3954887795275592
21
-3.5959546456692912
0
LINE
8
BLACK
6
CONTINUOUS
10
6.3954887795275592
20
-3.5959546456692912
11
6.39442437007874
21
-3.5955137401574802
0
LINE
8
BLACK
6
CONTINUOUS
10
6.39442437007874
20
-3.5955137401574802
11
6.3936097244094485
21
-3.5946990944881887
0
LINE
8
BLACK
6
CONTINUOUS
10
6.3936097244094485
20
-3.5946990944881887
11
6.3931688188976379
21
-3.5936346850393699
0
LINE
8
BLACK
6
CONTINUOUS
10
6.3931688188976379
20
-3.5936346850393699
11
6.3931688188976379
21
-3.5924825590551182
0
LINE
8
BLACK
6
CONTINUOUS
10
6.3931688188976379
20
-3.5924825590551182
11
6.3936097244094485
21
-3.5914181496062993
0
LINE
8
BLACK
6
CONTINUOUS
10
6.3936097244094485
20
-3.5914181496062993
11
6.39442437007874
21
-3.5906035039370079
0
LINE
8
BLACK
6
CONTINUOUS
10
6.39442437007874
20
-3.5906035039370079
11
6.3954887795275592
21
-3.5901625984251968
0
LINE
8
BLACK
6
CONTINUOUS
10
6.3954887795275592
20
-3.5901625984251968
11
6.3960648425196851
21
-3.590105866141732
0
LINE
8
BLACK
6
CONTINUOUS
10
6.3960648425196851
20
-3.590105866141732
11
6.4560648425196847
21
-3.590105866141732
0
LINE
8
BLACK
6
CONTINUOUS
10
6.4560648425196847
20
-3.590105866141732
11
6.4566409055118106
21
-3.5901625984251968
0
LINE
8
BLACK
6
CONTINUOUS
10
6.5816409055118106
20
-3.5901625984251968
11
6.5827053149606298
21
-3.5906035039370079
0
LINE
8
BLACK
6
CONTINUOUS
10
6.5827053149606298
20
-3.5906035039370079
11
6.5835199606299213
21
-3.5914181496062993
0
LINE
8
BLACK
6
CONTINUOUS
10
6.5835199606299213
20
-3.5914181496062993
11
6.5839608661417319
21
-3.5924825590551182
0
LINE
8
BLACK
6
CONTINUOUS
10
6.5839608661417319
20
-3.5924825590551182
11
6.5839608661417319
21
-3.5936346850393699
0
LINE
8
BLACK
6
CONTINUOUS
10
6.5839608661417319
20
-3.5936346850393699
11
6.5835199606299213
21
-3.5946990944881887
0
LINE
8
BLACK
6
CONTINUOUS
10
6.5835199606299213
20
-3.5946990944881887
11
6.5827053149606298
21
-3.5955137401574802
0
LINE
8
BLACK
6
CONTINUOUS
10
6.5827053149606298
20
-3.5955137401574802
11
6.5816409055118106
21
-3.5959546456692912
0
LINE
8
BLACK
6
CONTINUOUS
10
6.5816409055118106
20
-3.5959546456692912
11
6.5810648425196847
21
-3.5960113779527556
0
LINE
8
BLACK
6
CONTINUOUS
10
6.5810648425196847
20
-3.5960113779527556
11
6.5210648425196851
21
-3.5960113779527556
0
LINE
8
BLACK
6
CONTINUOUS
10
6.5210648425196851
20
-3.5960113779527556
11
6.5204887795275592
21
-3.5959546456692912
0
LINE
8
BLACK
6
CONTINUOUS
10
6.5204887795275592
20
-3.5959546456692912
11
6.51942437007874
21
-3.5955137401574802
0
LINE
8
BLACK
6
CONTINUOUS
10
6.51942437007874
20
-3.5955137401574802
11
6.5186097244094485
21
-3.5946990944881887
0
LINE
8
BLACK
6
CONTINUOUS
10
6.5186097244094485
20
-3.5946990944881887
11
6.5181688188976379
21
-3.5936346850393699
0
LINE
8
BLACK
6
CONTINUOUS
10
6.5181688188976379
20
-3.5936346850393699
11
6.5181688188976379
21
-3.5924825590551182
0
LINE
8
BLACK
6
CONTINUOUS
10
6.5181688188976379
20
-3.5924825590551182
11
6.5186097244094485
21
-3.5914181496062993
0
LINE
8
BLACK
6
CONTINUOUS
10
6.5186097244094485
20
-3.5914181496062993
11
6.51942437007874
21
-3.5906035039370079
0
LINE
8
BLACK
6
CONTINUOUS
10
6.51942437007874
20
-3.5906035039370079
11
6.5204887795275592
21
-3.5901625984251968
0
LINE
8
BLACK
6
CONTINUOUS
10
6.5204887795275592
20
-3.5901625984251968
11
6.5210648425196851
21
-3.590105866141732
0
LINE
8
BLACK
6
CONTINUOUS
10
6.5210648425196851
20
-3.590105866141732
11
6.5810648425196847
21
-3.590105866141732
0
LINE
8
BLACK
6
CONTINUOUS
10
6.5810648425196847
20
-3.590105866141732
11
6.5816409055118106
21
-3.5901625984251968
0
LINE
8
BLACK
6
CONTINUOUS
10
6.7066409055118106
20
-3.5901625984251968
11
6.7077053149606298
21
-3.5906035039370079
0
LINE
8
BLACK
6
CONTINUOUS
10
6.7077053149606298
20
-3.5906035039370079
11
6.7085199606299213
21
-3.5914181496062993
0
LINE
8
BLACK
6
CONTINUOUS
10
6.7085199606299213
20
-3.5914181496062993
11
6.7089608661417319
21
-3.5924825590551182
0
LINE
8
BLACK
6
CONTINUOUS
10
6.7089608661417319
20
-3.5924825590551182
11
6.7089608661417319
21
-3.5936346850393699
0
LINE
8
BLACK
6
CONTINUOUS
10
6.7089608661417319
20
-3.5936346850393699
11
6.7085199606299213
21
-3.5946990944881887
0
LINE
8
BLACK
6
CONTINUOUS
10
6.7085199606299213
20
-3.5946990944881887
11
6.7077053149606298
21
-3.5955137401574802
0
LINE
8
BLACK
6
CONTINUOUS
10
6.7077053149606298
20
-3.5955137401574802
11
6.7066409055118106
21
-3.5959546456692912
0
LINE
8
BLACK
6
CONTINUOUS
10
6.7066409055118106
20
-3.5959546456692912
11
6.7060648425196847
21
-3.5960113779527556
0
LINE
8
BLACK
6
CONTINUOUS
10
6.7060648425196847
20
-3.5960113779527556
11
6.6460648425196851
21
-3.5960113779527556
0
LINE
8
BLACK
6
CONTINUOUS
10
6.6460648425196851
20
-3.5960113779527556
11
6.6454887795275592
21
-3.5959546456692912
0
LINE
8
BLACK
6
CONTINUOUS
10
6.6454887795275592
20
-3.5959546456692912
11
6.64442437007874
21
-3.5955137401574802
0
LINE
8
BLACK
6
CONTINUOUS
10
6.64442437007874
20
-3.5955137401574802
11
6.6436097244094485
21
-3.5946990944881887
0
LINE
8
BLACK
6
CONTINUOUS
10
6.6436097244094485
20
-3.5946990944881887
11
6.6431688188976379
21
-3.5936346850393699
0
LINE
8
BLACK
6
CONTINUOUS
10
6.6431688188976379
20
-3.5936346850393699
11
6.6431688188976379
21
-3.5924825590551182
0
LINE
8
BLACK
6
CONTINUOUS
10
6.6431688188976379
20
-3.5924825590551182
11
6.6436097244094485
21
-3.5914181496062993
0
LINE
8
BLACK
6
CONTINUOUS
10
6.6436097244094485
20
-3.5914181496062993
11
6.64442437007874
21
-3.5906035039370079
0
LINE
8
BLACK
6
CONTINUOUS
10
6.64442437007874
20
-3.5906035039370079
11
6.6454887795275592
21
-3.5901625984251968
0
LINE
8
BLACK
6
CONTINUOUS
10
6.6454887795275592
20
-3.5901625984251968
11
6.6460648425196851
21
-3.590105866141732
0
LINE
8
BLACK
6
CONTINUOUS
10
6.6460648425196851
20
-3.590105866141732
11
6.7060648425196847
21
-3.590105866141732
0
LINE
8
BLACK
6
CONTINUOUS
10
6.7060648425196847
20
-3.590105866141732
11
6.7066409055118106
21
-3.5901625984251968
0
LINE
8
BLACK
6
CONTINUOUS
10
6.2382472440944881
20
-3.5396546456692914
11
6.2384270472440946
21
-3.5405586220472438
0
LINE
8
BLACK
6
CONTINUOUS
10
6.2384270472440946
20
-3.5405586220472438
11
6.2384270472440946
21
-3.5705586220472441
0
LINE
8
BLACK
6
CONTINUOUS
10
6.2384270472440946
20
-3.5705586220472441
11
6.2382472440944881
21
-3.5714625984251969
0
LINE
8
BLACK
6
CONTINUOUS
10
6.2382472440944881
20
-3.5714625984251969
11
6.2369688188976378
21
-3.5727410236220472
0
LINE
8
BLACK
6
CONTINUOUS
10
6.2369688188976378
20
-3.5727410236220472
11
6.2351608661417321
21
-3.5727410236220472
0
LINE
8
BLACK
6
CONTINUOUS
10
6.2351608661417321
20
-3.5727410236220472
11
6.2338824409448819
21
-3.5714625984251969
0
LINE
8
BLACK
6
CONTINUOUS
10
6.2338824409448819
20
-3.5714625984251969
11
6.2337026377952753
21
-3.5705586220472441
0
LINE
8
BLACK
6
CONTINUOUS
10
6.2337026377952753
20
-3.5705586220472441
11
6.2337026377952753
21
-3.5405586220472438
0
LINE
8
BLACK
6
CONTINUOUS
10
6.2337026377952753
20
-3.5405586220472438
11
6.2338824409448819
21
-3.5396546456692914
0
LINE
8
BLACK
6
CONTINUOUS
10
6.2338824409448819
20
-3.5396546456692914
11
6.2351608661417321
21
-3.5383762204724407
0
LINE
8
BLACK
6
CONTINUOUS
10
6.2351608661417321
20
-3.5383762204724407
11
6.2369688188976378
21
-3.5383762204724407
0
LINE
8
BLACK
6
CONTINUOUS
10
6.2369688188976378
20
-3.5383762204724407
11
6.2382472440944881
21
-3.5396546456692914
0
LINE
8
BLACK
6
CONTINUOUS
10
6.2982472440944877
20
-3.5396546456692914
11
6.2984270472440942
21
-3.5405586220472438
0
LINE
8
BLACK
6
CONTINUOUS
10
6.2984270472440942
20
-3.5405586220472438
11
6.2984270472440942
21
-3.5705586220472441
0
LINE
8
BLACK
6
CONTINUOUS
10
6.2984270472440942
20
-3.5705586220472441
11
6.2982472440944877
21
-3.5714625984251969
0
LINE
8
BLACK
6
CONTINUOUS
10
6.2982472440944877
20
-3.5714625984251969
11
6.2969688188976374
21
-3.5727410236220472
0
LINE
8
BLACK
6
CONTINUOUS
10
6.2969688188976374
20
-3.5727410236220472
11
6.2951608661417318
21
-3.5727410236220472
0
LINE
8
BLACK
6
CONTINUOUS
10
6.2951608661417318
20
-3.5727410236220472
11
6.2938824409448815
21
-3.5714625984251969
0
LINE
8
BLACK
6
CONTINUOUS
10
6.2938824409448815
20
-3.5714625984251969
11
6.2937026377952758
21
-3.5705586220472441
0
LINE
8
BLACK
6
CONTINUOUS
10
6.2937026377952758
20
-3.5705586220472441
11
6.2937026377952758
21
-3.5405586220472438
0
LINE
8
BLACK
6
CONTINUOUS
10
6.2937026377952758
20
-3.5405586220472438
11
6.2938824409448815
21
-3.5396546456692914
0
LINE
8
BLACK
6
CONTINUOUS
10
6.2938824409448815
20
-3.5396546456692914
11
6.2951608661417318
21
-3.5383762204724407
0
LINE
8
BLACK
6
CONTINUOUS
10
6.2951608661417318
20
-3.5383762204724407
11
6.2969688188976374
21
-3.5383762204724407
0
LINE
8
BLACK
6
CONTINUOUS
10
6.2969688188976374
20
-3.5383762204724407
11
6.2982472440944877
21
-3.5396546456692914
0
LINE
8
BLACK
6
CONTINUOUS
10
5.2482472440944878
20
-3.5371546456692911
11
5.2484270472440944
21
-3.5380586220472439
0
LINE
8
BLACK
6
CONTINUOUS
10
5.2484270472440944
20
-3.5380586220472439
11
5.2484270472440944
21
-3.5680586220472441
0
LINE
8
BLACK
6
CONTINUOUS
10
5.2484270472440944
20
-3.5680586220472441
11
5.2482472440944878
21
-3.5689625984251969
0
LINE
8
BLACK
6
CONTINUOUS
10
5.2482472440944878
20
-3.5689625984251969
11
5.2469688188976376
21
-3.5702410236220472
0
LINE
8
BLACK
6
CONTINUOUS
10
5.2469688188976376
20
-3.5702410236220472
11
5.2451608661417319
21
-3.5702410236220472
0
LINE
8
BLACK
6
CONTINUOUS
10
5.2451608661417319
20
-3.5702410236220472
11
5.2438824409448817
21
-3.5689625984251969
0
LINE
8
BLACK
6
CONTINUOUS
10
5.2438824409448817
20
-3.5689625984251969
11
5.2437026377952751
21
-3.5680586220472441
0
LINE
8
BLACK
6
CONTINUOUS
10
5.2437026377952751
20
-3.5680586220472441
11
5.2437026377952751
21
-3.5380586220472439
0
LINE
8
BLACK
6
CONTINUOUS
10
5.2437026377952751
20
-3.5380586220472439
11
5.2438824409448817
21
-3.5371546456692911
0
LINE
8
BLACK
6
CONTINUOUS
10
5.2438824409448817
20
-3.5371546456692911
11
5.2451608661417319
21
-3.5358762204724408
0
LINE
8
BLACK
6
CONTINUOUS
10
5.2451608661417319
20
-3.5358762204724408
11
5.2469688188976376
21
-3.5358762204724408
0
LINE
8
BLACK
6
CONTINUOUS
10
5.2469688188976376
20
-3.5358762204724408
11
5.2482472440944878
21
-3.5371546456692911
0
LINE
8
BLACK
6
CONTINUOUS
10
5.3082472440944883
20
-3.5371546456692911
11
5.308427047244094
21
-3.5380586220472439
0
LINE
8
BLACK
6
CONTINUOUS
10
5.308427047244094
20
-3.5380586220472439
11
5.308427047244094
21
-3.5680586220472441
0
LINE
8
BLACK
6
CONTINUOUS
10
5.308427047244094
20
-3.5680586220472441
11
5.3082472440944883
21
-3.5689625984251969
0
LINE
8
BLACK
6
CONTINUOUS
10
5.3082472440944883
20
-3.5689625984251969
11
5.3069688188976381
21
-3.5702410236220472
0
LINE
8
BLACK
6
CONTINUOUS
10
5.3069688188976381
20
-3.5702410236220472
11
5.3051608661417324
21
-3.5702410236220472
0
LINE
8
BLACK
6
CONTINUOUS
10
5.3051608661417324
20
-3.5702410236220472
11
5.3038824409448821
21
-3.5689625984251969
0
LINE
8
BLACK
6
CONTINUOUS
10
5.3038824409448821
20
-3.5689625984251969
11
5.3037026377952756
21
-3.5680586220472441
0
LINE
8
BLACK
6
CONTINUOUS
10
5.3037026377952756
20
-3.5680586220472441
11
5.3037026377952756
21
-3.5380586220472439
0
LINE
8
BLACK
6
CONTINUOUS
10
5.3037026377952756
20
-3.5380586220472439
11
5.3038824409448821
21
-3.5371546456692911
0
LINE
8
BLACK
6
CONTINUOUS
10
5.3038824409448821
20
-3.5371546456692911
11
5.3051608661417324
21
-3.5358762204724408
0
LINE
8
BLACK
6
CONTINUOUS
10
5.3051608661417324
20
-3.5358762204724408
11
5.3069688188976381
21
-3.5358762204724408
0
LINE
8
BLACK
6
CONTINUOUS
10
5.3069688188976381
20
-3.5358762204724408
11
5.3082472440944883
21
-3.5371546456692911
0
LINE
8
BLACK
6
CONTINUOUS
10
5.3482472440944884
20
-3.5371546456692911
11
5.348427047244094
21
-3.5380586220472439
0
LINE
8
BLACK
6
CONTINUOUS
10
5.348427047244094
20
-3.5380586220472439
11
5.348427047244094
21
-3.5680586220472441
0
LINE
8
BLACK
6
CONTINUOUS
10
5.348427047244094
20
-3.5680586220472441
11
5.3482472440944884
21
-3.5689625984251969
0
LINE
8
BLACK
6
CONTINUOUS
10
5.3482472440944884
20
-3.5689625984251969
11
5.3469688188976381
21
-3.5702410236220472
0
LINE
8
BLACK
6
CONTINUOUS
10
5.3469688188976381
20
-3.5702410236220472
11
5.3451608661417325
21
-3.5702410236220472
0
LINE
8
BLACK
6
CONTINUOUS
10
5.3451608661417325
20
-3.5702410236220472
11
5.3438824409448822
21
-3.5689625984251969
0
LINE
8
BLACK
6
CONTINUOUS
10
5.3438824409448822
20
-3.5689625984251969
11
5.3437026377952757
21
-3.5680586220472441
0
LINE
8
BLACK
6
CONTINUOUS
10
5.3437026377952757
20
-3.5680586220472441
11
5.3437026377952757
21
-3.5380586220472439
0
LINE
8
BLACK
6
CONTINUOUS
10
5.3437026377952757
20
-3.5380586220472439
11
5.3438824409448822
21
-3.5371546456692911
0
LINE
8
BLACK
6
CONTINUOUS
10
5.3438824409448822
20
-3.5371546456692911
11
5.3451608661417325
21
-3.5358762204724408
0
LINE
8
BLACK
6
CONTINUOUS
10
5.3451608661417325
20
-3.5358762204724408
11
5.3469688188976381
21
-3.5358762204724408
0
LINE
8
BLACK
6
CONTINUOUS
10
5.3469688188976381
20
-3.5358762204724408
11
5.3482472440944884
21
-3.5371546456692911
0
LINE
8
BLACK
6
CONTINUOUS
10
5.408247244094488
20
-3.5371546456692911
11
5.4084270472440945
21
-3.5380586220472439
0
LINE
8
BLACK
6
CONTINUOUS
10
5.4084270472440945
20
-3.5380586220472439
11
5.4084270472440945
21
-3.5680586220472441
0
LINE
8
BLACK
6
CONTINUOUS
10
5.4084270472440945
20
-3.5680586220472441
11
5.408247244094488
21
-3.5689625984251969
0
LINE
8
BLACK
6
CONTINUOUS
10
5.408247244094488
20
-3.5689625984251969
11
5.4069688188976377
21
-3.5702410236220472
0
LINE
8
BLACK
6
CONTINUOUS
10
5.4069688188976377
20
-3.5702410236220472
11
5.4051608661417321
21
-3.5702410236220472
0
LINE
8
BLACK
6
CONTINUOUS
10
5.4051608661417321
20
-3.5702410236220472
11
5.4038824409448818
21
-3.5689625984251969
0
LINE
8
BLACK
6
CONTINUOUS
10
5.4038824409448818
20
-3.5689625984251969
11
5.4037026377952753
21
-3.5680586220472441
0
LINE
8
BLACK
6
CONTINUOUS
10
5.4037026377952753
20
-3.5680586220472441
11
5.4037026377952753
21
-3.5380586220472439
0
LINE
8
BLACK
6
CONTINUOUS
10
5.4037026377952753
20
-3.5380586220472439
11
5.4038824409448818
21
-3.5371546456692911
0
LINE
8
BLACK
6
CONTINUOUS
10
5.4038824409448818
20
-3.5371546456692911
11
5.4051608661417321
21
-3.5358762204724408
0
LINE
8
BLACK
6
CONTINUOUS
10
5.4051608661417321
20
-3.5358762204724408
11
5.4069688188976377
21
-3.5358762204724408
0
LINE
8
BLACK
6
CONTINUOUS
10
5.4069688188976377
20
-3.5358762204724408
11
5.408247244094488
21
-3.5371546456692911
0
LINE
8
BLACK
6
CONTINUOUS
10
5.448247244094488
20
-3.5371546456692911
11
5.4484270472440945
21
-3.5380586220472439
0
LINE
8
BLACK
6
CONTINUOUS
10
5.4484270472440945
20
-3.5380586220472439
11
5.4484270472440945
21
-3.5680586220472441
0
LINE
8
BLACK
6
CONTINUOUS
10
5.4484270472440945
20
-3.5680586220472441
11
5.448247244094488
21
-3.5689625984251969
0
LINE
8
BLACK
6
CONTINUOUS
10
5.448247244094488
20
-3.5689625984251969
11
5.4469688188976377
21
-3.5702410236220472
0
LINE
8
BLACK
6
CONTINUOUS
10
5.4469688188976377
20
-3.5702410236220472
11
5.4451608661417321
21
-3.5702410236220472
0
LINE
8
BLACK
6
CONTINUOUS
10
5.4451608661417321
20
-3.5702410236220472
11
5.4438824409448818
21
-3.5689625984251969
0
LINE
8
BLACK
6
CONTINUOUS
10
5.4438824409448818
20
-3.5689625984251969
11
5.4437026377952753
21
-3.5680586220472441
0
LINE
8
BLACK
6
CONTINUOUS
10
5.4437026377952753
20
-3.5680586220472441
11
5.4437026377952753
21
-3.5380586220472439
0
LINE
8
BLACK
6
CONTINUOUS
10
5.4437026377952753
20
-3.5380586220472439
11
5.4438824409448818
21
-3.5371546456692911
0
LINE
8
BLACK
6
CONTINUOUS
10
5.4438824409448818
20
-3.5371546456692911
11
5.4451608661417321
21
-3.5358762204724408
0
LINE
8
BLACK
6
CONTINUOUS
10
5.4451608661417321
20
-3.5358762204724408
11
5.4469688188976377
21
-3.5358762204724408
0
LINE
8
BLACK
6
CONTINUOUS
10
5.4469688188976377
20
-3.5358762204724408
11
5.448247244094488
21
-3.5371546456692911
0
LINE
8
BLACK
6
CONTINUOUS
10
5.5082472440944876
20
-3.5371546456692911
11
5.5084270472440942
21
-3.5380586220472439
0
LINE
8
BLACK
6
CONTINUOUS
10
5.5084270472440942
20
-3.5380586220472439
11
5.5084270472440942
21
-3.5680586220472441
0
LINE
8
BLACK
6
CONTINUOUS
10
5.5084270472440942
20
-3.5680586220472441
11
5.5082472440944876
21
-3.5689625984251969
0
LINE
8
BLACK
6
CONTINUOUS
10
5.5082472440944876
20
-3.5689625984251969
11
5.5069688188976373
21
-3.5702410236220472
0
LINE
8
BLACK
6
CONTINUOUS
10
5.5069688188976373
20
-3.5702410236220472
11
5.5051608661417317
21
-3.5702410236220472
0
LINE
8
BLACK
6
CONTINUOUS
10
5.5051608661417317
20
-3.5702410236220472
11
5.5038824409448814
21
-3.5689625984251969
0
LINE
8
BLACK
6
CONTINUOUS
10
5.5038824409448814
20
-3.5689625984251969
11
5.5037026377952758
21
-3.5680586220472441
0
LINE
8
BLACK
6
CONTINUOUS
10
5.5037026377952758
20
-3.5680586220472441
11
5.5037026377952758
21
-3.5380586220472439
0
LINE
8
BLACK
6
CONTINUOUS
10
5.5037026377952758
20
-3.5380586220472439
11
5.5038824409448814
21
-3.5371546456692911
0
LINE
8
BLACK
6
CONTINUOUS
10
5.5038824409448814
20
-3.5371546456692911
11
5.5051608661417317
21
-3.5358762204724408
0
LINE
8
BLACK
6
CONTINUOUS
10
5.5051608661417317
20
-3.5358762204724408
11
5.5069688188976373
21
-3.5358762204724408
0
LINE
8
BLACK
6
CONTINUOUS
10
5.5069688188976373
20
-3.5358762204724408
11
5.5082472440944876
21
-3.5371546456692911
0
LINE
8
BLACK
6
CONTINUOUS
10
5.5482472440944877
20
-3.5371546456692911
11
5.5484270472440942
21
-3.5380586220472439
0
LINE
8
BLACK
6
CONTINUOUS
10
5.5484270472440942
20
-3.5380586220472439
11
5.5484270472440942
21
-3.5680586220472441
0
LINE
8
BLACK
6
CONTINUOUS
10
5.5484270472440942
20
-3.5680586220472441
11
5.5482472440944877
21
-3.5689625984251969
0
LINE
8
BLACK
6
CONTINUOUS
10
5.5482472440944877
20
-3.5689625984251969
11
5.5469688188976374
21
-3.5702410236220472
0
LINE
8
BLACK
6
CONTINUOUS
10
5.5469688188976374
20
-3.5702410236220472
11
5.5451608661417318
21
-3.5702410236220472
0
LINE
8
BLACK
6
CONTINUOUS
10
5.5451608661417318
20
-3.5702410236220472
11
5.5438824409448815
21
-3.5689625984251969
0
LINE
8
BLACK
6
CONTINUOUS
10
5.5438824409448815
20
-3.5689625984251969
11
5.5437026377952758
21
-3.5680586220472441
0
LINE
8
BLACK
6
CONTINUOUS
10
5.5437026377952758
20
-3.5680586220472441
11
5.5437026377952758
21
-3.5380586220472439
0
LINE
8
BLACK
6
CONTINUOUS
10
5.5437026377952758
20
-3.5380586220472439
11
5.5438824409448815
21
-3.5371546456692911
0
LINE
8
BLACK
6
CONTINUOUS
10
5.5438824409448815
20
-3.5371546456692911
11
5.5451608661417318
21
-3.5358762204724408
0
LINE
8
BLACK
6
CONTINUOUS
10
5.5451608661417318
20
-3.5358762204724408
11
5.5469688188976374
21
-3.5358762204724408
0
LINE
8
BLACK
6
CONTINUOUS
10
5.5469688188976374
20
-3.5358762204724408
11
5.5482472440944877
21
-3.5371546456692911
0
LINE
8
BLACK
6
CONTINUOUS
10
5.6082472440944882
20
-3.5371546456692911
11
5.6084270472440947
21
-3.5380586220472439
0
LINE
8
BLACK
6
CONTINUOUS
10
5.6084270472440947
20
-3.5380586220472439
11
5.6084270472440947
21
-3.5680586220472441
0
LINE
8
BLACK
6
CONTINUOUS
10
5.6084270472440947
20
-3.5680586220472441
11
5.6082472440944882
21
-3.5689625984251969
0
LINE
8
BLACK
6
CONTINUOUS
10
5.6082472440944882
20
-3.5689625984251969
11
5.6069688188976379
21
-3.5702410236220472
0
LINE
8
BLACK
6
CONTINUOUS
10
5.6069688188976379
20
-3.5702410236220472
11
5.6051608661417323
21
-3.5702410236220472
0
LINE
8
BLACK
6
CONTINUOUS
10
5.6051608661417323
20
-3.5702410236220472
11
5.603882440944882
21
-3.5689625984251969
0
LINE
8
BLACK
6
CONTINUOUS
10
5.603882440944882
20
-3.5689625984251969
11
5.6037026377952754
21
-3.5680586220472441
0
LINE
8
BLACK
6
CONTINUOUS
10
5.6037026377952754
20
-3.5680586220472441
11
5.6037026377952754
21
-3.5380586220472439
0
LINE
8
BLACK
6
CONTINUOUS
10
5.6037026377952754
20
-3.5380586220472439
11
5.603882440944882
21
-3.5371546456692911
0
LINE
8
BLACK
6
CONTINUOUS
10
5.603882440944882
20
-3.5371546456692911
11
5.6051608661417323
21
-3.5358762204724408
0
LINE
8
BLACK
6
CONTINUOUS
10
5.6051608661417323
20
-3.5358762204724408
11
5.6069688188976379
21
-3.5358762204724408
0
LINE
8
BLACK
6
CONTINUOUS
10
5.6069688188976379
20
-3.5358762204724408
11
5.6082472440944882
21
-3.5371546456692911
0
LINE
8
BLACK
6
CONTINUOUS
10
5.6482472440944882
20
-3.5371546456692911
11
5.6484270472440947
21
-3.5380586220472439
0
LINE
8
BLACK
6
CONTINUOUS
10
5.6484270472440947
20
-3.5380586220472439
11
5.6484270472440947
21
-3.5680586220472441
0
LINE
8
BLACK
6
CONTINUOUS
10
5.6484270472440947
20
-3.5680586220472441
11
5.6482472440944882
21
-3.5689625984251969
0
LINE
8
BLACK
6
CONTINUOUS
10
5.6482472440944882
20
-3.5689625984251969
11
5.6469688188976379
21
-3.5702410236220472
0
LINE
8
BLACK
6
CONTINUOUS
10
5.6469688188976379
20
-3.5702410236220472
11
5.6451608661417323
21
-3.5702410236220472
0
LINE
8
BLACK
6
CONTINUOUS
10
5.6451608661417323
20
-3.5702410236220472
11
5.643882440944882
21
-3.5689625984251969
0
LINE
8
BLACK
6
CONTINUOUS
10
5.643882440944882
20
-3.5689625984251969
11
5.6437026377952755
21
-3.5680586220472441
0
LINE
8
BLACK
6
CONTINUOUS
10
5.6437026377952755
20
-3.5680586220472441
11
5.6437026377952755
21
-3.5380586220472439
0
LINE
8
BLACK
6
CONTINUOUS
10
5.6437026377952755
20
-3.5380586220472439
11
5.643882440944882
21
-3.5371546456692911
0
LINE
8
BLACK
6
CONTINUOUS
10
5.643882440944882
20
-3.5371546456692911
11
5.6451608661417323
21
-3.5358762204724408
0
LINE
8
BLACK
6
CONTINUOUS
10
5.6451608661417323
20
-3.5358762204724408
11
5.6469688188976379
21
-3.5358762204724408
0
LINE
8
BLACK
6
CONTINUOUS
10
5.6469688188976379
20
-3.5358762204724408
11
5.6482472440944882
21
-3.5371546456692911
0
LINE
8
BLACK
6
CONTINUOUS
10
5.7082472440944878
20
-3.5371546456692911
11
5.7084270472440943
21
-3.5380586220472439
0
LINE
8
BLACK
6
CONTINUOUS
10
5.7084270472440943
20
-3.5380586220472439
11
5.7084270472440943
21
-3.5680586220472441
0
LINE
8
BLACK
6
CONTINUOUS
10
5.7084270472440943
20
-3.5680586220472441
11
5.7082472440944878
21
-3.5689625984251969
0
LINE
8
BLACK
6
CONTINUOUS
10
5.7082472440944878
20
-3.5689625984251969
11
5.7069688188976375
21
-3.5702410236220472
0
LINE
8
BLACK
6
CONTINUOUS
10
5.7069688188976375
20
-3.5702410236220472
11
5.7051608661417319
21
-3.5702410236220472
0
LINE
8
BLACK
6
CONTINUOUS
10
5.7051608661417319
20
-3.5702410236220472
11
5.7038824409448816
21
-3.5689625984251969
0
LINE
8
BLACK
6
CONTINUOUS
10
5.7038824409448816
20
-3.5689625984251969
11
5.7037026377952751
21
-3.5680586220472441
0
LINE
8
BLACK
6
CONTINUOUS
10
5.7037026377952751
20
-3.5680586220472441
11
5.7037026377952751
21
-3.5380586220472439
0
LINE
8
BLACK
6
CONTINUOUS
10
5.7037026377952751
20
-3.5380586220472439
11
5.7038824409448816
21
-3.5371546456692911
0
LINE
8
BLACK
6
CONTINUOUS
10
5.7038824409448816
20
-3.5371546456692911
11
5.7051608661417319
21
-3.5358762204724408
0
LINE
8
BLACK
6
CONTINUOUS
10
5.7051608661417319
20
-3.5358762204724408
11
5.7069688188976375
21
-3.5358762204724408
0
LINE
8
BLACK
6
CONTINUOUS
10
5.7069688188976375
20
-3.5358762204724408
11
5.7082472440944878
21
-3.5371546456692911
0
LINE
8
BLACK
6
CONTINUOUS
10
5.7482472440944878
20
-3.5371546456692911
11
5.7484270472440944
21
-3.5380586220472439
0
LINE
8
BLACK
6
CONTINUOUS
10
5.7484270472440944
20
-3.5380586220472439
11
5.7484270472440944
21
-3.5680586220472441
0
LINE
8
BLACK
6
CONTINUOUS
10
5.7484270472440944
20
-3.5680586220472441
11
5.7482472440944878
21
-3.5689625984251969
0
LINE
8
BLACK
6
CONTINUOUS
10
5.7482472440944878
20
-3.5689625984251969
11
5.7469688188976376
21
-3.5702410236220472
0
LINE
8
BLACK
6
CONTINUOUS
10
5.7469688188976376
20
-3.5702410236220472
11
5.7451608661417319
21
-3.5702410236220472
0
LINE
8
BLACK
6
CONTINUOUS
10
5.7451608661417319
20
-3.5702410236220472
11
5.7438824409448817
21
-3.5689625984251969
0
LINE
8
BLACK
6
CONTINUOUS
10
5.7438824409448817
20
-3.5689625984251969
11
5.7437026377952751
21
-3.5680586220472441
0
LINE
8
BLACK
6
CONTINUOUS
10
5.7437026377952751
20
-3.5680586220472441
11
5.7437026377952751
21
-3.5380586220472439
0
LINE
8
BLACK
6
CONTINUOUS
10
5.7437026377952751
20
-3.5380586220472439
11
5.7438824409448817
21
-3.5371546456692911
0
LINE
8
BLACK
6
CONTINUOUS
10
5.7438824409448817
20
-3.5371546456692911
11
5.7451608661417319
21
-3.5358762204724408
0
LINE
8
BLACK
6
CONTINUOUS
10
5.7451608661417319
20
-3.5358762204724408
11
5.7469688188976376
21
-3.5358762204724408
0
LINE
8
BLACK
6
CONTINUOUS
10
5.7469688188976376
20
-3.5358762204724408
11
5.7482472440944878
21
-3.5371546456692911
0
LINE
8
BLACK
6
CONTINUOUS
10
5.8082472440944883
20
-3.5371546456692911
11
5.808427047244094
21
-3.5380586220472439
0
LINE
8
BLACK
6
CONTINUOUS
10
5.808427047244094
20
-3.5380586220472439
11
5.808427047244094
21
-3.5680586220472441
0
LINE
8
BLACK
6
CONTINUOUS
10
5.808427047244094
20
-3.5680586220472441
11
5.8082472440944883
21
-3.5689625984251969
0
LINE
8
BLACK
6
CONTINUOUS
10
5.8082472440944883
20
-3.5689625984251969
11
5.8069688188976381
21
-3.5702410236220472
0
LINE
8
BLACK
6
CONTINUOUS
10
5.8069688188976381
20
-3.5702410236220472
11
5.8051608661417324
21
-3.5702410236220472
0
LINE
8
BLACK
6
CONTINUOUS
10
5.8051608661417324
20
-3.5702410236220472
11
5.8038824409448821
21
-3.5689625984251969
0
LINE
8
BLACK
6
CONTINUOUS
10
5.8038824409448821
20
-3.5689625984251969
11
5.8037026377952756
21
-3.5680586220472441
0
LINE
8
BLACK
6
CONTINUOUS
10
5.8037026377952756
20
-3.5680586220472441
11
5.8037026377952756
21
-3.5380586220472439
0
LINE
8
BLACK
6
CONTINUOUS
10
5.8037026377952756
20
-3.5380586220472439
11
5.8038824409448821
21
-3.5371546456692911
0
LINE
8
BLACK
6
CONTINUOUS
10
5.8038824409448821
20
-3.5371546456692911
11
5.8051608661417324
21
-3.5358762204724408
0
LINE
8
BLACK
6
CONTINUOUS
10
5.8051608661417324
20
-3.5358762204724408
11
5.8069688188976381
21
-3.5358762204724408
0
LINE
8
BLACK
6
CONTINUOUS
10
5.8069688188976381
20
-3.5358762204724408
11
5.8082472440944883
21
-3.5371546456692911
0
LINE
8
BLACK
6
CONTINUOUS
10
5.8482472440944884
20
-3.5371546456692911
11
5.848427047244094
21
-3.5380586220472439
0
LINE
8
BLACK
6
CONTINUOUS
10
5.848427047244094
20
-3.5380586220472439
11
5.848427047244094
21
-3.5680586220472441
0
LINE
8
BLACK
6
CONTINUOUS
10
5.848427047244094
20
-3.5680586220472441
11
5.8482472440944884
21
-3.5689625984251969
0
LINE
8
BLACK
6
CONTINUOUS
10
5.8482472440944884
20
-3.5689625984251969
11
5.8469688188976381
21
-3.5702410236220472
0
LINE
8
BLACK
6
CONTINUOUS
10
5.8469688188976381
20
-3.5702410236220472
11
5.8451608661417325
21
-3.5702410236220472
0
LINE
8
BLACK
6
CONTINUOUS
10
5.8451608661417325
20
-3.5702410236220472
11
5.8438824409448822
21
-3.5689625984251969
0
LINE
8
BLACK
6
CONTINUOUS
10
5.8438824409448822
20
-3.5689625984251969
11
5.8437026377952757
21
-3.5680586220472441
0
LINE
8
BLACK
6
CONTINUOUS
10
5.8437026377952757
20
-3.5680586220472441
11
5.8437026377952757
21
-3.5380586220472439
0
LINE
8
BLACK
6
CONTINUOUS
10
5.8437026377952757
20
-3.5380586220472439
11
5.8438824409448822
21
-3.5371546456692911
0
LINE
8
BLACK
6
CONTINUOUS
10
5.8438824409448822
20
-3.5371546456692911
11
5.8451608661417325
21
-3.5358762204724408
0
LINE
8
BLACK
6
CONTINUOUS
10
5.8451608661417325
20
-3.5358762204724408
11
5.8469688188976381
21
-3.5358762204724408
0
LINE
8
BLACK
6
CONTINUOUS
10
5.8469688188976381
20
-3.5358762204724408
11
5.8482472440944884
21
-3.5371546456692911
0
LINE
8
BLACK
6
CONTINUOUS
10
5.908247244094488
20
-3.5371546456692911
11
5.9084270472440945
21
-3.5380586220472439
0
LINE
8
BLACK
6
CONTINUOUS
10
5.9084270472440945
20
-3.5380586220472439
11
5.9084270472440945
21
-3.5680586220472441
0
LINE
8
BLACK
6
CONTINUOUS
10
5.9084270472440945
20
-3.5680586220472441
11
5.908247244094488
21
-3.5689625984251969
0
LINE
8
BLACK
6
CONTINUOUS
10
5.908247244094488
20
-3.5689625984251969
11
5.9069688188976377
21
-3.5702410236220472
0
LINE
8
BLACK
6
CONTINUOUS
10
5.9069688188976377
20
-3.5702410236220472
11
5.9051608661417321
21
-3.5702410236220472
0
LINE
8
BLACK
6
CONTINUOUS
10
5.9051608661417321
20
-3.5702410236220472
11
5.9038824409448818
21
-3.5689625984251969
0
LINE
8
BLACK
6
CONTINUOUS
10
5.9038824409448818
20
-3.5689625984251969
11
5.9037026377952753
21
-3.5680586220472441
0
LINE
8
BLACK
6
CONTINUOUS
10
5.9037026377952753
20
-3.5680586220472441
11
5.9037026377952753
21
-3.5380586220472439
0
LINE
8
BLACK
6
CONTINUOUS
10
5.9037026377952753
20
-3.5380586220472439
11
5.9038824409448818
21
-3.5371546456692911
0
LINE
8
BLACK
6
CONTINUOUS
10
5.9038824409448818
20
-3.5371546456692911
11
5.9051608661417321
21
-3.5358762204724408
0
LINE
8
BLACK
6
CONTINUOUS
10
5.9051608661417321
20
-3.5358762204724408
11
5.9069688188976377
21
-3.5358762204724408
0
LINE
8
BLACK
6
CONTINUOUS
10
5.9069688188976377
20
-3.5358762204724408
11
5.908247244094488
21
-3.5371546456692911
0
LINE
8
BLACK
6
CONTINUOUS
10
5.9232472440944877
20
-3.5371546456692911
11
5.9234270472440942
21
-3.5380586220472439
0
LINE
8
BLACK
6
CONTINUOUS
10
5.9234270472440942
20
-3.5380586220472439
11
5.9234270472440942
21
-3.5680586220472441
0
LINE
8
BLACK
6
CONTINUOUS
10
5.9234270472440942
20
-3.5680586220472441
11
5.9232472440944877
21
-3.5689625984251969
0
LINE
8
BLACK
6
CONTINUOUS
10
5.9232472440944877
20
-3.5689625984251969
11
5.9219688188976374
21
-3.5702410236220472
0
LINE
8
BLACK
6
CONTINUOUS
10
5.9219688188976374
20
-3.5702410236220472
11
5.9201608661417318
21
-3.5702410236220472
0
LINE
8
BLACK
6
CONTINUOUS
10
5.9201608661417318
20
-3.5702410236220472
11
5.9188824409448815
21
-3.5689625984251969
0
LINE
8
BLACK
6
CONTINUOUS
10
5.9188824409448815
20
-3.5689625984251969
11
5.9187026377952758
21
-3.5680586220472441
0
LINE
8
BLACK
6
CONTINUOUS
10
5.9187026377952758
20
-3.5680586220472441
11
5.9187026377952758
21
-3.5380586220472439
0
LINE
8
BLACK
6
CONTINUOUS
10
5.9187026377952758
20
-3.5380586220472439
11
5.9188824409448815
21
-3.5371546456692911
0
LINE
8
BLACK
6
CONTINUOUS
10
5.9188824409448815
20
-3.5371546456692911
11
5.9201608661417318
21
-3.5358762204724408
0
LINE
8
BLACK
6
CONTINUOUS
10
5.9201608661417318
20
-3.5358762204724408
11
5.9219688188976374
21
-3.5358762204724408
0
LINE
8
BLACK
6
CONTINUOUS
10
5.9219688188976374
20
-3.5358762204724408
11
5.9232472440944877
21
-3.5371546456692911
0
LINE
8
BLACK
6
CONTINUOUS
10
5.9832472440944882
20
-3.5371546456692911
11
5.9834270472440947
21
-3.5380586220472439
0
LINE
8
BLACK
6
CONTINUOUS
10
5.9834270472440947
20
-3.5380586220472439
11
5.9834270472440947
21
-3.5680586220472441
0
LINE
8
BLACK
6
CONTINUOUS
10
5.9834270472440947
20
-3.5680586220472441
11
5.9832472440944882
21
-3.5689625984251969
0
LINE
8
BLACK
6
CONTINUOUS
10
5.9832472440944882
20
-3.5689625984251969
11
5.9819688188976379
21
-3.5702410236220472
0
LINE
8
BLACK
6
CONTINUOUS
10
5.9819688188976379
20
-3.5702410236220472
11
5.9801608661417323
21
-3.5702410236220472
0
LINE
8
BLACK
6
CONTINUOUS
10
5.9801608661417323
20
-3.5702410236220472
11
5.978882440944882
21
-3.5689625984251969
0
LINE
8
BLACK
6
CONTINUOUS
10
5.978882440944882
20
-3.5689625984251969
11
5.9787026377952754
21
-3.5680586220472441
0
LINE
8
BLACK
6
CONTINUOUS
10
5.9787026377952754
20
-3.5680586220472441
11
5.9787026377952754
21
-3.5380586220472439
0
LINE
8
BLACK
6
CONTINUOUS
10
5.9787026377952754
20
-3.5380586220472439
11
5.978882440944882
21
-3.5371546456692911
0
LINE
8
BLACK
6
CONTINUOUS
10
5.978882440944882
20
-3.5371546456692911
11
5.9801608661417323
21
-3.5358762204724408
0
LINE
8
BLACK
6
CONTINUOUS
10
5.9801608661417323
20
-3.5358762204724408
11
5.9819688188976379
21
-3.5358762204724408
0
LINE
8
BLACK
6
CONTINUOUS
10
5.9819688188976379
20
-3.5358762204724408
11
5.9832472440944882
21
-3.5371546456692911
0
LINE
8
BLACK
6
CONTINUOUS
10
5.9982472440944878
20
-3.5371546456692911
11
5.9984270472440944
21
-3.5380586220472439
0
LINE
8
BLACK
6
CONTINUOUS
10
5.9984270472440944
20
-3.5380586220472439
11
5.9984270472440944
21
-3.5680586220472441
0
LINE
8
BLACK
6
CONTINUOUS
10
5.9984270472440944
20
-3.5680586220472441
11
5.9982472440944878
21
-3.5689625984251969
0
LINE
8
BLACK
6
CONTINUOUS
10
5.9982472440944878
20
-3.5689625984251969
11
5.9969688188976376
21
-3.5702410236220472
0
LINE
8
BLACK
6
CONTINUOUS
10
5.9969688188976376
20
-3.5702410236220472
11
5.9951608661417319
21
-3.5702410236220472
0
LINE
8
BLACK
6
CONTINUOUS
10
5.9951608661417319
20
-3.5702410236220472
11
5.9938824409448817
21
-3.5689625984251969
0
LINE
8
BLACK
6
CONTINUOUS
10
5.9938824409448817
20
-3.5689625984251969
11
5.9937026377952751
21
-3.5680586220472441
0
LINE
8
BLACK
6
CONTINUOUS
10
5.9937026377952751
20
-3.5680586220472441
11
5.9937026377952751
21
-3.5380586220472439
0
LINE
8
BLACK
6
CONTINUOUS
10
5.9937026377952751
20
-3.5380586220472439
11
5.9938824409448817
21
-3.5371546456692911
0
LINE
8
BLACK
6
CONTINUOUS
10
5.9938824409448817
20
-3.5371546456692911
11
5.9951608661417319
21
-3.5358762204724408
0
LINE
8
BLACK
6
CONTINUOUS
10
5.9951608661417319
20
-3.5358762204724408
11
5.9969688188976376
21
-3.5358762204724408
0
LINE
8
BLACK
6
CONTINUOUS
10
5.9969688188976376
20
-3.5358762204724408
11
5.9982472440944878
21
-3.5371546456692911
0
LINE
8
BLACK
6
CONTINUOUS
10
6.0582472440944883
20
-3.5371546456692911
11
6.058427047244094
21
-3.5380586220472439
0
LINE
8
BLACK
6
CONTINUOUS
10
6.058427047244094
20
-3.5380586220472439
11
6.058427047244094
21
-3.5680586220472441
0
LINE
8
BLACK
6
CONTINUOUS
10
6.058427047244094
20
-3.5680586220472441
11
6.0582472440944883
21
-3.5689625984251969
0
LINE
8
BLACK
6
CONTINUOUS
10
6.0582472440944883
20
-3.5689625984251969
11
6.0569688188976381
21
-3.5702410236220472
0
LINE
8
BLACK
6
CONTINUOUS
10
6.0569688188976381
20
-3.5702410236220472
11
6.0551608661417324
21
-3.5702410236220472
0
LINE
8
BLACK
6
CONTINUOUS
10
6.0551608661417324
20
-3.5702410236220472
11
6.0538824409448821
21
-3.5689625984251969
0
LINE
8
BLACK
6
CONTINUOUS
10
6.0538824409448821
20
-3.5689625984251969
11
6.0537026377952756
21
-3.5680586220472441
0
LINE
8
BLACK
6
CONTINUOUS
10
6.0537026377952756
20
-3.5680586220472441
11
6.0537026377952756
21
-3.5380586220472439
0
LINE
8
BLACK
6
CONTINUOUS
10
6.0537026377952756
20
-3.5380586220472439
11
6.0538824409448821
21
-3.5371546456692911
0
LINE
8
BLACK
6
CONTINUOUS
10
6.0538824409448821
20
-3.5371546456692911
11
6.0551608661417324
21
-3.5358762204724408
0
LINE
8
BLACK
6
CONTINUOUS
10
6.0551608661417324
20
-3.5358762204724408
11
6.0569688188976381
21
-3.5358762204724408
0
LINE
8
BLACK
6
CONTINUOUS
10
6.0569688188976381
20
-3.5358762204724408
11
6.0582472440944883
21
-3.5371546456692911
0
LINE
8
BLACK
6
CONTINUOUS
10
6.0782472440944879
20
-3.5346546456692911
11
6.0784270472440944
21
-3.5355586220472439
0
LINE
8
BLACK
6
CONTINUOUS
10
6.0784270472440944
20
-3.5355586220472439
11
6.0784270472440944
21
-3.5655586220472442
0
LINE
8
BLACK
6
CONTINUOUS
10
6.0784270472440944
20
-3.5655586220472442
11
6.0782472440944879
21
-3.566462598425197
0
LINE
8
BLACK
6
CONTINUOUS
10
6.0782472440944879
20
-3.566462598425197
11
6.0769688188976376
21
-3.5677410236220473
0
LINE
8
BLACK
6
CONTINUOUS
10
6.0769688188976376
20
-3.5677410236220473
11
6.075160866141732
21
-3.5677410236220473
0
LINE
8
BLACK
6
CONTINUOUS
10
6.075160866141732
20
-3.5677410236220473
11
6.0738824409448817
21
-3.566462598425197
0
LINE
8
BLACK
6
CONTINUOUS
10
6.0738824409448817
20
-3.566462598425197
11
6.0737026377952752
21
-3.5655586220472442
0
LINE
8
BLACK
6
CONTINUOUS
10
6.0737026377952752
20
-3.5655586220472442
11
6.0737026377952752
21
-3.5355586220472439
0
LINE
8
BLACK
6
CONTINUOUS
10
6.0737026377952752
20
-3.5355586220472439
11
6.0738824409448817
21
-3.5346546456692911
0
LINE
8
BLACK
6
CONTINUOUS
10
6.0738824409448817
20
-3.5346546456692911
11
6.075160866141732
21
-3.5333762204724408
0
LINE
8
BLACK
6
CONTINUOUS
10
6.075160866141732
20
-3.5333762204724408
11
6.0769688188976376
21
-3.5333762204724408
0
LINE
8
BLACK
6
CONTINUOUS
10
6.0769688188976376
20
-3.5333762204724408
11
6.0782472440944879
21
-3.5346546456692911
0
LINE
8
BLACK
6
CONTINUOUS
10
6.1382472440944884
20
-3.5346546456692911
11
6.138427047244094
21
-3.5355586220472439
0
LINE
8
BLACK
6
CONTINUOUS
10
6.138427047244094
20
-3.5355586220472439
11
6.138427047244094
21
-3.5655586220472442
0
LINE
8
BLACK
6
CONTINUOUS
10
6.138427047244094
20
-3.5655586220472442
11
6.1382472440944884
21
-3.566462598425197
0
LINE
8
BLACK
6
CONTINUOUS
10
6.1382472440944884
20
-3.566462598425197
11
6.1369688188976372
21
-3.5677410236220473
0
LINE
8
BLACK
6
CONTINUOUS
10
6.1369688188976372
20
-3.5677410236220473
11
6.1351608661417325
21
-3.5677410236220473
0
LINE
8
BLACK
6
CONTINUOUS
10
6.1351608661417325
20
-3.5677410236220473
11
6.1338824409448813
21
-3.566462598425197
0
LINE
8
BLACK
6
CONTINUOUS
10
6.1338824409448813
20
-3.566462598425197
11
6.1337026377952757
21
-3.5655586220472442
0
LINE
8
BLACK
6
CONTINUOUS
10
6.1337026377952757
20
-3.5655586220472442
11
6.1337026377952757
21
-3.5355586220472439
0
LINE
8
BLACK
6
CONTINUOUS
10
6.1337026377952757
20
-3.5355586220472439
11
6.1338824409448813
21
-3.5346546456692911
0
LINE
8
BLACK
6
CONTINUOUS
10
6.1338824409448813
20
-3.5346546456692911
11
6.1351608661417325
21
-3.5333762204724408
0
LINE
8
BLACK
6
CONTINUOUS
10
6.1351608661417325
20
-3.5333762204724408
11
6.1369688188976372
21
-3.5333762204724408
0
LINE
8
BLACK
6
CONTINUOUS
10
6.1369688188976372
20
-3.5333762204724408
11
6.1382472440944884
21
-3.5346546456692911
0
LINE
8
BLACK
6
CONTINUOUS
10
6.2966409055118104
20
-3.4926625984251967
11
6.2977053149606297
21
-3.4931035039370077
0
LINE
8
BLACK
6
CONTINUOUS
10
6.2977053149606297
20
-3.4931035039370077
11
6.2985199606299211
21
-3.4939181496062992
0
LINE
8
BLACK
6
CONTINUOUS
10
6.2985199606299211
20
-3.4939181496062992
11
6.2989608661417318
21
-3.494982559055118
0
LINE
8
BLACK
6
CONTINUOUS
10
6.2989608661417318
20
-3.494982559055118
11
6.2989608661417318
21
-3.4961346850393702
0
LINE
8
BLACK
6
CONTINUOUS
10
6.2989608661417318
20
-3.4961346850393702
11
6.2985199606299211
21
-3.497199094488189
0
LINE
8
BLACK
6
CONTINUOUS
10
6.2985199606299211
20
-3.497199094488189
11
6.2977053149606297
21
-3.4980137401574805
0
LINE
8
BLACK
6
CONTINUOUS
10
6.2977053149606297
20
-3.4980137401574805
11
6.2966409055118104
21
-3.4984546456692911
0
LINE
8
BLACK
6
CONTINUOUS
10
6.2966409055118104
20
-3.4984546456692911
11
6.2960648425196846
21
-3.4985113779527559
0
LINE
8
BLACK
6
CONTINUOUS
10
6.2960648425196846
20
-3.4985113779527559
11
6.236064842519685
21
-3.4985113779527559
0
LINE
8
BLACK
6
CONTINUOUS
10
6.236064842519685
20
-3.4985113779527559
11
6.2354887795275591
21
-3.4984546456692911
0
LINE
8
BLACK
6
CONTINUOUS
10
6.2354887795275591
20
-3.4984546456692911
11
6.2344243700787398
21
-3.4980137401574805
0
LINE
8
BLACK
6
CONTINUOUS
10
6.2344243700787398
20
-3.4980137401574805
11
6.2336097244094484
21
-3.497199094488189
0
LINE
8
BLACK
6
CONTINUOUS
10
6.2336097244094484
20
-3.497199094488189
11
6.2331688188976377
21
-3.4961346850393702
0
LINE
8
BLACK
6
CONTINUOUS
10
6.2331688188976377
20
-3.4961346850393702
11
6.2331688188976377
21
-3.494982559055118
0
LINE
8
BLACK
6
CONTINUOUS
10
6.2331688188976377
20
-3.494982559055118
11
6.2336097244094484
21
-3.4939181496062992
0
LINE
8
BLACK
6
CONTINUOUS
10
6.2336097244094484
20
-3.4939181496062992
11
6.2344243700787398
21
-3.4931035039370077
0
LINE
8
BLACK
6
CONTINUOUS
10
6.2344243700787398
20
-3.4931035039370077
11
6.2354887795275591
21
-3.4926625984251967
0
LINE
8
BLACK
6
CONTINUOUS
10
6.2354887795275591
20
-3.4926625984251967
11
6.236064842519685
21
-3.4926058661417323
0
LINE
8
BLACK
6
CONTINUOUS
10
6.236064842519685
20
-3.4926058661417323
11
6.2960648425196846
21
-3.4926058661417323
0
LINE
8
BLACK
6
CONTINUOUS
10
6.2960648425196846
20
-3.4926058661417323
11
6.2966409055118104
21
-3.4926625984251967
0
LINE
8
BLACK
6
CONTINUOUS
10
5.3066409055118111
20
-3.4901625984251967
11
5.3077053149606295
21
-3.4906035039370078
0
LINE
8
BLACK
6
CONTINUOUS
10
5.3077053149606295
20
-3.4906035039370078
11
5.3085199606299209
21
-3.4914181496062993
0
LINE
8
BLACK
6
CONTINUOUS
10
5.3085199606299209
20
-3.4914181496062993
11
5.3089608661417325
21
-3.4924825590551181
0
LINE
8
BLACK
6
CONTINUOUS
10
5.3089608661417325
20
-3.4924825590551181
11
5.3089608661417325
21
-3.4936346850393698
0
LINE
8
BLACK
6
CONTINUOUS
10
5.3089608661417325
20
-3.4936346850393698
11
5.3085199606299209
21
-3.4946990944881891
0
LINE
8
BLACK
6
CONTINUOUS
10
5.3085199606299209
20
-3.4946990944881891
11
5.3077053149606295
21
-3.4955137401574801
0
LINE
8
BLACK
6
CONTINUOUS
10
5.3077053149606295
20
-3.4955137401574801
11
5.3066409055118111
21
-3.4959546456692911
0
LINE
8
BLACK
6
CONTINUOUS
10
5.3066409055118111
20
-3.4959546456692911
11
5.3060648425196852
21
-3.496011377952756
0
LINE
8
BLACK
6
CONTINUOUS
10
5.3060648425196852
20
-3.496011377952756
11
5.2460648425196847
21
-3.496011377952756
0
LINE
8
BLACK
6
CONTINUOUS
10
5.2460648425196847
20
-3.496011377952756
11
5.2454887795275589
21
-3.4959546456692911
0
LINE
8
BLACK
6
CONTINUOUS
10
5.2454887795275589
20
-3.4959546456692911
11
5.2444243700787396
21
-3.4955137401574801
0
LINE
8
BLACK
6
CONTINUOUS
10
5.2444243700787396
20
-3.4955137401574801
11
5.2436097244094491
21
-3.4946990944881891
0
LINE
8
BLACK
6
CONTINUOUS
10
5.2436097244094491
20
-3.4946990944881891
11
5.2431688188976375
21
-3.4936346850393698
0
LINE
8
BLACK
6
CONTINUOUS
10
5.2431688188976375
20
-3.4936346850393698
11
5.2431688188976375
21
-3.4924825590551181
0
LINE
8
BLACK
6
CONTINUOUS
10
5.2431688188976375
20
-3.4924825590551181
11
5.2436097244094491
21
-3.4914181496062993
0
LINE
8
BLACK
6
CONTINUOUS
10
5.2436097244094491
20
-3.4914181496062993
11
5.2444243700787396
21
-3.4906035039370078
0
LINE
8
BLACK
6
CONTINUOUS
10
5.2444243700787396
20
-3.4906035039370078
11
5.2454887795275589
21
-3.4901625984251967
0
LINE
8
BLACK
6
CONTINUOUS
10
5.2454887795275589
20
-3.4901625984251967
11
5.2460648425196847
21
-3.4901058661417323
0
LINE
8
BLACK
6
CONTINUOUS
10
5.2460648425196847
20
-3.4901058661417323
11
5.3060648425196852
21
-3.4901058661417323
0
LINE
8
BLACK
6
CONTINUOUS
10
5.3060648425196852
20
-3.4901058661417323
11
5.3066409055118111
21
-3.4901625984251967
0
LINE
8
BLACK
6
CONTINUOUS
10
5.4066409055118108
20
-3.4901625984251967
11
5.40770531496063
21
-3.4906035039370078
0
LINE
8
BLACK
6
CONTINUOUS
10
5.40770531496063
20
-3.4906035039370078
11
5.4085199606299215
21
-3.4914181496062993
0
LINE
8
BLACK
6
CONTINUOUS
10
5.4085199606299215
20
-3.4914181496062993
11
5.4089608661417321
21
-3.4924825590551181
0
LINE
8
BLACK
6
CONTINUOUS
10
5.4089608661417321
20
-3.4924825590551181
11
5.4089608661417321
21
-3.4936346850393698
0
LINE
8
BLACK
6
CONTINUOUS
10
5.4089608661417321
20
-3.4936346850393698
11
5.4085199606299215
21
-3.4946990944881891
0
LINE
8
BLACK
6
CONTINUOUS
10
5.4085199606299215
20
-3.4946990944881891
11
5.40770531496063
21
-3.4955137401574801
0
LINE
8
BLACK
6
CONTINUOUS
10
5.40770531496063
20
-3.4955137401574801
11
5.4066409055118108
21
-3.4959546456692911
0
LINE
8
BLACK
6
CONTINUOUS
10
5.4066409055118108
20
-3.4959546456692911
11
5.4060648425196849
21
-3.496011377952756
0
LINE
8
BLACK
6
CONTINUOUS
10
5.4060648425196849
20
-3.496011377952756
11
5.3460648425196853
21
-3.496011377952756
0
LINE
8
BLACK
6
CONTINUOUS
10
5.3460648425196853
20
-3.496011377952756
11
5.3454887795275585
21
-3.4959546456692911
0
LINE
8
BLACK
6
CONTINUOUS
10
5.3454887795275585
20
-3.4959546456692911
11
5.3444243700787402
21
-3.4955137401574801
0
LINE
8
BLACK
6
CONTINUOUS
10
5.3444243700787402
20
-3.4955137401574801
11
5.3436097244094487
21
-3.4946990944881891
0
LINE
8
BLACK
6
CONTINUOUS
10
5.3436097244094487
20
-3.4946990944881891
11
5.3431688188976381
21
-3.4936346850393698
0
LINE
8
BLACK
6
CONTINUOUS
10
5.3431688188976381
20
-3.4936346850393698
11
5.3431688188976381
21
-3.4924825590551181
0
LINE
8
BLACK
6
CONTINUOUS
10
5.3431688188976381
20
-3.4924825590551181
11
5.3436097244094487
21
-3.4914181496062993
0
LINE
8
BLACK
6
CONTINUOUS
10
5.3436097244094487
20
-3.4914181496062993
11
5.3444243700787402
21
-3.4906035039370078
0
LINE
8
BLACK
6
CONTINUOUS
10
5.3444243700787402
20
-3.4906035039370078
11
5.3454887795275585
21
-3.4901625984251967
0
LINE
8
BLACK
6
CONTINUOUS
10
5.3454887795275585
20
-3.4901625984251967
11
5.3460648425196853
21
-3.4901058661417323
0
LINE
8
BLACK
6
CONTINUOUS
10
5.3460648425196853
20
-3.4901058661417323
11
5.4060648425196849
21
-3.4901058661417323
0
LINE
8
BLACK
6
CONTINUOUS
10
5.4060648425196849
20
-3.4901058661417323
11
5.4066409055118108
21
-3.4901625984251967
0
LINE
8
BLACK
6
CONTINUOUS
10
5.5066409055118113
20
-3.4901625984251967
11
5.5077053149606297
21
-3.4906035039370078
0
LINE
8
BLACK
6
CONTINUOUS
10
5.5077053149606297
20
-3.4906035039370078
11
5.5085199606299211
21
-3.4914181496062993
0
LINE
8
BLACK
6
CONTINUOUS
10
5.5085199606299211
20
-3.4914181496062993
11
5.5089608661417317
21
-3.4924825590551181
0
LINE
8
BLACK
6
CONTINUOUS
10
5.5089608661417317
20
-3.4924825590551181
11
5.5089608661417317
21
-3.4936346850393698
0
LINE
8
BLACK
6
CONTINUOUS
10
5.5089608661417317
20
-3.4936346850393698
11
5.5085199606299211
21
-3.4946990944881891
0
LINE
8
BLACK
6
CONTINUOUS
10
5.5085199606299211
20
-3.4946990944881891
11
5.5077053149606297
21
-3.4955137401574801
0
LINE
8
BLACK
6
CONTINUOUS
10
5.5077053149606297
20
-3.4955137401574801
11
5.5066409055118113
21
-3.4959546456692911
0
LINE
8
BLACK
6
CONTINUOUS
10
5.5066409055118113
20
-3.4959546456692911
11
5.5060648425196845
21
-3.496011377952756
0
LINE
8
BLACK
6
CONTINUOUS
10
5.5060648425196845
20
-3.496011377952756
11
5.4460648425196849
21
-3.496011377952756
0
LINE
8
BLACK
6
CONTINUOUS
10
5.4460648425196849
20
-3.496011377952756
11
5.4454887795275591
21
-3.4959546456692911
0
LINE
8
BLACK
6
CONTINUOUS
10
5.4454887795275591
20
-3.4959546456692911
11
5.4444243700787398
21
-3.4955137401574801
0
LINE
8
BLACK
6
CONTINUOUS
10
5.4444243700787398
20
-3.4955137401574801
11
5.4436097244094483
21
-3.4946990944881891
0
LINE
8
BLACK
6
CONTINUOUS
10
5.4436097244094483
20
-3.4946990944881891
11
5.4431688188976377
21
-3.4936346850393698
0
LINE
8
BLACK
6
CONTINUOUS
10
5.4431688188976377
20
-3.4936346850393698
11
5.4431688188976377
21
-3.4924825590551181
0
LINE
8
BLACK
6
CONTINUOUS
10
5.4431688188976377
20
-3.4924825590551181
11
5.4436097244094483
21
-3.4914181496062993
0
LINE
8
BLACK
6
CONTINUOUS
10
5.4436097244094483
20
-3.4914181496062993
11
5.4444243700787398
21
-3.4906035039370078
0
LINE
8
BLACK
6
CONTINUOUS
10
5.4444243700787398
20
-3.4906035039370078
11
5.4454887795275591
21
-3.4901625984251967
0
LINE
8
BLACK
6
CONTINUOUS
10
5.4454887795275591
20
-3.4901625984251967
11
5.4460648425196849
21
-3.4901058661417323
0
LINE
8
BLACK
6
CONTINUOUS
10
5.4460648425196849
20
-3.4901058661417323
11
5.5060648425196845
21
-3.4901058661417323
0
LINE
8
BLACK
6
CONTINUOUS
10
5.5060648425196845
20
-3.4901058661417323
11
5.5066409055118113
21
-3.4901625984251967
0
LINE
8
BLACK
6
CONTINUOUS
10
5.6066409055118109
20
-3.4901625984251967
11
5.6077053149606302
21
-3.4906035039370078
0
LINE
8
BLACK
6
CONTINUOUS
10
5.6077053149606302
20
-3.4906035039370078
11
5.6085199606299208
21
-3.4914181496062993
0
LINE
8
BLACK
6
CONTINUOUS
10
5.6085199606299208
20
-3.4914181496062993
11
5.6089608661417323
21
-3.4924825590551181
0
LINE
8
BLACK
6
CONTINUOUS
10
5.6089608661417323
20
-3.4924825590551181
11
5.6089608661417323
21
-3.4936346850393698
0
LINE
8
BLACK
6
CONTINUOUS
10
5.6089608661417323
20
-3.4936346850393698
11
5.6085199606299208
21
-3.4946990944881891
0
LINE
8
BLACK
6
CONTINUOUS
10
5.6085199606299208
20
-3.4946990944881891
11
5.6077053149606302
21
-3.4955137401574801
0
LINE
8
BLACK
6
CONTINUOUS
10
5.6077053149606302
20
-3.4955137401574801
11
5.6066409055118109
21
-3.4959546456692911
0
LINE
8
BLACK
6
CONTINUOUS
10
5.6066409055118109
20
-3.4959546456692911
11
5.6060648425196851
21
-3.496011377952756
0
LINE
8
BLACK
6
CONTINUOUS
10
5.6060648425196851
20
-3.496011377952756
11
5.5460648425196846
21
-3.496011377952756
0
LINE
8
BLACK
6
CONTINUOUS
10
5.5460648425196846
20
-3.496011377952756
11
5.5454887795275587
21
-3.4959546456692911
0
LINE
8
BLACK
6
CONTINUOUS
10
5.5454887795275587
20
-3.4959546456692911
11
5.5444243700787403
21
-3.4955137401574801
0
LINE
8
BLACK
6
CONTINUOUS
10
5.5444243700787403
20
-3.4955137401574801
11
5.5436097244094489
21
-3.4946990944881891
0
LINE
8
BLACK
6
CONTINUOUS
10
5.5436097244094489
20
-3.4946990944881891
11
5.5431688188976374
21
-3.4936346850393698
0
LINE
8
BLACK
6
CONTINUOUS
10
5.5431688188976374
20
-3.4936346850393698
11
5.5431688188976374
21
-3.4924825590551181
0
LINE
8
BLACK
6
CONTINUOUS
10
5.5431688188976374
20
-3.4924825590551181
11
5.5436097244094489
21
-3.4914181496062993
0
LINE
8
BLACK
6
CONTINUOUS
10
5.5436097244094489
20
-3.4914181496062993
11
5.5444243700787403
21
-3.4906035039370078
0
LINE
8
BLACK
6
CONTINUOUS
10
5.5444243700787403
20
-3.4906035039370078
11
5.5454887795275587
21
-3.4901625984251967
0
LINE
8
BLACK
6
CONTINUOUS
10
5.5454887795275587
20
-3.4901625984251967
11
5.5460648425196846
21
-3.4901058661417323
0
LINE
8
BLACK
6
CONTINUOUS
10
5.5460648425196846
20
-3.4901058661417323
11
5.6060648425196851
21
-3.4901058661417323
0
LINE
8
BLACK
6
CONTINUOUS
10
5.6060648425196851
20
-3.4901058661417323
11
5.6066409055118109
21
-3.4901625984251967
0
LINE
8
BLACK
6
CONTINUOUS
10
5.7066409055118106
20
-3.4901625984251967
11
5.7077053149606298
21
-3.4906035039370078
0
LINE
8
BLACK
6
CONTINUOUS
10
5.7077053149606298
20
-3.4906035039370078
11
5.7085199606299213
21
-3.4914181496062993
0
LINE
8
BLACK
6
CONTINUOUS
10
5.7085199606299213
20
-3.4914181496062993
11
5.7089608661417319
21
-3.4924825590551181
0
LINE
8
BLACK
6
CONTINUOUS
10
5.7089608661417319
20
-3.4924825590551181
11
5.7089608661417319
21
-3.4936346850393698
0
LINE
8
BLACK
6
CONTINUOUS
10
5.7089608661417319
20
-3.4936346850393698
11
5.7085199606299213
21
-3.4946990944881891
0
LINE
8
BLACK
6
CONTINUOUS
10
5.7085199606299213
20
-3.4946990944881891
11
5.7077053149606298
21
-3.4955137401574801
0
LINE
8
BLACK
6
CONTINUOUS
10
5.7077053149606298
20
-3.4955137401574801
11
5.7066409055118106
21
-3.4959546456692911
0
LINE
8
BLACK
6
CONTINUOUS
10
5.7066409055118106
20
-3.4959546456692911
11
5.7060648425196847
21
-3.496011377952756
0
LINE
8
BLACK
6
CONTINUOUS
10
5.7060648425196847
20
-3.496011377952756
11
5.6460648425196851
21
-3.496011377952756
0
LINE
8
BLACK
6
CONTINUOUS
10
5.6460648425196851
20
-3.496011377952756
11
5.6454887795275592
21
-3.4959546456692911
0
LINE
8
BLACK
6
CONTINUOUS
10
5.6454887795275592
20
-3.4959546456692911
11
5.64442437007874
21
-3.4955137401574801
0
LINE
8
BLACK
6
CONTINUOUS
10
5.64442437007874
20
-3.4955137401574801
11
5.6436097244094485
21
-3.4946990944881891
0
LINE
8
BLACK
6
CONTINUOUS
10
5.6436097244094485
20
-3.4946990944881891
11
5.6431688188976379
21
-3.4936346850393698
0
LINE
8
BLACK
6
CONTINUOUS
10
5.6431688188976379
20
-3.4936346850393698
11
5.6431688188976379
21
-3.4924825590551181
0
LINE
8
BLACK
6
CONTINUOUS
10
5.6431688188976379
20
-3.4924825590551181
11
5.6436097244094485
21
-3.4914181496062993
0
LINE
8
BLACK
6
CONTINUOUS
10
5.6436097244094485
20
-3.4914181496062993
11
5.64442437007874
21
-3.4906035039370078
0
LINE
8
BLACK
6
CONTINUOUS
10
5.64442437007874
20
-3.4906035039370078
11
5.6454887795275592
21
-3.4901625984251967
0
LINE
8
BLACK
6
CONTINUOUS
10
5.6454887795275592
20
-3.4901625984251967
11
5.6460648425196851
21
-3.4901058661417323
0
LINE
8
BLACK
6
CONTINUOUS
10
5.6460648425196851
20
-3.4901058661417323
11
5.7060648425196847
21
-3.4901058661417323
0
LINE
8
BLACK
6
CONTINUOUS
10
5.7060648425196847
20
-3.4901058661417323
11
5.7066409055118106
21
-3.4901625984251967
0
LINE
8
BLACK
6
CONTINUOUS
10
5.8066409055118111
20
-3.4901625984251967
11
5.8077053149606295
21
-3.4906035039370078
0
LINE
8
BLACK
6
CONTINUOUS
10
5.8077053149606295
20
-3.4906035039370078
11
5.8085199606299209
21
-3.4914181496062993
0
LINE
8
BLACK
6
CONTINUOUS
10
5.8085199606299209
20
-3.4914181496062993
11
5.8089608661417325
21
-3.4924825590551181
0
LINE
8
BLACK
6
CONTINUOUS
10
5.8089608661417325
20
-3.4924825590551181
11
5.8089608661417325
21
-3.4936346850393698
0
LINE
8
BLACK
6
CONTINUOUS
10
5.8089608661417325
20
-3.4936346850393698
11
5.8085199606299209
21
-3.4946990944881891
0
LINE
8
BLACK
6
CONTINUOUS
10
5.8085199606299209
20
-3.4946990944881891
11
5.8077053149606295
21
-3.4955137401574801
0
LINE
8
BLACK
6
CONTINUOUS
10
5.8077053149606295
20
-3.4955137401574801
11
5.8066409055118111
21
-3.4959546456692911
0
LINE
8
BLACK
6
CONTINUOUS
10
5.8066409055118111
20
-3.4959546456692911
11
5.8060648425196852
21
-3.496011377952756
0
LINE
8
BLACK
6
CONTINUOUS
10
5.8060648425196852
20
-3.496011377952756
11
5.7460648425196847
21
-3.496011377952756
0
LINE
8
BLACK
6
CONTINUOUS
10
5.7460648425196847
20
-3.496011377952756
11
5.7454887795275589
21
-3.4959546456692911
0
LINE
8
BLACK
6
CONTINUOUS
10
5.7454887795275589
20
-3.4959546456692911
11
5.7444243700787396
21
-3.4955137401574801
0
LINE
8
BLACK
6
CONTINUOUS
10
5.7444243700787396
20
-3.4955137401574801
11
5.7436097244094491
21
-3.4946990944881891
0
LINE
8
BLACK
6
CONTINUOUS
10
5.7436097244094491
20
-3.4946990944881891
11
5.7431688188976375
21
-3.4936346850393698
0
LINE
8
BLACK
6
CONTINUOUS
10
5.7431688188976375
20
-3.4936346850393698
11
5.7431688188976375
21
-3.4924825590551181
0
LINE
8
BLACK
6
CONTINUOUS
10
5.7431688188976375
20
-3.4924825590551181
11
5.7436097244094491
21
-3.4914181496062993
0
LINE
8
BLACK
6
CONTINUOUS
10
5.7436097244094491
20
-3.4914181496062993
11
5.7444243700787396
21
-3.4906035039370078
0
LINE
8
BLACK
6
CONTINUOUS
10
5.7444243700787396
20
-3.4906035039370078
11
5.7454887795275589
21
-3.4901625984251967
0
LINE
8
BLACK
6
CONTINUOUS
10
5.7454887795275589
20
-3.4901625984251967
11
5.7460648425196847
21
-3.4901058661417323
0
LINE
8
BLACK
6
CONTINUOUS
10
5.7460648425196847
20
-3.4901058661417323
11
5.8060648425196852
21
-3.4901058661417323
0
LINE
8
BLACK
6
CONTINUOUS
10
5.8060648425196852
20
-3.4901058661417323
11
5.8066409055118111
21
-3.4901625984251967
0
LINE
8
BLACK
6
CONTINUOUS
10
5.9066409055118108
20
-3.4901625984251967
11
5.90770531496063
21
-3.4906035039370078
0
LINE
8
BLACK
6
CONTINUOUS
10
5.90770531496063
20
-3.4906035039370078
11
5.9085199606299215
21
-3.4914181496062993
0
LINE
8
BLACK
6
CONTINUOUS
10
5.9085199606299215
20
-3.4914181496062993
11
5.9089608661417321
21
-3.4924825590551181
0
LINE
8
BLACK
6
CONTINUOUS
10
5.9089608661417321
20
-3.4924825590551181
11
5.9089608661417321
21
-3.4936346850393698
0
LINE
8
BLACK
6
CONTINUOUS
10
5.9089608661417321
20
-3.4936346850393698
11
5.9085199606299215
21
-3.4946990944881891
0
LINE
8
BLACK
6
CONTINUOUS
10
5.9085199606299215
20
-3.4946990944881891
11
5.90770531496063
21
-3.4955137401574801
0
LINE
8
BLACK
6
CONTINUOUS
10
5.90770531496063
20
-3.4955137401574801
11
5.9066409055118108
21
-3.4959546456692911
0
LINE
8
BLACK
6
CONTINUOUS
10
5.9066409055118108
20
-3.4959546456692911
11
5.9060648425196849
21
-3.496011377952756
0
LINE
8
BLACK
6
CONTINUOUS
10
5.9060648425196849
20
-3.496011377952756
11
5.8460648425196853
21
-3.496011377952756
0
LINE
8
BLACK
6
CONTINUOUS
10
5.8460648425196853
20
-3.496011377952756
11
5.8454887795275585
21
-3.4959546456692911
0
LINE
8
BLACK
6
CONTINUOUS
10
5.8454887795275585
20
-3.4959546456692911
11
5.8444243700787402
21
-3.4955137401574801
0
LINE
8
BLACK
6
CONTINUOUS
10
5.8444243700787402
20
-3.4955137401574801
11
5.8436097244094487
21
-3.4946990944881891
0
LINE
8
BLACK
6
CONTINUOUS
10
5.8436097244094487
20
-3.4946990944881891
11
5.8431688188976381
21
-3.4936346850393698
0
LINE
8
BLACK
6
CONTINUOUS
10
5.8431688188976381
20
-3.4936346850393698
11
5.8431688188976381
21
-3.4924825590551181
0
LINE
8
BLACK
6
CONTINUOUS
10
5.8431688188976381
20
-3.4924825590551181
11
5.8436097244094487
21
-3.4914181496062993
0
LINE
8
BLACK
6
CONTINUOUS
10
5.8436097244094487
20
-3.4914181496062993
11
5.8444243700787402
21
-3.4906035039370078
0
LINE
8
BLACK
6
CONTINUOUS
10
5.8444243700787402
20
-3.4906035039370078
11
5.8454887795275585
21
-3.4901625984251967
0
LINE
8
BLACK
6
CONTINUOUS
10
5.8454887795275585
20
-3.4901625984251967
11
5.8460648425196853
21
-3.4901058661417323
0
LINE
8
BLACK
6
CONTINUOUS
10
5.8460648425196853
20
-3.4901058661417323
11
5.9060648425196849
21
-3.4901058661417323
0
LINE
8
BLACK
6
CONTINUOUS
10
5.9060648425196849
20
-3.4901058661417323
11
5.9066409055118108
21
-3.4901625984251967
0
LINE
8
BLACK
6
CONTINUOUS
10
5.9816409055118109
20
-3.4901625984251967
11
5.9827053149606302
21
-3.4906035039370078
0
LINE
8
BLACK
6
CONTINUOUS
10
5.9827053149606302
20
-3.4906035039370078
11
5.9835199606299208
21
-3.4914181496062993
0
LINE
8
BLACK
6
CONTINUOUS
10
5.9835199606299208
20
-3.4914181496062993
11
5.9839608661417323
21
-3.4924825590551181
0
LINE
8
BLACK
6
CONTINUOUS
10
5.9839608661417323
20
-3.4924825590551181
11
5.9839608661417323
21
-3.4936346850393698
0
LINE
8
BLACK
6
CONTINUOUS
10
5.9839608661417323
20
-3.4936346850393698
11
5.9835199606299208
21
-3.4946990944881891
0
LINE
8
BLACK
6
CONTINUOUS
10
5.9835199606299208
20
-3.4946990944881891
11
5.9827053149606302
21
-3.4955137401574801
0
LINE
8
BLACK
6
CONTINUOUS
10
5.9827053149606302
20
-3.4955137401574801
11
5.9816409055118109
21
-3.4959546456692911
0
LINE
8
BLACK
6
CONTINUOUS
10
5.9816409055118109
20
-3.4959546456692911
11
5.9810648425196851
21
-3.496011377952756
0
LINE
8
BLACK
6
CONTINUOUS
10
5.9810648425196851
20
-3.496011377952756
11
5.9210648425196846
21
-3.496011377952756
0
LINE
8
BLACK
6
CONTINUOUS
10
5.9210648425196846
20
-3.496011377952756
11
5.9204887795275587
21
-3.4959546456692911
0
LINE
8
BLACK
6
CONTINUOUS
10
5.9204887795275587
20
-3.4959546456692911
11
5.9194243700787403
21
-3.4955137401574801
0
LINE
8
BLACK
6
CONTINUOUS
10
5.9194243700787403
20
-3.4955137401574801
11
5.9186097244094489
21
-3.4946990944881891
0
LINE
8
BLACK
6
CONTINUOUS
10
5.9186097244094489
20
-3.4946990944881891
11
5.9181688188976374
21
-3.4936346850393698
0
LINE
8
BLACK
6
CONTINUOUS
10
5.9181688188976374
20
-3.4936346850393698
11
5.9181688188976374
21
-3.4924825590551181
0
LINE
8
BLACK
6
CONTINUOUS
10
5.9181688188976374
20
-3.4924825590551181
11
5.9186097244094489
21
-3.4914181496062993
0
LINE
8
BLACK
6
CONTINUOUS
10
5.9186097244094489
20
-3.4914181496062993
11
5.9194243700787403
21
-3.4906035039370078
0
LINE
8
BLACK
6
CONTINUOUS
10
5.9194243700787403
20
-3.4906035039370078
11
5.9204887795275587
21
-3.4901625984251967
0
LINE
8
BLACK
6
CONTINUOUS
10
5.9204887795275587
20
-3.4901625984251967
11
5.9210648425196846
21
-3.4901058661417323
0
LINE
8
BLACK
6
CONTINUOUS
10
5.9210648425196846
20
-3.4901058661417323
11
5.9810648425196851
21
-3.4901058661417323
0
LINE
8
BLACK
6
CONTINUOUS
10
5.9810648425196851
20
-3.4901058661417323
11
5.9816409055118109
21
-3.4901625984251967
0
LINE
8
BLACK
6
CONTINUOUS
10
6.0566409055118111
20
-3.4901625984251967
11
6.0577053149606295
21
-3.4906035039370078
0
LINE
8
BLACK
6
CONTINUOUS
10
6.0577053149606295
20
-3.4906035039370078
11
6.0585199606299209
21
-3.4914181496062993
0
LINE
8
BLACK
6
CONTINUOUS
10
6.0585199606299209
20
-3.4914181496062993
11
6.0589608661417325
21
-3.4924825590551181
0
LINE
8
BLACK
6
CONTINUOUS
10
6.0589608661417325
20
-3.4924825590551181
11
6.0589608661417325
21
-3.4936346850393698
0
LINE
8
BLACK
6
CONTINUOUS
10
6.0589608661417325
20
-3.4936346850393698
11
6.0585199606299209
21
-3.4946990944881891
0
LINE
8
BLACK
6
CONTINUOUS
10
6.0585199606299209
20
-3.4946990944881891
11
6.0577053149606295
21
-3.4955137401574801
0
LINE
8
BLACK
6
CONTINUOUS
10
6.0577053149606295
20
-3.4955137401574801
11
6.0566409055118111
21
-3.4959546456692911
0
LINE
8
BLACK
6
CONTINUOUS
10
6.0566409055118111
20
-3.4959546456692911
11
6.0560648425196852
21
-3.496011377952756
0
LINE
8
BLACK
6
CONTINUOUS
10
6.0560648425196852
20
-3.496011377952756
11
5.9960648425196847
21
-3.496011377952756
0
LINE
8
BLACK
6
CONTINUOUS
10
5.9960648425196847
20
-3.496011377952756
11
5.9954887795275589
21
-3.4959546456692911
0
LINE
8
BLACK
6
CONTINUOUS
10
5.9954887795275589
20
-3.4959546456692911
11
5.9944243700787396
21
-3.4955137401574801
0
LINE
8
BLACK
6
CONTINUOUS
10
5.9944243700787396
20
-3.4955137401574801
11
5.9936097244094491
21
-3.4946990944881891
0
LINE
8
BLACK
6
CONTINUOUS
10
5.9936097244094491
20
-3.4946990944881891
11
5.9931688188976375
21
-3.4936346850393698
0
LINE
8
BLACK
6
CONTINUOUS
10
5.9931688188976375
20
-3.4936346850393698
11
5.9931688188976375
21
-3.4924825590551181
0
LINE
8
BLACK
6
CONTINUOUS
10
5.9931688188976375
20
-3.4924825590551181
11
5.9936097244094491
21
-3.4914181496062993
0
LINE
8
BLACK
6
CONTINUOUS
10
5.9936097244094491
20
-3.4914181496062993
11
5.9944243700787396
21
-3.4906035039370078
0
LINE
8
BLACK
6
CONTINUOUS
10
5.9944243700787396
20
-3.4906035039370078
11
5.9954887795275589
21
-3.4901625984251967
0
LINE
8
BLACK
6
CONTINUOUS
10
5.9954887795275589
20
-3.4901625984251967
11
5.9960648425196847
21
-3.4901058661417323
0
LINE
8
BLACK
6
CONTINUOUS
10
5.9960648425196847
20
-3.4901058661417323
11
6.0560648425196852
21
-3.4901058661417323
0
LINE
8
BLACK
6
CONTINUOUS
10
6.0560648425196852
20
-3.4901058661417323
11
6.0566409055118111
21
-3.4901625984251967
0
LINE
8
BLACK
6
CONTINUOUS
10
6.1366409055118112
20
-3.4876625984251968
11
6.1377053149606295
21
-3.4881035039370079
0
LINE
8
BLACK
6
CONTINUOUS
10
6.1377053149606295
20
-3.4881035039370079
11
6.138519960629921
21
-3.4889181496062993
0
LINE
8
BLACK
6
CONTINUOUS
10
6.138519960629921
20
-3.4889181496062993
11
6.1389608661417325
21
-3.4899825590551181
0
LINE
8
BLACK
6
CONTINUOUS
10
6.1389608661417325
20
-3.4899825590551181
11
6.1389608661417325
21
-3.4911346850393699
0
LINE
8
BLACK
6
CONTINUOUS
10
6.1389608661417325
20
-3.4911346850393699
11
6.138519960629921
21
-3.4921990944881891
0
LINE
8
BLACK
6
CONTINUOUS
10
6.138519960629921
20
-3.4921990944881891
11
6.1377053149606295
21
-3.4930137401574801
0
LINE
8
BLACK
6
CONTINUOUS
10
6.1377053149606295
20
-3.4930137401574801
11
6.1366409055118112
21
-3.4934546456692912
0
LINE
8
BLACK
6
CONTINUOUS
10
6.1366409055118112
20
-3.4934546456692912
11
6.1360648425196853
21
-3.493511377952756
0
LINE
8
BLACK
6
CONTINUOUS
10
6.1360648425196853
20
-3.493511377952756
11
6.0760648425196848
21
-3.493511377952756
0
LINE
8
BLACK
6
CONTINUOUS
10
6.0760648425196848
20
-3.493511377952756
11
6.0754887795275589
21
-3.4934546456692912
0
LINE
8
BLACK
6
CONTINUOUS
10
6.0754887795275589
20
-3.4934546456692912
11
6.0744243700787397
21
-3.4930137401574801
0
LINE
8
BLACK
6
CONTINUOUS
10
6.0744243700787397
20
-3.4930137401574801
11
6.0736097244094482
21
-3.4921990944881891
0
LINE
8
BLACK
6
CONTINUOUS
10
6.0736097244094482
20
-3.4921990944881891
11
6.0731688188976376
21
-3.4911346850393699
0
LINE
8
BLACK
6
CONTINUOUS
10
6.0731688188976376
20
-3.4911346850393699
11
6.0731688188976376
21
-3.4899825590551181
0
LINE
8
BLACK
6
CONTINUOUS
10
6.0731688188976376
20
-3.4899825590551181
11
6.0736097244094482
21
-3.4889181496062993
0
LINE
8
BLACK
6
CONTINUOUS
10
6.0736097244094482
20
-3.4889181496062993
11
6.0744243700787397
21
-3.4881035039370079
0
LINE
8
BLACK
6
CONTINUOUS
10
6.0744243700787397
20
-3.4881035039370079
11
6.0754887795275589
21
-3.4876625984251968
0
LINE
8
BLACK
6
CONTINUOUS
10
6.0754887795275589
20
-3.4876625984251968
11
6.0760648425196848
21
-3.4876058661417324
0
LINE
8
BLACK
6
CONTINUOUS
10
6.0760648425196848
20
-3.4876058661417324
11
6.1360648425196853
21
-3.4876058661417324
0
LINE
8
BLACK
6
CONTINUOUS
10
6.1360648425196853
20
-3.4876058661417324
11
6.1366409055118112
21
-3.4876625984251968
0
LINE
8
BLACK
6
CONTINUOUS
10
6.2166409055118113
20
-3.457662598425197
11
6.2177053149606296
21
-3.4581035039370076
0
LINE
8
BLACK
6
CONTINUOUS
10
6.2177053149606296
20
-3.4581035039370076
11
6.2185199606299211
21
-3.4589181496062991
0
LINE
8
BLACK
6
CONTINUOUS
10
6.2185199606299211
20
-3.4589181496062991
11
6.2189608661417317
21
-3.4599825590551179
0
LINE
8
BLACK
6
CONTINUOUS
10
6.2189608661417317
20
-3.4599825590551179
11
6.2189608661417317
21
-3.4611346850393701
0
LINE
8
BLACK
6
CONTINUOUS
10
6.2189608661417317
20
-3.4611346850393701
11
6.2185199606299211
21
-3.4621990944881889
0
LINE
8
BLACK
6
CONTINUOUS
10
6.2185199606299211
20
-3.4621990944881889
11
6.2177053149606296
21
-3.4630137401574803
0
LINE
8
BLACK
6
CONTINUOUS
10
6.2177053149606296
20
-3.4630137401574803
11
6.2166409055118113
21
-3.4634546456692914
0
LINE
8
BLACK
6
CONTINUOUS
10
6.2166409055118113
20
-3.4634546456692914
11
6.2160648425196845
21
-3.4635113779527558
0
LINE
8
BLACK
6
CONTINUOUS
10
6.2160648425196845
20
-3.4635113779527558
11
6.1560648425196849
21
-3.4635113779527558
0
LINE
8
BLACK
6
CONTINUOUS
10
6.1560648425196849
20
-3.4635113779527558
11
6.155488779527559
21
-3.4634546456692914
0
LINE
8
BLACK
6
CONTINUOUS
10
6.155488779527559
20
-3.4634546456692914
11
6.1544243700787398
21
-3.4630137401574803
0
LINE
8
BLACK
6
CONTINUOUS
10
6.1544243700787398
20
-3.4630137401574803
11
6.1536097244094483
21
-3.4621990944881889
0
LINE
8
BLACK
6
CONTINUOUS
10
6.1536097244094483
20
-3.4621990944881889
11
6.1531688188976377
21
-3.4611346850393701
0
LINE
8
BLACK
6
CONTINUOUS
10
6.1531688188976377
20
-3.4611346850393701
11
6.1531688188976377
21
-3.4599825590551179
0
LINE
8
BLACK
6
CONTINUOUS
10
6.1531688188976377
20
-3.4599825590551179
11
6.1536097244094483
21
-3.4589181496062991
0
LINE
8
BLACK
6
CONTINUOUS
10
6.1536097244094483
20
-3.4589181496062991
11
6.1544243700787398
21
-3.4581035039370076
0
LINE
8
BLACK
6
CONTINUOUS
10
6.1544243700787398
20
-3.4581035039370076
11
6.155488779527559
21
-3.457662598425197
0
LINE
8
BLACK
6
CONTINUOUS
10
6.155488779527559
20
-3.457662598425197
11
6.1560648425196849
21
-3.4576058661417322
0
LINE
8
BLACK
6
CONTINUOUS
10
6.1560648425196849
20
-3.4576058661417322
11
6.2160648425196845
21
-3.4576058661417322
0
LINE
8
BLACK
6
CONTINUOUS
10
6.2160648425196845
20
-3.4576058661417322
11
6.2166409055118113
21
-3.457662598425197
0
LINE
8
BLACK
6
CONTINUOUS
10
6.158247244094488
20
-3.3846546456692912
11
6.1584270472440945
21
-3.385558622047244
0
LINE
8
BLACK
6
CONTINUOUS
10
6.1584270472440945
20
-3.385558622047244
11
6.1584270472440945
21
-3.4155586220472438
0
LINE
8
BLACK
6
CONTINUOUS
10
6.1584270472440945
20
-3.4155586220472438
11
6.158247244094488
21
-3.4164625984251966
0
LINE
8
BLACK
6
CONTINUOUS
10
6.158247244094488
20
-3.4164625984251966
11
6.1569688188976377
21
-3.4177410236220473
0
LINE
8
BLACK
6
CONTINUOUS
10
6.1569688188976377
20
-3.4177410236220473
11
6.1551608661417321
21
-3.4177410236220473
0
LINE
8
BLACK
6
CONTINUOUS
10
6.1551608661417321
20
-3.4177410236220473
11
6.1538824409448818
21
-3.4164625984251966
0
LINE
8
BLACK
6
CONTINUOUS
10
6.1538824409448818
20
-3.4164625984251966
11
6.1537026377952753
21
-3.4155586220472438
0
LINE
8
BLACK
6
CONTINUOUS
10
6.1537026377952753
20
-3.4155586220472438
11
6.1537026377952753
21
-3.385558622047244
0
LINE
8
BLACK
6
CONTINUOUS
10
6.1537026377952753
20
-3.385558622047244
11
6.1538824409448818
21
-3.3846546456692912
0
LINE
8
BLACK
6
CONTINUOUS
10
6.1538824409448818
20
-3.3846546456692912
11
6.1551608661417321
21
-3.3833762204724409
0
LINE
8
BLACK
6
CONTINUOUS
10
6.1551608661417321
20
-3.3833762204724409
11
6.1569688188976377
21
-3.3833762204724409
0
LINE
8
BLACK
6
CONTINUOUS
10
6.1569688188976377
20
-3.3833762204724409
11
6.158247244094488
21
-3.3846546456692912
0
LINE
8
BLACK
6
CONTINUOUS
10
6.2182472440944885
20
-3.3846546456692912
11
6.2184270472440941
21
-3.385558622047244
0
LINE
8
BLACK
6
CONTINUOUS
10
6.2184270472440941
20
-3.385558622047244
11
6.2184270472440941
21
-3.4155586220472438
0
LINE
8
BLACK
6
CONTINUOUS
10
6.2184270472440941
20
-3.4155586220472438
11
6.2182472440944885
21
-3.4164625984251966
0
LINE
8
BLACK
6
CONTINUOUS
10
6.2182472440944885
20
-3.4164625984251966
11
6.2169688188976373
21
-3.4177410236220473
0
LINE
8
BLACK
6
CONTINUOUS
10
6.2169688188976373
20
-3.4177410236220473
11
6.2151608661417326
21
-3.4177410236220473
0
LINE
8
BLACK
6
CONTINUOUS
10
6.2151608661417326
20
-3.4177410236220473
11
6.2138824409448814
21
-3.4164625984251966
0
LINE
8
BLACK
6
CONTINUOUS
10
6.2138824409448814
20
-3.4164625984251966
11
6.2137026377952758
21
-3.4155586220472438
0
LINE
8
BLACK
6
CONTINUOUS
10
6.2137026377952758
20
-3.4155586220472438
11
6.2137026377952758
21
-3.385558622047244
0
LINE
8
BLACK
6
CONTINUOUS
10
6.2137026377952758
20
-3.385558622047244
11
6.2138824409448814
21
-3.3846546456692912
0
LINE
8
BLACK
6
CONTINUOUS
10
6.2138824409448814
20
-3.3846546456692912
11
6.2151608661417326
21
-3.3833762204724409
0
LINE
8
BLACK
6
CONTINUOUS
10
6.2151608661417326
20
-3.3833762204724409
11
6.2169688188976373
21
-3.3833762204724409
0
LINE
8
BLACK
6
CONTINUOUS
10
6.2169688188976373
20
-3.3833762204724409
11
6.2182472440944885
21
-3.3846546456692912
0
LINE
8
BLACK
6
CONTINUOUS
10
6.2166409055118113
20
-3.3376625984251969
11
6.2177053149606296
21
-3.3381035039370079
0
LINE
8
BLACK
6
CONTINUOUS
10
6.2177053149606296
20
-3.3381035039370079
11
6.2185199606299211
21
-3.338918149606299
0
LINE
8
BLACK
6
CONTINUOUS
10
6.2185199606299211
20
-3.338918149606299
11
6.2189608661417317
21
-3.3399825590551182
0
LINE
8
BLACK
6
CONTINUOUS
10
6.2189608661417317
20
-3.3399825590551182
11
6.2189608661417317
21
-3.3411346850393699
0
LINE
8
BLACK
6
CONTINUOUS
10
6.2189608661417317
20
-3.3411346850393699
11
6.2185199606299211
21
-3.3421990944881887
0
LINE
8
BLACK
6
CONTINUOUS
10
6.2185199606299211
20
-3.3421990944881887
11
6.2177053149606296
21
-3.3430137401574802
0
LINE
8
BLACK
6
CONTINUOUS
10
6.2177053149606296
20
-3.3430137401574802
11
6.2166409055118113
21
-3.3434546456692913
0
LINE
8
BLACK
6
CONTINUOUS
10
6.2166409055118113
20
-3.3434546456692913
11
6.2160648425196845
21
-3.3435113779527557
0
LINE
8
BLACK
6
CONTINUOUS
10
6.2160648425196845
20
-3.3435113779527557
11
6.1560648425196849
21
-3.3435113779527557
0
LINE
8
BLACK
6
CONTINUOUS
10
6.1560648425196849
20
-3.3435113779527557
11
6.155488779527559
21
-3.3434546456692913
0
LINE
8
BLACK
6
CONTINUOUS
10
6.155488779527559
20
-3.3434546456692913
11
6.1544243700787398
21
-3.3430137401574802
0
LINE
8
BLACK
6
CONTINUOUS
10
6.1544243700787398
20
-3.3430137401574802
11
6.1536097244094483
21
-3.3421990944881887
0
LINE
8
BLACK
6
CONTINUOUS
10
6.1536097244094483
20
-3.3421990944881887
11
6.1531688188976377
21
-3.3411346850393699
0
LINE
8
BLACK
6
CONTINUOUS
10
6.1531688188976377
20
-3.3411346850393699
11
6.1531688188976377
21
-3.3399825590551182
0
LINE
8
BLACK
6
CONTINUOUS
10
6.1531688188976377
20
-3.3399825590551182
11
6.1536097244094483
21
-3.338918149606299
0
LINE
8
BLACK
6
CONTINUOUS
10
6.1536097244094483
20
-3.338918149606299
11
6.1544243700787398
21
-3.3381035039370079
0
LINE
8
BLACK
6
CONTINUOUS
10
6.1544243700787398
20
-3.3381035039370079
11
6.155488779527559
21
-3.3376625984251969
0
LINE
8
BLACK
6
CONTINUOUS
10
6.155488779527559
20
-3.3376625984251969
11
6.1560648425196849
21
-3.337605866141732
0
LINE
8
BLACK
6
CONTINUOUS
10
6.1560648425196849
20
-3.337605866141732
11
6.2160648425196845
21
-3.337605866141732
0
LINE
8
BLACK
6
CONTINUOUS
10
6.2160648425196845
20
-3.337605866141732
11
6.2166409055118113
21
-3.3376625984251969
0
CIRCLE
8
BLACK
10
6.2010648425196848
20
-4.5780586220472443
40
0.0068897637795276
0
CIRCLE
8
BLACK
10
6.2010648425196848
20
-4.4780586220472438
40
0.0068897637795276
0
CIRCLE
8
BLACK
10
6.4460648425196849
20
-4.6680586220472442
40
0.0068897637795276
0
CIRCLE
8
BLACK
10
6.4460648425196849
20
-4.5680586220472437
40
0.0068897637795276
0
CIRCLE
8
BLACK
10
6.3460648425196853
20
-4.6680586220472442
40
0.0068897637795276
0
CIRCLE
8
BLACK
10
6.3460648425196853
20
-4.5680586220472437
40
0.0068897637795276
0
CIRCLE
8
BLACK
10
4.9260648425196853
20
-3.678058622047244
40
0.0068897637795276
0
CIRCLE
8
BLACK
10
5.026064842519685
20
-3.678058622047244
40
0.0068897637795276
0
CIRCLE
8
BLACK
10
4.9260648425196853
20
-3.7780586220472441
40
0.0068897637795276
0
CIRCLE
8
BLACK
10
5.026064842519685
20
-3.7780586220472441
40
0.0068897637795276
0
CIRCLE
8
BLACK
10
4.9260648425196853
20
-3.8780586220472442
40
0.0068897637795276
0
CIRCLE
8
BLACK
10
5.026064842519685
20
-3.8780586220472442
40
0.0068897637795276
0
CIRCLE
8
BLACK
10
4.9260648425196853
20
-4.1930586220472437
40
0.0068897637795276
0
CIRCLE
8
BLACK
10
5.026064842519685
20
-4.1930586220472437
40
0.0068897637795276
0
CIRCLE
8
BLACK
10
4.9260648425196853
20
-4.2930586220472442
40
0.0068897637795276
0
CIRCLE
8
BLACK
10
5.026064842519685
20
-4.2930586220472442
40
0.0068897637795276
0
CIRCLE
8
BLACK
10
4.9260648425196853
20
-4.3930586220472438
40
0.0068897637795276
0
CIRCLE
8
BLACK
10
5.026064842519685
20
-4.3930586220472438
40
0.0068897637795276
0
CIRCLE
8
BLACK
10
5.8010648425196853
20
-4.5780586220472443
40
0.0068897637795276
0
CIRCLE
8
BLACK
10
5.8010648425196853
20
-4.4780586220472438
40
0.0068897637795276
0
CIRCLE
8
BLACK
10
5.6010648425196852
20
-4.4780586220472438
40
0.0068897637795276
0
CIRCLE
8
BLACK
10
5.6010648425196852
20
-4.5780586220472443
40
0.0068897637795276
0
CIRCLE
8
BLACK
10
5.5010648425196846
20
-4.5780586220472443
40
0.0068897637795276
0
CIRCLE
8
BLACK
10
5.5010648425196846
20
-4.4780586220472438
40
0.0068897637795276
0
CIRCLE
8
BLACK
10
5.401064842519685
20
-4.4780586220472438
40
0.0068897637795276
0
CIRCLE
8
BLACK
10
5.401064842519685
20
-4.5780586220472443
40
0.0068897637795276
0
CIRCLE
8
BLACK
10
5.3010648425196853
20
-4.4780586220472438
40
0.0068897637795276
0
CIRCLE
8
BLACK
10
5.3010648425196853
20
-4.5780586220472443
40
0.0068897637795276
0
CIRCLE
8
BLACK
10
5.901064842519685
20
-4.5780586220472443
40
0.0068897637795276
0
CIRCLE
8
BLACK
10
5.901064842519685
20
-4.4780586220472438
40
0.0068897637795276
0
CIRCLE
8
BLACK
10
6.1010648425196852
20
-4.5780586220472443
40
0.0068897637795276
0
CIRCLE
8
BLACK
10
6.1010648425196852
20
-4.4780586220472438
40
0.0068897637795276
0
CIRCLE
8
BLACK
10
6.0010648425196846
20
-4.5780586220472443
40
0.0068897637795276
0
CIRCLE
8
BLACK
10
6.0010648425196846
20
-4.4780586220472438
40
0.0068897637795276
0
CIRCLE
8
BLACK
10
5.026064842519685
20
-3.428058622047244
40
0.0068897637795276
0
CIRCLE
8
BLACK
10
7.026064842519685
20
-4.6280586220472442
40
0.0068897637795276
0
CIRCLE
8
BLACK
10
5.026064842519685
20
-4.6280586220472442
40
0.0068897637795276
0
CIRCLE
8
BLACK
10
7.026064842519685
20
-3.428058622047244
40
0.0068897637795276
0
CIRCLE
8
BLACK
10
7.026064842519685
20
-3.7780586220472441
40
0.0068897637795276
0
CIRCLE
8
BLACK
10
6.9260648425196845
20
-3.678058622047244
40
0.0068897637795276
0
CIRCLE
8
BLACK
10
6.9260648425196845
20
-3.8780586220472442
40
0.0068897637795276
0
CIRCLE
8
BLACK
10
7.1260648425196846
20
-3.678058622047244
40
0.0068897637795276
0
CIRCLE
8
BLACK
10
7.1260648425196846
20
-3.8780586220472442
40
0.0068897637795276
0
CIRCLE
8
BLACK
10
5.7010648425196848
20
-4.5780586220472443
40
0.0068897637795276
0
CIRCLE
8
BLACK
10
5.7010648425196848
20
-4.4780586220472438
40
0.0068897637795276
0
CIRCLE
8
BLACK
10
5.776064842519685
20
-3.428058622047244
40
0.0068897637795276
0
CIRCLE
8
BLACK
10
5.776064842519685
20
-3.3280586220472439
40
0.0068897637795276
0
CIRCLE
8
BLACK
10
5.6760648425196853
20
-3.428058622047244
40
0.0068897637795276
0
CIRCLE
8
BLACK
10
5.6760648425196853
20
-3.3280586220472439
40
0.0068897637795276
0
CIRCLE
8
BLACK
10
5.5760648425196848
20
-3.428058622047244
40
0.0068897637795276
0
CIRCLE
8
BLACK
10
5.5760648425196848
20
-3.3280586220472439
40
0.0068897637795276
0
CIRCLE
8
BLACK
10
5.8760648425196846
20
-3.428058622047244
40
0.0068897637795276
0
CIRCLE
8
BLACK
10
5.8760648425196846
20
-3.3280586220472439
40
0.0068897637795276
0
CIRCLE
8
BLACK
10
5.4760648425196852
20
-3.428058622047244
40
0.0068897637795276
0
CIRCLE
8
BLACK
10
5.4760648425196852
20
-3.3280586220472439
40
0.0068897637795276
0
CIRCLE
8
BLACK
10
5.9760648425196852
20
-3.428058622047244
40
0.0068897637795276
0
CIRCLE
8
BLACK
10
5.9760648425196852
20
-3.3280586220472439
40
0.0068897637795276
0
CIRCLE
8
BLACK
10
5.3760648425196846
20
-3.428058622047244
40
0.0068897637795276
0
CIRCLE
8
BLACK
10
5.3760648425196846
20
-3.3280586220472439
40
0.0068897637795276
0
CIRCLE
8
BLACK
10
5.276064842519685
20
-3.428058622047244
40
0.0068897637795276
0
CIRCLE
8
BLACK
10
5.276064842519685
20
-3.3280586220472439
40
0.0068897637795276
0
CIRCLE
8
BLACK
10
6.0760648425196848
20
-3.428058622047244
40
0.0068897637795276
0
CIRCLE
8
BLACK
10
6.0760648425196848
20
-3.3280586220472439
40
0.0068897637795276
0
CIRCLE
8
BLACK
10
7.026064842519685
20
-4.2030586220472443
40
0.0068897637795276
0
CIRCLE
8
BLACK
10
6.9260648425196845
20
-4.1030586220472438
40
0.0068897637795276
0
CIRCLE
8
BLACK
10
6.9260648425196845
20
-4.303058622047244
40
0.0068897637795276
0
CIRCLE
8
BLACK
10
7.1260648425196846
20
-4.1030586220472438
40
0.0068897637795276
0
CIRCLE
8
BLACK
10
7.1260648425196846
20
-4.303058622047244
40
0.0068897637795276
0
CIRCLE
8
BLACK
10
6.5960648425196853
20
-4.6580586220472444
40
0.0068897637795276
0
CIRCLE
8
BLACK
10
6.736064842519685
20
-4.6580586220472444
40
0.0068897637795276
0
CIRCLE
8
BLACK
10
5.9719309842519683
20
-3.9420349999999997
40
0.0039370078740157
0
CIRCLE
8
BLACK
10
5.9246868897637794
20
-3.9420349999999997
40
0.0039370078740157
0
CIRCLE
8
BLACK
10
5.8774427952755905
20
-3.9420349999999997
40
0.0039370078740157
0
CIRCLE
8
BLACK
10
5.8301987007874017
20
-3.9420349999999997
40
0.0039370078740157
0
CIRCLE
8
BLACK
10
5.9719309842519683
20
-4.0030586220472442
40
0.0039370078740157
0
CIRCLE
8
BLACK
10
5.9246868897637794
20
-4.0030586220472442
40
0.0039370078740157
0
CIRCLE
8
BLACK
10
5.8774427952755905
20
-4.0030586220472442
40
0.0039370078740157
0
CIRCLE
8
BLACK
10
5.8301987007874017
20
-4.0030586220472442
40
0.0039370078740157
0
CIRCLE
8
BLACK
10
5.9719309842519683
20
-4.0640822440944877
40
0.0039370078740157
0
CIRCLE
8
BLACK
10
5.9246868897637794
20
-4.0640822440944877
40
0.0039370078740157
0
CIRCLE
8
BLACK
10
5.8774427952755905
20
-4.0640822440944877
40
0.0039370078740157
0
CIRCLE
8
BLACK
10
5.8301987007874017
20
-4.0640822440944877
40
0.0039370078740157
  0
ENDSEC
  0
EOF
