  0
SECTION
  2
HEADER
  9
$ANGBASE
  50
0.0
  9
$ANGDIR
  70
1
  9
$MEASUREMENT
  70
0
  0
ENDSEC
  0
SECTION
  2
TABLES
  0
TABLE
  2
LTYPE
  70
4
  0
LTYPE
  5
40F
  2
CONTINUOUS
  70
0
  3
Solid line
  72
65
  73
0
  40
0.0
  0
LTYPE
  5
410
  2
DASHDOT
 70
0
  3
Dash Dot ____ _ ____ _
 72
65
 73
4
 40
2.0
 49
1.25
 49
-0.25
 49
0.25
 49
-0.25
  0
LTYPE
  5
411
  2
DASHED
 70
0
  3
Dashed __ __ __ __ __
 72
65
 73
2
 40
0.75
 49
0.5
 49
-0.25
  0
LTYPE
  5
43B
  2
DOTTED
 70
0
  3
Dotted .  .  .  .
 72
65
 73
2
 40
0.2
 49
0.0
 49
-0.2
  0
ENDTAB
  0
TABLE
  2
STYLE
  70
4
  0
STYLE
  2
KICAD
  70
0
  40
0
  41
1
  42
1
  50
0
  71
0
  3
isocp.shx
  0
STYLE
  2
KICADB
  70
0
  40
0
  41
1
  42
1
  50
0
  71
0
  3
isocp.shx
  0
STYLE
  2
KICADI
  70
0
  40
0
  41
1
  42
1
  50
15
  71
0
  3
isocp.shx
  0
STYLE
  2
KICADBI
  70
0
  40
0
  41
1
  42
1
  50
15
  71
0
  3
isocp.shx
  0
ENDTAB
  0
TABLE
  2
LAYER
  70
1
  0
LAYER
  2
BLACK
  70
0
  62
7
  6
CONTINUOUS
  0
ENDTAB
  0
ENDSEC
  0
SECTION
  2
ENTITIES
0
LINE
8
BLACK
6
CONTINUOUS
10
5.2809312598425198
20
-3.623081338582677
11
5.2853212992125984
21
-3.6253181889763777
0
LINE
8
BLACK
6
CONTINUOUS
10
5.2853212992125984
20
-3.6253181889763777
11
5.2888052755905512
21
-3.6288021653543305
0
LINE
8
BLACK
6
CONTINUOUS
10
5.2888052755905512
20
-3.6288021653543305
11
5.2910421259842515
21
-3.6331922047244092
0
LINE
8
BLACK
6
CONTINUOUS
10
5.2910421259842515
20
-3.6331922047244092
11
5.291812874015748
21
-3.638058622047244
0
LINE
8
BLACK
6
CONTINUOUS
10
5.291812874015748
20
-3.638058622047244
11
5.2910421259842515
21
-3.6429250393700787
0
LINE
8
BLACK
6
CONTINUOUS
10
5.2910421259842515
20
-3.6429250393700787
11
5.2888052755905512
21
-3.6473150787401574
0
LINE
8
BLACK
6
CONTINUOUS
10
5.2888052755905512
20
-3.6473150787401574
11
5.2853212992125984
21
-3.6507990551181102
0
LINE
8
BLACK
6
CONTINUOUS
10
5.2853212992125984
20
-3.6507990551181102
11
5.2819703543307082
21
-3.6525064566929135
0
LINE
8
BLACK
6
CONTINUOUS
10
5.2819703543307082
20
-3.6525064566929135
11
5.2819703543307082
21
-3.6556124803149603
0
LINE
8
BLACK
6
CONTINUOUS
10
5.2819703543307082
20
-3.6556124803149603
11
5.6985109842519686
21
-4.0721531102362203
0
LINE
8
BLACK
6
CONTINUOUS
10
5.6985109842519686
20
-4.0721531102362203
11
5.7216170078740154
21
-4.0721531102362203
0
LINE
8
BLACK
6
CONTINUOUS
10
5.7216170078740154
20
-4.0721531102362203
11
5.7233244094488187
21
-4.0688021653543309
0
LINE
8
BLACK
6
CONTINUOUS
10
5.7233244094488187
20
-4.0688021653543309
11
5.7268083858267715
21
-4.0653181889763781
0
LINE
8
BLACK
6
CONTINUOUS
10
5.7268083858267715
20
-4.0653181889763781
11
5.7311984251968502
21
-4.0630813385826769
0
LINE
8
BLACK
6
CONTINUOUS
10
5.7311984251968502
20
-4.0630813385826769
11
5.736064842519685
21
-4.0623105905511814
0
LINE
8
BLACK
6
CONTINUOUS
10
5.736064842519685
20
-4.0623105905511814
11
5.7409312598425197
21
-4.0630813385826769
0
LINE
8
BLACK
6
CONTINUOUS
10
5.7409312598425197
20
-4.0630813385826769
11
5.7453212992125984
21
-4.0653181889763781
0
LINE
8
BLACK
6
CONTINUOUS
10
5.7453212992125984
20
-4.0653181889763781
11
5.7488052755905512
21
-4.0688021653543309
0
LINE
8
BLACK
6
CONTINUOUS
10
5.7488052755905512
20
-4.0688021653543309
11
5.7510421259842515
21
-4.0731922047244096
0
LINE
8
BLACK
6
CONTINUOUS
10
5.7510421259842515
20
-4.0731922047244096
11
5.7518128740157479
21
-4.0780586220472443
0
LINE
8
BLACK
6
CONTINUOUS
10
5.7518128740157479
20
-4.0780586220472443
11
5.7510421259842515
21
-4.0829250393700782
0
LINE
8
BLACK
6
CONTINUOUS
10
5.7510421259842515
20
-4.0829250393700782
11
5.7504483070866144
21
-4.0840904330708661
0
LINE
8
BLACK
6
CONTINUOUS
10
5.7504483070866144
20
-4.0840904330708661
11
5.7802406692913388
21
-4.1138827952755905
0
LINE
8
BLACK
6
CONTINUOUS
10
5.7802406692913388
20
-4.1138827952755905
11
5.780975118110236
21
-4.1147777165354329
0
LINE
8
BLACK
6
CONTINUOUS
10
5.780975118110236
20
-4.1147777165354329
11
5.7813669291338581
21
-4.115723622047244
0
LINE
8
BLACK
6
CONTINUOUS
10
5.7813669291338581
20
-4.115723622047244
11
5.7818568897637794
21
-4.1169064960629917
0
LINE
8
BLACK
6
CONTINUOUS
10
5.7818568897637794
20
-4.1169064960629917
11
5.7819703543307082
21
-4.1180586220472444
0
LINE
8
BLACK
6
CONTINUOUS
10
5.7819703543307082
20
-4.1180586220472444
11
5.7819703543307082
21
-4.2236107480314962
0
LINE
8
BLACK
6
CONTINUOUS
10
5.7819703543307082
20
-4.2236107480314962
11
5.7853212992125984
21
-4.2253181889763782
0
LINE
8
BLACK
6
CONTINUOUS
10
5.7853212992125984
20
-4.2253181889763782
11
5.7888052755905512
21
-4.2288021653543302
0
LINE
8
BLACK
6
CONTINUOUS
10
5.7888052755905512
20
-4.2288021653543302
11
5.7910421259842515
21
-4.2331922047244097
0
LINE
8
BLACK
6
CONTINUOUS
10
5.7910421259842515
20
-4.2331922047244097
11
5.791812874015748
21
-4.2380586220472436
0
LINE
8
BLACK
6
CONTINUOUS
10
5.791812874015748
20
-4.2380586220472436
11
5.7910421259842515
21
-4.2429250393700784
0
LINE
8
BLACK
6
CONTINUOUS
10
5.7910421259842515
20
-4.2429250393700784
11
5.7888052755905512
21
-4.247315078740157
0
LINE
8
BLACK
6
CONTINUOUS
10
5.7888052755905512
20
-4.247315078740157
11
5.7853212992125984
21
-4.2507990551181098
0
LINE
8
BLACK
6
CONTINUOUS
10
5.7853212992125984
20
-4.2507990551181098
11
5.7809312598425198
21
-4.253035905511811
0
LINE
8
BLACK
6
CONTINUOUS
10
5.7809312598425198
20
-4.253035905511811
11
5.776064842519685
21
-4.2538066535433066
0
LINE
8
BLACK
6
CONTINUOUS
10
5.776064842519685
20
-4.2538066535433066
11
5.7711984251968502
21
-4.253035905511811
0
LINE
8
BLACK
6
CONTINUOUS
10
5.7711984251968502
20
-4.253035905511811
11
5.7668083858267716
21
-4.2507990551181098
0
LINE
8
BLACK
6
CONTINUOUS
10
5.7668083858267716
20
-4.2507990551181098
11
5.7633244094488187
21
-4.247315078740157
0
LINE
8
BLACK
6
CONTINUOUS
10
5.7633244094488187
20
-4.247315078740157
11
5.7610875590551176
21
-4.2429250393700784
0
LINE
8
BLACK
6
CONTINUOUS
10
5.7610875590551176
20
-4.2429250393700784
11
5.760316811023622
21
-4.2380586220472436
0
LINE
8
BLACK
6
CONTINUOUS
10
5.760316811023622
20
-4.2380586220472436
11
5.7610875590551176
21
-4.2331922047244097
0
LINE
8
BLACK
6
CONTINUOUS
10
5.7610875590551176
20
-4.2331922047244097
11
5.7633244094488187
21
-4.2288021653543302
0
LINE
8
BLACK
6
CONTINUOUS
10
5.7633244094488187
20
-4.2288021653543302
11
5.7668083858267716
21
-4.2253181889763782
0
LINE
8
BLACK
6
CONTINUOUS
10
5.7668083858267716
20
-4.2253181889763782
11
5.7701593307086609
21
-4.2236107480314962
0
LINE
8
BLACK
6
CONTINUOUS
10
5.7701593307086609
20
-4.2236107480314962
11
5.7701593307086609
21
-4.1205047637795271
0
LINE
8
BLACK
6
CONTINUOUS
10
5.7701593307086609
20
-4.1205047637795271
11
5.7420966535433067
21
-4.0924420866141729
0
LINE
8
BLACK
6
CONTINUOUS
10
5.7420966535433067
20
-4.0924420866141729
11
5.7409312598425197
21
-4.0930359055118108
0
LINE
8
BLACK
6
CONTINUOUS
10
5.7409312598425197
20
-4.0930359055118108
11
5.736064842519685
21
-4.0938066535433073
0
LINE
8
BLACK
6
CONTINUOUS
10
5.736064842519685
20
-4.0938066535433073
11
5.7311984251968502
21
-4.0930359055118108
0
LINE
8
BLACK
6
CONTINUOUS
10
5.7311984251968502
20
-4.0930359055118108
11
5.7268083858267715
21
-4.0907990551181097
0
LINE
8
BLACK
6
CONTINUOUS
10
5.7268083858267715
20
-4.0907990551181097
11
5.7233244094488187
21
-4.0873150787401578
0
LINE
8
BLACK
6
CONTINUOUS
10
5.7233244094488187
20
-4.0873150787401578
11
5.7216170078740154
21
-4.0839641338582675
0
LINE
8
BLACK
6
CONTINUOUS
10
5.7216170078740154
20
-4.0839641338582675
11
5.6960648425196849
21
-4.0839641338582675
0
LINE
8
BLACK
6
CONTINUOUS
10
5.6960648425196849
20
-4.0839641338582675
11
5.6949127165354332
21
-4.0838506692913388
0
LINE
8
BLACK
6
CONTINUOUS
10
5.6949127165354332
20
-4.0838506692913388
11
5.6940149212598428
21
-4.0834787795275593
0
LINE
8
BLACK
6
CONTINUOUS
10
5.6940149212598428
20
-4.0834787795275593
11
5.6927838976377956
21
-4.0829688976377954
0
LINE
8
BLACK
6
CONTINUOUS
10
5.6927838976377956
20
-4.0829688976377954
11
5.6918890157480311
21
-4.0822344488188973
0
LINE
8
BLACK
6
CONTINUOUS
10
5.6918890157480311
20
-4.0822344488188973
11
5.2718890157480311
21
-3.6622344488188974
0
LINE
8
BLACK
6
CONTINUOUS
10
5.2718890157480311
20
-3.6622344488188974
11
5.271154566929134
21
-3.661339527559055
0
LINE
8
BLACK
6
CONTINUOUS
10
5.271154566929134
20
-3.661339527559055
11
5.2702727952755906
21
-3.6592107086614174
0
LINE
8
BLACK
6
CONTINUOUS
10
5.2702727952755906
20
-3.6592107086614174
11
5.2701593307086609
21
-3.658058622047244
0
LINE
8
BLACK
6
CONTINUOUS
10
5.2701593307086609
20
-3.658058622047244
11
5.2701593307086609
21
-3.6525064566929135
0
LINE
8
BLACK
6
CONTINUOUS
10
5.2701593307086609
20
-3.6525064566929135
11
5.2668083858267716
21
-3.6507990551181102
0
LINE
8
BLACK
6
CONTINUOUS
10
5.2668083858267716
20
-3.6507990551181102
11
5.2633244094488187
21
-3.6473150787401574
0
LINE
8
BLACK
6
CONTINUOUS
10
5.2633244094488187
20
-3.6473150787401574
11
5.2610875590551176
21
-3.6429250393700787
0
LINE
8
BLACK
6
CONTINUOUS
10
5.2610875590551176
20
-3.6429250393700787
11
5.260316811023622
21
-3.638058622047244
0
LINE
8
BLACK
6
CONTINUOUS
10
5.260316811023622
20
-3.638058622047244
11
5.2610875590551176
21
-3.6331922047244092
0
LINE
8
BLACK
6
CONTINUOUS
10
5.2610875590551176
20
-3.6331922047244092
11
5.2633244094488187
21
-3.6288021653543305
0
LINE
8
BLACK
6
CONTINUOUS
10
5.2633244094488187
20
-3.6288021653543305
11
5.2668083858267716
21
-3.6253181889763777
0
LINE
8
BLACK
6
CONTINUOUS
10
5.2668083858267716
20
-3.6253181889763777
11
5.2711984251968502
21
-3.623081338582677
0
LINE
8
BLACK
6
CONTINUOUS
10
5.2711984251968502
20
-3.623081338582677
11
5.276064842519685
21
-3.622310590551181
0
LINE
8
BLACK
6
CONTINUOUS
10
5.276064842519685
20
-3.622310590551181
11
5.2809312598425198
21
-3.623081338582677
0
LINE
8
BLACK
6
CONTINUOUS
10
5.3809312598425194
20
-3.6130813385826772
11
5.3853212992125981
21
-3.6153181889763779
0
LINE
8
BLACK
6
CONTINUOUS
10
5.3853212992125981
20
-3.6153181889763779
11
5.3888052755905509
21
-3.6188021653543307
0
LINE
8
BLACK
6
CONTINUOUS
10
5.3888052755905509
20
-3.6188021653543307
11
5.391042125984252
21
-3.6231922047244094
0
LINE
8
BLACK
6
CONTINUOUS
10
5.391042125984252
20
-3.6231922047244094
11
5.3918128740157476
21
-3.6280586220472442
0
LINE
8
BLACK
6
CONTINUOUS
10
5.3918128740157476
20
-3.6280586220472442
11
5.391042125984252
21
-3.6329250393700785
0
LINE
8
BLACK
6
CONTINUOUS
10
5.391042125984252
20
-3.6329250393700785
11
5.3888052755905509
21
-3.6373150787401576
0
LINE
8
BLACK
6
CONTINUOUS
10
5.3888052755905509
20
-3.6373150787401576
11
5.3853212992125981
21
-3.64079905511811
0
LINE
8
BLACK
6
CONTINUOUS
10
5.3853212992125981
20
-3.64079905511811
11
5.3819703543307087
21
-3.6425064566929133
0
LINE
8
BLACK
6
CONTINUOUS
10
5.3819703543307087
20
-3.6425064566929133
11
5.3819703543307087
21
-3.7003903543307084
0
LINE
8
BLACK
6
CONTINUOUS
10
5.3819703543307087
20
-3.7003903543307084
11
5.7137331102362205
21
-4.0321531102362203
0
LINE
8
BLACK
6
CONTINUOUS
10
5.7137331102362205
20
-4.0321531102362203
11
5.7216170078740154
21
-4.0321531102362203
0
LINE
8
BLACK
6
CONTINUOUS
10
5.7216170078740154
20
-4.0321531102362203
11
5.7233244094488187
21
-4.0288021653543309
0
LINE
8
BLACK
6
CONTINUOUS
10
5.7233244094488187
20
-4.0288021653543309
11
5.7268083858267715
21
-4.0253181889763781
0
LINE
8
BLACK
6
CONTINUOUS
10
5.7268083858267715
20
-4.0253181889763781
11
5.7311984251968502
21
-4.0230813385826769
0
LINE
8
BLACK
6
CONTINUOUS
10
5.7311984251968502
20
-4.0230813385826769
11
5.736064842519685
21
-4.0223105905511813
0
LINE
8
BLACK
6
CONTINUOUS
10
5.736064842519685
20
-4.0223105905511813
11
5.7409312598425197
21
-4.0230813385826769
0
LINE
8
BLACK
6
CONTINUOUS
10
5.7409312598425197
20
-4.0230813385826769
11
5.7453212992125984
21
-4.0253181889763781
0
LINE
8
BLACK
6
CONTINUOUS
10
5.7453212992125984
20
-4.0253181889763781
11
5.7488052755905512
21
-4.0288021653543309
0
LINE
8
BLACK
6
CONTINUOUS
10
5.7488052755905512
20
-4.0288021653543309
11
5.7510421259842515
21
-4.0331922047244095
0
LINE
8
BLACK
6
CONTINUOUS
10
5.7510421259842515
20
-4.0331922047244095
11
5.7518128740157479
21
-4.0380586220472443
0
LINE
8
BLACK
6
CONTINUOUS
10
5.7518128740157479
20
-4.0380586220472443
11
5.7510421259842515
21
-4.0429250393700791
0
LINE
8
BLACK
6
CONTINUOUS
10
5.7510421259842515
20
-4.0429250393700791
11
5.7488052755905512
21
-4.0473150787401577
0
LINE
8
BLACK
6
CONTINUOUS
10
5.7488052755905512
20
-4.0473150787401577
11
5.7453212992125984
21
-4.0507990551181106
0
LINE
8
BLACK
6
CONTINUOUS
10
5.7453212992125984
20
-4.0507990551181106
11
5.7409312598425197
21
-4.0530359055118108
0
LINE
8
BLACK
6
CONTINUOUS
10
5.7409312598425197
20
-4.0530359055118108
11
5.736064842519685
21
-4.0538066535433073
0
LINE
8
BLACK
6
CONTINUOUS
10
5.736064842519685
20
-4.0538066535433073
11
5.7311984251968502
21
-4.0530359055118108
0
LINE
8
BLACK
6
CONTINUOUS
10
5.7311984251968502
20
-4.0530359055118108
11
5.7268083858267715
21
-4.0507990551181106
0
LINE
8
BLACK
6
CONTINUOUS
10
5.7268083858267715
20
-4.0507990551181106
11
5.7233244094488187
21
-4.0473150787401577
0
LINE
8
BLACK
6
CONTINUOUS
10
5.7233244094488187
20
-4.0473150787401577
11
5.7216170078740154
21
-4.0439641338582675
0
LINE
8
BLACK
6
CONTINUOUS
10
5.7216170078740154
20
-4.0439641338582675
11
5.7112869685039369
21
-4.0439641338582675
0
LINE
8
BLACK
6
CONTINUOUS
10
5.7112869685039369
20
-4.0439641338582675
11
5.7101348425196852
21
-4.0438506692913387
0
LINE
8
BLACK
6
CONTINUOUS
10
5.7101348425196852
20
-4.0438506692913387
11
5.7092276377952755
21
-4.0434748818897637
0
LINE
8
BLACK
6
CONTINUOUS
10
5.7092276377952755
20
-4.0434748818897637
11
5.7080060236220467
21
-4.0429688976377953
0
LINE
8
BLACK
6
CONTINUOUS
10
5.7080060236220467
20
-4.0429688976377953
11
5.7071111417322831
21
-4.0422344488188973
0
LINE
8
BLACK
6
CONTINUOUS
10
5.7071111417322831
20
-4.0422344488188973
11
5.3718890157480317
21
-3.7070123228346454
0
LINE
8
BLACK
6
CONTINUOUS
10
5.3718890157480317
20
-3.7070123228346454
11
5.3711545669291336
21
-3.7061174015748031
0
LINE
8
BLACK
6
CONTINUOUS
10
5.3711545669291336
20
-3.7061174015748031
11
5.3705398818897638
21
-3.7046334251968505
0
LINE
8
BLACK
6
CONTINUOUS
10
5.3705398818897638
20
-3.7046334251968505
11
5.3702727952755902
21
-3.7039886220472442
0
LINE
8
BLACK
6
CONTINUOUS
10
5.3702727952755902
20
-3.7039886220472442
11
5.3701593307086615
21
-3.702836496062992
0
LINE
8
BLACK
6
CONTINUOUS
10
5.3701593307086615
20
-3.702836496062992
11
5.3701593307086615
21
-3.6425064566929133
0
LINE
8
BLACK
6
CONTINUOUS
10
5.3701593307086615
20
-3.6425064566929133
11
5.3668083858267712
21
-3.64079905511811
0
LINE
8
BLACK
6
CONTINUOUS
10
5.3668083858267712
20
-3.64079905511811
11
5.3633244094488184
21
-3.6373150787401576
0
LINE
8
BLACK
6
CONTINUOUS
10
5.3633244094488184
20
-3.6373150787401576
11
5.3610875590551181
21
-3.6329250393700785
0
LINE
8
BLACK
6
CONTINUOUS
10
5.3610875590551181
20
-3.6329250393700785
11
5.3603168110236217
21
-3.6280586220472442
0
LINE
8
BLACK
6
CONTINUOUS
10
5.3603168110236217
20
-3.6280586220472442
11
5.3610875590551181
21
-3.6231922047244094
0
LINE
8
BLACK
6
CONTINUOUS
10
5.3610875590551181
20
-3.6231922047244094
11
5.3633244094488184
21
-3.6188021653543307
0
LINE
8
BLACK
6
CONTINUOUS
10
5.3633244094488184
20
-3.6188021653543307
11
5.3668083858267712
21
-3.6153181889763779
0
LINE
8
BLACK
6
CONTINUOUS
10
5.3668083858267712
20
-3.6153181889763779
11
5.3711984251968499
21
-3.6130813385826772
0
LINE
8
BLACK
6
CONTINUOUS
10
5.3711984251968499
20
-3.6130813385826772
11
5.3760648425196846
21
-3.6123105905511812
0
LINE
8
BLACK
6
CONTINUOUS
10
5.3760648425196846
20
-3.6123105905511812
11
5.3809312598425194
21
-3.6130813385826772
0
LINE
8
BLACK
6
CONTINUOUS
10
6.460931653543307
20
-4.1830813385826771
11
6.4653216929133857
21
-4.1853181889763782
0
LINE
8
BLACK
6
CONTINUOUS
10
6.4653216929133857
20
-4.1853181889763782
11
6.4688056692913385
21
-4.188802165354331
0
LINE
8
BLACK
6
CONTINUOUS
10
6.4688056692913385
20
-4.188802165354331
11
6.4710425196850396
21
-4.1931922047244097
0
LINE
8
BLACK
6
CONTINUOUS
10
6.4710425196850396
20
-4.1931922047244097
11
6.4718132677165352
21
-4.1980586220472436
0
LINE
8
BLACK
6
CONTINUOUS
10
6.4718132677165352
20
-4.1980586220472436
11
6.4715632283464561
21
-4.199637204724409
0
LINE
8
BLACK
6
CONTINUOUS
10
6.4715632283464561
20
-4.199637204724409
11
6.4760932677165357
21
-4.2041672440944877
0
LINE
8
BLACK
6
CONTINUOUS
10
6.4760932677165357
20
-4.2041672440944877
11
6.4773171259842517
21
-4.2056585433070861
0
LINE
8
BLACK
6
CONTINUOUS
10
6.4773171259842517
20
-4.2056585433070861
11
6.4773173228346455
21
-4.2056587401574799
0
LINE
8
BLACK
6
CONTINUOUS
10
6.4773173228346455
20
-4.2056587401574799
11
6.478786968503937
21
-4.2092067716535428
0
LINE
8
BLACK
6
CONTINUOUS
10
6.478786968503937
20
-4.2092067716535428
11
6.4789761023622043
21
-4.2111269685039368
0
LINE
8
BLACK
6
CONTINUOUS
10
6.4789761023622043
20
-4.2111269685039368
11
6.4789761023622043
21
-4.3889740157480315
0
LINE
8
BLACK
6
CONTINUOUS
10
6.4789761023622043
20
-4.3889740157480315
11
6.4818740157480317
21
-4.3918719291338579
0
LINE
8
BLACK
6
CONTINUOUS
10
6.4818740157480317
20
-4.3918719291338579
11
6.4841108661417319
21
-4.3962619685039366
0
LINE
8
BLACK
6
CONTINUOUS
10
6.4841108661417319
20
-4.3962619685039366
11
6.4848816141732284
21
-4.4011283858267713
0
LINE
8
BLACK
6
CONTINUOUS
10
6.4848816141732284
20
-4.4011283858267713
11
6.4846315748031493
21
-4.4027069291338581
0
LINE
8
BLACK
6
CONTINUOUS
10
6.4846315748031493
20
-4.4027069291338581
11
6.4918412992125987
21
-4.4099166535433074
0
LINE
8
BLACK
6
CONTINUOUS
10
6.4918412992125987
20
-4.4099166535433074
11
6.5130245669291336
21
-4.4310999606299211
0
LINE
8
BLACK
6
CONTINUOUS
10
6.5130245669291336
20
-4.4310999606299211
11
6.5142486220472442
21
-4.4325914566929132
0
LINE
8
BLACK
6
CONTINUOUS
10
6.5142486220472442
20
-4.4325914566929132
11
6.5157182677165357
21
-4.4361394881889762
0
LINE
8
BLACK
6
CONTINUOUS
10
6.5157182677165357
20
-4.4361394881889762
11
6.5157182677165357
21
-4.436139842519685
0
LINE
8
BLACK
6
CONTINUOUS
10
6.5157182677165357
20
-4.436139842519685
11
6.5159073622047243
21
-4.4380596456692913
0
LINE
8
BLACK
6
CONTINUOUS
10
6.5159073622047243
20
-4.4380596456692913
11
6.5159073622047243
21
-4.703981692913386
0
LINE
8
BLACK
6
CONTINUOUS
10
6.5159073622047243
20
-4.703981692913386
11
6.5344862598425193
21
-4.7225605905511809
0
LINE
8
BLACK
6
CONTINUOUS
10
6.5344862598425193
20
-4.7225605905511809
11
6.5360648425196848
21
-4.7223105905511806
0
LINE
8
BLACK
6
CONTINUOUS
10
6.5360648425196848
20
-4.7223105905511806
11
6.5409312598425196
21
-4.7230813385826771
0
LINE
8
BLACK
6
CONTINUOUS
10
6.5409312598425196
20
-4.7230813385826771
11
6.5453212992125982
21
-4.7253181889763782
0
LINE
8
BLACK
6
CONTINUOUS
10
6.5453212992125982
20
-4.7253181889763782
11
6.548805275590551
21
-4.7288021653543302
0
LINE
8
BLACK
6
CONTINUOUS
10
6.548805275590551
20
-4.7288021653543302
11
6.5510421259842522
21
-4.7331922047244097
0
LINE
8
BLACK
6
CONTINUOUS
10
6.5510421259842522
20
-4.7331922047244097
11
6.5518128740157477
21
-4.7380586220472436
0
LINE
8
BLACK
6
CONTINUOUS
10
6.5518128740157477
20
-4.7380586220472436
11
6.5510421259842522
21
-4.7429250393700784
0
LINE
8
BLACK
6
CONTINUOUS
10
6.5510421259842522
20
-4.7429250393700784
11
6.548805275590551
21
-4.747315078740157
0
LINE
8
BLACK
6
CONTINUOUS
10
6.548805275590551
20
-4.747315078740157
11
6.5453212992125982
21
-4.7507990551181098
0
LINE
8
BLACK
6
CONTINUOUS
10
6.5453212992125982
20
-4.7507990551181098
11
6.5409312598425196
21
-4.753035905511811
0
LINE
8
BLACK
6
CONTINUOUS
10
6.5409312598425196
20
-4.753035905511811
11
6.5360648425196848
21
-4.7538066535433066
0
LINE
8
BLACK
6
CONTINUOUS
10
6.5360648425196848
20
-4.7538066535433066
11
6.53119842519685
21
-4.753035905511811
0
LINE
8
BLACK
6
CONTINUOUS
10
6.53119842519685
20
-4.753035905511811
11
6.5268083858267714
21
-4.7507990551181098
0
LINE
8
BLACK
6
CONTINUOUS
10
6.5268083858267714
20
-4.7507990551181098
11
6.5233244094488185
21
-4.747315078740157
0
LINE
8
BLACK
6
CONTINUOUS
10
6.5233244094488185
20
-4.747315078740157
11
6.5210875590551183
21
-4.7429250393700784
0
LINE
8
BLACK
6
CONTINUOUS
10
6.5210875590551183
20
-4.7429250393700784
11
6.5203168110236218
21
-4.7380586220472436
0
LINE
8
BLACK
6
CONTINUOUS
10
6.5203168110236218
20
-4.7380586220472436
11
6.5205668110236221
21
-4.736480039370079
0
LINE
8
BLACK
6
CONTINUOUS
10
6.5205668110236221
20
-4.736480039370079
11
6.4991051181102364
21
-4.7150183464566924
0
LINE
8
BLACK
6
CONTINUOUS
10
6.4991051181102364
20
-4.7150183464566924
11
6.4978812598425195
21
-4.7135270078740152
0
LINE
8
BLACK
6
CONTINUOUS
10
6.4978812598425195
20
-4.7135270078740152
11
6.4978811023622045
21
-4.7135268503937011
0
LINE
8
BLACK
6
CONTINUOUS
10
6.4978811023622045
20
-4.7135268503937011
11
6.496411456692913
21
-4.7099788188976373
0
LINE
8
BLACK
6
CONTINUOUS
10
6.496411456692913
20
-4.7099788188976373
11
6.4962223228346456
21
-4.7080586220472442
0
LINE
8
BLACK
6
CONTINUOUS
10
6.4962223228346456
20
-4.7080586220472442
11
6.4962223228346456
21
-4.4421365354330709
0
LINE
8
BLACK
6
CONTINUOUS
10
6.4962223228346456
20
-4.4421365354330709
11
6.4779218503937006
21
-4.4238361023622046
0
LINE
8
BLACK
6
CONTINUOUS
10
6.4779218503937006
20
-4.4238361023622046
11
6.4707121259842522
21
-4.4166263779527561
0
LINE
8
BLACK
6
CONTINUOUS
10
6.4707121259842522
20
-4.4166263779527561
11
6.4691335826771654
21
-4.4168764173228343
0
LINE
8
BLACK
6
CONTINUOUS
10
6.4691335826771654
20
-4.4168764173228343
11
6.4642671653543307
21
-4.4161056692913387
0
LINE
8
BLACK
6
CONTINUOUS
10
6.4642671653543307
20
-4.4161056692913387
11
6.459877125984252
21
-4.4138688188976376
0
LINE
8
BLACK
6
CONTINUOUS
10
6.459877125984252
20
-4.4138688188976376
11
6.4563931496062992
21
-4.4103848425196848
0
LINE
8
BLACK
6
CONTINUOUS
10
6.4563931496062992
20
-4.4103848425196848
11
6.454156299212598
21
-4.4059948031496061
0
LINE
8
BLACK
6
CONTINUOUS
10
6.454156299212598
20
-4.4059948031496061
11
6.4533855511811025
21
-4.4011283858267713
0
LINE
8
BLACK
6
CONTINUOUS
10
6.4533855511811025
20
-4.4011283858267713
11
6.454156299212598
21
-4.3962619685039366
0
LINE
8
BLACK
6
CONTINUOUS
10
6.454156299212598
20
-4.3962619685039366
11
6.4563931496062992
21
-4.3918719291338579
0
LINE
8
BLACK
6
CONTINUOUS
10
6.4563931496062992
20
-4.3918719291338579
11
6.4592910629921256
21
-4.3889740157480315
0
LINE
8
BLACK
6
CONTINUOUS
10
6.4592910629921256
20
-4.3889740157480315
11
6.4592910629921256
21
-4.2152038582677163
0
LINE
8
BLACK
6
CONTINUOUS
10
6.4592910629921256
20
-4.2152038582677163
11
6.4576438188976377
21
-4.2135566141732284
0
LINE
8
BLACK
6
CONTINUOUS
10
6.4576438188976377
20
-4.2135566141732284
11
6.4560652362204722
21
-4.2138066535433074
0
LINE
8
BLACK
6
CONTINUOUS
10
6.4560652362204722
20
-4.2138066535433074
11
6.4511988188976375
21
-4.213035905511811
0
LINE
8
BLACK
6
CONTINUOUS
10
6.4511988188976375
20
-4.213035905511811
11
6.4468087795275588
21
-4.2107990551181098
0
LINE
8
BLACK
6
CONTINUOUS
10
6.4468087795275588
20
-4.2107990551181098
11
6.443324803149606
21
-4.207315078740157
0
LINE
8
BLACK
6
CONTINUOUS
10
6.443324803149606
20
-4.207315078740157
11
6.4410879527559057
21
-4.2029250393700783
0
LINE
8
BLACK
6
CONTINUOUS
10
6.4410879527559057
20
-4.2029250393700783
11
6.4403172047244093
21
-4.1980586220472436
0
LINE
8
BLACK
6
CONTINUOUS
10
6.4403172047244093
20
-4.1980586220472436
11
6.4410879527559057
21
-4.1931922047244097
0
LINE
8
BLACK
6
CONTINUOUS
10
6.4410879527559057
20
-4.1931922047244097
11
6.443324803149606
21
-4.188802165354331
0
LINE
8
BLACK
6
CONTINUOUS
10
6.443324803149606
20
-4.188802165354331
11
6.4468087795275588
21
-4.1853181889763782
0
LINE
8
BLACK
6
CONTINUOUS
10
6.4468087795275588
20
-4.1853181889763782
11
6.4511988188976375
21
-4.1830813385826771
0
LINE
8
BLACK
6
CONTINUOUS
10
6.4511988188976375
20
-4.1830813385826771
11
6.4560652362204722
21
-4.1823105905511806
0
LINE
8
BLACK
6
CONTINUOUS
10
6.4560652362204722
20
-4.1823105905511806
11
6.460931653543307
21
-4.1830813385826771
0
LINE
8
BLACK
6
CONTINUOUS
10
6.4760648425196852
20
-4.6980586220472436
11
6.4160648425196847
21
-4.6980586220472436
0
LINE
8
BLACK
6
CONTINUOUS
10
6.4160648425196847
20
-4.6980586220472436
11
6.4160648425196847
21
-4.638058622047244
0
LINE
8
BLACK
6
CONTINUOUS
10
6.4160648425196847
20
-4.638058622047244
11
6.4760648425196852
21
-4.638058622047244
0
LINE
8
BLACK
6
CONTINUOUS
10
6.4760648425196852
20
-4.638058622047244
11
6.4760648425196852
21
-4.6980586220472436
0
LINE
8
BLACK
6
CONTINUOUS
10
5.6310648425196845
20
-4.6080586220472437
11
5.5710648425196849
21
-4.6080586220472437
0
LINE
8
BLACK
6
CONTINUOUS
10
5.5710648425196849
20
-4.6080586220472437
11
5.5710648425196849
21
-4.5480586220472441
0
LINE
8
BLACK
6
CONTINUOUS
10
5.5710648425196849
20
-4.5480586220472441
11
5.6310648425196845
21
-4.5480586220472441
0
LINE
8
BLACK
6
CONTINUOUS
10
5.6310648425196845
20
-4.5480586220472441
11
5.6310648425196845
21
-4.6080586220472437
0
LINE
8
BLACK
6
CONTINUOUS
10
5.8310648425196847
20
-4.6080586220472437
11
5.7710648425196851
21
-4.6080586220472437
0
LINE
8
BLACK
6
CONTINUOUS
10
5.7710648425196851
20
-4.6080586220472437
11
5.7710648425196851
21
-4.5480586220472441
0
LINE
8
BLACK
6
CONTINUOUS
10
5.7710648425196851
20
-4.5480586220472441
11
5.8310648425196847
21
-4.5480586220472441
0
LINE
8
BLACK
6
CONTINUOUS
10
5.8310648425196847
20
-4.5480586220472441
11
5.8310648425196847
21
-4.6080586220472437
0
LINE
8
BLACK
6
CONTINUOUS
10
5.8060648425196852
20
-3.4580586220472442
11
5.7859073622047239
21
-3.4580586220472442
0
LINE
8
BLACK
6
CONTINUOUS
10
5.7859073622047239
20
-3.4580586220472442
11
5.7859073622047239
21
-3.4777436614173229
0
LINE
8
BLACK
6
CONTINUOUS
10
5.7859073622047239
20
-3.4777436614173229
11
5.7857182283464565
21
-3.4796638582677164
0
LINE
8
BLACK
6
CONTINUOUS
10
5.7857182283464565
20
-3.4796638582677164
11
5.784248582677165
21
-3.4832118897637794
0
LINE
8
BLACK
6
CONTINUOUS
10
5.784248582677165
20
-3.4832118897637794
11
5.7842483858267713
21
-3.4832120472440944
0
LINE
8
BLACK
6
CONTINUOUS
10
5.7842483858267713
20
-3.4832120472440944
11
5.7830245275590553
21
-3.4847033858267715
0
LINE
8
BLACK
6
CONTINUOUS
10
5.7830245275590553
20
-3.4847033858267715
11
5.7527096062992129
21
-3.5150183464566926
0
LINE
8
BLACK
6
CONTINUOUS
10
5.7527096062992129
20
-3.5150183464566926
11
5.7512182677165349
21
-3.5162421653543308
0
LINE
8
BLACK
6
CONTINUOUS
10
5.7512182677165349
20
-3.5162421653543308
11
5.7512181102362208
21
-3.5162423622047245
0
LINE
8
BLACK
6
CONTINUOUS
10
5.7512181102362208
20
-3.5162423622047245
11
5.7476700787401578
21
-3.5177120078740156
0
LINE
8
BLACK
6
CONTINUOUS
10
5.7476700787401578
20
-3.5177120078740156
11
5.7457498818897639
21
-3.5179011417322834
0
LINE
8
BLACK
6
CONTINUOUS
10
5.7457498818897639
20
-3.5179011417322834
11
5.2701417716535435
21
-3.5179011417322834
0
LINE
8
BLACK
6
CONTINUOUS
10
5.2701417716535435
20
-3.5179011417322834
11
5.195907362204724
21
-3.5921355511811024
0
LINE
8
BLACK
6
CONTINUOUS
10
5.195907362204724
20
-3.5921355511811024
11
5.195907362204724
21
-4.0089586220472437
0
LINE
8
BLACK
6
CONTINUOUS
10
5.195907362204724
20
-4.0089586220472437
11
5.195907362204724
21
-4.0475816929133854
0
LINE
8
BLACK
6
CONTINUOUS
10
5.195907362204724
20
-4.0475816929133854
11
5.5065417716535432
21
-4.3582161023622046
0
LINE
8
BLACK
6
CONTINUOUS
10
5.5065417716535432
20
-4.3582161023622046
11
6.2764000787401573
21
-4.3582161023622046
0
LINE
8
BLACK
6
CONTINUOUS
10
6.2764000787401573
20
-4.3582161023622046
11
6.2783202755905512
21
-4.3584052362204719
0
LINE
8
BLACK
6
CONTINUOUS
10
6.2783202755905512
20
-4.3584052362204719
11
6.2818683070866141
21
-4.3598748818897635
0
LINE
8
BLACK
6
CONTINUOUS
10
6.2818683070866141
20
-4.3598748818897635
11
6.2818684645669292
21
-4.3598750393700785
0
LINE
8
BLACK
6
CONTINUOUS
10
6.2818684645669292
20
-4.3598750393700785
11
6.2833598031496063
21
-4.3610988976377953
0
LINE
8
BLACK
6
CONTINUOUS
10
6.2833598031496063
20
-4.3610988976377953
11
6.3530245669291334
21
-4.4307637007874012
0
LINE
8
BLACK
6
CONTINUOUS
10
6.3530245669291334
20
-4.4307637007874012
11
6.3542486220472441
21
-4.4322551968503934
0
LINE
8
BLACK
6
CONTINUOUS
10
6.3542486220472441
20
-4.4322551968503934
11
6.3557182677165356
21
-4.4358032283464564
0
LINE
8
BLACK
6
CONTINUOUS
10
6.3557182677165356
20
-4.4358032283464564
11
6.3557182677165356
21
-4.4358035826771651
0
LINE
8
BLACK
6
CONTINUOUS
10
6.3557182677165356
20
-4.4358035826771651
11
6.3559073622047242
21
-4.4377233858267715
0
LINE
8
BLACK
6
CONTINUOUS
10
6.3559073622047242
20
-4.4377233858267715
11
6.3559073622047242
21
-4.5380586220472443
0
LINE
8
BLACK
6
CONTINUOUS
10
6.3559073622047242
20
-4.5380586220472443
11
6.3760648425196846
21
-4.5380586220472443
0
LINE
8
BLACK
6
CONTINUOUS
10
6.3760648425196846
20
-4.5380586220472443
11
6.3760648425196846
21
-4.5980586220472439
0
LINE
8
BLACK
6
CONTINUOUS
10
6.3760648425196846
20
-4.5980586220472439
11
6.316064842519685
21
-4.5980586220472439
0
LINE
8
BLACK
6
CONTINUOUS
10
6.316064842519685
20
-4.5980586220472439
11
6.316064842519685
21
-4.5380586220472443
0
LINE
8
BLACK
6
CONTINUOUS
10
6.316064842519685
20
-4.5380586220472443
11
6.3362223228346455
21
-4.5380586220472443
0
LINE
8
BLACK
6
CONTINUOUS
10
6.3362223228346455
20
-4.5380586220472443
11
6.3362223228346455
21
-4.441800275590551
0
LINE
8
BLACK
6
CONTINUOUS
10
6.3362223228346455
20
-4.441800275590551
11
6.272323149606299
21
-4.3779011417322833
0
LINE
8
BLACK
6
CONTINUOUS
10
6.272323149606299
20
-4.3779011417322833
11
5.5024648425196849
21
-4.3779011417322833
0
LINE
8
BLACK
6
CONTINUOUS
10
5.5024648425196849
20
-4.3779011417322833
11
5.500544645669291
21
-4.3777120078740159
0
LINE
8
BLACK
6
CONTINUOUS
10
5.500544645669291
20
-4.3777120078740159
11
5.496996614173228
21
-4.3762423622047244
0
LINE
8
BLACK
6
CONTINUOUS
10
5.496996614173228
20
-4.3762423622047244
11
5.4969964173228343
21
-4.3762421653543306
0
LINE
8
BLACK
6
CONTINUOUS
10
5.4969964173228343
20
-4.3762421653543306
11
5.4955051181102359
21
-4.3750183464566925
0
LINE
8
BLACK
6
CONTINUOUS
10
5.4955051181102359
20
-4.3750183464566925
11
5.1791051181102361
21
-4.0586183464566927
0
LINE
8
BLACK
6
CONTINUOUS
10
5.1791051181102361
20
-4.0586183464566927
11
5.1778812598425192
21
-4.0571270078740156
0
LINE
8
BLACK
6
CONTINUOUS
10
5.1778812598425192
20
-4.0571270078740156
11
5.1778811023622042
21
-4.0571268503937006
0
LINE
8
BLACK
6
CONTINUOUS
10
5.1778811023622042
20
-4.0571268503937006
11
5.1764114566929136
21
-4.0535788188976376
0
LINE
8
BLACK
6
CONTINUOUS
10
5.1764114566929136
20
-4.0535788188976376
11
5.1762223228346453
21
-4.0516586220472437
0
LINE
8
BLACK
6
CONTINUOUS
10
5.1762223228346453
20
-4.0516586220472437
11
5.1762223228346453
21
-4.0089586220472437
0
LINE
8
BLACK
6
CONTINUOUS
10
5.1762223228346453
20
-4.0089586220472437
11
5.1762223228346453
21
-3.5880586220472441
0
LINE
8
BLACK
6
CONTINUOUS
10
5.1762223228346453
20
-3.5880586220472441
11
5.1764114566929136
21
-3.5861384251968502
0
LINE
8
BLACK
6
CONTINUOUS
10
5.1764114566929136
20
-3.5861384251968502
11
5.1778811023622042
21
-3.5825903937007872
0
LINE
8
BLACK
6
CONTINUOUS
10
5.1778811023622042
20
-3.5825903937007872
11
5.1778812598425192
21
-3.5825901968503935
0
LINE
8
BLACK
6
CONTINUOUS
10
5.1778812598425192
20
-3.5825901968503935
11
5.1791051181102361
21
-3.5810988976377951
0
LINE
8
BLACK
6
CONTINUOUS
10
5.1791051181102361
20
-3.5810988976377951
11
5.2591051181102362
21
-3.501098897637795
0
LINE
8
BLACK
6
CONTINUOUS
10
5.2591051181102362
20
-3.501098897637795
11
5.2605966535433071
21
-3.4998748425196848
0
LINE
8
BLACK
6
CONTINUOUS
10
5.2605966535433071
20
-3.4998748425196848
11
5.2626750393700785
21
-3.4990139370078741
0
LINE
8
BLACK
6
CONTINUOUS
10
5.2626750393700785
20
-3.4990139370078741
11
5.2641446456692913
21
-3.4984052362204725
0
LINE
8
BLACK
6
CONTINUOUS
10
5.2641446456692913
20
-3.4984052362204725
11
5.2660648425196852
21
-3.4982161023622047
0
LINE
8
BLACK
6
CONTINUOUS
10
5.2660648425196852
20
-3.4982161023622047
11
5.7416729527559056
21
-3.4982161023622047
0
LINE
8
BLACK
6
CONTINUOUS
10
5.7416729527559056
20
-3.4982161023622047
11
5.7662223228346452
21
-3.4736667322834647
0
LINE
8
BLACK
6
CONTINUOUS
10
5.7662223228346452
20
-3.4736667322834647
11
5.7662223228346452
21
-3.4580586220472442
0
LINE
8
BLACK
6
CONTINUOUS
10
5.7662223228346452
20
-3.4580586220472442
11
5.7460648425196847
21
-3.4580586220472442
0
LINE
8
BLACK
6
CONTINUOUS
10
5.7460648425196847
20
-3.4580586220472442
11
5.7460648425196847
21
-3.3980586220472442
0
LINE
8
BLACK
6
CONTINUOUS
10
5.7460648425196847
20
-3.3980586220472442
11
5.8060648425196852
21
-3.3980586220472442
0
LINE
8
BLACK
6
CONTINUOUS
10
5.8060648425196852
20
-3.3980586220472442
11
5.8060648425196852
21
-3.4580586220472442
0
LINE
8
BLACK
6
CONTINUOUS
10
5.9060648425196849
20
-3.4580586220472442
11
5.8859073622047244
21
-3.4580586220472442
0
LINE
8
BLACK
6
CONTINUOUS
10
5.8859073622047244
20
-3.4580586220472442
11
5.8859073622047244
21
-3.4777436614173229
0
LINE
8
BLACK
6
CONTINUOUS
10
5.8859073622047244
20
-3.4777436614173229
11
5.8857182283464562
21
-3.4796638582677164
0
LINE
8
BLACK
6
CONTINUOUS
10
5.8857182283464562
20
-3.4796638582677164
11
5.8842485826771656
21
-3.4832118897637794
0
LINE
8
BLACK
6
CONTINUOUS
10
5.8842485826771656
20
-3.4832118897637794
11
5.8842483858267718
21
-3.4832120472440944
0
LINE
8
BLACK
6
CONTINUOUS
10
5.8842483858267718
20
-3.4832120472440944
11
5.8830245669291337
21
-3.4847033858267715
0
LINE
8
BLACK
6
CONTINUOUS
10
5.8830245669291337
20
-3.4847033858267715
11
5.8251501574803148
21
-3.5425777952755904
0
LINE
8
BLACK
6
CONTINUOUS
10
5.8251501574803148
20
-3.5425777952755904
11
5.8236588188976377
21
-3.5438016141732285
0
LINE
8
BLACK
6
CONTINUOUS
10
5.8236588188976377
20
-3.5438016141732285
11
5.8236586614173227
21
-3.5438018110236218
0
LINE
8
BLACK
6
CONTINUOUS
10
5.8236586614173227
20
-3.5438018110236218
11
5.8201106299212597
21
-3.5452714566929133
0
LINE
8
BLACK
6
CONTINUOUS
10
5.8201106299212597
20
-3.5452714566929133
11
5.8181904330708658
21
-3.5454605905511811
0
LINE
8
BLACK
6
CONTINUOUS
10
5.8181904330708658
20
-3.5454605905511811
11
5.2815572047244093
21
-3.5454605905511811
0
LINE
8
BLACK
6
CONTINUOUS
10
5.2815572047244093
20
-3.5454605905511811
11
5.2259073622047243
21
-3.6011104330708661
0
LINE
8
BLACK
6
CONTINUOUS
10
5.2259073622047243
20
-3.6011104330708661
11
5.2259073622047243
21
-4.0150068110236221
0
LINE
8
BLACK
6
CONTINUOUS
10
5.2259073622047243
20
-4.0150068110236221
11
5.5391166141732286
21
-4.3282161023622043
0
LINE
8
BLACK
6
CONTINUOUS
10
5.5391166141732286
20
-4.3282161023622043
11
6.3026255511811025
21
-4.3282161023622043
0
LINE
8
BLACK
6
CONTINUOUS
10
6.3026255511811025
20
-4.3282161023622043
11
6.3045457480314955
21
-4.3284052362204726
0
LINE
8
BLACK
6
CONTINUOUS
10
6.3045457480314955
20
-4.3284052362204726
11
6.3080937795275593
21
-4.3298748818897641
0
LINE
8
BLACK
6
CONTINUOUS
10
6.3080937795275593
20
-4.3298748818897641
11
6.3080939370078735
21
-4.3298750393700782
0
LINE
8
BLACK
6
CONTINUOUS
10
6.3080939370078735
20
-4.3298750393700782
11
6.3095852755905506
21
-4.3310988976377951
0
LINE
8
BLACK
6
CONTINUOUS
10
6.3095852755905506
20
-4.3310988976377951
11
6.4530245275590552
21
-4.4745381889763776
0
LINE
8
BLACK
6
CONTINUOUS
10
6.4530245275590552
20
-4.4745381889763776
11
6.4542483858267712
21
-4.4760294881889759
0
LINE
8
BLACK
6
CONTINUOUS
10
6.4542483858267712
20
-4.4760294881889759
11
6.4542485826771649
21
-4.4760296850393697
0
LINE
8
BLACK
6
CONTINUOUS
10
6.4542485826771649
20
-4.4760296850393697
11
6.4557182283464565
21
-4.4795777165354327
0
LINE
8
BLACK
6
CONTINUOUS
10
6.4557182283464565
20
-4.4795777165354327
11
6.4559073622047238
21
-4.4814979133858266
0
LINE
8
BLACK
6
CONTINUOUS
10
6.4559073622047238
20
-4.4814979133858266
11
6.4559073622047238
21
-4.5380586220472443
0
LINE
8
BLACK
6
CONTINUOUS
10
6.4559073622047238
20
-4.5380586220472443
11
6.4760648425196852
21
-4.5380586220472443
0
LINE
8
BLACK
6
CONTINUOUS
10
6.4760648425196852
20
-4.5380586220472443
11
6.4760648425196852
21
-4.5980586220472439
0
LINE
8
BLACK
6
CONTINUOUS
10
6.4760648425196852
20
-4.5980586220472439
11
6.4160648425196847
21
-4.5980586220472439
0
LINE
8
BLACK
6
CONTINUOUS
10
6.4160648425196847
20
-4.5980586220472439
11
6.4160648425196847
21
-4.5380586220472443
0
LINE
8
BLACK
6
CONTINUOUS
10
6.4160648425196847
20
-4.5380586220472443
11
6.4362223228346451
21
-4.5380586220472443
0
LINE
8
BLACK
6
CONTINUOUS
10
6.4362223228346451
20
-4.5380586220472443
11
6.4362223228346451
21
-4.4855748031496061
0
LINE
8
BLACK
6
CONTINUOUS
10
6.4362223228346451
20
-4.4855748031496061
11
6.2985486220472442
21
-4.347901141732283
0
LINE
8
BLACK
6
CONTINUOUS
10
6.2985486220472442
20
-4.347901141732283
11
5.5350397244094491
21
-4.347901141732283
0
LINE
8
BLACK
6
CONTINUOUS
10
5.5350397244094491
20
-4.347901141732283
11
5.5331199212598428
21
-4.3477120472440944
0
LINE
8
BLACK
6
CONTINUOUS
10
5.5331199212598428
20
-4.3477120472440944
11
5.533119566929134
21
-4.3477120472440944
0
LINE
8
BLACK
6
CONTINUOUS
10
5.533119566929134
20
-4.3477120472440944
11
5.529571535433071
21
-4.3462424015748029
0
LINE
8
BLACK
6
CONTINUOUS
10
5.529571535433071
20
-4.3462424015748029
11
5.5280800393700789
21
-4.3450183464566932
0
LINE
8
BLACK
6
CONTINUOUS
10
5.5280800393700789
20
-4.3450183464566932
11
5.2091051181102364
21
-4.0260434645669294
0
LINE
8
BLACK
6
CONTINUOUS
10
5.2091051181102364
20
-4.0260434645669294
11
5.2078812598425195
21
-4.0245521259842523
0
LINE
8
BLACK
6
CONTINUOUS
10
5.2078812598425195
20
-4.0245521259842523
11
5.2078811023622045
21
-4.0245519685039373
0
LINE
8
BLACK
6
CONTINUOUS
10
5.2078811023622045
20
-4.0245519685039373
11
5.2064114566929129
21
-4.0210039370078743
0
LINE
8
BLACK
6
CONTINUOUS
10
5.2064114566929129
20
-4.0210039370078743
11
5.2062223228346456
21
-4.0190837401574804
0
LINE
8
BLACK
6
CONTINUOUS
10
5.2062223228346456
20
-4.0190837401574804
11
5.2062223228346456
21
-3.5970335039370078
0
LINE
8
BLACK
6
CONTINUOUS
10
5.2062223228346456
20
-3.5970335039370078
11
5.2064114566929129
21
-3.5951133070866139
0
LINE
8
BLACK
6
CONTINUOUS
10
5.2064114566929129
20
-3.5951133070866139
11
5.2078811023622045
21
-3.5915652755905509
0
LINE
8
BLACK
6
CONTINUOUS
10
5.2078811023622045
20
-3.5915652755905509
11
5.2078812598425195
21
-3.5915650787401572
0
LINE
8
BLACK
6
CONTINUOUS
10
5.2078812598425195
20
-3.5915650787401572
11
5.2091051181102364
21
-3.5900737795275588
0
LINE
8
BLACK
6
CONTINUOUS
10
5.2091051181102364
20
-3.5900737795275588
11
5.270520551181102
21
-3.5286583464566927
0
LINE
8
BLACK
6
CONTINUOUS
10
5.270520551181102
20
-3.5286583464566927
11
5.2720118503937003
21
-3.5274344881889763
0
LINE
8
BLACK
6
CONTINUOUS
10
5.2720118503937003
20
-3.5274344881889763
11
5.2720120472440941
21
-3.5274343307086613
0
LINE
8
BLACK
6
CONTINUOUS
10
5.2720120472440941
20
-3.5274343307086613
11
5.2755600787401571
21
-3.5259646850393702
0
LINE
8
BLACK
6
CONTINUOUS
10
5.2755600787401571
20
-3.5259646850393702
11
5.277480275590551
21
-3.5257755511811024
0
LINE
8
BLACK
6
CONTINUOUS
10
5.277480275590551
20
-3.5257755511811024
11
5.8141135039370075
21
-3.5257755511811024
0
LINE
8
BLACK
6
CONTINUOUS
10
5.8141135039370075
20
-3.5257755511811024
11
5.8662223228346457
21
-3.4736667322834647
0
LINE
8
BLACK
6
CONTINUOUS
10
5.8662223228346457
20
-3.4736667322834647
11
5.8662223228346457
21
-3.4580586220472442
0
LINE
8
BLACK
6
CONTINUOUS
10
5.8662223228346457
20
-3.4580586220472442
11
5.8460648425196853
21
-3.4580586220472442
0
LINE
8
BLACK
6
CONTINUOUS
10
5.8460648425196853
20
-3.4580586220472442
11
5.8460648425196853
21
-3.3980586220472442
0
LINE
8
BLACK
6
CONTINUOUS
10
5.8460648425196853
20
-3.3980586220472442
11
5.9060648425196849
21
-3.3980586220472442
0
LINE
8
BLACK
6
CONTINUOUS
10
5.9060648425196849
20
-3.3980586220472442
11
5.9060648425196849
21
-3.4580586220472442
0
LINE
8
BLACK
6
CONTINUOUS
10
5.6310648425196845
20
-4.5080586220472441
11
5.5710648425196849
21
-4.5080586220472441
0
LINE
8
BLACK
6
CONTINUOUS
10
5.5710648425196849
20
-4.5080586220472441
11
5.5710648425196849
21
-4.4480586220472436
0
LINE
8
BLACK
6
CONTINUOUS
10
5.5710648425196849
20
-4.4480586220472436
11
5.6310648425196845
21
-4.4480586220472436
0
LINE
8
BLACK
6
CONTINUOUS
10
5.6310648425196845
20
-4.4480586220472436
11
5.6310648425196845
21
-4.5080586220472441
0
LINE
8
BLACK
6
CONTINUOUS
10
5.8310648425196847
20
-4.5080586220472441
11
5.7710648425196851
21
-4.5080586220472441
0
LINE
8
BLACK
6
CONTINUOUS
10
5.7710648425196851
20
-4.5080586220472441
11
5.7710648425196851
21
-4.4480586220472436
0
LINE
8
BLACK
6
CONTINUOUS
10
5.7710648425196851
20
-4.4480586220472436
11
5.8310648425196847
21
-4.4480586220472436
0
LINE
8
BLACK
6
CONTINUOUS
10
5.8310648425196847
20
-4.4480586220472436
11
5.8310648425196847
21
-4.5080586220472441
0
LINE
8
BLACK
6
CONTINUOUS
10
5.2954679527559056
20
-4.1885446456692916
11
5.2998579921259843
21
-4.1907814960629919
0
LINE
8
BLACK
6
CONTINUOUS
10
5.2998579921259843
20
-4.1907814960629919
11
5.3033419685039371
21
-4.1942654724409447
0
LINE
8
BLACK
6
CONTINUOUS
10
5.3033419685039371
20
-4.1942654724409447
11
5.3055788188976374
21
-4.1986555118110234
0
LINE
8
BLACK
6
CONTINUOUS
10
5.3055788188976374
20
-4.1986555118110234
11
5.3063495669291338
21
-4.2035219291338581
0
LINE
8
BLACK
6
CONTINUOUS
10
5.3063495669291338
20
-4.2035219291338581
11
5.3060995275590548
21
-4.2051004724409449
0
LINE
8
BLACK
6
CONTINUOUS
10
5.3060995275590548
20
-4.2051004724409449
11
5.4953434251968503
21
-4.3943443700787403
0
LINE
8
BLACK
6
CONTINUOUS
10
5.4953434251968503
20
-4.3943443700787403
11
6.2508463385826767
21
-4.3943443700787403
0
LINE
8
BLACK
6
CONTINUOUS
10
6.2508463385826767
20
-4.3943443700787403
11
6.253744251968504
21
-4.391446456692913
0
LINE
8
BLACK
6
CONTINUOUS
10
6.253744251968504
20
-4.391446456692913
11
6.2581342913385827
21
-4.3892096062992128
0
LINE
8
BLACK
6
CONTINUOUS
10
6.2581342913385827
20
-4.3892096062992128
11
6.2630007086614174
21
-4.3884388582677163
0
LINE
8
BLACK
6
CONTINUOUS
10
6.2630007086614174
20
-4.3884388582677163
11
6.2678671259842522
21
-4.3892096062992128
0
LINE
8
BLACK
6
CONTINUOUS
10
6.2678671259842522
20
-4.3892096062992128
11
6.2722571653543309
21
-4.391446456692913
0
LINE
8
BLACK
6
CONTINUOUS
10
6.2722571653543309
20
-4.391446456692913
11
6.2757411417322837
21
-4.3949304330708658
0
LINE
8
BLACK
6
CONTINUOUS
10
6.2757411417322837
20
-4.3949304330708658
11
6.277977992125984
21
-4.3993204724409445
0
LINE
8
BLACK
6
CONTINUOUS
10
6.277977992125984
20
-4.3993204724409445
11
6.2787487401574804
21
-4.4041868897637793
0
LINE
8
BLACK
6
CONTINUOUS
10
6.2787487401574804
20
-4.4041868897637793
11
6.277977992125984
21
-4.409053307086614
0
LINE
8
BLACK
6
CONTINUOUS
10
6.277977992125984
20
-4.409053307086614
11
6.2757411417322837
21
-4.4134433464566927
0
LINE
8
BLACK
6
CONTINUOUS
10
6.2757411417322837
20
-4.4134433464566927
11
6.2722571653543309
21
-4.4169273228346455
0
LINE
8
BLACK
6
CONTINUOUS
10
6.2722571653543309
20
-4.4169273228346455
11
6.2678671259842522
21
-4.4191641732283466
0
LINE
8
BLACK
6
CONTINUOUS
10
6.2678671259842522
20
-4.4191641732283466
11
6.2630007086614174
21
-4.4199349212598422
0
LINE
8
BLACK
6
CONTINUOUS
10
6.2630007086614174
20
-4.4199349212598422
11
6.2581342913385827
21
-4.4191641732283466
0
LINE
8
BLACK
6
CONTINUOUS
10
6.2581342913385827
20
-4.4191641732283466
11
6.253744251968504
21
-4.4169273228346455
0
LINE
8
BLACK
6
CONTINUOUS
10
6.253744251968504
20
-4.4169273228346455
11
6.2508463385826767
21
-4.4140294094488191
0
LINE
8
BLACK
6
CONTINUOUS
10
6.2508463385826767
20
-4.4140294094488191
11
5.491266496062992
21
-4.4140294094488191
0
LINE
8
BLACK
6
CONTINUOUS
10
5.491266496062992
20
-4.4140294094488191
11
5.4893462992125981
21
-4.4138402755905508
0
LINE
8
BLACK
6
CONTINUOUS
10
5.4893462992125981
20
-4.4138402755905508
11
5.4857982677165351
21
-4.4123706299212602
0
LINE
8
BLACK
6
CONTINUOUS
10
5.4857982677165351
20
-4.4123706299212602
11
5.4857980708661414
21
-4.4123704330708664
0
LINE
8
BLACK
6
CONTINUOUS
10
5.4857980708661414
20
-4.4123704330708664
11
5.484306771653543
21
-4.4111466141732283
0
LINE
8
BLACK
6
CONTINUOUS
10
5.484306771653543
20
-4.4111466141732283
11
5.2921800787401576
21
-4.219019921259842
0
LINE
8
BLACK
6
CONTINUOUS
10
5.2921800787401576
20
-4.219019921259842
11
5.2906015354330709
21
-4.2192699606299211
0
LINE
8
BLACK
6
CONTINUOUS
10
5.2906015354330709
20
-4.2192699606299211
11
5.2857351181102361
21
-4.2184992125984255
0
LINE
8
BLACK
6
CONTINUOUS
10
5.2857351181102361
20
-4.2184992125984255
11
5.2813450787401575
21
-4.2162623622047244
0
LINE
8
BLACK
6
CONTINUOUS
10
5.2813450787401575
20
-4.2162623622047244
11
5.2778611023622046
21
-4.2127783858267716
0
LINE
8
BLACK
6
CONTINUOUS
10
5.2778611023622046
20
-4.2127783858267716
11
5.2756242519685035
21
-4.2083883464566929
0
LINE
8
BLACK
6
CONTINUOUS
10
5.2756242519685035
20
-4.2083883464566929
11
5.2748535039370079
21
-4.2035219291338581
0
LINE
8
BLACK
6
CONTINUOUS
10
5.2748535039370079
20
-4.2035219291338581
11
5.2756242519685035
21
-4.1986555118110234
0
LINE
8
BLACK
6
CONTINUOUS
10
5.2756242519685035
20
-4.1986555118110234
11
5.2778611023622046
21
-4.1942654724409447
0
LINE
8
BLACK
6
CONTINUOUS
10
5.2778611023622046
20
-4.1942654724409447
11
5.2813450787401575
21
-4.1907814960629919
0
LINE
8
BLACK
6
CONTINUOUS
10
5.2813450787401575
20
-4.1907814960629919
11
5.2857351181102361
21
-4.1885446456692916
0
LINE
8
BLACK
6
CONTINUOUS
10
5.2857351181102361
20
-4.1885446456692916
11
5.2906015354330709
21
-4.1877738976377952
0
LINE
8
BLACK
6
CONTINUOUS
10
5.2906015354330709
20
-4.1877738976377952
11
5.2954679527559056
21
-4.1885446456692916
0
LINE
8
BLACK
6
CONTINUOUS
10
6.002387952755905
20
-4.1330813385826772
11
6.0067779921259845
21
-4.1353181889763775
0
LINE
8
BLACK
6
CONTINUOUS
10
6.0067779921259845
20
-4.1353181889763775
11
6.0102619685039365
21
-4.1388021653543303
0
LINE
8
BLACK
6
CONTINUOUS
10
6.0102619685039365
20
-4.1388021653543303
11
6.0119693700787398
21
-4.1421531102362206
0
LINE
8
BLACK
6
CONTINUOUS
10
6.0119693700787398
20
-4.1421531102362206
11
6.0160648425196852
21
-4.1421531102362206
0
LINE
8
BLACK
6
CONTINUOUS
10
6.0160648425196852
20
-4.1421531102362206
11
6.0172169685039369
21
-4.1422665748031493
0
LINE
8
BLACK
6
CONTINUOUS
10
6.0172169685039369
20
-4.1422665748031493
11
6.0179988188976372
21
-4.1425904330708656
0
LINE
8
BLACK
6
CONTINUOUS
10
6.0179988188976372
20
-4.1425904330708656
11
6.0193457480314958
21
-4.1431483464566927
0
LINE
8
BLACK
6
CONTINUOUS
10
6.0193457480314958
20
-4.1431483464566927
11
6.0202406692913382
21
-4.1438827952755908
0
LINE
8
BLACK
6
CONTINUOUS
10
6.0202406692913382
20
-4.1438827952755908
11
6.1500329921259844
21
-4.2736751181102361
0
LINE
8
BLACK
6
CONTINUOUS
10
6.1500329921259844
20
-4.2736751181102361
11
6.1511984251968501
21
-4.2730813385826769
0
LINE
8
BLACK
6
CONTINUOUS
10
6.1511984251968501
20
-4.2730813385826769
11
6.1560648425196849
21
-4.2723105905511813
0
LINE
8
BLACK
6
CONTINUOUS
10
6.1560648425196849
20
-4.2723105905511813
11
6.1609312598425197
21
-4.2730813385826769
0
LINE
8
BLACK
6
CONTINUOUS
10
6.1609312598425197
20
-4.2730813385826769
11
6.1653212992125983
21
-4.2753181889763781
0
LINE
8
BLACK
6
CONTINUOUS
10
6.1653212992125983
20
-4.2753181889763781
11
6.1688052755905511
21
-4.2788021653543309
0
LINE
8
BLACK
6
CONTINUOUS
10
6.1688052755905511
20
-4.2788021653543309
11
6.1710421259842514
21
-4.2831922047244095
0
LINE
8
BLACK
6
CONTINUOUS
10
6.1710421259842514
20
-4.2831922047244095
11
6.1718128740157479
21
-4.2880586220472443
0
LINE
8
BLACK
6
CONTINUOUS
10
6.1718128740157479
20
-4.2880586220472443
11
6.1710421259842514
21
-4.2929250393700791
0
LINE
8
BLACK
6
CONTINUOUS
10
6.1710421259842514
20
-4.2929250393700791
11
6.1688052755905511
21
-4.2973150787401577
0
LINE
8
BLACK
6
CONTINUOUS
10
6.1688052755905511
20
-4.2973150787401577
11
6.1653212992125983
21
-4.3007990551181106
0
LINE
8
BLACK
6
CONTINUOUS
10
6.1653212992125983
20
-4.3007990551181106
11
6.1609312598425197
21
-4.3030359055118108
0
LINE
8
BLACK
6
CONTINUOUS
10
6.1609312598425197
20
-4.3030359055118108
11
6.1560648425196849
21
-4.3038066535433073
0
LINE
8
BLACK
6
CONTINUOUS
10
6.1560648425196849
20
-4.3038066535433073
11
6.1511984251968501
21
-4.3030359055118108
0
LINE
8
BLACK
6
CONTINUOUS
10
6.1511984251968501
20
-4.3030359055118108
11
6.1468083858267715
21
-4.3007990551181106
0
LINE
8
BLACK
6
CONTINUOUS
10
6.1468083858267715
20
-4.3007990551181106
11
6.1433244094488186
21
-4.2973150787401577
0
LINE
8
BLACK
6
CONTINUOUS
10
6.1433244094488186
20
-4.2973150787401577
11
6.1410875590551184
21
-4.2929250393700791
0
LINE
8
BLACK
6
CONTINUOUS
10
6.1410875590551184
20
-4.2929250393700791
11
6.1403168110236219
21
-4.2880586220472443
0
LINE
8
BLACK
6
CONTINUOUS
10
6.1403168110236219
20
-4.2880586220472443
11
6.1410875590551184
21
-4.2831922047244095
0
LINE
8
BLACK
6
CONTINUOUS
10
6.1410875590551184
20
-4.2831922047244095
11
6.1416813385826767
21
-4.282026771653543
0
LINE
8
BLACK
6
CONTINUOUS
10
6.1416813385826767
20
-4.282026771653543
11
6.0136187007874016
21
-4.1539641338582678
0
LINE
8
BLACK
6
CONTINUOUS
10
6.0136187007874016
20
-4.1539641338582678
11
6.0119693700787398
21
-4.1539641338582678
0
LINE
8
BLACK
6
CONTINUOUS
10
6.0119693700787398
20
-4.1539641338582678
11
6.0102619685039365
21
-4.1573150787401572
0
LINE
8
BLACK
6
CONTINUOUS
10
6.0102619685039365
20
-4.1573150787401572
11
6.0067779921259845
21
-4.16079905511811
0
LINE
8
BLACK
6
CONTINUOUS
10
6.0067779921259845
20
-4.16079905511811
11
6.002387952755905
21
-4.1630359055118111
0
LINE
8
BLACK
6
CONTINUOUS
10
6.002387952755905
20
-4.1630359055118111
11
5.9975215354330711
21
-4.1638066535433067
0
LINE
8
BLACK
6
CONTINUOUS
10
5.9975215354330711
20
-4.1638066535433067
11
5.9926551181102363
21
-4.1630359055118111
0
LINE
8
BLACK
6
CONTINUOUS
10
5.9926551181102363
20
-4.1630359055118111
11
5.9882650787401577
21
-4.16079905511811
0
LINE
8
BLACK
6
CONTINUOUS
10
5.9882650787401577
20
-4.16079905511811
11
5.9847811023622048
21
-4.1573150787401572
0
LINE
8
BLACK
6
CONTINUOUS
10
5.9847811023622048
20
-4.1573150787401572
11
5.9825442519685037
21
-4.1529250393700785
0
LINE
8
BLACK
6
CONTINUOUS
10
5.9825442519685037
20
-4.1529250393700785
11
5.9817735039370081
21
-4.1480586220472437
0
LINE
8
BLACK
6
CONTINUOUS
10
5.9817735039370081
20
-4.1480586220472437
11
5.9825442519685037
21
-4.143192204724409
0
LINE
8
BLACK
6
CONTINUOUS
10
5.9825442519685037
20
-4.143192204724409
11
5.9847811023622048
21
-4.1388021653543303
0
LINE
8
BLACK
6
CONTINUOUS
10
5.9847811023622048
20
-4.1388021653543303
11
5.9882650787401577
21
-4.1353181889763775
0
LINE
8
BLACK
6
CONTINUOUS
10
5.9882650787401577
20
-4.1353181889763775
11
5.9926551181102363
21
-4.1330813385826772
0
LINE
8
BLACK
6
CONTINUOUS
10
5.9926551181102363
20
-4.1330813385826772
11
5.9975215354330711
21
-4.1323105905511808
0
LINE
8
BLACK
6
CONTINUOUS
10
5.9975215354330711
20
-4.1323105905511808
11
6.002387952755905
21
-4.1330813385826772
0
LINE
8
BLACK
6
CONTINUOUS
10
5.9559312598425196
20
-3.6130813385826772
11
5.9603212992125982
21
-3.6153181889763779
0
LINE
8
BLACK
6
CONTINUOUS
10
5.9603212992125982
20
-3.6153181889763779
11
5.9638052755905511
21
-3.6188021653543307
0
LINE
8
BLACK
6
CONTINUOUS
10
5.9638052755905511
20
-3.6188021653543307
11
5.9660421259842522
21
-3.6231922047244094
0
LINE
8
BLACK
6
CONTINUOUS
10
5.9660421259842522
20
-3.6231922047244094
11
5.9668128740157478
21
-3.6280586220472442
0
LINE
8
BLACK
6
CONTINUOUS
10
5.9668128740157478
20
-3.6280586220472442
11
5.9660421259842522
21
-3.6329250393700785
0
LINE
8
BLACK
6
CONTINUOUS
10
5.9660421259842522
20
-3.6329250393700785
11
5.9638052755905511
21
-3.6373150787401576
0
LINE
8
BLACK
6
CONTINUOUS
10
5.9638052755905511
20
-3.6373150787401576
11
5.9603212992125982
21
-3.64079905511811
0
LINE
8
BLACK
6
CONTINUOUS
10
5.9603212992125982
20
-3.64079905511811
11
5.9559312598425196
21
-3.6430359055118111
0
LINE
8
BLACK
6
CONTINUOUS
10
5.9559312598425196
20
-3.6430359055118111
11
5.9550018503937006
21
-3.6431830708661415
0
LINE
8
BLACK
6
CONTINUOUS
10
5.9550018503937006
20
-3.6431830708661415
11
5.9550018503937006
21
-3.8014278346456694
0
LINE
8
BLACK
6
CONTINUOUS
10
5.9550018503937006
20
-3.8014278346456694
11
5.9931888188976377
21
-3.839614803149606
0
LINE
8
BLACK
6
CONTINUOUS
10
5.9931888188976377
20
-3.839614803149606
11
5.9961984251968499
21
-3.8380813385826769
0
LINE
8
BLACK
6
CONTINUOUS
10
5.9961984251968499
20
-3.8380813385826769
11
6.0010648425196846
21
-3.8373105905511808
0
LINE
8
BLACK
6
CONTINUOUS
10
6.0010648425196846
20
-3.8373105905511808
11
6.0059312598425194
21
-3.8380813385826769
0
LINE
8
BLACK
6
CONTINUOUS
10
6.0059312598425194
20
-3.8380813385826769
11
6.0103212992125981
21
-3.840318188976378
0
LINE
8
BLACK
6
CONTINUOUS
10
6.0103212992125981
20
-3.840318188976378
11
6.0138052755905509
21
-3.8438021653543308
0
LINE
8
BLACK
6
CONTINUOUS
10
6.0138052755905509
20
-3.8438021653543308
11
6.016042125984252
21
-3.8481922047244095
0
LINE
8
BLACK
6
CONTINUOUS
10
6.016042125984252
20
-3.8481922047244095
11
6.0168128740157476
21
-3.8530586220472438
0
LINE
8
BLACK
6
CONTINUOUS
10
6.0168128740157476
20
-3.8530586220472438
11
6.016042125984252
21
-3.8579250393700786
0
LINE
8
BLACK
6
CONTINUOUS
10
6.016042125984252
20
-3.8579250393700786
11
6.0138052755905509
21
-3.8623150787401572
0
LINE
8
BLACK
6
CONTINUOUS
10
6.0138052755905509
20
-3.8623150787401572
11
6.0103212992125981
21
-3.8657990551181101
0
LINE
8
BLACK
6
CONTINUOUS
10
6.0103212992125981
20
-3.8657990551181101
11
6.0059312598425194
21
-3.8680359055118108
0
LINE
8
BLACK
6
CONTINUOUS
10
6.0059312598425194
20
-3.8680359055118108
11
6.0010648425196846
21
-3.8688066535433072
0
LINE
8
BLACK
6
CONTINUOUS
10
6.0010648425196846
20
-3.8688066535433072
11
5.9961984251968499
21
-3.8680359055118108
0
LINE
8
BLACK
6
CONTINUOUS
10
5.9961984251968499
20
-3.8680359055118108
11
5.9918083858267712
21
-3.8657990551181101
0
LINE
8
BLACK
6
CONTINUOUS
10
5.9918083858267712
20
-3.8657990551181101
11
5.9883244094488184
21
-3.8623150787401572
0
LINE
8
BLACK
6
CONTINUOUS
10
5.9883244094488184
20
-3.8623150787401572
11
5.9860875590551181
21
-3.8579250393700786
0
LINE
8
BLACK
6
CONTINUOUS
10
5.9860875590551181
20
-3.8579250393700786
11
5.9853168110236217
21
-3.8530586220472438
0
LINE
8
BLACK
6
CONTINUOUS
10
5.9853168110236217
20
-3.8530586220472438
11
5.9860875590551181
21
-3.8481922047244095
0
LINE
8
BLACK
6
CONTINUOUS
10
5.9860875590551181
20
-3.8481922047244095
11
5.9876210236220473
21
-3.8451825984251968
0
LINE
8
BLACK
6
CONTINUOUS
10
5.9876210236220473
20
-3.8451825984251968
11
5.9482809448818896
21
-3.8058425196850392
0
LINE
8
BLACK
6
CONTINUOUS
10
5.9482809448818896
20
-3.8058425196850392
11
5.9477913385826771
21
-3.8052459055118111
0
LINE
8
BLACK
6
CONTINUOUS
10
5.9477913385826771
20
-3.8052459055118111
11
5.9472034645669289
21
-3.8038266929133857
0
LINE
8
BLACK
6
CONTINUOUS
10
5.9472034645669289
20
-3.8038266929133857
11
5.9471278346456691
21
-3.803058622047244
0
LINE
8
BLACK
6
CONTINUOUS
10
5.9471278346456691
20
-3.803058622047244
11
5.9471278346456691
21
-3.6431830708661415
0
LINE
8
BLACK
6
CONTINUOUS
10
5.9471278346456691
20
-3.6431830708661415
11
5.94619842519685
21
-3.6430359055118111
0
LINE
8
BLACK
6
CONTINUOUS
10
5.94619842519685
20
-3.6430359055118111
11
5.9418083858267714
21
-3.64079905511811
0
LINE
8
BLACK
6
CONTINUOUS
10
5.9418083858267714
20
-3.64079905511811
11
5.9383244094488186
21
-3.6373150787401576
0
LINE
8
BLACK
6
CONTINUOUS
10
5.9383244094488186
20
-3.6373150787401576
11
5.9360875590551183
21
-3.6329250393700785
0
LINE
8
BLACK
6
CONTINUOUS
10
5.9360875590551183
20
-3.6329250393700785
11
5.9353168110236219
21
-3.6280586220472442
0
LINE
8
BLACK
6
CONTINUOUS
10
5.9353168110236219
20
-3.6280586220472442
11
5.9360875590551183
21
-3.6231922047244094
0
LINE
8
BLACK
6
CONTINUOUS
10
5.9360875590551183
20
-3.6231922047244094
11
5.9383244094488186
21
-3.6188021653543307
0
LINE
8
BLACK
6
CONTINUOUS
10
5.9383244094488186
20
-3.6188021653543307
11
5.9418083858267714
21
-3.6153181889763779
0
LINE
8
BLACK
6
CONTINUOUS
10
5.9418083858267714
20
-3.6153181889763779
11
5.94619842519685
21
-3.6130813385826772
0
LINE
8
BLACK
6
CONTINUOUS
10
5.94619842519685
20
-3.6130813385826772
11
5.9510648425196848
21
-3.6123105905511812
0
LINE
8
BLACK
6
CONTINUOUS
10
5.9510648425196848
20
-3.6123105905511812
11
5.9559312598425196
21
-3.6130813385826772
0
LINE
8
BLACK
6
CONTINUOUS
10
5.8819312598425197
20
-3.541703464566929
11
5.8863212992125984
21
-3.5439403149606297
0
LINE
8
BLACK
6
CONTINUOUS
10
5.8863212992125984
20
-3.5439403149606297
11
5.8898052755905512
21
-3.5474242913385825
0
LINE
8
BLACK
6
CONTINUOUS
10
5.8898052755905512
20
-3.5474242913385825
11
5.8920421259842515
21
-3.5518143307086611
0
LINE
8
BLACK
6
CONTINUOUS
10
5.8920421259842515
20
-3.5518143307086611
11
5.8928128740157479
21
-3.5566807480314959
0
LINE
8
BLACK
6
CONTINUOUS
10
5.8928128740157479
20
-3.5566807480314959
11
5.8920421259842515
21
-3.5615471653543307
0
LINE
8
BLACK
6
CONTINUOUS
10
5.8920421259842515
20
-3.5615471653543307
11
5.8898052755905512
21
-3.5659372047244093
0
LINE
8
BLACK
6
CONTINUOUS
10
5.8898052755905512
20
-3.5659372047244093
11
5.8863212992125984
21
-3.5694211811023622
0
LINE
8
BLACK
6
CONTINUOUS
10
5.8863212992125984
20
-3.5694211811023622
11
5.8819312598425197
21
-3.5716580314960629
0
LINE
8
BLACK
6
CONTINUOUS
10
5.8819312598425197
20
-3.5716580314960629
11
5.8810018503937007
21
-3.5718051968503937
0
LINE
8
BLACK
6
CONTINUOUS
10
5.8810018503937007
20
-3.5718051968503937
11
5.8810018503937007
21
-3.5932153149606298
0
LINE
8
BLACK
6
CONTINUOUS
10
5.8810018503937007
20
-3.5932153149606298
11
5.9307622047244095
21
-3.6429756692913386
0
LINE
8
BLACK
6
CONTINUOUS
10
5.9307622047244095
20
-3.6429756692913386
11
5.9312518110236221
21
-3.6435722834645667
0
LINE
8
BLACK
6
CONTINUOUS
10
5.9312518110236221
20
-3.6435722834645667
11
5.9318396850393702
21
-3.6449914960629921
0
LINE
8
BLACK
6
CONTINUOUS
10
5.9318396850393702
20
-3.6449914960629921
11
5.9319153149606301
21
-3.6457595669291338
0
LINE
8
BLACK
6
CONTINUOUS
10
5.9319153149606301
20
-3.6457595669291338
11
5.9319153149606301
21
-3.8194317716535431
0
LINE
8
BLACK
6
CONTINUOUS
10
5.9319153149606301
20
-3.8194317716535431
11
5.9328447244094491
21
-3.8195789763779526
0
LINE
8
BLACK
6
CONTINUOUS
10
5.9328447244094491
20
-3.8195789763779526
11
5.9372347637795277
21
-3.8218158267716533
0
LINE
8
BLACK
6
CONTINUOUS
10
5.9372347637795277
20
-3.8218158267716533
11
5.9407187401574806
21
-3.8252998031496062
0
LINE
8
BLACK
6
CONTINUOUS
10
5.9407187401574806
20
-3.8252998031496062
11
5.9429555905511808
21
-3.8296898425196848
0
LINE
8
BLACK
6
CONTINUOUS
10
5.9429555905511808
20
-3.8296898425196848
11
5.9437263385826773
21
-3.8345562598425196
0
LINE
8
BLACK
6
CONTINUOUS
10
5.9437263385826773
20
-3.8345562598425196
11
5.9429555905511808
21
-3.8394226771653543
0
LINE
8
BLACK
6
CONTINUOUS
10
5.9429555905511808
20
-3.8394226771653543
11
5.9407187401574806
21
-3.843812716535433
0
LINE
8
BLACK
6
CONTINUOUS
10
5.9407187401574806
20
-3.843812716535433
11
5.9372347637795277
21
-3.8472966929133858
0
LINE
8
BLACK
6
CONTINUOUS
10
5.9372347637795277
20
-3.8472966929133858
11
5.9328447244094491
21
-3.8495335433070865
0
LINE
8
BLACK
6
CONTINUOUS
10
5.9328447244094491
20
-3.8495335433070865
11
5.9279783070866143
21
-3.8503042913385825
0
LINE
8
BLACK
6
CONTINUOUS
10
5.9279783070866143
20
-3.8503042913385825
11
5.9231118897637796
21
-3.8495335433070865
0
LINE
8
BLACK
6
CONTINUOUS
10
5.9231118897637796
20
-3.8495335433070865
11
5.9187218503937009
21
-3.8472966929133858
0
LINE
8
BLACK
6
CONTINUOUS
10
5.9187218503937009
20
-3.8472966929133858
11
5.9152378740157481
21
-3.843812716535433
0
LINE
8
BLACK
6
CONTINUOUS
10
5.9152378740157481
20
-3.843812716535433
11
5.9130010236220469
21
-3.8394226771653543
0
LINE
8
BLACK
6
CONTINUOUS
10
5.9130010236220469
20
-3.8394226771653543
11
5.9122302755905514
21
-3.8345562598425196
0
LINE
8
BLACK
6
CONTINUOUS
10
5.9122302755905514
20
-3.8345562598425196
11
5.9130010236220469
21
-3.8296898425196848
0
LINE
8
BLACK
6
CONTINUOUS
10
5.9130010236220469
20
-3.8296898425196848
11
5.9152378740157481
21
-3.8252998031496062
0
LINE
8
BLACK
6
CONTINUOUS
10
5.9152378740157481
20
-3.8252998031496062
11
5.9187218503937009
21
-3.8218158267716533
0
LINE
8
BLACK
6
CONTINUOUS
10
5.9187218503937009
20
-3.8218158267716533
11
5.9231118897637796
21
-3.8195789763779526
0
LINE
8
BLACK
6
CONTINUOUS
10
5.9231118897637796
20
-3.8195789763779526
11
5.9240412992125986
21
-3.8194317716535431
0
LINE
8
BLACK
6
CONTINUOUS
10
5.9240412992125986
20
-3.8194317716535431
11
5.9240412992125986
21
-3.6473903543307085
0
LINE
8
BLACK
6
CONTINUOUS
10
5.9240412992125986
20
-3.6473903543307085
11
5.8742809448818898
21
-3.5976300000000001
0
LINE
8
BLACK
6
CONTINUOUS
10
5.8742809448818898
20
-3.5976300000000001
11
5.8737913385826772
21
-3.5970333858267716
0
LINE
8
BLACK
6
CONTINUOUS
10
5.8737913385826772
20
-3.5970333858267716
11
5.8732034645669291
21
-3.5956141732283462
0
LINE
8
BLACK
6
CONTINUOUS
10
5.8732034645669291
20
-3.5956141732283462
11
5.8731278346456692
21
-3.5948461023622045
0
LINE
8
BLACK
6
CONTINUOUS
10
5.8731278346456692
20
-3.5948461023622045
11
5.8731278346456692
21
-3.5718051968503937
0
LINE
8
BLACK
6
CONTINUOUS
10
5.8731278346456692
20
-3.5718051968503937
11
5.8721984251968502
21
-3.5716580314960629
0
LINE
8
BLACK
6
CONTINUOUS
10
5.8721984251968502
20
-3.5716580314960629
11
5.8678083858267716
21
-3.5694211811023622
0
LINE
8
BLACK
6
CONTINUOUS
10
5.8678083858267716
20
-3.5694211811023622
11
5.8643244094488187
21
-3.5659372047244093
0
LINE
8
BLACK
6
CONTINUOUS
10
5.8643244094488187
20
-3.5659372047244093
11
5.8620875590551176
21
-3.5615471653543307
0
LINE
8
BLACK
6
CONTINUOUS
10
5.8620875590551176
20
-3.5615471653543307
11
5.861316811023622
21
-3.5566807480314959
0
LINE
8
BLACK
6
CONTINUOUS
10
5.861316811023622
20
-3.5566807480314959
11
5.8620875590551176
21
-3.5518143307086611
0
LINE
8
BLACK
6
CONTINUOUS
10
5.8620875590551176
20
-3.5518143307086611
11
5.8643244094488187
21
-3.5474242913385825
0
LINE
8
BLACK
6
CONTINUOUS
10
5.8643244094488187
20
-3.5474242913385825
11
5.8678083858267716
21
-3.5439403149606297
0
LINE
8
BLACK
6
CONTINUOUS
10
5.8678083858267716
20
-3.5439403149606297
11
5.8721984251968502
21
-3.541703464566929
0
LINE
8
BLACK
6
CONTINUOUS
10
5.8721984251968502
20
-3.541703464566929
11
5.877064842519685
21
-3.540932716535433
0
LINE
8
BLACK
6
CONTINUOUS
10
5.877064842519685
20
-3.540932716535433
11
5.8819312598425197
21
-3.541703464566929
0
LINE
8
BLACK
6
CONTINUOUS
10
5.7829312598425195
20
-3.631081338582677
11
5.7873212992125982
21
-3.6333181889763777
0
LINE
8
BLACK
6
CONTINUOUS
10
5.7873212992125982
20
-3.6333181889763777
11
5.790805275590551
21
-3.6368021653543305
0
LINE
8
BLACK
6
CONTINUOUS
10
5.790805275590551
20
-3.6368021653543305
11
5.7930421259842522
21
-3.6411922047244092
0
LINE
8
BLACK
6
CONTINUOUS
10
5.7930421259842522
20
-3.6411922047244092
11
5.7938128740157477
21
-3.646058622047244
0
LINE
8
BLACK
6
CONTINUOUS
10
5.7938128740157477
20
-3.646058622047244
11
5.7930421259842522
21
-3.6509250393700787
0
LINE
8
BLACK
6
CONTINUOUS
10
5.7930421259842522
20
-3.6509250393700787
11
5.7915086220472443
21
-3.6539346062992126
0
LINE
8
BLACK
6
CONTINUOUS
10
5.7915086220472443
20
-3.6539346062992126
11
5.8914532677165354
21
-3.7538792519685038
0
LINE
8
BLACK
6
CONTINUOUS
10
5.8914532677165354
20
-3.7538792519685038
11
5.891942874015748
21
-3.7544758661417323
0
LINE
8
BLACK
6
CONTINUOUS
10
5.891942874015748
20
-3.7544758661417323
11
5.8925307480314961
21
-3.7558950787401573
0
LINE
8
BLACK
6
CONTINUOUS
10
5.8925307480314961
20
-3.7558950787401573
11
5.892606377952756
21
-3.756663149606299
0
LINE
8
BLACK
6
CONTINUOUS
10
5.892606377952756
20
-3.756663149606299
11
5.892606377952756
21
-3.8172371259842519
0
LINE
8
BLACK
6
CONTINUOUS
10
5.892606377952756
20
-3.8172371259842519
11
5.893535787401575
21
-3.8173843307086615
0
LINE
8
BLACK
6
CONTINUOUS
10
5.893535787401575
20
-3.8173843307086615
11
5.8979258267716537
21
-3.8196211811023622
0
LINE
8
BLACK
6
CONTINUOUS
10
5.8979258267716537
20
-3.8196211811023622
11
5.9014098031496065
21
-3.823105157480315
0
LINE
8
BLACK
6
CONTINUOUS
10
5.9014098031496065
20
-3.823105157480315
11
5.9036466535433068
21
-3.8274951968503936
0
LINE
8
BLACK
6
CONTINUOUS
10
5.9036466535433068
20
-3.8274951968503936
11
5.9044174015748032
21
-3.8323616141732284
0
LINE
8
BLACK
6
CONTINUOUS
10
5.9044174015748032
20
-3.8323616141732284
11
5.9036466535433068
21
-3.8372280314960627
0
LINE
8
BLACK
6
CONTINUOUS
10
5.9036466535433068
20
-3.8372280314960627
11
5.9014098031496065
21
-3.8416180708661418
0
LINE
8
BLACK
6
CONTINUOUS
10
5.9014098031496065
20
-3.8416180708661418
11
5.8979258267716537
21
-3.8451020472440942
0
LINE
8
BLACK
6
CONTINUOUS
10
5.8979258267716537
20
-3.8451020472440942
11
5.893535787401575
21
-3.8473388976377954
0
LINE
8
BLACK
6
CONTINUOUS
10
5.893535787401575
20
-3.8473388976377954
11
5.8886693700787403
21
-3.8481096456692914
0
LINE
8
BLACK
6
CONTINUOUS
10
5.8886693700787403
20
-3.8481096456692914
11
5.8838029527559055
21
-3.8473388976377954
0
LINE
8
BLACK
6
CONTINUOUS
10
5.8838029527559055
20
-3.8473388976377954
11
5.8794129133858268
21
-3.8451020472440942
0
LINE
8
BLACK
6
CONTINUOUS
10
5.8794129133858268
20
-3.8451020472440942
11
5.875928937007874
21
-3.8416180708661418
0
LINE
8
BLACK
6
CONTINUOUS
10
5.875928937007874
20
-3.8416180708661418
11
5.8736920866141729
21
-3.8372280314960627
0
LINE
8
BLACK
6
CONTINUOUS
10
5.8736920866141729
20
-3.8372280314960627
11
5.8729213385826773
21
-3.8323616141732284
0
LINE
8
BLACK
6
CONTINUOUS
10
5.8729213385826773
20
-3.8323616141732284
11
5.8736920866141729
21
-3.8274951968503936
0
LINE
8
BLACK
6
CONTINUOUS
10
5.8736920866141729
20
-3.8274951968503936
11
5.875928937007874
21
-3.823105157480315
0
LINE
8
BLACK
6
CONTINUOUS
10
5.875928937007874
20
-3.823105157480315
11
5.8794129133858268
21
-3.8196211811023622
0
LINE
8
BLACK
6
CONTINUOUS
10
5.8794129133858268
20
-3.8196211811023622
11
5.8838029527559055
21
-3.8173843307086615
0
LINE
8
BLACK
6
CONTINUOUS
10
5.8838029527559055
20
-3.8173843307086615
11
5.8847323622047245
21
-3.8172371259842519
0
LINE
8
BLACK
6
CONTINUOUS
10
5.8847323622047245
20
-3.8172371259842519
11
5.8847323622047245
21
-3.7582939370078741
0
LINE
8
BLACK
6
CONTINUOUS
10
5.8847323622047245
20
-3.7582939370078741
11
5.785940826771653
21
-3.659502401574803
0
LINE
8
BLACK
6
CONTINUOUS
10
5.785940826771653
20
-3.659502401574803
11
5.7829312598425195
21
-3.6610359055118109
0
LINE
8
BLACK
6
CONTINUOUS
10
5.7829312598425195
20
-3.6610359055118109
11
5.7780648425196848
21
-3.6618066535433069
0
LINE
8
BLACK
6
CONTINUOUS
10
5.7780648425196848
20
-3.6618066535433069
11
5.77319842519685
21
-3.6610359055118109
0
LINE
8
BLACK
6
CONTINUOUS
10
5.77319842519685
20
-3.6610359055118109
11
5.7688083858267714
21
-3.6587990551181102
0
LINE
8
BLACK
6
CONTINUOUS
10
5.7688083858267714
20
-3.6587990551181102
11
5.7653244094488185
21
-3.6553150787401574
0
LINE
8
BLACK
6
CONTINUOUS
10
5.7653244094488185
20
-3.6553150787401574
11
5.7630875590551183
21
-3.6509250393700787
0
LINE
8
BLACK
6
CONTINUOUS
10
5.7630875590551183
20
-3.6509250393700787
11
5.7623168110236218
21
-3.646058622047244
0
LINE
8
BLACK
6
CONTINUOUS
10
5.7623168110236218
20
-3.646058622047244
11
5.7630875590551183
21
-3.6411922047244092
0
LINE
8
BLACK
6
CONTINUOUS
10
5.7630875590551183
20
-3.6411922047244092
11
5.7653244094488185
21
-3.6368021653543305
0
LINE
8
BLACK
6
CONTINUOUS
10
5.7653244094488185
20
-3.6368021653543305
11
5.7688083858267714
21
-3.6333181889763777
0
LINE
8
BLACK
6
CONTINUOUS
10
5.7688083858267714
20
-3.6333181889763777
11
5.77319842519685
21
-3.631081338582677
0
LINE
8
BLACK
6
CONTINUOUS
10
5.77319842519685
20
-3.631081338582677
11
5.7780648425196848
21
-3.630310590551181
0
LINE
8
BLACK
6
CONTINUOUS
10
5.7780648425196848
20
-3.630310590551181
11
5.7829312598425195
21
-3.631081338582677
0
LINE
8
BLACK
6
CONTINUOUS
10
5.6849312598425197
20
-3.6280813385826769
11
5.6893212992125983
21
-3.630318188976378
0
LINE
8
BLACK
6
CONTINUOUS
10
5.6893212992125983
20
-3.630318188976378
11
5.6928052755905512
21
-3.6338021653543304
0
LINE
8
BLACK
6
CONTINUOUS
10
5.6928052755905512
20
-3.6338021653543304
11
5.6950421259842514
21
-3.6381922047244095
0
LINE
8
BLACK
6
CONTINUOUS
10
5.6950421259842514
20
-3.6381922047244095
11
5.6951893307086614
21
-3.6391216141732281
0
LINE
8
BLACK
6
CONTINUOUS
10
5.6951893307086614
20
-3.6391216141732281
11
5.7200648425196849
21
-3.6391216141732281
0
LINE
8
BLACK
6
CONTINUOUS
10
5.7200648425196849
20
-3.6391216141732281
11
5.7208329133858262
21
-3.639197244094488
0
LINE
8
BLACK
6
CONTINUOUS
10
5.7208329133858262
20
-3.639197244094488
11
5.7222521259842516
21
-3.6397851181102361
0
LINE
8
BLACK
6
CONTINUOUS
10
5.7222521259842516
20
-3.6397851181102361
11
5.7228487401574801
21
-3.6402747244094487
0
LINE
8
BLACK
6
CONTINUOUS
10
5.7228487401574801
20
-3.6402747244094487
11
5.8446526377952752
21
-3.7620786220472442
0
LINE
8
BLACK
6
CONTINUOUS
10
5.8446526377952752
20
-3.7620786220472442
11
5.8451422440944878
21
-3.7626752362204723
0
LINE
8
BLACK
6
CONTINUOUS
10
5.8451422440944878
20
-3.7626752362204723
11
5.8457301181102359
21
-3.7640944488188977
0
LINE
8
BLACK
6
CONTINUOUS
10
5.8457301181102359
20
-3.7640944488188977
11
5.8458057480314958
21
-3.7648625196850394
0
LINE
8
BLACK
6
CONTINUOUS
10
5.8458057480314958
20
-3.7648625196850394
11
5.8458057480314958
21
-3.8099041732283463
0
LINE
8
BLACK
6
CONTINUOUS
10
5.8458057480314958
20
-3.8099041732283463
11
5.8467351574803148
21
-3.8100513779527558
0
LINE
8
BLACK
6
CONTINUOUS
10
5.8467351574803148
20
-3.8100513779527558
11
5.8511251968503935
21
-3.8122882283464565
0
LINE
8
BLACK
6
CONTINUOUS
10
5.8511251968503935
20
-3.8122882283464565
11
5.8546091732283463
21
-3.8157722047244094
0
LINE
8
BLACK
6
CONTINUOUS
10
5.8546091732283463
20
-3.8157722047244094
11
5.8568460236220474
21
-3.820162244094488
0
LINE
8
BLACK
6
CONTINUOUS
10
5.8568460236220474
20
-3.820162244094488
11
5.857616771653543
21
-3.8250286614173228
0
LINE
8
BLACK
6
CONTINUOUS
10
5.857616771653543
20
-3.8250286614173228
11
5.8568460236220474
21
-3.8298950787401576
0
LINE
8
BLACK
6
CONTINUOUS
10
5.8568460236220474
20
-3.8298950787401576
11
5.8546091732283463
21
-3.8342851181102362
0
LINE
8
BLACK
6
CONTINUOUS
10
5.8546091732283463
20
-3.8342851181102362
11
5.8511251968503935
21
-3.837769094488189
0
LINE
8
BLACK
6
CONTINUOUS
10
5.8511251968503935
20
-3.837769094488189
11
5.8467351574803148
21
-3.8400059448818897
0
LINE
8
BLACK
6
CONTINUOUS
10
5.8467351574803148
20
-3.8400059448818897
11
5.84186874015748
21
-3.8407766929133857
0
LINE
8
BLACK
6
CONTINUOUS
10
5.84186874015748
20
-3.8407766929133857
11
5.8370023228346453
21
-3.8400059448818897
0
LINE
8
BLACK
6
CONTINUOUS
10
5.8370023228346453
20
-3.8400059448818897
11
5.8326122834645666
21
-3.837769094488189
0
LINE
8
BLACK
6
CONTINUOUS
10
5.8326122834645666
20
-3.837769094488189
11
5.8291283070866138
21
-3.8342851181102362
0
LINE
8
BLACK
6
CONTINUOUS
10
5.8291283070866138
20
-3.8342851181102362
11
5.8268914566929135
21
-3.8298950787401576
0
LINE
8
BLACK
6
CONTINUOUS
10
5.8268914566929135
20
-3.8298950787401576
11
5.8261207086614171
21
-3.8250286614173228
0
LINE
8
BLACK
6
CONTINUOUS
10
5.8261207086614171
20
-3.8250286614173228
11
5.8268914566929135
21
-3.820162244094488
0
LINE
8
BLACK
6
CONTINUOUS
10
5.8268914566929135
20
-3.820162244094488
11
5.8291283070866138
21
-3.8157722047244094
0
LINE
8
BLACK
6
CONTINUOUS
10
5.8291283070866138
20
-3.8157722047244094
11
5.8326122834645666
21
-3.8122882283464565
0
LINE
8
BLACK
6
CONTINUOUS
10
5.8326122834645666
20
-3.8122882283464565
11
5.8370023228346453
21
-3.8100513779527558
0
LINE
8
BLACK
6
CONTINUOUS
10
5.8370023228346453
20
-3.8100513779527558
11
5.8379317322834643
21
-3.8099041732283463
0
LINE
8
BLACK
6
CONTINUOUS
10
5.8379317322834643
20
-3.8099041732283463
11
5.8379317322834643
21
-3.766493307086614
0
LINE
8
BLACK
6
CONTINUOUS
10
5.8379317322834643
20
-3.766493307086614
11
5.7184340551181103
21
-3.6469956299212596
0
LINE
8
BLACK
6
CONTINUOUS
10
5.7184340551181103
20
-3.6469956299212596
11
5.6951893307086614
21
-3.6469956299212596
0
LINE
8
BLACK
6
CONTINUOUS
10
5.6951893307086614
20
-3.6469956299212596
11
5.6950421259842514
21
-3.6479250393700786
0
LINE
8
BLACK
6
CONTINUOUS
10
5.6950421259842514
20
-3.6479250393700786
11
5.6928052755905512
21
-3.6523150787401573
0
LINE
8
BLACK
6
CONTINUOUS
10
5.6928052755905512
20
-3.6523150787401573
11
5.6893212992125983
21
-3.6557990551181101
0
LINE
8
BLACK
6
CONTINUOUS
10
5.6893212992125983
20
-3.6557990551181101
11
5.6849312598425197
21
-3.6580359055118108
0
LINE
8
BLACK
6
CONTINUOUS
10
5.6849312598425197
20
-3.6580359055118108
11
5.6800648425196849
21
-3.6588066535433068
0
LINE
8
BLACK
6
CONTINUOUS
10
5.6800648425196849
20
-3.6588066535433068
11
5.6751984251968501
21
-3.6580359055118108
0
LINE
8
BLACK
6
CONTINUOUS
10
5.6751984251968501
20
-3.6580359055118108
11
5.6708083858267715
21
-3.6557990551181101
0
LINE
8
BLACK
6
CONTINUOUS
10
5.6708083858267715
20
-3.6557990551181101
11
5.6673244094488187
21
-3.6523150787401573
0
LINE
8
BLACK
6
CONTINUOUS
10
5.6673244094488187
20
-3.6523150787401573
11
5.6650875590551184
21
-3.6479250393700786
0
LINE
8
BLACK
6
CONTINUOUS
10
5.6650875590551184
20
-3.6479250393700786
11
5.6643168110236219
21
-3.6430586220472438
0
LINE
8
BLACK
6
CONTINUOUS
10
5.6643168110236219
20
-3.6430586220472438
11
5.6650875590551184
21
-3.6381922047244095
0
LINE
8
BLACK
6
CONTINUOUS
10
5.6650875590551184
20
-3.6381922047244095
11
5.6673244094488187
21
-3.6338021653543304
0
LINE
8
BLACK
6
CONTINUOUS
10
5.6673244094488187
20
-3.6338021653543304
11
5.6708083858267715
21
-3.630318188976378
0
LINE
8
BLACK
6
CONTINUOUS
10
5.6708083858267715
20
-3.630318188976378
11
5.6751984251968501
21
-3.6280813385826769
0
LINE
8
BLACK
6
CONTINUOUS
10
5.6751984251968501
20
-3.6280813385826769
11
5.6800648425196849
21
-3.6273105905511809
0
LINE
8
BLACK
6
CONTINUOUS
10
5.6800648425196849
20
-3.6273105905511809
11
5.6849312598425197
21
-3.6280813385826769
0
LINE
8
BLACK
6
CONTINUOUS
10
6.3760648425196846
20
-4.6980586220472436
11
6.316064842519685
21
-4.6980586220472436
0
LINE
8
BLACK
6
CONTINUOUS
10
6.316064842519685
20
-4.6980586220472436
11
6.316064842519685
21
-4.638058622047244
0
LINE
8
BLACK
6
CONTINUOUS
10
6.316064842519685
20
-4.638058622047244
11
6.3760648425196846
21
-4.638058622047244
0
LINE
8
BLACK
6
CONTINUOUS
10
6.3760648425196846
20
-4.638058622047244
11
6.3760648425196846
21
-4.6980586220472436
0
LINE
8
BLACK
6
CONTINUOUS
10
5.3310648425196847
20
-4.6080586220472437
11
5.2710648425196851
21
-4.6080586220472437
0
LINE
8
BLACK
6
CONTINUOUS
10
5.2710648425196851
20
-4.6080586220472437
11
5.2710648425196851
21
-4.5480586220472441
0
LINE
8
BLACK
6
CONTINUOUS
10
5.2710648425196851
20
-4.5480586220472441
11
5.3310648425196847
21
-4.5480586220472441
0
LINE
8
BLACK
6
CONTINUOUS
10
5.3310648425196847
20
-4.5480586220472441
11
5.3310648425196847
21
-4.6080586220472437
0
LINE
8
BLACK
6
CONTINUOUS
10
5.4310648425196852
20
-4.6080586220472437
11
5.3710648425196847
21
-4.6080586220472437
0
LINE
8
BLACK
6
CONTINUOUS
10
5.3710648425196847
20
-4.6080586220472437
11
5.3710648425196847
21
-4.5480586220472441
0
LINE
8
BLACK
6
CONTINUOUS
10
5.3710648425196847
20
-4.5480586220472441
11
5.4310648425196852
21
-4.5480586220472441
0
LINE
8
BLACK
6
CONTINUOUS
10
5.4310648425196852
20
-4.5480586220472441
11
5.4310648425196852
21
-4.6080586220472437
0
LINE
8
BLACK
6
CONTINUOUS
10
5.5310648425196849
20
-4.6080586220472437
11
5.4710648425196853
21
-4.6080586220472437
0
LINE
8
BLACK
6
CONTINUOUS
10
5.4710648425196853
20
-4.6080586220472437
11
5.4710648425196853
21
-4.5480586220472441
0
LINE
8
BLACK
6
CONTINUOUS
10
5.4710648425196853
20
-4.5480586220472441
11
5.5310648425196849
21
-4.5480586220472441
0
LINE
8
BLACK
6
CONTINUOUS
10
5.5310648425196849
20
-4.5480586220472441
11
5.5310648425196849
21
-4.6080586220472437
0
LINE
8
BLACK
6
CONTINUOUS
10
5.9310648425196852
20
-4.6080586220472437
11
5.8710648425196847
21
-4.6080586220472437
0
LINE
8
BLACK
6
CONTINUOUS
10
5.8710648425196847
20
-4.6080586220472437
11
5.8710648425196847
21
-4.5480586220472441
0
LINE
8
BLACK
6
CONTINUOUS
10
5.8710648425196847
20
-4.5480586220472441
11
5.9310648425196852
21
-4.5480586220472441
0
LINE
8
BLACK
6
CONTINUOUS
10
5.9310648425196852
20
-4.5480586220472441
11
5.9310648425196852
21
-4.6080586220472437
0
LINE
8
BLACK
6
CONTINUOUS
10
6.0310648425196849
20
-4.6080586220472437
11
5.9710648425196853
21
-4.6080586220472437
0
LINE
8
BLACK
6
CONTINUOUS
10
5.9710648425196853
20
-4.6080586220472437
11
5.9710648425196853
21
-4.5480586220472441
0
LINE
8
BLACK
6
CONTINUOUS
10
5.9710648425196853
20
-4.5480586220472441
11
6.0310648425196849
21
-4.5480586220472441
0
LINE
8
BLACK
6
CONTINUOUS
10
6.0310648425196849
20
-4.5480586220472441
11
6.0310648425196849
21
-4.6080586220472437
0
LINE
8
BLACK
6
CONTINUOUS
10
6.1310648425196845
20
-4.6080586220472437
11
6.0710648425196849
21
-4.6080586220472437
0
LINE
8
BLACK
6
CONTINUOUS
10
6.0710648425196849
20
-4.6080586220472437
11
6.0710648425196849
21
-4.5480586220472441
0
LINE
8
BLACK
6
CONTINUOUS
10
6.0710648425196849
20
-4.5480586220472441
11
6.1310648425196845
21
-4.5480586220472441
0
LINE
8
BLACK
6
CONTINUOUS
10
6.1310648425196845
20
-4.5480586220472441
11
6.1310648425196845
21
-4.6080586220472437
0
LINE
8
BLACK
6
CONTINUOUS
10
6.2310648425196851
20
-4.6080586220472437
11
6.1710648425196846
21
-4.6080586220472437
0
LINE
8
BLACK
6
CONTINUOUS
10
6.1710648425196846
20
-4.6080586220472437
11
6.1710648425196846
21
-4.5480586220472441
0
LINE
8
BLACK
6
CONTINUOUS
10
6.1710648425196846
20
-4.5480586220472441
11
6.2310648425196851
21
-4.5480586220472441
0
LINE
8
BLACK
6
CONTINUOUS
10
6.2310648425196851
20
-4.5480586220472441
11
6.2310648425196851
21
-4.6080586220472437
0
LINE
8
BLACK
6
CONTINUOUS
10
5.3310648425196847
20
-4.5080586220472441
11
5.2710648425196851
21
-4.5080586220472441
0
LINE
8
BLACK
6
CONTINUOUS
10
5.2710648425196851
20
-4.5080586220472441
11
5.2710648425196851
21
-4.4480586220472436
0
LINE
8
BLACK
6
CONTINUOUS
10
5.2710648425196851
20
-4.4480586220472436
11
5.3310648425196847
21
-4.4480586220472436
0
LINE
8
BLACK
6
CONTINUOUS
10
5.3310648425196847
20
-4.4480586220472436
11
5.3310648425196847
21
-4.5080586220472441
0
LINE
8
BLACK
6
CONTINUOUS
10
5.4310648425196852
20
-4.5080586220472441
11
5.3710648425196847
21
-4.5080586220472441
0
LINE
8
BLACK
6
CONTINUOUS
10
5.3710648425196847
20
-4.5080586220472441
11
5.3710648425196847
21
-4.4480586220472436
0
LINE
8
BLACK
6
CONTINUOUS
10
5.3710648425196847
20
-4.4480586220472436
11
5.4310648425196852
21
-4.4480586220472436
0
LINE
8
BLACK
6
CONTINUOUS
10
5.4310648425196852
20
-4.4480586220472436
11
5.4310648425196852
21
-4.5080586220472441
0
LINE
8
BLACK
6
CONTINUOUS
10
5.5310648425196849
20
-4.5080586220472441
11
5.4710648425196853
21
-4.5080586220472441
0
LINE
8
BLACK
6
CONTINUOUS
10
5.4710648425196853
20
-4.5080586220472441
11
5.4710648425196853
21
-4.4480586220472436
0
LINE
8
BLACK
6
CONTINUOUS
10
5.4710648425196853
20
-4.4480586220472436
11
5.5310648425196849
21
-4.4480586220472436
0
LINE
8
BLACK
6
CONTINUOUS
10
5.5310648425196849
20
-4.4480586220472436
11
5.5310648425196849
21
-4.5080586220472441
0
LINE
8
BLACK
6
CONTINUOUS
10
5.9310648425196852
20
-4.5080586220472441
11
5.8710648425196847
21
-4.5080586220472441
0
LINE
8
BLACK
6
CONTINUOUS
10
5.8710648425196847
20
-4.5080586220472441
11
5.8710648425196847
21
-4.4480586220472436
0
LINE
8
BLACK
6
CONTINUOUS
10
5.8710648425196847
20
-4.4480586220472436
11
5.9310648425196852
21
-4.4480586220472436
0
LINE
8
BLACK
6
CONTINUOUS
10
5.9310648425196852
20
-4.4480586220472436
11
5.9310648425196852
21
-4.5080586220472441
0
LINE
8
BLACK
6
CONTINUOUS
10
6.0310648425196849
20
-4.5080586220472441
11
5.9710648425196853
21
-4.5080586220472441
0
LINE
8
BLACK
6
CONTINUOUS
10
5.9710648425196853
20
-4.5080586220472441
11
5.9710648425196853
21
-4.4480586220472436
0
LINE
8
BLACK
6
CONTINUOUS
10
5.9710648425196853
20
-4.4480586220472436
11
6.0310648425196849
21
-4.4480586220472436
0
LINE
8
BLACK
6
CONTINUOUS
10
6.0310648425196849
20
-4.4480586220472436
11
6.0310648425196849
21
-4.5080586220472441
0
LINE
8
BLACK
6
CONTINUOUS
10
6.1310648425196845
20
-4.5080586220472441
11
6.0710648425196849
21
-4.5080586220472441
0
LINE
8
BLACK
6
CONTINUOUS
10
6.0710648425196849
20
-4.5080586220472441
11
6.0710648425196849
21
-4.4480586220472436
0
LINE
8
BLACK
6
CONTINUOUS
10
6.0710648425196849
20
-4.4480586220472436
11
6.1310648425196845
21
-4.4480586220472436
0
LINE
8
BLACK
6
CONTINUOUS
10
6.1310648425196845
20
-4.4480586220472436
11
6.1310648425196845
21
-4.5080586220472441
0
LINE
8
BLACK
6
CONTINUOUS
10
6.2310648425196851
20
-4.5080586220472441
11
6.1710648425196846
21
-4.5080586220472441
0
LINE
8
BLACK
6
CONTINUOUS
10
6.1710648425196846
20
-4.5080586220472441
11
6.1710648425196846
21
-4.4480586220472436
0
LINE
8
BLACK
6
CONTINUOUS
10
6.1710648425196846
20
-4.4480586220472436
11
6.2310648425196851
21
-4.4480586220472436
0
LINE
8
BLACK
6
CONTINUOUS
10
6.2310648425196851
20
-4.4480586220472436
11
6.2310648425196851
21
-4.5080586220472441
0
LINE
8
BLACK
6
CONTINUOUS
10
4.9560648425196847
20
-4.3230586220472436
11
4.8960648425196851
21
-4.3230586220472436
0
LINE
8
BLACK
6
CONTINUOUS
10
4.8960648425196851
20
-4.3230586220472436
11
4.8960648425196851
21
-4.263058622047244
0
LINE
8
BLACK
6
CONTINUOUS
10
4.8960648425196851
20
-4.263058622047244
11
4.9560648425196847
21
-4.263058622047244
0
LINE
8
BLACK
6
CONTINUOUS
10
4.9560648425196847
20
-4.263058622047244
11
4.9560648425196847
21
-4.3230586220472436
0
LINE
8
BLACK
6
CONTINUOUS
10
5.0560648425196852
20
-4.3230586220472436
11
4.9960648425196847
21
-4.3230586220472436
0
LINE
8
BLACK
6
CONTINUOUS
10
4.9960648425196847
20
-4.3230586220472436
11
4.9960648425196847
21
-4.263058622047244
0
LINE
8
BLACK
6
CONTINUOUS
10
4.9960648425196847
20
-4.263058622047244
11
5.0560648425196852
21
-4.263058622047244
0
LINE
8
BLACK
6
CONTINUOUS
10
5.0560648425196852
20
-4.263058622047244
11
5.0560648425196852
21
-4.3230586220472436
0
LINE
8
BLACK
6
CONTINUOUS
10
7.0346105118110236
20
-4.1545936614173229
11
7.042896535433071
21
-4.1568138976377949
0
LINE
8
BLACK
6
CONTINUOUS
10
7.042896535433071
20
-4.1568138976377949
11
7.0506711417322832
21
-4.1604392519685041
0
LINE
8
BLACK
6
CONTINUOUS
10
7.0506711417322832
20
-4.1604392519685041
11
7.0576981102362204
21
-4.1653595669291335
0
LINE
8
BLACK
6
CONTINUOUS
10
7.0576981102362204
20
-4.1653595669291335
11
7.063763897637795
21
-4.1714253543307089
0
LINE
8
BLACK
6
CONTINUOUS
10
7.063763897637795
20
-4.1714253543307089
11
7.0686842125984253
21
-4.1784523228346453
0
LINE
8
BLACK
6
CONTINUOUS
10
7.0686842125984253
20
-4.1784523228346453
11
7.0723095669291336
21
-4.1862269291338583
0
LINE
8
BLACK
6
CONTINUOUS
10
7.0723095669291336
20
-4.1862269291338583
11
7.0745298031496064
21
-4.1945129527559057
0
LINE
8
BLACK
6
CONTINUOUS
10
7.0745298031496064
20
-4.1945129527559057
11
7.0752774409448813
21
-4.2030586220472443
0
LINE
8
BLACK
6
CONTINUOUS
10
7.0752774409448813
20
-4.2030586220472443
11
7.0745298031496064
21
-4.2116042913385829
0
LINE
8
BLACK
6
CONTINUOUS
10
7.0745298031496064
20
-4.2116042913385829
11
7.0723095669291336
21
-4.2198903149606295
0
LINE
8
BLACK
6
CONTINUOUS
10
7.0723095669291336
20
-4.2198903149606295
11
7.0686842125984253
21
-4.2276649212598425
0
LINE
8
BLACK
6
CONTINUOUS
10
7.0686842125984253
20
-4.2276649212598425
11
7.063763897637795
21
-4.2346918897637797
0
LINE
8
BLACK
6
CONTINUOUS
10
7.063763897637795
20
-4.2346918897637797
11
7.0576981102362204
21
-4.2407576771653543
0
LINE
8
BLACK
6
CONTINUOUS
10
7.0576981102362204
20
-4.2407576771653543
11
7.0506711417322832
21
-4.2456779921259837
0
LINE
8
BLACK
6
CONTINUOUS
10
7.0506711417322832
20
-4.2456779921259837
11
7.042896535433071
21
-4.2493033464566929
0
LINE
8
BLACK
6
CONTINUOUS
10
7.042896535433071
20
-4.2493033464566929
11
7.0346105118110236
21
-4.2515235826771649
0
LINE
8
BLACK
6
CONTINUOUS
10
7.0346105118110236
20
-4.2515235826771649
11
7.026064842519685
21
-4.2522712204724407
0
LINE
8
BLACK
6
CONTINUOUS
10
7.026064842519685
20
-4.2522712204724407
11
7.0175191732283464
21
-4.2515235826771649
0
LINE
8
BLACK
6
CONTINUOUS
10
7.0175191732283464
20
-4.2515235826771649
11
7.009233149606299
21
-4.2493033464566929
0
LINE
8
BLACK
6
CONTINUOUS
10
7.009233149606299
20
-4.2493033464566929
11
7.0014585433070868
21
-4.2456779921259837
0
LINE
8
BLACK
6
CONTINUOUS
10
7.0014585433070868
20
-4.2456779921259837
11
6.9944315748031496
21
-4.2407576771653543
0
LINE
8
BLACK
6
CONTINUOUS
10
6.9944315748031496
20
-4.2407576771653543
11
6.988365787401575
21
-4.2346918897637797
0
LINE
8
BLACK
6
CONTINUOUS
10
6.988365787401575
20
-4.2346918897637797
11
6.9834454724409447
21
-4.2276649212598425
0
LINE
8
BLACK
6
CONTINUOUS
10
6.9834454724409447
20
-4.2276649212598425
11
6.9798201181102364
21
-4.2198903149606295
0
LINE
8
BLACK
6
CONTINUOUS
10
6.9798201181102364
20
-4.2198903149606295
11
6.9775998818897635
21
-4.2116042913385829
0
LINE
8
BLACK
6
CONTINUOUS
10
6.9775998818897635
20
-4.2116042913385829
11
6.9768522440944878
21
-4.2030586220472443
0
LINE
8
BLACK
6
CONTINUOUS
10
6.9768522440944878
20
-4.2030586220472443
11
6.9775998818897635
21
-4.1945129527559057
0
LINE
8
BLACK
6
CONTINUOUS
10
6.9775998818897635
20
-4.1945129527559057
11
6.9798201181102364
21
-4.1862269291338583
0
LINE
8
BLACK
6
CONTINUOUS
10
6.9798201181102364
20
-4.1862269291338583
11
6.9834454724409447
21
-4.1784523228346453
0
LINE
8
BLACK
6
CONTINUOUS
10
6.9834454724409447
20
-4.1784523228346453
11
6.988365787401575
21
-4.1714253543307089
0
LINE
8
BLACK
6
CONTINUOUS
10
6.988365787401575
20
-4.1714253543307089
11
6.9944315748031496
21
-4.1653595669291335
0
LINE
8
BLACK
6
CONTINUOUS
10
6.9944315748031496
20
-4.1653595669291335
11
7.0014585433070868
21
-4.1604392519685041
0
LINE
8
BLACK
6
CONTINUOUS
10
7.0014585433070868
20
-4.1604392519685041
11
7.009233149606299
21
-4.1568138976377949
0
LINE
8
BLACK
6
CONTINUOUS
10
7.009233149606299
20
-4.1568138976377949
11
7.0175191732283464
21
-4.1545936614173229
0
LINE
8
BLACK
6
CONTINUOUS
10
7.0175191732283464
20
-4.1545936614173229
11
7.026064842519685
21
-4.1538460236220471
0
LINE
8
BLACK
6
CONTINUOUS
10
7.026064842519685
20
-4.1538460236220471
11
7.0346105118110236
21
-4.1545936614173229
0
LINE
8
BLACK
6
CONTINUOUS
10
5.4809312598425199
20
-3.6130813385826772
11
5.4853212992125986
21
-3.6153181889763779
0
LINE
8
BLACK
6
CONTINUOUS
10
5.4853212992125986
20
-3.6153181889763779
11
5.4888052755905514
21
-3.6188021653543307
0
LINE
8
BLACK
6
CONTINUOUS
10
5.4888052755905514
20
-3.6188021653543307
11
5.4910421259842517
21
-3.6231922047244094
0
LINE
8
BLACK
6
CONTINUOUS
10
5.4910421259842517
20
-3.6231922047244094
11
5.4918128740157481
21
-3.6280586220472442
0
LINE
8
BLACK
6
CONTINUOUS
10
5.4918128740157481
20
-3.6280586220472442
11
5.4910421259842517
21
-3.6329250393700785
0
LINE
8
BLACK
6
CONTINUOUS
10
5.4910421259842517
20
-3.6329250393700785
11
5.4888052755905514
21
-3.6373150787401576
0
LINE
8
BLACK
6
CONTINUOUS
10
5.4888052755905514
20
-3.6373150787401576
11
5.4853212992125986
21
-3.64079905511811
0
LINE
8
BLACK
6
CONTINUOUS
10
5.4853212992125986
20
-3.64079905511811
11
5.4809312598425199
21
-3.6430359055118111
0
LINE
8
BLACK
6
CONTINUOUS
10
5.4809312598425199
20
-3.6430359055118111
11
5.4800018503937009
21
-3.6431830708661415
0
LINE
8
BLACK
6
CONTINUOUS
10
5.4800018503937009
20
-3.6431830708661415
11
5.4800018503937009
21
-3.695798031496063
0
LINE
8
BLACK
6
CONTINUOUS
10
5.4800018503937009
20
-3.695798031496063
11
5.6881887795275592
21
-3.903985
0
LINE
8
BLACK
6
CONTINUOUS
10
5.6881887795275592
20
-3.903985
11
5.6911984251968502
21
-3.9024515354330709
0
LINE
8
BLACK
6
CONTINUOUS
10
5.6911984251968502
20
-3.9024515354330709
11
5.6960648425196849
21
-3.9016807874015749
0
LINE
8
BLACK
6
CONTINUOUS
10
5.6960648425196849
20
-3.9016807874015749
11
5.7009312598425197
21
-3.9024515354330709
0
LINE
8
BLACK
6
CONTINUOUS
10
5.7009312598425197
20
-3.9024515354330709
11
5.7053212992125983
21
-3.9046883858267716
0
LINE
8
BLACK
6
CONTINUOUS
10
5.7053212992125983
20
-3.9046883858267716
11
5.7088052755905512
21
-3.9081723622047244
0
LINE
8
BLACK
6
CONTINUOUS
10
5.7088052755905512
20
-3.9081723622047244
11
5.7110421259842514
21
-3.9125624015748031
0
LINE
8
BLACK
6
CONTINUOUS
10
5.7110421259842514
20
-3.9125624015748031
11
5.7118128740157479
21
-3.9174288188976378
0
LINE
8
BLACK
6
CONTINUOUS
10
5.7118128740157479
20
-3.9174288188976378
11
5.7110421259842514
21
-3.9222952362204722
0
LINE
8
BLACK
6
CONTINUOUS
10
5.7110421259842514
20
-3.9222952362204722
11
5.7088052755905512
21
-3.9266852755905512
0
LINE
8
BLACK
6
CONTINUOUS
10
5.7088052755905512
20
-3.9266852755905512
11
5.7053212992125983
21
-3.9301692519685036
0
LINE
8
BLACK
6
CONTINUOUS
10
5.7053212992125983
20
-3.9301692519685036
11
5.7009312598425197
21
-3.9324061023622048
0
LINE
8
BLACK
6
CONTINUOUS
10
5.7009312598425197
20
-3.9324061023622048
11
5.6960648425196849
21
-3.9331768503937008
0
LINE
8
BLACK
6
CONTINUOUS
10
5.6960648425196849
20
-3.9331768503937008
11
5.6911984251968502
21
-3.9324061023622048
0
LINE
8
BLACK
6
CONTINUOUS
10
5.6911984251968502
20
-3.9324061023622048
11
5.6868083858267715
21
-3.9301692519685036
0
LINE
8
BLACK
6
CONTINUOUS
10
5.6868083858267715
20
-3.9301692519685036
11
5.6833244094488187
21
-3.9266852755905512
0
LINE
8
BLACK
6
CONTINUOUS
10
5.6833244094488187
20
-3.9266852755905512
11
5.6810875590551184
21
-3.9222952362204722
0
LINE
8
BLACK
6
CONTINUOUS
10
5.6810875590551184
20
-3.9222952362204722
11
5.680316811023622
21
-3.9174288188976378
0
LINE
8
BLACK
6
CONTINUOUS
10
5.680316811023622
20
-3.9174288188976378
11
5.6810875590551184
21
-3.9125624015748031
0
LINE
8
BLACK
6
CONTINUOUS
10
5.6810875590551184
20
-3.9125624015748031
11
5.6826210236220467
21
-3.9095527559055117
0
LINE
8
BLACK
6
CONTINUOUS
10
5.6826210236220467
20
-3.9095527559055117
11
5.47328094488189
21
-3.7002127165354328
0
LINE
8
BLACK
6
CONTINUOUS
10
5.47328094488189
20
-3.7002127165354328
11
5.4727913385826774
21
-3.6996161023622047
0
LINE
8
BLACK
6
CONTINUOUS
10
5.4727913385826774
20
-3.6996161023622047
11
5.4722034645669293
21
-3.6981968897637794
0
LINE
8
BLACK
6
CONTINUOUS
10
5.4722034645669293
20
-3.6981968897637794
11
5.4721278346456694
21
-3.6974288188976376
0
LINE
8
BLACK
6
CONTINUOUS
10
5.4721278346456694
20
-3.6974288188976376
11
5.4721278346456694
21
-3.6431830708661415
0
LINE
8
BLACK
6
CONTINUOUS
10
5.4721278346456694
20
-3.6431830708661415
11
5.4711984251968504
21
-3.6430359055118111
0
LINE
8
BLACK
6
CONTINUOUS
10
5.4711984251968504
20
-3.6430359055118111
11
5.4668083858267718
21
-3.64079905511811
0
LINE
8
BLACK
6
CONTINUOUS
10
5.4668083858267718
20
-3.64079905511811
11
5.4633244094488189
21
-3.6373150787401576
0
LINE
8
BLACK
6
CONTINUOUS
10
5.4633244094488189
20
-3.6373150787401576
11
5.4610875590551178
21
-3.6329250393700785
0
LINE
8
BLACK
6
CONTINUOUS
10
5.4610875590551178
20
-3.6329250393700785
11
5.4603168110236222
21
-3.6280586220472442
0
LINE
8
BLACK
6
CONTINUOUS
10
5.4603168110236222
20
-3.6280586220472442
11
5.4610875590551178
21
-3.6231922047244094
0
LINE
8
BLACK
6
CONTINUOUS
10
5.4610875590551178
20
-3.6231922047244094
11
5.4633244094488189
21
-3.6188021653543307
0
LINE
8
BLACK
6
CONTINUOUS
10
5.4633244094488189
20
-3.6188021653543307
11
5.4668083858267718
21
-3.6153181889763779
0
LINE
8
BLACK
6
CONTINUOUS
10
5.4668083858267718
20
-3.6153181889763779
11
5.4711984251968504
21
-3.6130813385826772
0
LINE
8
BLACK
6
CONTINUOUS
10
5.4711984251968504
20
-3.6130813385826772
11
5.4760648425196852
21
-3.6123105905511812
0
LINE
8
BLACK
6
CONTINUOUS
10
5.4760648425196852
20
-3.6123105905511812
11
5.4809312598425199
21
-3.6130813385826772
0
LINE
8
BLACK
6
CONTINUOUS
10
5.5809312598425196
20
-3.6330813385826772
11
5.5853212992125982
21
-3.6353181889763779
0
LINE
8
BLACK
6
CONTINUOUS
10
5.5853212992125982
20
-3.6353181889763779
11
5.5888052755905511
21
-3.6388021653543308
0
LINE
8
BLACK
6
CONTINUOUS
10
5.5888052755905511
20
-3.6388021653543308
11
5.5910421259842522
21
-3.6431922047244094
0
LINE
8
BLACK
6
CONTINUOUS
10
5.5910421259842522
20
-3.6431922047244094
11
5.5918128740157478
21
-3.6480586220472442
0
LINE
8
BLACK
6
CONTINUOUS
10
5.5918128740157478
20
-3.6480586220472442
11
5.5910421259842522
21
-3.6529250393700785
0
LINE
8
BLACK
6
CONTINUOUS
10
5.5910421259842522
20
-3.6529250393700785
11
5.5888052755905511
21
-3.6573150787401576
0
LINE
8
BLACK
6
CONTINUOUS
10
5.5888052755905511
20
-3.6573150787401576
11
5.5853212992125982
21
-3.66079905511811
0
LINE
8
BLACK
6
CONTINUOUS
10
5.5853212992125982
20
-3.66079905511811
11
5.5809312598425196
21
-3.6630359055118111
0
LINE
8
BLACK
6
CONTINUOUS
10
5.5809312598425196
20
-3.6630359055118111
11
5.5800018503937006
21
-3.6631830708661415
0
LINE
8
BLACK
6
CONTINUOUS
10
5.5800018503937006
20
-3.6631830708661415
11
5.5800018503937006
21
-3.756427834645669
0
LINE
8
BLACK
6
CONTINUOUS
10
5.5800018503937006
20
-3.756427834645669
11
5.6881888188976379
21
-3.8646148031496064
0
LINE
8
BLACK
6
CONTINUOUS
10
5.6881888188976379
20
-3.8646148031496064
11
5.6911984251968502
21
-3.8630813385826772
0
LINE
8
BLACK
6
CONTINUOUS
10
5.6911984251968502
20
-3.8630813385826772
11
5.6960648425196849
21
-3.8623105905511812
0
LINE
8
BLACK
6
CONTINUOUS
10
5.6960648425196849
20
-3.8623105905511812
11
5.7009312598425197
21
-3.8630813385826772
0
LINE
8
BLACK
6
CONTINUOUS
10
5.7009312598425197
20
-3.8630813385826772
11
5.7053212992125983
21
-3.8653181889763779
0
LINE
8
BLACK
6
CONTINUOUS
10
5.7053212992125983
20
-3.8653181889763779
11
5.7088052755905512
21
-3.8688021653543307
0
LINE
8
BLACK
6
CONTINUOUS
10
5.7088052755905512
20
-3.8688021653543307
11
5.7110421259842514
21
-3.8731922047244094
0
LINE
8
BLACK
6
CONTINUOUS
10
5.7110421259842514
20
-3.8731922047244094
11
5.7118128740157479
21
-3.8780586220472442
0
LINE
8
BLACK
6
CONTINUOUS
10
5.7118128740157479
20
-3.8780586220472442
11
5.7110421259842514
21
-3.8829250393700785
0
LINE
8
BLACK
6
CONTINUOUS
10
5.7110421259842514
20
-3.8829250393700785
11
5.7088052755905512
21
-3.8873150787401576
0
LINE
8
BLACK
6
CONTINUOUS
10
5.7088052755905512
20
-3.8873150787401576
11
5.7053212992125983
21
-3.89079905511811
0
LINE
8
BLACK
6
CONTINUOUS
10
5.7053212992125983
20
-3.89079905511811
11
5.7009312598425197
21
-3.8930359055118111
0
LINE
8
BLACK
6
CONTINUOUS
10
5.7009312598425197
20
-3.8930359055118111
11
5.6960648425196849
21
-3.8938066535433071
0
LINE
8
BLACK
6
CONTINUOUS
10
5.6960648425196849
20
-3.8938066535433071
11
5.6911984251968502
21
-3.8930359055118111
0
LINE
8
BLACK
6
CONTINUOUS
10
5.6911984251968502
20
-3.8930359055118111
11
5.6868083858267715
21
-3.89079905511811
0
LINE
8
BLACK
6
CONTINUOUS
10
5.6868083858267715
20
-3.89079905511811
11
5.6833244094488187
21
-3.8873150787401576
0
LINE
8
BLACK
6
CONTINUOUS
10
5.6833244094488187
20
-3.8873150787401576
11
5.6810875590551184
21
-3.8829250393700785
0
LINE
8
BLACK
6
CONTINUOUS
10
5.6810875590551184
20
-3.8829250393700785
11
5.680316811023622
21
-3.8780586220472442
0
LINE
8
BLACK
6
CONTINUOUS
10
5.680316811023622
20
-3.8780586220472442
11
5.6810875590551184
21
-3.8731922047244094
0
LINE
8
BLACK
6
CONTINUOUS
10
5.6810875590551184
20
-3.8731922047244094
11
5.6826210236220467
21
-3.8701825984251967
0
LINE
8
BLACK
6
CONTINUOUS
10
5.6826210236220467
20
-3.8701825984251967
11
5.5732809448818896
21
-3.7608425196850392
0
LINE
8
BLACK
6
CONTINUOUS
10
5.5732809448818896
20
-3.7608425196850392
11
5.5727913385826771
21
-3.7602459055118111
0
LINE
8
BLACK
6
CONTINUOUS
10
5.5727913385826771
20
-3.7602459055118111
11
5.5722034645669289
21
-3.7588266929133858
0
LINE
8
BLACK
6
CONTINUOUS
10
5.5722034645669289
20
-3.7588266929133858
11
5.5721278346456691
21
-3.7580586220472441
0
LINE
8
BLACK
6
CONTINUOUS
10
5.5721278346456691
20
-3.7580586220472441
11
5.5721278346456691
21
-3.6631830708661415
0
LINE
8
BLACK
6
CONTINUOUS
10
5.5721278346456691
20
-3.6631830708661415
11
5.57119842519685
21
-3.6630359055118111
0
LINE
8
BLACK
6
CONTINUOUS
10
5.57119842519685
20
-3.6630359055118111
11
5.5668083858267714
21
-3.66079905511811
0
LINE
8
BLACK
6
CONTINUOUS
10
5.5668083858267714
20
-3.66079905511811
11
5.5633244094488186
21
-3.6573150787401576
0
LINE
8
BLACK
6
CONTINUOUS
10
5.5633244094488186
20
-3.6573150787401576
11
5.5610875590551183
21
-3.6529250393700785
0
LINE
8
BLACK
6
CONTINUOUS
10
5.5610875590551183
20
-3.6529250393700785
11
5.5603168110236219
21
-3.6480586220472442
0
LINE
8
BLACK
6
CONTINUOUS
10
5.5603168110236219
20
-3.6480586220472442
11
5.5610875590551183
21
-3.6431922047244094
0
LINE
8
BLACK
6
CONTINUOUS
10
5.5610875590551183
20
-3.6431922047244094
11
5.5633244094488186
21
-3.6388021653543308
0
LINE
8
BLACK
6
CONTINUOUS
10
5.5633244094488186
20
-3.6388021653543308
11
5.5668083858267714
21
-3.6353181889763779
0
LINE
8
BLACK
6
CONTINUOUS
10
5.5668083858267714
20
-3.6353181889763779
11
5.57119842519685
21
-3.6330813385826772
0
LINE
8
BLACK
6
CONTINUOUS
10
5.57119842519685
20
-3.6330813385826772
11
5.5760648425196848
21
-3.6323105905511812
0
LINE
8
BLACK
6
CONTINUOUS
10
5.5760648425196848
20
-3.6323105905511812
11
5.5809312598425196
21
-3.6330813385826772
0
LINE
8
BLACK
6
CONTINUOUS
10
7.0346105118110236
20
-3.7295936614173226
11
7.042896535433071
21
-3.731813897637795
0
LINE
8
BLACK
6
CONTINUOUS
10
7.042896535433071
20
-3.731813897637795
11
7.0506711417322832
21
-3.7354392519685038
0
LINE
8
BLACK
6
CONTINUOUS
10
7.0506711417322832
20
-3.7354392519685038
11
7.0576981102362204
21
-3.7403595669291336
0
LINE
8
BLACK
6
CONTINUOUS
10
7.0576981102362204
20
-3.7403595669291336
11
7.063763897637795
21
-3.7464253543307087
0
LINE
8
BLACK
6
CONTINUOUS
10
7.063763897637795
20
-3.7464253543307087
11
7.0686842125984253
21
-3.7534523228346455
0
LINE
8
BLACK
6
CONTINUOUS
10
7.0686842125984253
20
-3.7534523228346455
11
7.0723095669291336
21
-3.761226929133858
0
LINE
8
BLACK
6
CONTINUOUS
10
7.0723095669291336
20
-3.761226929133858
11
7.0745298031496064
21
-3.7695129527559055
0
LINE
8
BLACK
6
CONTINUOUS
10
7.0745298031496064
20
-3.7695129527559055
11
7.0752774409448813
21
-3.7780586220472441
0
LINE
8
BLACK
6
CONTINUOUS
10
7.0752774409448813
20
-3.7780586220472441
11
7.0745298031496064
21
-3.7866042913385827
0
LINE
8
BLACK
6
CONTINUOUS
10
7.0745298031496064
20
-3.7866042913385827
11
7.0723095669291336
21
-3.7948903149606297
0
LINE
8
BLACK
6
CONTINUOUS
10
7.0723095669291336
20
-3.7948903149606297
11
7.0686842125984253
21
-3.8026649212598422
0
LINE
8
BLACK
6
CONTINUOUS
10
7.0686842125984253
20
-3.8026649212598422
11
7.063763897637795
21
-3.8096918897637795
0
LINE
8
BLACK
6
CONTINUOUS
10
7.063763897637795
20
-3.8096918897637795
11
7.0576981102362204
21
-3.8157576771653541
0
LINE
8
BLACK
6
CONTINUOUS
10
7.0576981102362204
20
-3.8157576771653541
11
7.0506711417322832
21
-3.8206779921259844
0
LINE
8
BLACK
6
CONTINUOUS
10
7.0506711417322832
20
-3.8206779921259844
11
7.042896535433071
21
-3.8243033464566927
0
LINE
8
BLACK
6
CONTINUOUS
10
7.042896535433071
20
-3.8243033464566927
11
7.0346105118110236
21
-3.8265235826771651
0
LINE
8
BLACK
6
CONTINUOUS
10
7.0346105118110236
20
-3.8265235826771651
11
7.026064842519685
21
-3.8272712204724408
0
LINE
8
BLACK
6
CONTINUOUS
10
7.026064842519685
20
-3.8272712204724408
11
7.0175191732283464
21
-3.8265235826771651
0
LINE
8
BLACK
6
CONTINUOUS
10
7.0175191732283464
20
-3.8265235826771651
11
7.009233149606299
21
-3.8243033464566927
0
LINE
8
BLACK
6
CONTINUOUS
10
7.009233149606299
20
-3.8243033464566927
11
7.0014585433070868
21
-3.8206779921259844
0
LINE
8
BLACK
6
CONTINUOUS
10
7.0014585433070868
20
-3.8206779921259844
11
6.9944315748031496
21
-3.8157576771653541
0
LINE
8
BLACK
6
CONTINUOUS
10
6.9944315748031496
20
-3.8157576771653541
11
6.988365787401575
21
-3.8096918897637795
0
LINE
8
BLACK
6
CONTINUOUS
10
6.988365787401575
20
-3.8096918897637795
11
6.9834454724409447
21
-3.8026649212598422
0
LINE
8
BLACK
6
CONTINUOUS
10
6.9834454724409447
20
-3.8026649212598422
11
6.9798201181102364
21
-3.7948903149606297
0
LINE
8
BLACK
6
CONTINUOUS
10
6.9798201181102364
20
-3.7948903149606297
11
6.9775998818897635
21
-3.7866042913385827
0
LINE
8
BLACK
6
CONTINUOUS
10
6.9775998818897635
20
-3.7866042913385827
11
6.9768522440944878
21
-3.7780586220472441
0
LINE
8
BLACK
6
CONTINUOUS
10
6.9768522440944878
20
-3.7780586220472441
11
6.9775998818897635
21
-3.7695129527559055
0
LINE
8
BLACK
6
CONTINUOUS
10
6.9775998818897635
20
-3.7695129527559055
11
6.9798201181102364
21
-3.761226929133858
0
LINE
8
BLACK
6
CONTINUOUS
10
6.9798201181102364
20
-3.761226929133858
11
6.9834454724409447
21
-3.7534523228346455
0
LINE
8
BLACK
6
CONTINUOUS
10
6.9834454724409447
20
-3.7534523228346455
11
6.988365787401575
21
-3.7464253543307087
0
LINE
8
BLACK
6
CONTINUOUS
10
6.988365787401575
20
-3.7464253543307087
11
6.9944315748031496
21
-3.7403595669291336
0
LINE
8
BLACK
6
CONTINUOUS
10
6.9944315748031496
20
-3.7403595669291336
11
7.0014585433070868
21
-3.7354392519685038
0
LINE
8
BLACK
6
CONTINUOUS
10
7.0014585433070868
20
-3.7354392519685038
11
7.009233149606299
21
-3.731813897637795
0
LINE
8
BLACK
6
CONTINUOUS
10
7.009233149606299
20
-3.731813897637795
11
7.0175191732283464
21
-3.7295936614173226
0
LINE
8
BLACK
6
CONTINUOUS
10
7.0175191732283464
20
-3.7295936614173226
11
7.026064842519685
21
-3.7288460236220473
0
LINE
8
BLACK
6
CONTINUOUS
10
7.026064842519685
20
-3.7288460236220473
11
7.0346105118110236
21
-3.7295936614173226
0
LINE
8
BLACK
6
CONTINUOUS
10
4.9560648425196847
20
-3.8080586220472439
11
4.8960648425196851
21
-3.8080586220472439
0
LINE
8
BLACK
6
CONTINUOUS
10
4.8960648425196851
20
-3.8080586220472439
11
4.8960648425196851
21
-3.7480586220472438
0
LINE
8
BLACK
6
CONTINUOUS
10
4.8960648425196851
20
-3.7480586220472438
11
4.9560648425196847
21
-3.7480586220472438
0
LINE
8
BLACK
6
CONTINUOUS
10
4.9560648425196847
20
-3.7480586220472438
11
4.9560648425196847
21
-3.8080586220472439
0
LINE
8
BLACK
6
CONTINUOUS
10
5.0560648425196852
20
-3.8080586220472439
11
4.9960648425196847
21
-3.8080586220472439
0
LINE
8
BLACK
6
CONTINUOUS
10
4.9960648425196847
20
-3.8080586220472439
11
4.9960648425196847
21
-3.7480586220472438
0
LINE
8
BLACK
6
CONTINUOUS
10
4.9960648425196847
20
-3.7480586220472438
11
5.0560648425196852
21
-3.7480586220472438
0
LINE
8
BLACK
6
CONTINUOUS
10
5.0560648425196852
20
-3.7480586220472438
11
5.0560648425196852
21
-3.8080586220472439
0
LINE
8
BLACK
6
CONTINUOUS
10
5.3060648425196852
20
-3.4580586220472442
11
5.2460648425196847
21
-3.4580586220472442
0
LINE
8
BLACK
6
CONTINUOUS
10
5.2460648425196847
20
-3.4580586220472442
11
5.2460648425196847
21
-3.3980586220472442
0
LINE
8
BLACK
6
CONTINUOUS
10
5.2460648425196847
20
-3.3980586220472442
11
5.3060648425196852
21
-3.3980586220472442
0
LINE
8
BLACK
6
CONTINUOUS
10
5.3060648425196852
20
-3.3980586220472442
11
5.3060648425196852
21
-3.4580586220472442
0
LINE
8
BLACK
6
CONTINUOUS
10
5.4060648425196849
20
-3.4580586220472442
11
5.3460648425196853
21
-3.4580586220472442
0
LINE
8
BLACK
6
CONTINUOUS
10
5.3460648425196853
20
-3.4580586220472442
11
5.3460648425196853
21
-3.3980586220472442
0
LINE
8
BLACK
6
CONTINUOUS
10
5.3460648425196853
20
-3.3980586220472442
11
5.4060648425196849
21
-3.3980586220472442
0
LINE
8
BLACK
6
CONTINUOUS
10
5.4060648425196849
20
-3.3980586220472442
11
5.4060648425196849
21
-3.4580586220472442
0
LINE
8
BLACK
6
CONTINUOUS
10
5.5060648425196845
20
-3.4580586220472442
11
5.4460648425196849
21
-3.4580586220472442
0
LINE
8
BLACK
6
CONTINUOUS
10
5.4460648425196849
20
-3.4580586220472442
11
5.4460648425196849
21
-3.3980586220472442
0
LINE
8
BLACK
6
CONTINUOUS
10
5.4460648425196849
20
-3.3980586220472442
11
5.5060648425196845
21
-3.3980586220472442
0
LINE
8
BLACK
6
CONTINUOUS
10
5.5060648425196845
20
-3.3980586220472442
11
5.5060648425196845
21
-3.4580586220472442
0
LINE
8
BLACK
6
CONTINUOUS
10
5.6060648425196851
20
-3.4580586220472442
11
5.5460648425196846
21
-3.4580586220472442
0
LINE
8
BLACK
6
CONTINUOUS
10
5.5460648425196846
20
-3.4580586220472442
11
5.5460648425196846
21
-3.3980586220472442
0
LINE
8
BLACK
6
CONTINUOUS
10
5.5460648425196846
20
-3.3980586220472442
11
5.6060648425196851
21
-3.3980586220472442
0
LINE
8
BLACK
6
CONTINUOUS
10
5.6060648425196851
20
-3.3980586220472442
11
5.6060648425196851
21
-3.4580586220472442
0
LINE
8
BLACK
6
CONTINUOUS
10
5.7060648425196847
20
-3.4580586220472442
11
5.6460648425196851
21
-3.4580586220472442
0
LINE
8
BLACK
6
CONTINUOUS
10
5.6460648425196851
20
-3.4580586220472442
11
5.6460648425196851
21
-3.3980586220472442
0
LINE
8
BLACK
6
CONTINUOUS
10
5.6460648425196851
20
-3.3980586220472442
11
5.7060648425196847
21
-3.3980586220472442
0
LINE
8
BLACK
6
CONTINUOUS
10
5.7060648425196847
20
-3.3980586220472442
11
5.7060648425196847
21
-3.4580586220472442
0
LINE
8
BLACK
6
CONTINUOUS
10
6.0060648425196845
20
-3.4580586220472442
11
5.9460648425196849
21
-3.4580586220472442
0
LINE
8
BLACK
6
CONTINUOUS
10
5.9460648425196849
20
-3.4580586220472442
11
5.9460648425196849
21
-3.3980586220472442
0
LINE
8
BLACK
6
CONTINUOUS
10
5.9460648425196849
20
-3.3980586220472442
11
6.0060648425196845
21
-3.3980586220472442
0
LINE
8
BLACK
6
CONTINUOUS
10
6.0060648425196845
20
-3.3980586220472442
11
6.0060648425196845
21
-3.4580586220472442
0
LINE
8
BLACK
6
CONTINUOUS
10
6.1060648425196851
20
-3.4580586220472442
11
6.0460648425196846
21
-3.4580586220472442
0
LINE
8
BLACK
6
CONTINUOUS
10
6.0460648425196846
20
-3.4580586220472442
11
6.0460648425196846
21
-3.3980586220472442
0
LINE
8
BLACK
6
CONTINUOUS
10
6.0460648425196846
20
-3.3980586220472442
11
6.1060648425196851
21
-3.3980586220472442
0
LINE
8
BLACK
6
CONTINUOUS
10
6.1060648425196851
20
-3.3980586220472442
11
6.1060648425196851
21
-3.4580586220472442
0
LINE
8
BLACK
6
CONTINUOUS
10
5.3060648425196852
20
-3.3580586220472441
11
5.2460648425196847
21
-3.3580586220472441
0
LINE
8
BLACK
6
CONTINUOUS
10
5.2460648425196847
20
-3.3580586220472441
11
5.2460648425196847
21
-3.2980586220472441
0
LINE
8
BLACK
6
CONTINUOUS
10
5.2460648425196847
20
-3.2980586220472441
11
5.3060648425196852
21
-3.2980586220472441
0
LINE
8
BLACK
6
CONTINUOUS
10
5.3060648425196852
20
-3.2980586220472441
11
5.3060648425196852
21
-3.3580586220472441
0
LINE
8
BLACK
6
CONTINUOUS
10
5.4060648425196849
20
-3.3580586220472441
11
5.3460648425196853
21
-3.3580586220472441
0
LINE
8
BLACK
6
CONTINUOUS
10
5.3460648425196853
20
-3.3580586220472441
11
5.3460648425196853
21
-3.2980586220472441
0
LINE
8
BLACK
6
CONTINUOUS
10
5.3460648425196853
20
-3.2980586220472441
11
5.4060648425196849
21
-3.2980586220472441
0
LINE
8
BLACK
6
CONTINUOUS
10
5.4060648425196849
20
-3.2980586220472441
11
5.4060648425196849
21
-3.3580586220472441
0
LINE
8
BLACK
6
CONTINUOUS
10
5.5060648425196845
20
-3.3580586220472441
11
5.4460648425196849
21
-3.3580586220472441
0
LINE
8
BLACK
6
CONTINUOUS
10
5.4460648425196849
20
-3.3580586220472441
11
5.4460648425196849
21
-3.2980586220472441
0
LINE
8
BLACK
6
CONTINUOUS
10
5.4460648425196849
20
-3.2980586220472441
11
5.5060648425196845
21
-3.2980586220472441
0
LINE
8
BLACK
6
CONTINUOUS
10
5.5060648425196845
20
-3.2980586220472441
11
5.5060648425196845
21
-3.3580586220472441
0
LINE
8
BLACK
6
CONTINUOUS
10
5.6060648425196851
20
-3.3580586220472441
11
5.5460648425196846
21
-3.3580586220472441
0
LINE
8
BLACK
6
CONTINUOUS
10
5.5460648425196846
20
-3.3580586220472441
11
5.5460648425196846
21
-3.2980586220472441
0
LINE
8
BLACK
6
CONTINUOUS
10
5.5460648425196846
20
-3.2980586220472441
11
5.6060648425196851
21
-3.2980586220472441
0
LINE
8
BLACK
6
CONTINUOUS
10
5.6060648425196851
20
-3.2980586220472441
11
5.6060648425196851
21
-3.3580586220472441
0
LINE
8
BLACK
6
CONTINUOUS
10
5.7060648425196847
20
-3.3580586220472441
11
5.6460648425196851
21
-3.3580586220472441
0
LINE
8
BLACK
6
CONTINUOUS
10
5.6460648425196851
20
-3.3580586220472441
11
5.6460648425196851
21
-3.2980586220472441
0
LINE
8
BLACK
6
CONTINUOUS
10
5.6460648425196851
20
-3.2980586220472441
11
5.7060648425196847
21
-3.2980586220472441
0
LINE
8
BLACK
6
CONTINUOUS
10
5.7060648425196847
20
-3.2980586220472441
11
5.7060648425196847
21
-3.3580586220472441
0
LINE
8
BLACK
6
CONTINUOUS
10
5.8060648425196852
20
-3.3580586220472441
11
5.7460648425196847
21
-3.3580586220472441
0
LINE
8
BLACK
6
CONTINUOUS
10
5.7460648425196847
20
-3.3580586220472441
11
5.7460648425196847
21
-3.2980586220472441
0
LINE
8
BLACK
6
CONTINUOUS
10
5.7460648425196847
20
-3.2980586220472441
11
5.8060648425196852
21
-3.2980586220472441
0
LINE
8
BLACK
6
CONTINUOUS
10
5.8060648425196852
20
-3.2980586220472441
11
5.8060648425196852
21
-3.3580586220472441
0
LINE
8
BLACK
6
CONTINUOUS
10
5.9060648425196849
20
-3.3580586220472441
11
5.8460648425196853
21
-3.3580586220472441
0
LINE
8
BLACK
6
CONTINUOUS
10
5.8460648425196853
20
-3.3580586220472441
11
5.8460648425196853
21
-3.2980586220472441
0
LINE
8
BLACK
6
CONTINUOUS
10
5.8460648425196853
20
-3.2980586220472441
11
5.9060648425196849
21
-3.2980586220472441
0
LINE
8
BLACK
6
CONTINUOUS
10
5.9060648425196849
20
-3.2980586220472441
11
5.9060648425196849
21
-3.3580586220472441
0
LINE
8
BLACK
6
CONTINUOUS
10
6.0060648425196845
20
-3.3580586220472441
11
5.9460648425196849
21
-3.3580586220472441
0
LINE
8
BLACK
6
CONTINUOUS
10
5.9460648425196849
20
-3.3580586220472441
11
5.9460648425196849
21
-3.2980586220472441
0
LINE
8
BLACK
6
CONTINUOUS
10
5.9460648425196849
20
-3.2980586220472441
11
6.0060648425196845
21
-3.2980586220472441
0
LINE
8
BLACK
6
CONTINUOUS
10
6.0060648425196845
20
-3.2980586220472441
11
6.0060648425196845
21
-3.3580586220472441
0
LINE
8
BLACK
6
CONTINUOUS
10
6.1060648425196851
20
-3.3580586220472441
11
6.0460648425196846
21
-3.3580586220472441
0
LINE
8
BLACK
6
CONTINUOUS
10
6.0460648425196846
20
-3.3580586220472441
11
6.0460648425196846
21
-3.2980586220472441
0
LINE
8
BLACK
6
CONTINUOUS
10
6.0460648425196846
20
-3.2980586220472441
11
6.1060648425196851
21
-3.2980586220472441
0
LINE
8
BLACK
6
CONTINUOUS
10
6.1060648425196851
20
-3.2980586220472441
11
6.1060648425196851
21
-3.3580586220472441
0
LINE
8
BLACK
6
CONTINUOUS
10
7.2063827165354333
20
-3.2488189763779527
11
7.2082131496062987
21
-3.2509314173228345
0
LINE
8
BLACK
6
CONTINUOUS
10
7.2082131496062987
20
-3.2509314173228345
11
7.2086614173228343
21
-3.2529921259842518
0
LINE
8
BLACK
6
CONTINUOUS
10
7.2086614173228343
20
-3.2529921259842518
11
7.2086614173228343
21
-3.6686374409448819
0
LINE
8
BLACK
6
CONTINUOUS
10
7.2086614173228343
20
-3.6686374409448819
11
7.2078739370078742
21
-3.6713193700787401
0
LINE
8
BLACK
6
CONTINUOUS
10
7.2078739370078742
20
-3.6713193700787401
11
7.2057614960629923
21
-3.6731498031496064
0
LINE
8
BLACK
6
CONTINUOUS
10
7.2057614960629923
20
-3.6731498031496064
11
7.2029948031496058
21
-3.6735475984251966
0
LINE
8
BLACK
6
CONTINUOUS
10
7.2029948031496058
20
-3.6735475984251966
11
7.2004522834645668
21
-3.6723864173228344
0
LINE
8
BLACK
6
CONTINUOUS
10
7.2004522834645668
20
-3.6723864173228344
11
7.1989411023622045
21
-3.6700349999999999
0
LINE
8
BLACK
6
CONTINUOUS
10
7.1989411023622045
20
-3.6700349999999999
11
7.1987527952755901
21
-3.6689913385826771
0
LINE
8
BLACK
6
CONTINUOUS
10
7.1987527952755901
20
-3.6689913385826771
11
7.1986548425196846
21
-3.6676218897637796
0
LINE
8
BLACK
6
CONTINUOUS
10
7.1986548425196846
20
-3.6676218897637796
11
7.1964306692913382
21
-3.657397440944882
0
LINE
8
BLACK
6
CONTINUOUS
10
7.1964306692913382
20
-3.657397440944882
11
7.1927739763779526
21
-3.647593464566929
0
LINE
8
BLACK
6
CONTINUOUS
10
7.1927739763779526
20
-3.647593464566929
11
7.1877594094488186
21
-3.6384099212598424
0
LINE
8
BLACK
6
CONTINUOUS
10
7.1877594094488186
20
-3.6384099212598424
11
7.1843756692913381
21
-3.6338898818897638
0
LINE
8
BLACK
6
CONTINUOUS
10
7.1843756692913381
20
-3.6338898818897638
11
7.1843756692913381
21
-3.6338898425196851
0
LINE
8
BLACK
6
CONTINUOUS
10
7.1843756692913381
20
-3.6338898425196851
11
7.1699060236220467
21
-3.6483594488188977
0
LINE
8
BLACK
6
CONTINUOUS
10
7.1699060236220467
20
-3.6483594488188977
11
7.1720937401574805
21
-3.6514838188976375
0
LINE
8
BLACK
6
CONTINUOUS
10
7.1720937401574805
20
-3.6514838188976375
11
7.1760091338582672
21
-3.6598803937007873
0
LINE
8
BLACK
6
CONTINUOUS
10
7.1760091338582672
20
-3.6598803937007873
11
7.1784069685039364
21
-3.6688292913385827
0
LINE
8
BLACK
6
CONTINUOUS
10
7.1784069685039364
20
-3.6688292913385827
11
7.1792144488188976
21
-3.678058622047244
0
LINE
8
BLACK
6
CONTINUOUS
10
7.1792144488188976
20
-3.678058622047244
11
7.1784069685039364
21
-3.6872879527559053
0
LINE
8
BLACK
6
CONTINUOUS
10
7.1784069685039364
20
-3.6872879527559053
11
7.1760091338582672
21
-3.6962368503937006
0
LINE
8
BLACK
6
CONTINUOUS
10
7.1760091338582672
20
-3.6962368503937006
11
7.1720937401574805
21
-3.7046334251968505
0
LINE
8
BLACK
6
CONTINUOUS
10
7.1720937401574805
20
-3.7046334251968505
11
7.1699060236220467
21
-3.7077577165354332
0
LINE
8
BLACK
6
CONTINUOUS
10
7.1699060236220467
20
-3.7077577165354332
11
7.1843756299212593
21
-3.7222273228346454
0
LINE
8
BLACK
6
CONTINUOUS
10
7.1843756299212593
20
-3.7222273228346454
11
7.1843757086614168
21
-3.7222272834645667
0
LINE
8
BLACK
6
CONTINUOUS
10
7.1843757086614168
20
-3.7222272834645667
11
7.1877592913385824
21
-3.7177074803149606
0
LINE
8
BLACK
6
CONTINUOUS
10
7.1877592913385824
20
-3.7177074803149606
11
7.1927739763779526
21
-3.7085237401574802
0
LINE
8
BLACK
6
CONTINUOUS
10
7.1927739763779526
20
-3.7085237401574802
11
7.1964306692913382
21
-3.6987197637795273
0
LINE
8
BLACK
6
CONTINUOUS
10
7.1964306692913382
20
-3.6987197637795273
11
7.1986548425196846
21
-3.6884953149606297
0
LINE
8
BLACK
6
CONTINUOUS
10
7.1986548425196846
20
-3.6884953149606297
11
7.1987527952755901
21
-3.6871259055118109
0
LINE
8
BLACK
6
CONTINUOUS
10
7.1987527952755901
20
-3.6871259055118109
11
7.1997296062992122
21
-3.6845069685039369
0
LINE
8
BLACK
6
CONTINUOUS
10
7.1997296062992122
20
-3.6845069685039369
11
7.2019672047244097
21
-3.6828318897637793
0
LINE
8
BLACK
6
CONTINUOUS
10
7.2019672047244097
20
-3.6828318897637793
11
7.2047552362204721
21
-3.6826324803149606
0
LINE
8
BLACK
6
CONTINUOUS
10
7.2047552362204721
20
-3.6826324803149606
11
7.2072084645669285
21
-3.6839720472440942
0
LINE
8
BLACK
6
CONTINUOUS
10
7.2072084645669285
20
-3.6839720472440942
11
7.208548031496063
21
-3.6864253149606299
0
LINE
8
BLACK
6
CONTINUOUS
10
7.208548031496063
20
-3.6864253149606299
11
7.2086614173228343
21
-3.6874797637795274
0
LINE
8
BLACK
6
CONTINUOUS
10
7.2086614173228343
20
-3.6874797637795274
11
7.2086614173228343
21
-3.8686374409448816
0
LINE
8
BLACK
6
CONTINUOUS
10
7.2086614173228343
20
-3.8686374409448816
11
7.2078739370078742
21
-3.8713193700787403
0
LINE
8
BLACK
6
CONTINUOUS
10
7.2078739370078742
20
-3.8713193700787403
11
7.2057614960629923
21
-3.8731498031496061
0
LINE
8
BLACK
6
CONTINUOUS
10
7.2057614960629923
20
-3.8731498031496061
11
7.2029948031496058
21
-3.8735475984251968
0
LINE
8
BLACK
6
CONTINUOUS
10
7.2029948031496058
20
-3.8735475984251968
11
7.2004522834645668
21
-3.8723864173228346
0
LINE
8
BLACK
6
CONTINUOUS
10
7.2004522834645668
20
-3.8723864173228346
11
7.1989411023622045
21
-3.8700350000000001
0
LINE
8
BLACK
6
CONTINUOUS
10
7.1989411023622045
20
-3.8700350000000001
11
7.1987527952755901
21
-3.8689913385826773
0
LINE
8
BLACK
6
CONTINUOUS
10
7.1987527952755901
20
-3.8689913385826773
11
7.1986548425196846
21
-3.8676218897637793
0
LINE
8
BLACK
6
CONTINUOUS
10
7.1986548425196846
20
-3.8676218897637793
11
7.1964306692913382
21
-3.8573974409448817
0
LINE
8
BLACK
6
CONTINUOUS
10
7.1964306692913382
20
-3.8573974409448817
11
7.1927739763779526
21
-3.8475934645669292
0
LINE
8
BLACK
6
CONTINUOUS
10
7.1927739763779526
20
-3.8475934645669292
11
7.1877594094488186
21
-3.8384099212598426
0
LINE
8
BLACK
6
CONTINUOUS
10
7.1877594094488186
20
-3.8384099212598426
11
7.1843756692913381
21
-3.8338898818897635
0
LINE
8
BLACK
6
CONTINUOUS
10
7.1843756692913381
20
-3.8338898818897635
11
7.1843756692913381
21
-3.8338898425196848
0
LINE
8
BLACK
6
CONTINUOUS
10
7.1843756692913381
20
-3.8338898425196848
11
7.1699060236220467
21
-3.8483594488188975
0
LINE
8
BLACK
6
CONTINUOUS
10
7.1699060236220467
20
-3.8483594488188975
11
7.1720937401574805
21
-3.8514838188976377
0
LINE
8
BLACK
6
CONTINUOUS
10
7.1720937401574805
20
-3.8514838188976377
11
7.1760091338582672
21
-3.8598803937007875
0
LINE
8
BLACK
6
CONTINUOUS
10
7.1760091338582672
20
-3.8598803937007875
11
7.1784069685039364
21
-3.8688292913385824
0
LINE
8
BLACK
6
CONTINUOUS
10
7.1784069685039364
20
-3.8688292913385824
11
7.1792144488188976
21
-3.8780586220472442
0
LINE
8
BLACK
6
CONTINUOUS
10
7.1792144488188976
20
-3.8780586220472442
11
7.1784069685039364
21
-3.8872879527559054
0
LINE
8
BLACK
6
CONTINUOUS
10
7.1784069685039364
20
-3.8872879527559054
11
7.1760091338582672
21
-3.8962368503937008
0
LINE
8
BLACK
6
CONTINUOUS
10
7.1760091338582672
20
-3.8962368503937008
11
7.1720937401574805
21
-3.9046334251968502
0
LINE
8
BLACK
6
CONTINUOUS
10
7.1720937401574805
20
-3.9046334251968502
11
7.1699060236220467
21
-3.9077577165354329
0
LINE
8
BLACK
6
CONTINUOUS
10
7.1699060236220467
20
-3.9077577165354329
11
7.1843756299212593
21
-3.9222273228346456
0
LINE
8
BLACK
6
CONTINUOUS
10
7.1843756299212593
20
-3.9222273228346456
11
7.1843757086614168
21
-3.9222272834645668
0
LINE
8
BLACK
6
CONTINUOUS
10
7.1843757086614168
20
-3.9222272834645668
11
7.1877592913385824
21
-3.9177074803149607
0
LINE
8
BLACK
6
CONTINUOUS
10
7.1877592913385824
20
-3.9177074803149607
11
7.1927739763779526
21
-3.9085237401574804
0
LINE
8
BLACK
6
CONTINUOUS
10
7.1927739763779526
20
-3.9085237401574804
11
7.1964306692913382
21
-3.8987197637795274
0
LINE
8
BLACK
6
CONTINUOUS
10
7.1964306692913382
20
-3.8987197637795274
11
7.1986548425196846
21
-3.8884953149606298
0
LINE
8
BLACK
6
CONTINUOUS
10
7.1986548425196846
20
-3.8884953149606298
11
7.1987527952755901
21
-3.887125905511811
0
LINE
8
BLACK
6
CONTINUOUS
10
7.1987527952755901
20
-3.887125905511811
11
7.1997296062992122
21
-3.8845069685039371
0
LINE
8
BLACK
6
CONTINUOUS
10
7.1997296062992122
20
-3.8845069685039371
11
7.2019672047244097
21
-3.8828318897637795
0
LINE
8
BLACK
6
CONTINUOUS
10
7.2019672047244097
20
-3.8828318897637795
11
7.2047552362204721
21
-3.8826324803149603
0
LINE
8
BLACK
6
CONTINUOUS
10
7.2047552362204721
20
-3.8826324803149603
11
7.2072084645669285
21
-3.8839720472440944
0
LINE
8
BLACK
6
CONTINUOUS
10
7.2072084645669285
20
-3.8839720472440944
11
7.208548031496063
21
-3.88642531496063
0
LINE
8
BLACK
6
CONTINUOUS
10
7.208548031496063
20
-3.88642531496063
11
7.2086614173228343
21
-3.8874797637795275
0
LINE
8
BLACK
6
CONTINUOUS
10
7.2086614173228343
20
-3.8874797637795275
11
7.2086614173228343
21
-4.0936374409448817
0
LINE
8
BLACK
6
CONTINUOUS
10
7.2086614173228343
20
-4.0936374409448817
11
7.2078739370078742
21
-4.0963193700787404
0
LINE
8
BLACK
6
CONTINUOUS
10
7.2078739370078742
20
-4.0963193700787404
11
7.2057614960629923
21
-4.0981498031496066
0
LINE
8
BLACK
6
CONTINUOUS
10
7.2057614960629923
20
-4.0981498031496066
11
7.2029948031496058
21
-4.0985475984251964
0
LINE
8
BLACK
6
CONTINUOUS
10
7.2029948031496058
20
-4.0985475984251964
11
7.2004522834645668
21
-4.0973864173228343
0
LINE
8
BLACK
6
CONTINUOUS
10
7.2004522834645668
20
-4.0973864173228343
11
7.1989411023622045
21
-4.0950350000000002
0
LINE
8
BLACK
6
CONTINUOUS
10
7.1989411023622045
20
-4.0950350000000002
11
7.1987527952755901
21
-4.0939913385826774
0
LINE
8
BLACK
6
CONTINUOUS
10
7.1987527952755901
20
-4.0939913385826774
11
7.1986548425196846
21
-4.0926218897637794
0
LINE
8
BLACK
6
CONTINUOUS
10
7.1986548425196846
20
-4.0926218897637794
11
7.1964306692913382
21
-4.0823974409448818
0
LINE
8
BLACK
6
CONTINUOUS
10
7.1964306692913382
20
-4.0823974409448818
11
7.1927739763779526
21
-4.0725934645669293
0
LINE
8
BLACK
6
CONTINUOUS
10
7.1927739763779526
20
-4.0725934645669293
11
7.1877594094488186
21
-4.0634099212598427
0
LINE
8
BLACK
6
CONTINUOUS
10
7.1877594094488186
20
-4.0634099212598427
11
7.1843756692913381
21
-4.0588898818897636
0
LINE
8
BLACK
6
CONTINUOUS
10
7.1843756692913381
20
-4.0588898818897636
11
7.1843756692913381
21
-4.0588898425196849
0
LINE
8
BLACK
6
CONTINUOUS
10
7.1843756692913381
20
-4.0588898425196849
11
7.1699060236220467
21
-4.0733594488188976
0
LINE
8
BLACK
6
CONTINUOUS
10
7.1699060236220467
20
-4.0733594488188976
11
7.1720937401574805
21
-4.0764838188976373
0
LINE
8
BLACK
6
CONTINUOUS
10
7.1720937401574805
20
-4.0764838188976373
11
7.1760091338582672
21
-4.0848803937007876
0
LINE
8
BLACK
6
CONTINUOUS
10
7.1760091338582672
20
-4.0848803937007876
11
7.1784069685039364
21
-4.093829291338583
0
LINE
8
BLACK
6
CONTINUOUS
10
7.1784069685039364
20
-4.093829291338583
11
7.1792144488188976
21
-4.1030586220472438
0
LINE
8
BLACK
6
CONTINUOUS
10
7.1792144488188976
20
-4.1030586220472438
11
7.1784069685039364
21
-4.1122879527559055
0
LINE
8
BLACK
6
CONTINUOUS
10
7.1784069685039364
20
-4.1122879527559055
11
7.1760091338582672
21
-4.1212368503937009
0
LINE
8
BLACK
6
CONTINUOUS
10
7.1760091338582672
20
-4.1212368503937009
11
7.1720937401574805
21
-4.1296334251968503
0
LINE
8
BLACK
6
CONTINUOUS
10
7.1720937401574805
20
-4.1296334251968503
11
7.1699060236220467
21
-4.1327577165354326
0
LINE
8
BLACK
6
CONTINUOUS
10
7.1699060236220467
20
-4.1327577165354326
11
7.1843756299212593
21
-4.1472273228346452
0
LINE
8
BLACK
6
CONTINUOUS
10
7.1843756299212593
20
-4.1472273228346452
11
7.1843757086614168
21
-4.1472272834645665
0
LINE
8
BLACK
6
CONTINUOUS
10
7.1843757086614168
20
-4.1472272834645665
11
7.1877592913385824
21
-4.1427074803149608
0
LINE
8
BLACK
6
CONTINUOUS
10
7.1877592913385824
20
-4.1427074803149608
11
7.1927739763779526
21
-4.1335237401574805
0
LINE
8
BLACK
6
CONTINUOUS
10
7.1927739763779526
20
-4.1335237401574805
11
7.1964306692913382
21
-4.1237197637795271
0
LINE
8
BLACK
6
CONTINUOUS
10
7.1964306692913382
20
-4.1237197637795271
11
7.1986548425196846
21
-4.1134953149606295
0
LINE
8
BLACK
6
CONTINUOUS
10
7.1986548425196846
20
-4.1134953149606295
11
7.1987527952755901
21
-4.1121259055118111
0
LINE
8
BLACK
6
CONTINUOUS
10
7.1987527952755901
20
-4.1121259055118111
11
7.1997296062992122
21
-4.1095069685039372
0
LINE
8
BLACK
6
CONTINUOUS
10
7.1997296062992122
20
-4.1095069685039372
11
7.2019672047244097
21
-4.1078318897637791
0
LINE
8
BLACK
6
CONTINUOUS
10
7.2019672047244097
20
-4.1078318897637791
11
7.2047552362204721
21
-4.1076324803149609
0
LINE
8
BLACK
6
CONTINUOUS
10
7.2047552362204721
20
-4.1076324803149609
11
7.2072084645669285
21
-4.1089720472440945
0
LINE
8
BLACK
6
CONTINUOUS
10
7.2072084645669285
20
-4.1089720472440945
11
7.208548031496063
21
-4.1114253149606297
0
LINE
8
BLACK
6
CONTINUOUS
10
7.208548031496063
20
-4.1114253149606297
11
7.2086614173228343
21
-4.1124797637795272
0
LINE
8
BLACK
6
CONTINUOUS
10
7.2086614173228343
20
-4.1124797637795272
11
7.2086614173228343
21
-4.2936374409448819
0
LINE
8
BLACK
6
CONTINUOUS
10
7.2086614173228343
20
-4.2936374409448819
11
7.2078739370078742
21
-4.2963193700787397
0
LINE
8
BLACK
6
CONTINUOUS
10
7.2078739370078742
20
-4.2963193700787397
11
7.2057614960629923
21
-4.2981498031496059
0
LINE
8
BLACK
6
CONTINUOUS
10
7.2057614960629923
20
-4.2981498031496059
11
7.2029948031496058
21
-4.2985475984251966
0
LINE
8
BLACK
6
CONTINUOUS
10
7.2029948031496058
20
-4.2985475984251966
11
7.2004522834645668
21
-4.2973864173228344
0
LINE
8
BLACK
6
CONTINUOUS
10
7.2004522834645668
20
-4.2973864173228344
11
7.1989411023622045
21
-4.2950349999999995
0
LINE
8
BLACK
6
CONTINUOUS
10
7.1989411023622045
20
-4.2950349999999995
11
7.1987527952755901
21
-4.2939913385826767
0
LINE
8
BLACK
6
CONTINUOUS
10
7.1987527952755901
20
-4.2939913385826767
11
7.1986548425196846
21
-4.2926218897637796
0
LINE
8
BLACK
6
CONTINUOUS
10
7.1986548425196846
20
-4.2926218897637796
11
7.1964306692913382
21
-4.282397440944882
0
LINE
8
BLACK
6
CONTINUOUS
10
7.1964306692913382
20
-4.282397440944882
11
7.1927739763779526
21
-4.2725934645669295
0
LINE
8
BLACK
6
CONTINUOUS
10
7.1927739763779526
20
-4.2725934645669295
11
7.1877594094488186
21
-4.2634099212598429
0
LINE
8
BLACK
6
CONTINUOUS
10
7.1877594094488186
20
-4.2634099212598429
11
7.1843756692913381
21
-4.2588898818897638
0
LINE
8
BLACK
6
CONTINUOUS
10
7.1843756692913381
20
-4.2588898818897638
11
7.1843756692913381
21
-4.2588898425196851
0
LINE
8
BLACK
6
CONTINUOUS
10
7.1843756692913381
20
-4.2588898425196851
11
7.1699060236220467
21
-4.2733594488188977
0
LINE
8
BLACK
6
CONTINUOUS
10
7.1699060236220467
20
-4.2733594488188977
11
7.1720937401574805
21
-4.2764838188976375
0
LINE
8
BLACK
6
CONTINUOUS
10
7.1720937401574805
20
-4.2764838188976375
11
7.1760091338582672
21
-4.2848803937007869
0
LINE
8
BLACK
6
CONTINUOUS
10
7.1760091338582672
20
-4.2848803937007869
11
7.1784069685039364
21
-4.2938292913385823
0
LINE
8
BLACK
6
CONTINUOUS
10
7.1784069685039364
20
-4.2938292913385823
11
7.1792144488188976
21
-4.303058622047244
0
LINE
8
BLACK
6
CONTINUOUS
10
7.1792144488188976
20
-4.303058622047244
11
7.1784069685039364
21
-4.3122879527559057
0
LINE
8
BLACK
6
CONTINUOUS
10
7.1784069685039364
20
-4.3122879527559057
11
7.1760091338582672
21
-4.3212368503937011
0
LINE
8
BLACK
6
CONTINUOUS
10
7.1760091338582672
20
-4.3212368503937011
11
7.1720937401574805
21
-4.3296334251968505
0
LINE
8
BLACK
6
CONTINUOUS
10
7.1720937401574805
20
-4.3296334251968505
11
7.1699060236220467
21
-4.3327577165354327
0
LINE
8
BLACK
6
CONTINUOUS
10
7.1699060236220467
20
-4.3327577165354327
11
7.1843756299212593
21
-4.3472273228346454
0
LINE
8
BLACK
6
CONTINUOUS
10
7.1843756299212593
20
-4.3472273228346454
11
7.1843757086614168
21
-4.3472272834645667
0
LINE
8
BLACK
6
CONTINUOUS
10
7.1843757086614168
20
-4.3472272834645667
11
7.1877592913385824
21
-4.3427074803149601
0
LINE
8
BLACK
6
CONTINUOUS
10
7.1877592913385824
20
-4.3427074803149601
11
7.1927739763779526
21
-4.3335237401574807
0
LINE
8
BLACK
6
CONTINUOUS
10
7.1927739763779526
20
-4.3335237401574807
11
7.1964306692913382
21
-4.3237197637795273
0
LINE
8
BLACK
6
CONTINUOUS
10
7.1964306692913382
20
-4.3237197637795273
11
7.1986548425196846
21
-4.3134953149606297
0
LINE
8
BLACK
6
CONTINUOUS
10
7.1986548425196846
20
-4.3134953149606297
11
7.1987527952755901
21
-4.3121259055118113
0
LINE
8
BLACK
6
CONTINUOUS
10
7.1987527952755901
20
-4.3121259055118113
11
7.1997296062992122
21
-4.3095069685039373
0
LINE
8
BLACK
6
CONTINUOUS
10
7.1997296062992122
20
-4.3095069685039373
11
7.2019672047244097
21
-4.3078318897637793
0
LINE
8
BLACK
6
CONTINUOUS
10
7.2019672047244097
20
-4.3078318897637793
11
7.2047552362204721
21
-4.3076324803149602
0
LINE
8
BLACK
6
CONTINUOUS
10
7.2047552362204721
20
-4.3076324803149602
11
7.2072084645669285
21
-4.3089720472440947
0
LINE
8
BLACK
6
CONTINUOUS
10
7.2072084645669285
20
-4.3089720472440947
11
7.208548031496063
21
-4.3114253149606299
0
LINE
8
BLACK
6
CONTINUOUS
10
7.208548031496063
20
-4.3114253149606299
11
7.2086614173228343
21
-4.3124797637795274
0
LINE
8
BLACK
6
CONTINUOUS
10
7.2086614173228343
20
-4.3124797637795274
11
7.2086614173228343
21
-4.8060711811023618
0
LINE
8
BLACK
6
CONTINUOUS
10
7.2086614173228343
20
-4.8060711811023618
11
7.2078739370078742
21
-4.8087531102362204
0
LINE
8
BLACK
6
CONTINUOUS
10
7.2078739370078742
20
-4.8087531102362204
11
7.2057614960629923
21
-4.8105835433070867
0
LINE
8
BLACK
6
CONTINUOUS
10
7.2057614960629923
20
-4.8105835433070867
11
7.2037090157480312
21
-4.8110318110236223
0
LINE
8
BLACK
6
CONTINUOUS
10
7.2037090157480312
20
-4.8110318110236223
11
4.8435765354330709
21
-4.8149523228346451
0
LINE
8
BLACK
6
CONTINUOUS
10
4.8435765354330709
20
-4.8149523228346451
11
4.8408933070866143
21
-4.8141692913385823
0
LINE
8
BLACK
6
CONTINUOUS
10
4.8408933070866143
20
-4.8141692913385823
11
4.8390593700787399
21
-4.8120599212598423
0
LINE
8
BLACK
6
CONTINUOUS
10
4.8390593700787399
20
-4.8120599212598423
11
4.8386077559055121
21
-4.809966771653543
0
LINE
8
BLACK
6
CONTINUOUS
10
4.8386077559055121
20
-4.809966771653543
11
4.8386273622047247
21
-4.8060711811023618
0
LINE
8
BLACK
6
CONTINUOUS
10
4.8386273622047247
20
-4.8060711811023618
11
4.8394805118110238
21
-4.6362920472440941
0
LINE
8
BLACK
6
CONTINUOUS
10
4.8394805118110238
20
-4.6362920472440941
11
4.8399327559055116
21
-4.5462920472440942
0
LINE
8
BLACK
6
CONTINUOUS
10
4.8399327559055116
20
-4.5462920472440942
11
4.8404352755905506
21
-4.4462920472440945
0
LINE
8
BLACK
6
CONTINUOUS
10
4.8404352755905506
20
-4.4462920472440945
11
4.8418681889763775
21
-4.1611453149606294
0
LINE
8
BLACK
6
CONTINUOUS
10
4.8418681889763775
20
-4.1611453149606294
11
4.8444561417322838
21
-3.6461453149606298
0
LINE
8
BLACK
6
CONTINUOUS
10
4.8444561417322838
20
-3.6461453149606298
11
4.8447623622047242
21
-3.585205275590551
0
LINE
8
BLACK
6
CONTINUOUS
10
4.8447623622047242
20
-3.585205275590551
11
4.8457116535433071
21
-3.3962920472440943
0
LINE
8
BLACK
6
CONTINUOUS
10
4.8457116535433071
20
-3.3962920472440943
11
4.8462141732283461
21
-3.2962920472440942
0
LINE
8
BLACK
6
CONTINUOUS
10
4.8462141732283461
20
-3.2962920472440942
11
4.846431889763779
21
-3.2529671653543306
0
LINE
8
BLACK
6
CONTINUOUS
10
4.846431889763779
20
-3.2529671653543306
11
4.847232834645669
21
-3.2502892519685038
0
LINE
8
BLACK
6
CONTINUOUS
10
4.847232834645669
20
-3.2502892519685038
11
4.8493544094488188
21
-3.2484694881889764
0
LINE
8
BLACK
6
CONTINUOUS
10
4.8493544094488188
20
-3.2484694881889764
11
4.8513924409448821
21
-3.2480314960629921
0
LINE
8
BLACK
6
CONTINUOUS
10
4.8513924409448821
20
-3.2480314960629921
11
7.2037007874015746
21
-3.2480314960629921
0
LINE
8
BLACK
6
CONTINUOUS
10
7.2037007874015746
20
-3.2480314960629921
11
7.2063827165354333
21
-3.2488189763779527
0
LINE
8
BLACK
6
CONTINUOUS
10
5.7938010629921255
20
-4.115723622047244
11
5.792592362204724
21
-4.1112127165354329
0
LINE
8
BLACK
6
CONTINUOUS
10
5.792592362204724
20
-4.1112127165354329
11
5.792592362204724
21
-4.1112126771653541
0
LINE
8
BLACK
6
CONTINUOUS
10
5.792592362204724
20
-4.1112126771653541
11
5.7902573228346457
21
-4.1071683070866145
0
LINE
8
BLACK
6
CONTINUOUS
10
5.7902573228346457
20
-4.1071683070866145
11
5.7652617716535435
21
-4.0821727559055114
0
LINE
8
BLACK
6
CONTINUOUS
10
5.7652617716535435
20
-4.0821727559055114
11
5.7639222834645665
21
-4.0797196062992125
0
LINE
8
BLACK
6
CONTINUOUS
10
5.7639222834645665
20
-4.0797196062992125
11
5.7638587795275589
21
-4.0783587401574799
0
LINE
8
BLACK
6
CONTINUOUS
10
5.7638587795275589
20
-4.0783587401574799
11
5.7638461417322837
21
-4.0783587401574799
0
LINE
8
BLACK
6
CONTINUOUS
10
5.7638461417322837
20
-4.0783587401574799
11
5.7638461417322837
21
-4.078087677165354
0
LINE
8
BLACK
6
CONTINUOUS
10
5.7638461417322837
20
-4.078087677165354
11
5.7638451574803149
21
-4.0780666141732285
0
LINE
8
BLACK
6
CONTINUOUS
10
5.7638451574803149
20
-4.0780666141732285
11
5.7638461417322837
21
-4.0780585039370081
0
LINE
8
BLACK
6
CONTINUOUS
10
5.7638461417322837
20
-4.0780585039370081
11
5.7630388582677163
21
-4.0714101574803152
0
LINE
8
BLACK
6
CONTINUOUS
10
5.7630388582677163
20
-4.0714101574803152
11
5.7606640551181103
21
-4.0651481496062996
0
LINE
8
BLACK
6
CONTINUOUS
10
5.7606640551181103
20
-4.0651481496062996
11
5.7606639763779528
21
-4.065148070866142
0
LINE
8
BLACK
6
CONTINUOUS
10
5.7606639763779528
20
-4.065148070866142
11
5.7606639763779528
21
-4.0651479921259845
0
LINE
8
BLACK
6
CONTINUOUS
10
5.7606639763779528
20
-4.0651479921259845
11
5.7577155118110239
21
-4.0608764566929132
0
LINE
8
BLACK
6
CONTINUOUS
10
5.7577155118110239
20
-4.0608764566929132
11
5.7568401574803145
21
-4.0582220866141734
0
LINE
8
BLACK
6
CONTINUOUS
10
5.7568401574803145
20
-4.0582220866141734
11
5.7575388582677167
21
-4.0555156692913386
0
LINE
8
BLACK
6
CONTINUOUS
10
5.7575388582677167
20
-4.0555156692913386
11
5.7577149606299214
21
-4.0552415748031496
0
LINE
8
BLACK
6
CONTINUOUS
10
5.7577149606299214
20
-4.0552415748031496
11
5.7606639763779528
21
-4.0509692519685041
0
LINE
8
BLACK
6
CONTINUOUS
10
5.7606639763779528
20
-4.0509692519685041
11
5.7630388582677163
21
-4.0447071259842522
0
LINE
8
BLACK
6
CONTINUOUS
10
5.7630388582677163
20
-4.0447071259842522
11
5.7638461417322837
21
-4.0380586220472443
0
LINE
8
BLACK
6
CONTINUOUS
10
5.7638461417322837
20
-4.0380586220472443
11
5.7630388582677163
21
-4.0314101181102364
0
LINE
8
BLACK
6
CONTINUOUS
10
5.7630388582677163
20
-4.0314101181102364
11
5.7606639763779528
21
-4.0251479921259845
0
LINE
8
BLACK
6
CONTINUOUS
10
5.7606639763779528
20
-4.0251479921259845
11
5.7568594488188971
21
-4.0196362204724405
0
LINE
8
BLACK
6
CONTINUOUS
10
5.7568594488188971
20
-4.0196362204724405
11
5.7518464173228345
21
-4.0151950787401578
0
LINE
8
BLACK
6
CONTINUOUS
10
5.7518464173228345
20
-4.0151950787401578
11
5.7518463779527558
21
-4.015195039370079
0
LINE
8
BLACK
6
CONTINUOUS
10
5.7518463779527558
20
-4.015195039370079
11
5.7459162204724405
21
-4.0120826377952756
0
LINE
8
BLACK
6
CONTINUOUS
10
5.7459162204724405
20
-4.0120826377952756
11
5.7459160629921255
21
-4.0120825590551181
0
LINE
8
BLACK
6
CONTINUOUS
10
5.7459160629921255
20
-4.0120825590551181
11
5.7394136220472438
21
-4.010479881889764
0
LINE
8
BLACK
6
CONTINUOUS
10
5.7394136220472438
20
-4.010479881889764
11
5.7394135039370076
21
-4.010479881889764
0
LINE
8
BLACK
6
CONTINUOUS
10
5.7394135039370076
20
-4.010479881889764
11
5.7362312204724404
21
-4.010479881889764
0
LINE
8
BLACK
6
CONTINUOUS
10
5.7362312204724404
20
-4.010479881889764
11
5.7327161811023624
21
-4.010479881889764
0
LINE
8
BLACK
6
CONTINUOUS
10
5.7327161811023624
20
-4.010479881889764
11
5.7327160236220474
21
-4.010479881889764
0
LINE
8
BLACK
6
CONTINUOUS
10
5.7327160236220474
20
-4.010479881889764
11
5.7262135826771656
21
-4.0120825590551181
0
LINE
8
BLACK
6
CONTINUOUS
10
5.7262135826771656
20
-4.0120825590551181
11
5.7262134251968506
21
-4.0120826377952756
0
LINE
8
BLACK
6
CONTINUOUS
10
5.7262134251968506
20
-4.0120826377952756
11
5.7202832283464566
21
-4.0151950787401578
0
LINE
8
BLACK
6
CONTINUOUS
10
5.7202832283464566
20
-4.0151950787401578
11
5.7201849212598423
21
-4.015282204724409
0
LINE
8
BLACK
6
CONTINUOUS
10
5.7201849212598423
20
-4.015282204724409
11
5.7200974803149602
21
-4.0153232677165356
0
LINE
8
BLACK
6
CONTINUOUS
10
5.7200974803149602
20
-4.0153232677165356
11
5.7200362204724406
21
-4.0153655905511814
0
LINE
8
BLACK
6
CONTINUOUS
10
5.7200362204724406
20
-4.0153655905511814
11
5.7200291732283466
21
-4.0153553937007871
0
LINE
8
BLACK
6
CONTINUOUS
10
5.7200291732283466
20
-4.0153553937007871
11
5.7176552362204722
21
-4.0164711417322838
0
LINE
8
BLACK
6
CONTINUOUS
10
5.7176552362204722
20
-4.0164711417322838
11
5.714884330708661
21
-4.0161036614173229
0
LINE
8
BLACK
6
CONTINUOUS
10
5.714884330708661
20
-4.0161036614173229
11
5.713387834645669
21
-4.0150766929133859
0
LINE
8
BLACK
6
CONTINUOUS
10
5.713387834645669
20
-4.0150766929133859
11
5.3952540157480318
21
-3.6969428740157477
0
LINE
8
BLACK
6
CONTINUOUS
10
5.3952540157480318
20
-3.6969428740157477
11
5.3939144094488185
21
-3.6944896456692913
0
LINE
8
BLACK
6
CONTINUOUS
10
5.3939144094488185
20
-3.6944896456692913
11
5.393801062992126
21
-3.6934351968503938
0
LINE
8
BLACK
6
CONTINUOUS
10
5.393801062992126
20
-3.6934351968503938
11
5.393801062992126
21
-3.6514230708661417
0
LINE
8
BLACK
6
CONTINUOUS
10
5.393801062992126
20
-3.6514230708661417
11
5.3945885433070861
21
-3.6487411417322835
0
LINE
8
BLACK
6
CONTINUOUS
10
5.3945885433070861
20
-3.6487411417322835
11
5.3954722834645672
21
-3.6477099212598425
0
LINE
8
BLACK
6
CONTINUOUS
10
5.3954722834645672
20
-3.6477099212598425
11
5.3968592519685039
21
-3.6464811811023621
0
LINE
8
BLACK
6
CONTINUOUS
10
5.3968592519685039
20
-3.6464811811023621
11
5.3968594488188977
21
-3.6464810236220471
0
LINE
8
BLACK
6
CONTINUOUS
10
5.3968594488188977
20
-3.6464810236220471
11
5.4006639763779525
21
-3.640969251968504
0
LINE
8
BLACK
6
CONTINUOUS
10
5.4006639763779525
20
-3.640969251968504
11
5.403038858267716
21
-3.6347071259842521
0
LINE
8
BLACK
6
CONTINUOUS
10
5.403038858267716
20
-3.6347071259842521
11
5.4038461417322834
21
-3.6280586220472442
0
LINE
8
BLACK
6
CONTINUOUS
10
5.4038461417322834
20
-3.6280586220472442
11
5.4038461417322834
21
-3.6280585039370079
0
LINE
8
BLACK
6
CONTINUOUS
10
5.4038461417322834
20
-3.6280585039370079
11
5.4037948425196847
21
-3.6276362204724411
0
LINE
8
BLACK
6
CONTINUOUS
10
5.4037948425196847
20
-3.6276362204724411
11
5.403038858267716
21
-3.6214101181102363
0
LINE
8
BLACK
6
CONTINUOUS
10
5.403038858267716
20
-3.6214101181102363
11
5.40066405511811
21
-3.6151481496062989
0
LINE
8
BLACK
6
CONTINUOUS
10
5.40066405511811
20
-3.6151481496062989
11
5.4006639763779525
21
-3.6151479921259844
0
LINE
8
BLACK
6
CONTINUOUS
10
5.4006639763779525
20
-3.6151479921259844
11
5.3968594488188977
21
-3.6096362204724408
0
LINE
8
BLACK
6
CONTINUOUS
10
5.3968594488188977
20
-3.6096362204724408
11
5.3968593700787402
21
-3.6096361417322833
0
LINE
8
BLACK
6
CONTINUOUS
10
5.3968593700787402
20
-3.6096361417322833
11
5.391846614173228
21
-3.6051952362204722
0
LINE
8
BLACK
6
CONTINUOUS
10
5.391846614173228
20
-3.6051952362204722
11
5.3918463779527555
21
-3.6051950393700785
0
LINE
8
BLACK
6
CONTINUOUS
10
5.3918463779527555
20
-3.6051950393700785
11
5.3859162204724411
21
-3.6020826377952755
0
LINE
8
BLACK
6
CONTINUOUS
10
5.3859162204724411
20
-3.6020826377952755
11
5.3859160629921261
21
-3.602082559055118
0
LINE
8
BLACK
6
CONTINUOUS
10
5.3859160629921261
20
-3.602082559055118
11
5.3794136220472444
21
-3.6004798818897639
0
LINE
8
BLACK
6
CONTINUOUS
10
5.3794136220472444
20
-3.6004798818897639
11
5.3794135039370081
21
-3.6004798818897639
0
LINE
8
BLACK
6
CONTINUOUS
10
5.3794135039370081
20
-3.6004798818897639
11
5.372716181102362
21
-3.6004798818897639
0
LINE
8
BLACK
6
CONTINUOUS
10
5.372716181102362
20
-3.6004798818897639
11
5.372716023622047
21
-3.6004798818897639
0
LINE
8
BLACK
6
CONTINUOUS
10
5.372716023622047
20
-3.6004798818897639
11
5.3662135826771653
21
-3.602082559055118
0
LINE
8
BLACK
6
CONTINUOUS
10
5.3662135826771653
20
-3.602082559055118
11
5.3662134251968503
21
-3.6020826377952755
0
LINE
8
BLACK
6
CONTINUOUS
10
5.3662134251968503
20
-3.6020826377952755
11
5.3602832677165351
21
-3.6051950393700785
0
LINE
8
BLACK
6
CONTINUOUS
10
5.3602832677165351
20
-3.6051950393700785
11
5.3602830314960626
21
-3.6051952362204722
0
LINE
8
BLACK
6
CONTINUOUS
10
5.3602830314960626
20
-3.6051952362204722
11
5.3552702755905512
21
-3.6096361417322833
0
LINE
8
BLACK
6
CONTINUOUS
10
5.3552702755905512
20
-3.6096361417322833
11
5.3552701968503937
21
-3.6096362204724408
0
LINE
8
BLACK
6
CONTINUOUS
10
5.3552701968503937
20
-3.6096362204724408
11
5.351465669291338
21
-3.6151479921259844
0
LINE
8
BLACK
6
CONTINUOUS
10
5.351465669291338
20
-3.6151479921259844
11
5.3514655905511805
21
-3.6151481496062989
0
LINE
8
BLACK
6
CONTINUOUS
10
5.3514655905511805
20
-3.6151481496062989
11
5.3490907874015745
21
-3.6214101181102363
0
LINE
8
BLACK
6
CONTINUOUS
10
5.3490907874015745
20
-3.6214101181102363
11
5.3482835433070868
21
-3.6280585039370079
0
LINE
8
BLACK
6
CONTINUOUS
10
5.3482835433070868
20
-3.6280585039370079
11
5.3482835433070868
21
-3.6280586220472442
0
LINE
8
BLACK
6
CONTINUOUS
10
5.3482835433070868
20
-3.6280586220472442
11
5.3490907874015745
21
-3.6347070866141733
0
LINE
8
BLACK
6
CONTINUOUS
10
5.3490907874015745
20
-3.6347070866141733
11
5.3514655905511805
21
-3.6409690551181102
0
LINE
8
BLACK
6
CONTINUOUS
10
5.3514655905511805
20
-3.6409690551181102
11
5.351465669291338
21
-3.6409692125984252
0
LINE
8
BLACK
6
CONTINUOUS
10
5.351465669291338
20
-3.6409692125984252
11
5.3552701968503937
21
-3.6464809842519683
0
LINE
8
BLACK
6
CONTINUOUS
10
5.3552701968503937
20
-3.6464809842519683
11
5.3552703937007875
21
-3.6464811811023621
0
LINE
8
BLACK
6
CONTINUOUS
10
5.3552703937007875
20
-3.6464811811023621
11
5.356657401574803
21
-3.6477099212598425
0
LINE
8
BLACK
6
CONTINUOUS
10
5.356657401574803
20
-3.6477099212598425
11
5.3581427165354327
21
-3.6500777559055115
0
LINE
8
BLACK
6
CONTINUOUS
10
5.3581427165354327
20
-3.6500777559055115
11
5.3583286220472441
21
-3.6514230708661417
0
LINE
8
BLACK
6
CONTINUOUS
10
5.3583286220472441
20
-3.6514230708661417
11
5.3583286220472441
21
-3.7032636220472441
0
LINE
8
BLACK
6
CONTINUOUS
10
5.3583286220472441
20
-3.7032636220472441
11
5.3575411417322831
21
-3.7059455511811024
0
LINE
8
BLACK
6
CONTINUOUS
10
5.3575411417322831
20
-3.7059455511811024
11
5.3554287007874013
21
-3.7077759842519686
0
LINE
8
BLACK
6
CONTINUOUS
10
5.3554287007874013
20
-3.7077759842519686
11
5.3526620078740157
21
-3.7081737795275589
0
LINE
8
BLACK
6
CONTINUOUS
10
5.3526620078740157
20
-3.7081737795275589
11
5.3501194881889766
21
-3.7070125984251967
0
LINE
8
BLACK
6
CONTINUOUS
10
5.3501194881889766
20
-3.7070125984251967
11
5.3498603149606296
21
-3.7067712992125985
0
LINE
8
BLACK
6
CONTINUOUS
10
5.3498603149606296
20
-3.7067712992125985
11
5.3367820472440943
21
-3.6936930314960628
0
LINE
8
BLACK
6
CONTINUOUS
10
5.3367820472440943
20
-3.6936930314960628
11
5.3360648425196846
21
-3.693806653543307
0
LINE
8
BLACK
6
CONTINUOUS
10
5.3360648425196846
20
-3.693806653543307
11
5.3311984251968498
21
-3.6930359055118109
0
LINE
8
BLACK
6
CONTINUOUS
10
5.3311984251968498
20
-3.6930359055118109
11
5.3268083858267712
21
-3.6907990551181102
0
LINE
8
BLACK
6
CONTINUOUS
10
5.3268083858267712
20
-3.6907990551181102
11
5.3233244094488184
21
-3.6873150787401574
0
LINE
8
BLACK
6
CONTINUOUS
10
5.3233244094488184
20
-3.6873150787401574
11
5.3210875590551181
21
-3.6829250393700788
0
LINE
8
BLACK
6
CONTINUOUS
10
5.3210875590551181
20
-3.6829250393700788
11
5.3203168110236216
21
-3.678058622047244
0
LINE
8
BLACK
6
CONTINUOUS
10
5.3203168110236216
20
-3.678058622047244
11
5.3204303937007875
21
-3.677341377952756
0
LINE
8
BLACK
6
CONTINUOUS
10
5.3204303937007875
20
-3.677341377952756
11
5.3008896850393699
21
-3.6578006692913383
0
LINE
8
BLACK
6
CONTINUOUS
10
5.3008896850393699
20
-3.6578006692913383
11
5.2995500787401575
21
-3.6553474409448818
0
LINE
8
BLACK
6
CONTINUOUS
10
5.2995500787401575
20
-3.6553474409448818
11
5.2997494881889766
21
-3.6525594488188977
0
LINE
8
BLACK
6
CONTINUOUS
10
5.2997494881889766
20
-3.6525594488188977
11
5.3003147244094491
21
-3.6514751968503938
0
LINE
8
BLACK
6
CONTINUOUS
10
5.3003147244094491
20
-3.6514751968503938
11
5.3006639763779528
21
-3.6509692519685037
0
LINE
8
BLACK
6
CONTINUOUS
10
5.3006639763779528
20
-3.6509692519685037
11
5.3030388582677164
21
-3.6447071259842518
0
LINE
8
BLACK
6
CONTINUOUS
10
5.3030388582677164
20
-3.6447071259842518
11
5.3033079527559055
21
-3.6424909448818896
0
LINE
8
BLACK
6
CONTINUOUS
10
5.3033079527559055
20
-3.6424909448818896
11
5.3038461417322837
21
-3.6380587007874015
0
LINE
8
BLACK
6
CONTINUOUS
10
5.3038461417322837
20
-3.6380587007874015
11
5.3038461417322837
21
-3.6380585039370077
0
LINE
8
BLACK
6
CONTINUOUS
10
5.3038461417322837
20
-3.6380585039370077
11
5.3030388582677164
21
-3.6314101181102361
0
LINE
8
BLACK
6
CONTINUOUS
10
5.3030388582677164
20
-3.6314101181102361
11
5.3006640551181103
21
-3.6251481496062992
0
LINE
8
BLACK
6
CONTINUOUS
10
5.3006640551181103
20
-3.6251481496062992
11
5.3006639763779528
21
-3.6251479921259842
0
LINE
8
BLACK
6
CONTINUOUS
10
5.3006639763779528
20
-3.6251479921259842
11
5.2968594488188971
21
-3.619636220472441
0
LINE
8
BLACK
6
CONTINUOUS
10
5.2968594488188971
20
-3.619636220472441
11
5.2968593700787396
21
-3.6196361417322835
0
LINE
8
BLACK
6
CONTINUOUS
10
5.2968593700787396
20
-3.6196361417322835
11
5.2918466141732283
21
-3.6151952362204725
0
LINE
8
BLACK
6
CONTINUOUS
10
5.2918466141732283
20
-3.6151952362204725
11
5.2918463779527558
21
-3.6151950393700787
0
LINE
8
BLACK
6
CONTINUOUS
10
5.2918463779527558
20
-3.6151950393700787
11
5.2859162204724406
21
-3.6120826377952757
0
LINE
8
BLACK
6
CONTINUOUS
10
5.2859162204724406
20
-3.6120826377952757
11
5.2859160629921256
21
-3.6120825590551182
0
LINE
8
BLACK
6
CONTINUOUS
10
5.2859160629921256
20
-3.6120825590551182
11
5.2794136220472438
21
-3.6104798818897637
0
LINE
8
BLACK
6
CONTINUOUS
10
5.2794136220472438
20
-3.6104798818897637
11
5.2794135039370076
21
-3.6104798818897637
0
LINE
8
BLACK
6
CONTINUOUS
10
5.2794135039370076
20
-3.6104798818897637
11
5.2727161811023624
21
-3.6104798818897637
0
LINE
8
BLACK
6
CONTINUOUS
10
5.2727161811023624
20
-3.6104798818897637
11
5.2727160236220474
21
-3.6104798818897637
0
LINE
8
BLACK
6
CONTINUOUS
10
5.2727160236220474
20
-3.6104798818897637
11
5.2662135826771657
21
-3.6120825590551182
0
LINE
8
BLACK
6
CONTINUOUS
10
5.2662135826771657
20
-3.6120825590551182
11
5.2662134251968507
21
-3.6120826377952757
0
LINE
8
BLACK
6
CONTINUOUS
10
5.2662134251968507
20
-3.6120826377952757
11
5.2602832677165354
21
-3.6151950393700787
0
LINE
8
BLACK
6
CONTINUOUS
10
5.2602832677165354
20
-3.6151950393700787
11
5.2602830314960629
21
-3.6151952362204725
0
LINE
8
BLACK
6
CONTINUOUS
10
5.2602830314960629
20
-3.6151952362204725
11
5.2552702755905507
21
-3.6196361417322835
0
LINE
8
BLACK
6
CONTINUOUS
10
5.2552702755905507
20
-3.6196361417322835
11
5.2552701968503932
21
-3.619636220472441
0
LINE
8
BLACK
6
CONTINUOUS
10
5.2552701968503932
20
-3.619636220472441
11
5.2514656692913384
21
-3.6251479921259842
0
LINE
8
BLACK
6
CONTINUOUS
10
5.2514656692913384
20
-3.6251479921259842
11
5.2514655905511809
21
-3.6251481496062992
0
LINE
8
BLACK
6
CONTINUOUS
10
5.2514655905511809
20
-3.6251481496062992
11
5.2490907874015749
21
-3.6314101181102361
0
LINE
8
BLACK
6
CONTINUOUS
10
5.2490907874015749
20
-3.6314101181102361
11
5.2482835433070862
21
-3.6380585039370077
0
LINE
8
BLACK
6
CONTINUOUS
10
5.2482835433070862
20
-3.6380585039370077
11
5.2482835433070862
21
-3.6380587007874015
0
LINE
8
BLACK
6
CONTINUOUS
10
5.2482835433070862
20
-3.6380587007874015
11
5.2490907874015749
21
-3.6447070866141731
0
LINE
8
BLACK
6
CONTINUOUS
10
5.2490907874015749
20
-3.6447070866141731
11
5.2514655905511809
21
-3.65096905511811
0
LINE
8
BLACK
6
CONTINUOUS
10
5.2514655905511809
20
-3.65096905511811
11
5.2514656692913384
21
-3.650969212598425
0
LINE
8
BLACK
6
CONTINUOUS
10
5.2514656692913384
20
-3.650969212598425
11
5.2549169685039372
21
-3.6559692125984253
0
LINE
8
BLACK
6
CONTINUOUS
10
5.2549169685039372
20
-3.6559692125984253
11
5.255270236220472
21
-3.6564810236220473
0
LINE
8
BLACK
6
CONTINUOUS
10
5.255270236220472
20
-3.6564810236220473
11
5.2567897244094484
21
-3.6578271259842521
0
LINE
8
BLACK
6
CONTINUOUS
10
5.2567897244094484
20
-3.6578271259842521
11
5.2582749606299215
21
-3.6601949606299211
0
LINE
8
BLACK
6
CONTINUOUS
10
5.2582749606299215
20
-3.6601949606299211
11
5.2582918503937011
21
-3.660256338582677
0
LINE
8
BLACK
6
CONTINUOUS
10
5.2582918503937011
20
-3.660256338582677
11
5.2583286220472436
21
-3.6603935433070864
0
LINE
8
BLACK
6
CONTINUOUS
10
5.2583286220472436
20
-3.6603935433070864
11
5.2583286220472436
21
-3.6603936220472439
0
LINE
8
BLACK
6
CONTINUOUS
10
5.2583286220472436
20
-3.6603936220472439
11
5.2586199999999996
21
-3.6614810236220472
0
LINE
8
BLACK
6
CONTINUOUS
10
5.2586199999999996
20
-3.6614810236220472
11
5.2590547637795275
21
-3.6631036220472439
0
LINE
8
BLACK
6
CONTINUOUS
10
5.2590547637795275
20
-3.6631036220472439
11
5.2590547244094488
21
-3.6631036220472439
0
LINE
8
BLACK
6
CONTINUOUS
10
5.2590547244094488
20
-3.6631036220472439
11
5.2595372047244089
21
-3.6649042519685038
0
LINE
8
BLACK
6
CONTINUOUS
10
5.2595372047244089
20
-3.6649042519685038
11
5.2595374015748027
21
-3.6649047244094488
0
LINE
8
BLACK
6
CONTINUOUS
10
5.2595374015748027
20
-3.6649047244094488
11
5.2618722440944881
21
-3.6689487795275588
0
LINE
8
BLACK
6
CONTINUOUS
10
5.2618722440944881
20
-3.6689487795275588
11
5.2618725590551181
21
-3.6689491732283463
0
LINE
8
BLACK
6
CONTINUOUS
10
5.2618725590551181
20
-3.6689491732283463
11
5.3849749999999998
21
-3.7920516141732281
0
LINE
8
BLACK
6
CONTINUOUS
10
5.3849749999999998
20
-3.7920516141732281
11
5.3865776377952752
21
-3.7917977952755906
0
LINE
8
BLACK
6
CONTINUOUS
10
5.3865776377952752
20
-3.7917977952755906
11
5.39144405511811
21
-3.7925685433070866
0
LINE
8
BLACK
6
CONTINUOUS
10
5.39144405511811
20
-3.7925685433070866
11
5.3958340944881886
21
-3.7948053937007873
0
LINE
8
BLACK
6
CONTINUOUS
10
5.3958340944881886
20
-3.7948053937007873
11
5.3993180708661415
21
-3.7982893700787401
0
LINE
8
BLACK
6
CONTINUOUS
10
5.3993180708661415
20
-3.7982893700787401
11
5.4015549212598426
21
-3.8026794094488188
0
LINE
8
BLACK
6
CONTINUOUS
10
5.4015549212598426
20
-3.8026794094488188
11
5.4023256692913382
21
-3.8075458267716535
0
LINE
8
BLACK
6
CONTINUOUS
10
5.4023256692913382
20
-3.8075458267716535
11
5.4020718110236219
21
-3.8091484251968502
0
LINE
8
BLACK
6
CONTINUOUS
10
5.4020718110236219
20
-3.8091484251968502
11
5.6851742519685038
21
-4.0922508661417325
0
LINE
8
BLACK
6
CONTINUOUS
10
5.6851742519685038
20
-4.0922508661417325
11
5.6851744094488188
21
-4.0922509842519688
0
LINE
8
BLACK
6
CONTINUOUS
10
5.6851744094488188
20
-4.0922509842519688
11
5.6851745275590551
21
-4.092251102362205
0
LINE
8
BLACK
6
CONTINUOUS
10
5.6851745275590551
20
-4.092251102362205
11
5.6866511417322831
21
-4.0931036220472441
0
LINE
8
BLACK
6
CONTINUOUS
10
5.6866511417322831
20
-4.0931036220472441
11
5.6892189370078743
21
-4.0945861417322833
0
LINE
8
BLACK
6
CONTINUOUS
10
5.6892189370078743
20
-4.0945861417322833
11
5.6937298425196845
21
-4.0957948425196848
0
LINE
8
BLACK
6
CONTINUOUS
10
5.6937298425196845
20
-4.0957948425196848
11
5.7126143700787404
21
-4.0957948425196848
0
LINE
8
BLACK
6
CONTINUOUS
10
5.7126143700787404
20
-4.0957948425196848
11
5.7152962992125982
21
-4.0965823228346459
0
LINE
8
BLACK
6
CONTINUOUS
10
5.7152962992125982
20
-4.0965823228346459
11
5.7159038582677164
21
-4.0970423622047241
0
LINE
8
BLACK
6
CONTINUOUS
10
5.7159038582677164
20
-4.0970423622047241
11
5.7202832677165354
21
-4.1009221653543309
0
LINE
8
BLACK
6
CONTINUOUS
10
5.7202832677165354
20
-4.1009221653543309
11
5.7262134645669294
21
-4.1040346062992121
0
LINE
8
BLACK
6
CONTINUOUS
10
5.7262134645669294
20
-4.1040346062992121
11
5.7262135039370081
21
-4.1040346062992121
0
LINE
8
BLACK
6
CONTINUOUS
10
5.7262135039370081
20
-4.1040346062992121
11
5.7262135826771656
21
-4.1040346456692909
0
LINE
8
BLACK
6
CONTINUOUS
10
5.7262135826771656
20
-4.1040346456692909
11
5.7301330708661418
21
-4.1050006692913383
0
LINE
8
BLACK
6
CONTINUOUS
10
5.7301330708661418
20
-4.1050006692913383
11
5.730133031496063
21
-4.1050006692913383
0
LINE
8
BLACK
6
CONTINUOUS
10
5.730133031496063
20
-4.1050006692913383
11
5.7327161811023624
21
-4.1056373622047246
0
LINE
8
BLACK
6
CONTINUOUS
10
5.7327161811023624
20
-4.1056373622047246
11
5.7365060629921256
21
-4.1056373622047246
0
LINE
8
BLACK
6
CONTINUOUS
10
5.7365060629921256
20
-4.1056373622047246
11
5.7391879921259843
21
-4.1064248425196848
0
LINE
8
BLACK
6
CONTINUOUS
10
5.7391879921259843
20
-4.1064248425196848
11
5.7400137401574804
21
-4.1070903149606295
0
LINE
8
BLACK
6
CONTINUOUS
10
5.7400137401574804
20
-4.1070903149606295
11
5.7568756692913388
21
-4.1239522440944878
0
LINE
8
BLACK
6
CONTINUOUS
10
5.7568756692913388
20
-4.1239522440944878
11
5.7582152755905511
21
-4.1264054724409451
0
LINE
8
BLACK
6
CONTINUOUS
10
5.7582152755905511
20
-4.1264054724409451
11
5.7583286220472436
21
-4.1274599212598426
0
LINE
8
BLACK
6
CONTINUOUS
10
5.7583286220472436
20
-4.1274599212598426
11
5.7583286220472436
21
-4.1680586220472442
0
LINE
8
BLACK
6
CONTINUOUS
10
5.7583286220472436
20
-4.1680586220472442
11
5.7583286220472436
21
-4.2146941338582673
0
LINE
8
BLACK
6
CONTINUOUS
10
5.7583286220472436
20
-4.2146941338582673
11
5.7575411417322835
21
-4.217376062992126
0
LINE
8
BLACK
6
CONTINUOUS
10
5.7575411417322835
20
-4.217376062992126
11
5.7566575196850396
21
-4.218407204724409
0
LINE
8
BLACK
6
CONTINUOUS
10
5.7566575196850396
20
-4.218407204724409
11
5.7552701574803145
21
-4.2196362598425194
0
LINE
8
BLACK
6
CONTINUOUS
10
5.7552701574803145
20
-4.2196362598425194
11
5.7514656692913384
21
-4.2251479921259838
0
LINE
8
BLACK
6
CONTINUOUS
10
5.7514656692913384
20
-4.2251479921259838
11
5.7514655905511809
21
-4.2251481496062988
0
LINE
8
BLACK
6
CONTINUOUS
10
5.7514655905511809
20
-4.2251481496062988
11
5.7490907874015749
21
-4.2314101181102357
0
LINE
8
BLACK
6
CONTINUOUS
10
5.7490907874015749
20
-4.2314101181102357
11
5.7482835433070862
21
-4.2380585039370073
0
LINE
8
BLACK
6
CONTINUOUS
10
5.7482835433070862
20
-4.2380585039370073
11
5.7482835433070862
21
-4.2380587007874011
0
LINE
8
BLACK
6
CONTINUOUS
10
5.7482835433070862
20
-4.2380587007874011
11
5.7490907874015749
21
-4.2447070866141727
0
LINE
8
BLACK
6
CONTINUOUS
10
5.7490907874015749
20
-4.2447070866141727
11
5.7514655905511809
21
-4.2509690551181105
0
LINE
8
BLACK
6
CONTINUOUS
10
5.7514655905511809
20
-4.2509690551181105
11
5.7514656692913384
21
-4.2509692125984255
0
LINE
8
BLACK
6
CONTINUOUS
10
5.7514656692913384
20
-4.2509692125984255
11
5.7552701968503932
21
-4.2564809842519686
0
LINE
8
BLACK
6
CONTINUOUS
10
5.7552701968503932
20
-4.2564809842519686
11
5.7552702755905507
21
-4.2564810629921261
0
LINE
8
BLACK
6
CONTINUOUS
10
5.7552702755905507
20
-4.2564810629921261
11
5.7595842519685041
21
-4.2603029133858268
0
LINE
8
BLACK
6
CONTINUOUS
10
5.7595842519685041
20
-4.2603029133858268
11
5.7602832677165354
21
-4.260922165354331
0
LINE
8
BLACK
6
CONTINUOUS
10
5.7602832677165354
20
-4.260922165354331
11
5.7662134645669294
21
-4.2640346062992123
0
LINE
8
BLACK
6
CONTINUOUS
10
5.7662134645669294
20
-4.2640346062992123
11
5.7662135039370082
21
-4.2640346062992123
0
LINE
8
BLACK
6
CONTINUOUS
10
5.7662135039370082
20
-4.2640346062992123
11
5.7662135826771657
21
-4.264034645669291
0
LINE
8
BLACK
6
CONTINUOUS
10
5.7662135826771657
20
-4.264034645669291
11
5.7723822047244093
21
-4.2655550393700787
0
LINE
8
BLACK
6
CONTINUOUS
10
5.7723822047244093
20
-4.2655550393700787
11
5.7727161811023624
21
-4.2656373622047239
0
LINE
8
BLACK
6
CONTINUOUS
10
5.7727161811023624
20
-4.2656373622047239
11
5.7727162992125987
21
-4.2656373622047239
0
LINE
8
BLACK
6
CONTINUOUS
10
5.7727162992125987
20
-4.2656373622047239
11
5.7794133858267713
21
-4.2656373622047239
0
LINE
8
BLACK
6
CONTINUOUS
10
5.7794133858267713
20
-4.2656373622047239
11
5.7794135039370076
21
-4.2656373622047239
0
LINE
8
BLACK
6
CONTINUOUS
10
5.7794135039370076
20
-4.2656373622047239
11
5.7859162204724406
21
-4.2640346062992123
0
LINE
8
BLACK
6
CONTINUOUS
10
5.7859162204724406
20
-4.2640346062992123
11
5.7918464173228346
21
-4.260922165354331
0
LINE
8
BLACK
6
CONTINUOUS
10
5.7918464173228346
20
-4.260922165354331
11
5.7968594488188971
21
-4.2564810236220474
0
LINE
8
BLACK
6
CONTINUOUS
10
5.7968594488188971
20
-4.2564810236220474
11
5.8006639763779528
21
-4.2509692519685043
0
LINE
8
BLACK
6
CONTINUOUS
10
5.8006639763779528
20
-4.2509692519685043
11
5.8030388582677164
21
-4.2447071259842515
0
LINE
8
BLACK
6
CONTINUOUS
10
5.8030388582677164
20
-4.2447071259842515
11
5.8038461417322837
21
-4.2380586220472436
0
LINE
8
BLACK
6
CONTINUOUS
10
5.8038461417322837
20
-4.2380586220472436
11
5.8032005905511808
21
-4.2327422440944877
0
LINE
8
BLACK
6
CONTINUOUS
10
5.8032005905511808
20
-4.2327422440944877
11
5.8030388582677164
21
-4.2314101181102357
0
LINE
8
BLACK
6
CONTINUOUS
10
5.8030388582677164
20
-4.2314101181102357
11
5.8006640551181103
21
-4.2251481496062988
0
LINE
8
BLACK
6
CONTINUOUS
10
5.8006640551181103
20
-4.2251481496062988
11
5.8006639763779528
21
-4.2251479921259838
0
LINE
8
BLACK
6
CONTINUOUS
10
5.8006639763779528
20
-4.2251479921259838
11
5.7968594881889759
21
-4.2196362598425194
0
LINE
8
BLACK
6
CONTINUOUS
10
5.7968594881889759
20
-4.2196362598425194
11
5.7954721653543304
21
-4.218407204724409
0
LINE
8
BLACK
6
CONTINUOUS
10
5.7954721653543304
20
-4.218407204724409
11
5.7939869291338582
21
-4.2160392913385829
0
LINE
8
BLACK
6
CONTINUOUS
10
5.7939869291338582
20
-4.2160392913385829
11
5.7938010629921255
21
-4.2146941338582673
0
LINE
8
BLACK
6
CONTINUOUS
10
5.7938010629921255
20
-4.2146941338582673
11
5.7938010629921255
21
-4.1680586220472442
0
LINE
8
BLACK
6
CONTINUOUS
10
5.7938010629921255
20
-4.1680586220472442
11
5.7938010629921255
21
-4.115723622047244
0
LINE
8
BLACK
6
CONTINUOUS
10
5.9817399606299215
20
-4.1709221653543302
11
5.9876701574803146
21
-4.1740346062992124
0
LINE
8
BLACK
6
CONTINUOUS
10
5.9876701574803146
20
-4.1740346062992124
11
5.9876701968503934
21
-4.1740346062992124
0
LINE
8
BLACK
6
CONTINUOUS
10
5.9876701968503934
20
-4.1740346062992124
11
5.9876702755905509
21
-4.1740346456692912
0
LINE
8
BLACK
6
CONTINUOUS
10
5.9876702755905509
20
-4.1740346456692912
11
5.9926407086614173
21
-4.1752597244094485
0
LINE
8
BLACK
6
CONTINUOUS
10
5.9926407086614173
20
-4.1752597244094485
11
5.9941728740157476
21
-4.175637362204724
0
LINE
8
BLACK
6
CONTINUOUS
10
5.9941728740157476
20
-4.175637362204724
11
5.9941729921259839
21
-4.175637362204724
0
LINE
8
BLACK
6
CONTINUOUS
10
5.9941729921259839
20
-4.175637362204724
11
6.0008700787401574
21
-4.175637362204724
0
LINE
8
BLACK
6
CONTINUOUS
10
6.0008700787401574
20
-4.175637362204724
11
6.0008701968503937
21
-4.175637362204724
0
LINE
8
BLACK
6
CONTINUOUS
10
6.0008701968503937
20
-4.175637362204724
11
6.0073729133858267
21
-4.1740346062992124
0
LINE
8
BLACK
6
CONTINUOUS
10
6.0073729133858267
20
-4.1740346062992124
11
6.0104269291338586
21
-4.1724316929133858
0
LINE
8
BLACK
6
CONTINUOUS
10
6.0104269291338586
20
-4.1724316929133858
11
6.0131675196850392
21
-4.1718826377952754
0
LINE
8
BLACK
6
CONTINUOUS
10
6.0131675196850392
20
-4.1718826377952754
11
6.0157699999999998
21
-4.1729024409448821
0
LINE
8
BLACK
6
CONTINUOUS
10
6.0157699999999998
20
-4.1729024409448821
11
6.0162398818897636
21
-4.1733164566929135
0
LINE
8
BLACK
6
CONTINUOUS
10
6.0162398818897636
20
-4.1733164566929135
11
6.1268677952755901
21
-4.2839443700787401
0
LINE
8
BLACK
6
CONTINUOUS
10
6.1268677952755901
20
-4.2839443700787401
11
6.1282074015748034
21
-4.2863975984251965
0
LINE
8
BLACK
6
CONTINUOUS
10
6.1282074015748034
20
-4.2863975984251965
11
6.1282709842519685
21
-4.2877585826771654
0
LINE
8
BLACK
6
CONTINUOUS
10
6.1282709842519685
20
-4.2877585826771654
11
6.1282835433070861
21
-4.2877585826771654
0
LINE
8
BLACK
6
CONTINUOUS
10
6.1282835433070861
20
-4.2877585826771654
11
6.1282835433070861
21
-4.2880269685039369
0
LINE
8
BLACK
6
CONTINUOUS
10
6.1282835433070861
20
-4.2880269685039369
11
6.1282846062992125
21
-4.2880497244094489
0
LINE
8
BLACK
6
CONTINUOUS
10
6.1282846062992125
20
-4.2880497244094489
11
6.1282835433070861
21
-4.2880584645669293
0
LINE
8
BLACK
6
CONTINUOUS
10
6.1282835433070861
20
-4.2880584645669293
11
6.1282835433070861
21
-4.2880587007874018
0
LINE
8
BLACK
6
CONTINUOUS
10
6.1282835433070861
20
-4.2880587007874018
11
6.1290907874015748
21
-4.2947070866141734
0
LINE
8
BLACK
6
CONTINUOUS
10
6.1290907874015748
20
-4.2947070866141734
11
6.1314655905511808
21
-4.3009690551181103
0
LINE
8
BLACK
6
CONTINUOUS
10
6.1314655905511808
20
-4.3009690551181103
11
6.1314656692913383
21
-4.3009692125984254
0
LINE
8
BLACK
6
CONTINUOUS
10
6.1314656692913383
20
-4.3009692125984254
11
6.135270196850394
21
-4.3064809842519685
0
LINE
8
BLACK
6
CONTINUOUS
10
6.135270196850394
20
-4.3064809842519685
11
6.1352702755905506
21
-4.306481062992126
0
LINE
8
BLACK
6
CONTINUOUS
10
6.1352702755905506
20
-4.306481062992126
11
6.13665937007874
21
-4.3077116929133856
0
LINE
8
BLACK
6
CONTINUOUS
10
6.13665937007874
20
-4.3077116929133856
11
6.138144645669291
21
-4.3100795669291339
0
LINE
8
BLACK
6
CONTINUOUS
10
6.138144645669291
20
-4.3100795669291339
11
6.1381139370078737
21
-4.312874527559055
0
LINE
8
BLACK
6
CONTINUOUS
10
6.1381139370078737
20
-4.312874527559055
11
6.1365770472440939
21
-4.3152092125984254
0
LINE
8
BLACK
6
CONTINUOUS
10
6.1365770472440939
20
-4.3152092125984254
11
6.1340218897637797
21
-4.3163423622047246
0
LINE
8
BLACK
6
CONTINUOUS
10
6.1340218897637797
20
-4.3163423622047246
11
6.133369881889764
21
-4.316385393700787
0
LINE
8
BLACK
6
CONTINUOUS
10
6.133369881889764
20
-4.316385393700787
11
5.5460717716535433
21
-4.316385393700787
0
LINE
8
BLACK
6
CONTINUOUS
10
5.5460717716535433
20
-4.316385393700787
11
5.5433898425196846
21
-4.3155979133858269
0
LINE
8
BLACK
6
CONTINUOUS
10
5.5433898425196846
20
-4.3155979133858269
11
5.5425640944881884
21
-4.3149324409448822
0
LINE
8
BLACK
6
CONTINUOUS
10
5.5425640944881884
20
-4.3149324409448822
11
5.2391910236220474
21
-4.0115593307086614
0
LINE
8
BLACK
6
CONTINUOUS
10
5.2391910236220474
20
-4.0115593307086614
11
5.2378514173228341
21
-4.009106102362205
0
LINE
8
BLACK
6
CONTINUOUS
10
5.2378514173228341
20
-4.009106102362205
11
5.2377380708661416
21
-4.0080516535433066
0
LINE
8
BLACK
6
CONTINUOUS
10
5.2377380708661416
20
-4.0080516535433066
11
5.2377380708661416
21
-3.6080655905511811
0
LINE
8
BLACK
6
CONTINUOUS
10
5.2377380708661416
20
-3.6080655905511811
11
5.2385255511811026
21
-3.6053836614173229
0
LINE
8
BLACK
6
CONTINUOUS
10
5.2385255511811026
20
-3.6053836614173229
11
5.2391910236220474
21
-3.6045579133858268
0
LINE
8
BLACK
6
CONTINUOUS
10
5.2391910236220474
20
-3.6045579133858268
11
5.2850046850393699
21
-3.5587442519685037
0
LINE
8
BLACK
6
CONTINUOUS
10
5.2850046850393699
20
-3.5587442519685037
11
5.2874579133858264
21
-3.5574046456692914
0
LINE
8
BLACK
6
CONTINUOUS
10
5.2874579133858264
20
-3.5574046456692914
11
5.2885123622047239
21
-3.5572912992125985
0
LINE
8
BLACK
6
CONTINUOUS
10
5.2885123622047239
20
-3.5572912992125985
11
5.8210436614173231
21
-3.5572912992125985
0
LINE
8
BLACK
6
CONTINUOUS
10
5.8210436614173231
20
-3.5572912992125985
11
5.8210437401574806
21
-3.5572912992125985
0
LINE
8
BLACK
6
CONTINUOUS
10
5.8210437401574806
20
-3.5572912992125985
11
5.8210437795275594
21
-3.5572912992125985
0
LINE
8
BLACK
6
CONTINUOUS
10
5.8210437795275594
20
-3.5572912992125985
11
5.8265559842519687
21
-3.5558142913385824
0
LINE
8
BLACK
6
CONTINUOUS
10
5.8265559842519687
20
-3.5558142913385824
11
5.828650748031496
21
-3.5546048818897638
0
LINE
8
BLACK
6
CONTINUOUS
10
5.828650748031496
20
-3.5546048818897638
11
5.83149811023622
21
-3.5529609842519685
0
LINE
8
BLACK
6
CONTINUOUS
10
5.83149811023622
20
-3.5529609842519685
11
5.8433202755905507
21
-3.5411387795275591
0
LINE
8
BLACK
6
CONTINUOUS
10
5.8433202755905507
20
-3.5411387795275591
11
5.8457734645669293
21
-3.5397992913385825
0
LINE
8
BLACK
6
CONTINUOUS
10
5.8457734645669293
20
-3.5397992913385825
11
5.8485614566929129
21
-3.5399986614173229
0
LINE
8
BLACK
6
CONTINUOUS
10
5.8485614566929129
20
-3.5399986614173229
11
5.8507990944881891
21
-3.54167374015748
0
LINE
8
BLACK
6
CONTINUOUS
10
5.8507990944881891
20
-3.54167374015748
11
5.8517759055118113
21
-3.5442926377952757
0
LINE
8
BLACK
6
CONTINUOUS
10
5.8517759055118113
20
-3.5442926377952757
11
5.8514661811023618
21
-3.5464055511811021
0
LINE
8
BLACK
6
CONTINUOUS
10
5.8514661811023618
20
-3.5464055511811021
11
5.8500907874015748
21
-3.5500321653543305
0
LINE
8
BLACK
6
CONTINUOUS
10
5.8500907874015748
20
-3.5500321653543305
11
5.8500907874015748
21
-3.5500322047244093
0
LINE
8
BLACK
6
CONTINUOUS
10
5.8500907874015748
20
-3.5500322047244093
11
5.8492835433070862
21
-3.5566806299212597
0
LINE
8
BLACK
6
CONTINUOUS
10
5.8492835433070862
20
-3.5566806299212597
11
5.8492835433070862
21
-3.5566808267716534
0
LINE
8
BLACK
6
CONTINUOUS
10
5.8492835433070862
20
-3.5566808267716534
11
5.8500907874015748
21
-3.5633292125984251
0
LINE
8
BLACK
6
CONTINUOUS
10
5.8500907874015748
20
-3.5633292125984251
11
5.8524655905511809
21
-3.569591181102362
0
LINE
8
BLACK
6
CONTINUOUS
10
5.8524655905511809
20
-3.569591181102362
11
5.8524656692913384
21
-3.569591338582677
0
LINE
8
BLACK
6
CONTINUOUS
10
5.8524656692913384
20
-3.569591338582677
11
5.8524657086614171
21
-3.5695913779527557
0
LINE
8
BLACK
6
CONTINUOUS
10
5.8524657086614171
20
-3.5695913779527557
11
5.8562702362204719
21
-3.5751031496062993
0
LINE
8
BLACK
6
CONTINUOUS
10
5.8562702362204719
20
-3.5751031496062993
11
5.859626023622047
21
-3.5780761023622047
0
LINE
8
BLACK
6
CONTINUOUS
10
5.859626023622047
20
-3.5780761023622047
11
5.8611112598425192
21
-3.580443897637795
0
LINE
8
BLACK
6
CONTINUOUS
10
5.8611112598425192
20
-3.580443897637795
11
5.8612971259842519
21
-3.5817891338582677
0
LINE
8
BLACK
6
CONTINUOUS
10
5.8612971259842519
20
-3.5817891338582677
11
5.8612971259842519
21
-3.5927702362204723
0
LINE
8
BLACK
6
CONTINUOUS
10
5.8612971259842519
20
-3.5927702362204723
11
5.8612971259842519
21
-3.5969219685039371
0
LINE
8
BLACK
6
CONTINUOUS
10
5.8612971259842519
20
-3.5969219685039371
11
5.862371653543307
21
-3.600932244094488
0
LINE
8
BLACK
6
CONTINUOUS
10
5.862371653543307
20
-3.600932244094488
11
5.8623716929133858
21
-3.6009323228346455
0
LINE
8
BLACK
6
CONTINUOUS
10
5.8623716929133858
20
-3.6009323228346455
11
5.8623717322834645
21
-3.600932401574803
0
LINE
8
BLACK
6
CONTINUOUS
10
5.8623717322834645
20
-3.600932401574803
11
5.8644474015748029
21
-3.6045275590551182
0
LINE
8
BLACK
6
CONTINUOUS
10
5.8644474015748029
20
-3.6045275590551182
11
5.864447716535433
21
-3.6045279527559053
0
LINE
8
BLACK
6
CONTINUOUS
10
5.864447716535433
20
-3.6045279527559053
11
5.9107576377952755
21
-3.6508378346456691
0
LINE
8
BLACK
6
CONTINUOUS
10
5.9107576377952755
20
-3.6508378346456691
11
5.9120972047244091
21
-3.653291062992126
0
LINE
8
BLACK
6
CONTINUOUS
10
5.9120972047244091
20
-3.653291062992126
11
5.9122105905511813
21
-3.6543455118110235
0
LINE
8
BLACK
6
CONTINUOUS
10
5.9122105905511813
20
-3.6543455118110235
11
5.9122105905511813
21
-3.7473888976377951
0
LINE
8
BLACK
6
CONTINUOUS
10
5.9122105905511813
20
-3.7473888976377951
11
5.9114231102362202
21
-3.7500708267716534
0
LINE
8
BLACK
6
CONTINUOUS
10
5.9114231102362202
20
-3.7500708267716534
11
5.9093106692913384
21
-3.7519012598425197
0
LINE
8
BLACK
6
CONTINUOUS
10
5.9093106692913384
20
-3.7519012598425197
11
5.9065439763779528
21
-3.7522990551181103
0
LINE
8
BLACK
6
CONTINUOUS
10
5.9065439763779528
20
-3.7522990551181103
11
5.9040014566929129
21
-3.7511378740157482
0
LINE
8
BLACK
6
CONTINUOUS
10
5.9040014566929129
20
-3.7511378740157482
11
5.9029539370078741
21
-3.7498692519685037
0
LINE
8
BLACK
6
CONTINUOUS
10
5.9029539370078741
20
-3.7498692519685037
11
5.9021197637795275
21
-3.7484244488188976
0
LINE
8
BLACK
6
CONTINUOUS
10
5.9021197637795275
20
-3.7484244488188976
11
5.901286692913386
21
-3.7469815354330707
0
LINE
8
BLACK
6
CONTINUOUS
10
5.901286692913386
20
-3.7469815354330707
11
5.9012865748031498
21
-3.7469814173228344
0
LINE
8
BLACK
6
CONTINUOUS
10
5.9012865748031498
20
-3.7469814173228344
11
5.9012864566929135
21
-3.7469812598425194
0
LINE
8
BLACK
6
CONTINUOUS
10
5.9012864566929135
20
-3.7469812598425194
11
5.8069604330708664
21
-3.652655275590551
0
LINE
8
BLACK
6
CONTINUOUS
10
5.8069604330708664
20
-3.652655275590551
11
5.8056208661417319
21
-3.6502020472440946
0
LINE
8
BLACK
6
CONTINUOUS
10
5.8056208661417319
20
-3.6502020472440946
11
5.8055436614173228
21
-3.6485496062992127
0
LINE
8
BLACK
6
CONTINUOUS
10
5.8055436614173228
20
-3.6485496062992127
11
5.8056033070866144
21
-3.6480586220472442
0
LINE
8
BLACK
6
CONTINUOUS
10
5.8056033070866144
20
-3.6480586220472442
11
5.8058461417322835
21
-3.646058622047244
0
LINE
8
BLACK
6
CONTINUOUS
10
5.8058461417322835
20
-3.646058622047244
11
5.8058244488188979
21
-3.6458800787401575
0
LINE
8
BLACK
6
CONTINUOUS
10
5.8058244488188979
20
-3.6458800787401575
11
5.8050388582677162
21
-3.6394101181102361
0
LINE
8
BLACK
6
CONTINUOUS
10
5.8050388582677162
20
-3.6394101181102361
11
5.8026640551181101
21
-3.6331481496062992
0
LINE
8
BLACK
6
CONTINUOUS
10
5.8026640551181101
20
-3.6331481496062992
11
5.8026639763779526
21
-3.6331479921259842
0
LINE
8
BLACK
6
CONTINUOUS
10
5.8026639763779526
20
-3.6331479921259842
11
5.7988594488188978
21
-3.6276362204724411
0
LINE
8
BLACK
6
CONTINUOUS
10
5.7988594488188978
20
-3.6276362204724411
11
5.7988593700787403
21
-3.6276361417322835
0
LINE
8
BLACK
6
CONTINUOUS
10
5.7988593700787403
20
-3.6276361417322835
11
5.7938466141732281
21
-3.6231952362204725
0
LINE
8
BLACK
6
CONTINUOUS
10
5.7938466141732281
20
-3.6231952362204725
11
5.7938463779527556
21
-3.6231950393700787
0
LINE
8
BLACK
6
CONTINUOUS
10
5.7938463779527556
20
-3.6231950393700787
11
5.7879162204724413
21
-3.6200826377952757
0
LINE
8
BLACK
6
CONTINUOUS
10
5.7879162204724413
20
-3.6200826377952757
11
5.7879160629921262
21
-3.6200825590551182
0
LINE
8
BLACK
6
CONTINUOUS
10
5.7879160629921262
20
-3.6200825590551182
11
5.7814136220472436
21
-3.6184798818897637
0
LINE
8
BLACK
6
CONTINUOUS
10
5.7814136220472436
20
-3.6184798818897637
11
5.7814135039370074
21
-3.6184798818897637
0
LINE
8
BLACK
6
CONTINUOUS
10
5.7814135039370074
20
-3.6184798818897637
11
5.7747161811023622
21
-3.6184798818897637
0
LINE
8
BLACK
6
CONTINUOUS
10
5.7747161811023622
20
-3.6184798818897637
11
5.7747160236220472
21
-3.6184798818897637
0
LINE
8
BLACK
6
CONTINUOUS
10
5.7747160236220472
20
-3.6184798818897637
11
5.7682135826771654
21
-3.6200825590551182
0
LINE
8
BLACK
6
CONTINUOUS
10
5.7682135826771654
20
-3.6200825590551182
11
5.7682134251968504
21
-3.6200826377952757
0
LINE
8
BLACK
6
CONTINUOUS
10
5.7682134251968504
20
-3.6200826377952757
11
5.7622832677165352
21
-3.6231950393700787
0
LINE
8
BLACK
6
CONTINUOUS
10
5.7622832677165352
20
-3.6231950393700787
11
5.7622830314960627
21
-3.6231952362204725
0
LINE
8
BLACK
6
CONTINUOUS
10
5.7622830314960627
20
-3.6231952362204725
11
5.7572702755905514
21
-3.6276361417322835
0
LINE
8
BLACK
6
CONTINUOUS
10
5.7572702755905514
20
-3.6276361417322835
11
5.7572701968503939
21
-3.6276362204724411
0
LINE
8
BLACK
6
CONTINUOUS
10
5.7572701968503939
20
-3.6276362204724411
11
5.7534656692913382
21
-3.6331479921259842
0
LINE
8
BLACK
6
CONTINUOUS
10
5.7534656692913382
20
-3.6331479921259842
11
5.7534655905511807
21
-3.6331481496062992
0
LINE
8
BLACK
6
CONTINUOUS
10
5.7534655905511807
20
-3.6331481496062992
11
5.7510907874015746
21
-3.6394101181102361
0
LINE
8
BLACK
6
CONTINUOUS
10
5.7510907874015746
20
-3.6394101181102361
11
5.7509788582677164
21
-3.6403319291338581
0
LINE
8
BLACK
6
CONTINUOUS
10
5.7509788582677164
20
-3.6403319291338581
11
5.7498738188976377
21
-3.64289937007874
0
LINE
8
BLACK
6
CONTINUOUS
10
5.7498738188976377
20
-3.64289937007874
11
5.7475561023622044
21
-3.644461771653543
0
LINE
8
BLACK
6
CONTINUOUS
10
5.7475561023622044
20
-3.644461771653543
11
5.744761653543307
21
-3.6445231102362206
0
LINE
8
BLACK
6
CONTINUOUS
10
5.744761653543307
20
-3.6445231102362206
11
5.7425467716535428
21
-3.6432416141732284
0
LINE
8
BLACK
6
CONTINUOUS
10
5.7425467716535428
20
-3.6432416141732284
11
5.7297464566929133
21
-3.6304412992125985
0
LINE
8
BLACK
6
CONTINUOUS
10
5.7297464566929133
20
-3.6304412992125985
11
5.7297463779527558
21
-3.6304412598425198
0
LINE
8
BLACK
6
CONTINUOUS
10
5.7297463779527558
20
-3.6304412598425198
11
5.7297462992125983
21
-3.6304411811023622
0
LINE
8
BLACK
6
CONTINUOUS
10
5.7297462992125983
20
-3.6304411811023622
11
5.7261511417322835
21
-3.6283655118110234
0
LINE
8
BLACK
6
CONTINUOUS
10
5.7261511417322835
20
-3.6283655118110234
11
5.726151062992126
21
-3.6283654724409447
0
LINE
8
BLACK
6
CONTINUOUS
10
5.726151062992126
20
-3.6283654724409447
11
5.7261509842519684
21
-3.6283654330708659
0
LINE
8
BLACK
6
CONTINUOUS
10
5.7261509842519684
20
-3.6283654330708659
11
5.7221407086614171
21
-3.6272909055118108
0
LINE
8
BLACK
6
CONTINUOUS
10
5.7221407086614171
20
-3.6272909055118108
11
5.7221406692913384
21
-3.6272909055118108
0
LINE
8
BLACK
6
CONTINUOUS
10
5.7221406692913384
20
-3.6272909055118108
11
5.7052953937007871
21
-3.6272909055118108
0
LINE
8
BLACK
6
CONTINUOUS
10
5.7052953937007871
20
-3.6272909055118108
11
5.7026134645669293
21
-3.6265034251968502
0
LINE
8
BLACK
6
CONTINUOUS
10
5.7026134645669293
20
-3.6265034251968502
11
5.7012129133858265
21
-3.6251482677165354
0
LINE
8
BLACK
6
CONTINUOUS
10
5.7012129133858265
20
-3.6251482677165354
11
5.7008595275590546
21
-3.6246362992125984
0
LINE
8
BLACK
6
CONTINUOUS
10
5.7008595275590546
20
-3.6246362992125984
11
5.7008593700787404
21
-3.6246361417322834
0
LINE
8
BLACK
6
CONTINUOUS
10
5.7008593700787404
20
-3.6246361417322834
11
5.6958466141732282
21
-3.6201952362204723
0
LINE
8
BLACK
6
CONTINUOUS
10
5.6958466141732282
20
-3.6201952362204723
11
5.6958463779527557
21
-3.6201950393700786
0
LINE
8
BLACK
6
CONTINUOUS
10
5.6958463779527557
20
-3.6201950393700786
11
5.6899162204724405
21
-3.6170826377952756
0
LINE
8
BLACK
6
CONTINUOUS
10
5.6899162204724405
20
-3.6170826377952756
11
5.6899160629921255
21
-3.6170825590551181
0
LINE
8
BLACK
6
CONTINUOUS
10
5.6899160629921255
20
-3.6170825590551181
11
5.6834136220472438
21
-3.6154798818897635
0
LINE
8
BLACK
6
CONTINUOUS
10
5.6834136220472438
20
-3.6154798818897635
11
5.6834135039370075
21
-3.6154798818897635
0
LINE
8
BLACK
6
CONTINUOUS
10
5.6834135039370075
20
-3.6154798818897635
11
5.6767161811023623
21
-3.6154798818897635
0
LINE
8
BLACK
6
CONTINUOUS
10
5.6767161811023623
20
-3.6154798818897635
11
5.6767160236220473
21
-3.6154798818897635
0
LINE
8
BLACK
6
CONTINUOUS
10
5.6767160236220473
20
-3.6154798818897635
11
5.6702135826771656
21
-3.6170825590551181
0
LINE
8
BLACK
6
CONTINUOUS
10
5.6702135826771656
20
-3.6170825590551181
11
5.6702134251968506
21
-3.6170826377952756
0
LINE
8
BLACK
6
CONTINUOUS
10
5.6702134251968506
20
-3.6170826377952756
11
5.6642832677165353
21
-3.6201950393700786
0
LINE
8
BLACK
6
CONTINUOUS
10
5.6642832677165353
20
-3.6201950393700786
11
5.6642830314960628
21
-3.6201952362204723
0
LINE
8
BLACK
6
CONTINUOUS
10
5.6642830314960628
20
-3.6201952362204723
11
5.6592702755905506
21
-3.6246361417322834
0
LINE
8
BLACK
6
CONTINUOUS
10
5.6592702755905506
20
-3.6246361417322834
11
5.659270196850394
21
-3.6246362204724409
0
LINE
8
BLACK
6
CONTINUOUS
10
5.659270196850394
20
-3.6246362204724409
11
5.6554656692913383
21
-3.630147992125984
0
LINE
8
BLACK
6
CONTINUOUS
10
5.6554656692913383
20
-3.630147992125984
11
5.6554655905511808
21
-3.6301481496062991
0
LINE
8
BLACK
6
CONTINUOUS
10
5.6554655905511808
20
-3.6301481496062991
11
5.6530907874015748
21
-3.636410118110236
0
LINE
8
BLACK
6
CONTINUOUS
10
5.6530907874015748
20
-3.636410118110236
11
5.6522835433070862
21
-3.6430585039370076
0
LINE
8
BLACK
6
CONTINUOUS
10
5.6522835433070862
20
-3.6430585039370076
11
5.6522835433070862
21
-3.6430587007874013
0
LINE
8
BLACK
6
CONTINUOUS
10
5.6522835433070862
20
-3.6430587007874013
11
5.6530907874015748
21
-3.649707086614173
0
LINE
8
BLACK
6
CONTINUOUS
10
5.6530907874015748
20
-3.649707086614173
11
5.6554655905511808
21
-3.6559690551181103
0
LINE
8
BLACK
6
CONTINUOUS
10
5.6554655905511808
20
-3.6559690551181103
11
5.6554656692913383
21
-3.6559692125984253
0
LINE
8
BLACK
6
CONTINUOUS
10
5.6554656692913383
20
-3.6559692125984253
11
5.659270196850394
21
-3.6614809842519684
0
LINE
8
BLACK
6
CONTINUOUS
10
5.659270196850394
20
-3.6614809842519684
11
5.6592702755905506
21
-3.6614810629921259
0
LINE
8
BLACK
6
CONTINUOUS
10
5.6592702755905506
20
-3.6614810629921259
11
5.6631346062992121
21
-3.6649045669291338
0
LINE
8
BLACK
6
CONTINUOUS
10
5.6631346062992121
20
-3.6649045669291338
11
5.6642832677165353
21
-3.6659221653543308
0
LINE
8
BLACK
6
CONTINUOUS
10
5.6642832677165353
20
-3.6659221653543308
11
5.6702134645669293
21
-3.6690346062992125
0
LINE
8
BLACK
6
CONTINUOUS
10
5.6702134645669293
20
-3.6690346062992125
11
5.6702135039370081
21
-3.6690346062992125
0
LINE
8
BLACK
6
CONTINUOUS
10
5.6702135039370081
20
-3.6690346062992125
11
5.6702135826771656
21
-3.6690346456692913
0
LINE
8
BLACK
6
CONTINUOUS
10
5.6702135826771656
20
-3.6690346456692913
11
5.6760983464566932
21
-3.6704850787401573
0
LINE
8
BLACK
6
CONTINUOUS
10
5.6760983464566932
20
-3.6704850787401573
11
5.6767161811023623
21
-3.6706373622047241
0
LINE
8
BLACK
6
CONTINUOUS
10
5.6767161811023623
20
-3.6706373622047241
11
5.6767162992125986
21
-3.6706373622047241
0
LINE
8
BLACK
6
CONTINUOUS
10
5.6767162992125986
20
-3.6706373622047241
11
5.6834133858267712
21
-3.6706373622047241
0
LINE
8
BLACK
6
CONTINUOUS
10
5.6834133858267712
20
-3.6706373622047241
11
5.6834135039370075
21
-3.6706373622047241
0
LINE
8
BLACK
6
CONTINUOUS
10
5.6834135039370075
20
-3.6706373622047241
11
5.6899162204724405
21
-3.6690346062992125
0
LINE
8
BLACK
6
CONTINUOUS
10
5.6899162204724405
20
-3.6690346062992125
11
5.6958464173228345
21
-3.6659221653543308
0
LINE
8
BLACK
6
CONTINUOUS
10
5.6958464173228345
20
-3.6659221653543308
11
5.7008594488188979
21
-3.6614810236220472
0
LINE
8
BLACK
6
CONTINUOUS
10
5.7008594488188979
20
-3.6614810236220472
11
5.7012127165354327
21
-3.660969251968504
0
LINE
8
BLACK
6
CONTINUOUS
10
5.7012127165354327
20
-3.660969251968504
11
5.7012129133858265
21
-3.6609689763779527
0
LINE
8
BLACK
6
CONTINUOUS
10
5.7012129133858265
20
-3.6609689763779527
11
5.7033845275590549
21
-3.6592091338582677
0
LINE
8
BLACK
6
CONTINUOUS
10
5.7033845275590549
20
-3.6592091338582677
11
5.7052953937007871
21
-3.6588263385826769
0
LINE
8
BLACK
6
CONTINUOUS
10
5.7052953937007871
20
-3.6588263385826769
11
5.7114788976377948
21
-3.6588263385826769
0
LINE
8
BLACK
6
CONTINUOUS
10
5.7114788976377948
20
-3.6588263385826769
11
5.7141608267716535
21
-3.6596138188976379
0
LINE
8
BLACK
6
CONTINUOUS
10
5.7141608267716535
20
-3.6596138188976379
11
5.7149865748031496
21
-3.6602792913385827
0
LINE
8
BLACK
6
CONTINUOUS
10
5.7149865748031496
20
-3.6602792913385827
11
5.8246480708661412
21
-3.7699407480314959
0
LINE
8
BLACK
6
CONTINUOUS
10
5.8246480708661412
20
-3.7699407480314959
11
5.8259876771653545
21
-3.7723939763779528
0
LINE
8
BLACK
6
CONTINUOUS
10
5.8259876771653545
20
-3.7723939763779528
11
5.826101023622047
21
-3.7734484251968503
0
LINE
8
BLACK
6
CONTINUOUS
10
5.826101023622047
20
-3.7734484251968503
11
5.826101023622047
21
-3.7999201968503935
0
LINE
8
BLACK
6
CONTINUOUS
10
5.826101023622047
20
-3.7999201968503935
11
5.8253135433070868
21
-3.8026021259842517
0
LINE
8
BLACK
6
CONTINUOUS
10
5.8253135433070868
20
-3.8026021259842517
11
5.824429921259842
21
-3.8036332677165352
0
LINE
8
BLACK
6
CONTINUOUS
10
5.824429921259842
20
-3.8036332677165352
11
5.8210740944881891
21
-3.8066062992125982
0
LINE
8
BLACK
6
CONTINUOUS
10
5.8210740944881891
20
-3.8066062992125982
11
5.8172695669291334
21
-3.812118031496063
0
LINE
8
BLACK
6
CONTINUOUS
10
5.8172695669291334
20
-3.812118031496063
11
5.8172694881889759
21
-3.812118188976378
0
LINE
8
BLACK
6
CONTINUOUS
10
5.8172694881889759
20
-3.812118188976378
11
5.8148946850393699
21
-3.8183801574803149
0
LINE
8
BLACK
6
CONTINUOUS
10
5.8148946850393699
20
-3.8183801574803149
11
5.8140874409448822
21
-3.8250285433070865
0
LINE
8
BLACK
6
CONTINUOUS
10
5.8140874409448822
20
-3.8250285433070865
11
5.8140874409448822
21
-3.8250287401574803
0
LINE
8
BLACK
6
CONTINUOUS
10
5.8140874409448822
20
-3.8250287401574803
11
5.8148946850393699
21
-3.8316771259842519
0
LINE
8
BLACK
6
CONTINUOUS
10
5.8148946850393699
20
-3.8316771259842519
11
5.8172694881889759
21
-3.8379390944881888
0
LINE
8
BLACK
6
CONTINUOUS
10
5.8172694881889759
20
-3.8379390944881888
11
5.8172695669291334
21
-3.8379392519685038
0
LINE
8
BLACK
6
CONTINUOUS
10
5.8172695669291334
20
-3.8379392519685038
11
5.8210740944881891
21
-3.8434510236220469
0
LINE
8
BLACK
6
CONTINUOUS
10
5.8210740944881891
20
-3.8434510236220469
11
5.8210741732283466
21
-3.8434511023622044
0
LINE
8
BLACK
6
CONTINUOUS
10
5.8210741732283466
20
-3.8434511023622044
11
5.8256070078740159
21
-3.8474668503937006
0
LINE
8
BLACK
6
CONTINUOUS
10
5.8256070078740159
20
-3.8474668503937006
11
5.8260871653543305
21
-3.8478922047244093
0
LINE
8
BLACK
6
CONTINUOUS
10
5.8260871653543305
20
-3.8478922047244093
11
5.8320173622047244
21
-3.8510046456692915
0
LINE
8
BLACK
6
CONTINUOUS
10
5.8320173622047244
20
-3.8510046456692915
11
5.8320174015748032
21
-3.8510046456692915
0
LINE
8
BLACK
6
CONTINUOUS
10
5.8320174015748032
20
-3.8510046456692915
11
5.8320174803149607
21
-3.8510046850393702
0
LINE
8
BLACK
6
CONTINUOUS
10
5.8320174803149607
20
-3.8510046850393702
11
5.8363194488188972
21
-3.8520650000000001
0
LINE
8
BLACK
6
CONTINUOUS
10
5.8363194488188972
20
-3.8520650000000001
11
5.8385200787401574
21
-3.8526074015748031
0
LINE
8
BLACK
6
CONTINUOUS
10
5.8385200787401574
20
-3.8526074015748031
11
5.8385201968503937
21
-3.8526074015748031
0
LINE
8
BLACK
6
CONTINUOUS
10
5.8385201968503937
20
-3.8526074015748031
11
5.8452172834645664
21
-3.8526074015748031
0
LINE
8
BLACK
6
CONTINUOUS
10
5.8452172834645664
20
-3.8526074015748031
11
5.8452174015748026
21
-3.8526074015748031
0
LINE
8
BLACK
6
CONTINUOUS
10
5.8452174015748026
20
-3.8526074015748031
11
5.8517201181102365
21
-3.8510046456692915
0
LINE
8
BLACK
6
CONTINUOUS
10
5.8517201181102365
20
-3.8510046456692915
11
5.8576503149606296
21
-3.8478922047244093
0
LINE
8
BLACK
6
CONTINUOUS
10
5.8576503149606296
20
-3.8478922047244093
11
5.8585651181102358
21
-3.8470817322834643
0
LINE
8
BLACK
6
CONTINUOUS
10
5.8585651181102358
20
-3.8470817322834643
11
5.8610947244094485
21
-3.8458927559055116
0
LINE
8
BLACK
6
CONTINUOUS
10
5.8610947244094485
20
-3.8458927559055116
11
5.863865590551181
21
-3.8462601181102363
0
LINE
8
BLACK
6
CONTINUOUS
10
5.863865590551181
20
-3.8462601181102363
11
5.8659370472440946
21
-3.8479767716535433
0
LINE
8
BLACK
6
CONTINUOUS
10
5.8659370472440946
20
-3.8479767716535433
11
5.8678747637795272
21
-3.8507840157480313
0
LINE
8
BLACK
6
CONTINUOUS
10
5.8678747637795272
20
-3.8507840157480313
11
5.867874803149606
21
-3.8507840551181101
0
LINE
8
BLACK
6
CONTINUOUS
10
5.867874803149606
20
-3.8507840551181101
11
5.8678748425196847
21
-3.8507840944881888
0
LINE
8
BLACK
6
CONTINUOUS
10
5.8678748425196847
20
-3.8507840944881888
11
5.8717857874015751
21
-3.8542488582677166
0
LINE
8
BLACK
6
CONTINUOUS
10
5.8717857874015751
20
-3.8542488582677166
11
5.872866614173228
21
-3.8552064173228344
0
LINE
8
BLACK
6
CONTINUOUS
10
5.872866614173228
20
-3.8552064173228344
11
5.8728877952755907
21
-3.8552251574803149
0
LINE
8
BLACK
6
CONTINUOUS
10
5.8728877952755907
20
-3.8552251574803149
11
5.8788179921259838
21
-3.8583375984251966
0
LINE
8
BLACK
6
CONTINUOUS
10
5.8788179921259838
20
-3.8583375984251966
11
5.8788180314960625
21
-3.8583375984251966
0
LINE
8
BLACK
6
CONTINUOUS
10
5.8788180314960625
20
-3.8583375984251966
11
5.87881811023622
21
-3.8583376377952754
0
LINE
8
BLACK
6
CONTINUOUS
10
5.87881811023622
20
-3.8583376377952754
11
5.8840867716535428
21
-3.8596362204724408
0
LINE
8
BLACK
6
CONTINUOUS
10
5.8840867716535428
20
-3.8596362204724408
11
5.8853207086614168
21
-3.8599403543307087
0
LINE
8
BLACK
6
CONTINUOUS
10
5.8853207086614168
20
-3.8599403543307087
11
5.885320826771653
21
-3.8599403543307087
0
LINE
8
BLACK
6
CONTINUOUS
10
5.885320826771653
20
-3.8599403543307087
11
5.8920179133858266
21
-3.8599403543307087
0
LINE
8
BLACK
6
CONTINUOUS
10
5.8920179133858266
20
-3.8599403543307087
11
5.8920180314960628
21
-3.8599403543307087
0
LINE
8
BLACK
6
CONTINUOUS
10
5.8920180314960628
20
-3.8599403543307087
11
5.8985207480314958
21
-3.8583375984251966
0
LINE
8
BLACK
6
CONTINUOUS
10
5.8985207480314958
20
-3.8583375984251966
11
5.9044509448818898
21
-3.8552251574803149
0
LINE
8
BLACK
6
CONTINUOUS
10
5.9044509448818898
20
-3.8552251574803149
11
5.9044509842519686
21
-3.8552251181102362
0
LINE
8
BLACK
6
CONTINUOUS
10
5.9044509842519686
20
-3.8552251181102362
11
5.9047166141732284
21
-3.8550857086614174
0
LINE
8
BLACK
6
CONTINUOUS
10
5.9047166141732284
20
-3.8550857086614174
11
5.9047788582677168
21
-3.8552043307086614
0
LINE
8
BLACK
6
CONTINUOUS
10
5.9047788582677168
20
-3.8552043307086614
11
5.9068572440944882
21
-3.8545137795275588
0
LINE
8
BLACK
6
CONTINUOUS
10
5.9068572440944882
20
-3.8545137795275588
11
5.9095651968503935
21
-3.8552064173228344
0
LINE
8
BLACK
6
CONTINUOUS
10
5.9095651968503935
20
-3.8552064173228344
11
5.9103211417322834
21
-3.8557581496062991
0
LINE
8
BLACK
6
CONTINUOUS
10
5.9103211417322834
20
-3.8557581496062991
11
5.9121967322834648
21
-3.8574198031496061
0
LINE
8
BLACK
6
CONTINUOUS
10
5.9121967322834648
20
-3.8574198031496061
11
5.9181269291338578
21
-3.8605322440944883
0
LINE
8
BLACK
6
CONTINUOUS
10
5.9181269291338578
20
-3.8605322440944883
11
5.9181269685039366
21
-3.8605322440944883
0
LINE
8
BLACK
6
CONTINUOUS
10
5.9181269685039366
20
-3.8605322440944883
11
5.9181270472440941
21
-3.860532283464567
0
LINE
8
BLACK
6
CONTINUOUS
10
5.9181270472440941
20
-3.860532283464567
11
5.9242956692913387
21
-3.8620526771653543
0
LINE
8
BLACK
6
CONTINUOUS
10
5.9242956692913387
20
-3.8620526771653543
11
5.9246296456692908
21
-3.8621349999999999
0
LINE
8
BLACK
6
CONTINUOUS
10
5.9246296456692908
20
-3.8621349999999999
11
5.9246297637795271
21
-3.8621349999999999
0
LINE
8
BLACK
6
CONTINUOUS
10
5.9246297637795271
20
-3.8621349999999999
11
5.9313268503937007
21
-3.8621349999999999
0
LINE
8
BLACK
6
CONTINUOUS
10
5.9313268503937007
20
-3.8621349999999999
11
5.9313269685039369
21
-3.8621349999999999
0
LINE
8
BLACK
6
CONTINUOUS
10
5.9313269685039369
20
-3.8621349999999999
11
5.9378296850393699
21
-3.8605322440944883
0
LINE
8
BLACK
6
CONTINUOUS
10
5.9378296850393699
20
-3.8605322440944883
11
5.9437598818897639
21
-3.8574198031496061
0
LINE
8
BLACK
6
CONTINUOUS
10
5.9437598818897639
20
-3.8574198031496061
11
5.9487729133858265
21
-3.8529786614173229
0
LINE
8
BLACK
6
CONTINUOUS
10
5.9487729133858265
20
-3.8529786614173229
11
5.9495220866141727
21
-3.8518932283464564
0
LINE
8
BLACK
6
CONTINUOUS
10
5.9495220866141727
20
-3.8518932283464564
11
5.9525774409448822
21
-3.8474668897637794
0
LINE
8
BLACK
6
CONTINUOUS
10
5.9525774409448822
20
-3.8474668897637794
11
5.9549523228346457
21
-3.8412047637795275
0
LINE
8
BLACK
6
CONTINUOUS
10
5.9549523228346457
20
-3.8412047637795275
11
5.9550191732283464
21
-3.8406539370078741
0
LINE
8
BLACK
6
CONTINUOUS
10
5.9550191732283464
20
-3.8406539370078741
11
5.95612405511811
21
-3.8380865354330709
0
LINE
8
BLACK
6
CONTINUOUS
10
5.95612405511811
20
-3.8380865354330709
11
5.9584416535433071
21
-3.8365239763779528
0
LINE
8
BLACK
6
CONTINUOUS
10
5.9584416535433071
20
-3.8365239763779528
11
5.9612361417322832
21
-3.836462440944882
0
LINE
8
BLACK
6
CONTINUOUS
10
5.9612361417322832
20
-3.836462440944882
11
5.9634513385826766
21
-3.8377440551181103
0
LINE
8
BLACK
6
CONTINUOUS
10
5.9634513385826766
20
-3.8377440551181103
11
5.9721692125984251
21
-3.846461929133858
0
LINE
8
BLACK
6
CONTINUOUS
10
5.9721692125984251
20
-3.846461929133858
11
5.9735088188976375
21
-3.8489151574803149
0
LINE
8
BLACK
6
CONTINUOUS
10
5.9735088188976375
20
-3.8489151574803149
11
5.9735859842519687
21
-3.8505675196850393
0
LINE
8
BLACK
6
CONTINUOUS
10
5.9735859842519687
20
-3.8505675196850393
11
5.9735132677165357
21
-3.8511662204724408
0
LINE
8
BLACK
6
CONTINUOUS
10
5.9735132677165357
20
-3.8511662204724408
11
5.9732835433070868
21
-3.8530584645669292
0
LINE
8
BLACK
6
CONTINUOUS
10
5.9732835433070868
20
-3.8530584645669292
11
5.9732835433070868
21
-3.8530587007874013
0
LINE
8
BLACK
6
CONTINUOUS
10
5.9732835433070868
20
-3.8530587007874013
11
5.9740907874015745
21
-3.8597070866141729
0
LINE
8
BLACK
6
CONTINUOUS
10
5.9740907874015745
20
-3.8597070866141729
11
5.9764655905511805
21
-3.8659690551181103
0
LINE
8
BLACK
6
CONTINUOUS
10
5.9764655905511805
20
-3.8659690551181103
11
5.976465669291338
21
-3.8659692125984253
0
LINE
8
BLACK
6
CONTINUOUS
10
5.976465669291338
20
-3.8659692125984253
11
5.9764657086614168
21
-3.8659692519685041
0
LINE
8
BLACK
6
CONTINUOUS
10
5.9764657086614168
20
-3.8659692519685041
11
5.9802702362204725
21
-3.8714810236220472
0
LINE
8
BLACK
6
CONTINUOUS
10
5.9802702362204725
20
-3.8714810236220472
11
5.9852832677165351
21
-3.8759221653543308
0
LINE
8
BLACK
6
CONTINUOUS
10
5.9852832677165351
20
-3.8759221653543308
11
5.991213464566929
21
-3.8790346062992125
0
LINE
8
BLACK
6
CONTINUOUS
10
5.991213464566929
20
-3.8790346062992125
11
5.9912135039370078
21
-3.8790346062992125
0
LINE
8
BLACK
6
CONTINUOUS
10
5.9912135039370078
20
-3.8790346062992125
11
5.9912135826771653
21
-3.8790346456692912
0
LINE
8
BLACK
6
CONTINUOUS
10
5.9912135826771653
20
-3.8790346456692912
11
5.997382204724409
21
-3.8805550393700785
0
LINE
8
BLACK
6
CONTINUOUS
10
5.997382204724409
20
-3.8805550393700785
11
5.997716181102362
21
-3.8806373622047241
0
LINE
8
BLACK
6
CONTINUOUS
10
5.997716181102362
20
-3.8806373622047241
11
5.9977162992125983
21
-3.8806373622047241
0
LINE
8
BLACK
6
CONTINUOUS
10
5.9977162992125983
20
-3.8806373622047241
11
6.0044133858267719
21
-3.8806373622047241
0
LINE
8
BLACK
6
CONTINUOUS
10
6.0044133858267719
20
-3.8806373622047241
11
6.0044135039370081
21
-3.8806373622047241
0
LINE
8
BLACK
6
CONTINUOUS
10
6.0044135039370081
20
-3.8806373622047241
11
6.0109162204724411
21
-3.8790346062992125
0
LINE
8
BLACK
6
CONTINUOUS
10
6.0109162204724411
20
-3.8790346062992125
11
6.0168464173228342
21
-3.8759221653543308
0
LINE
8
BLACK
6
CONTINUOUS
10
6.0168464173228342
20
-3.8759221653543308
11
6.0218594488188977
21
-3.8714810236220472
0
LINE
8
BLACK
6
CONTINUOUS
10
6.0218594488188977
20
-3.8714810236220472
11
6.0256639763779525
21
-3.8659692519685041
0
LINE
8
BLACK
6
CONTINUOUS
10
6.0256639763779525
20
-3.8659692519685041
11
6.028038858267716
21
-3.8597071259842517
0
LINE
8
BLACK
6
CONTINUOUS
10
6.028038858267716
20
-3.8597071259842517
11
6.0288461417322834
21
-3.8530586220472438
0
LINE
8
BLACK
6
CONTINUOUS
10
6.0288461417322834
20
-3.8530586220472438
11
6.0288364173228342
21
-3.8529786614173229
0
LINE
8
BLACK
6
CONTINUOUS
10
6.0288364173228342
20
-3.8529786614173229
11
6.0286758267716536
21
-3.8516561811023622
0
LINE
8
BLACK
6
CONTINUOUS
10
6.0286758267716536
20
-3.8516561811023622
11
6.0284143307086611
21
-3.849502559055118
0
LINE
8
BLACK
6
CONTINUOUS
10
6.0284143307086611
20
-3.849502559055118
11
6.028038858267716
21
-3.8464101181102359
0
LINE
8
BLACK
6
CONTINUOUS
10
6.028038858267716
20
-3.8464101181102359
11
6.02566405511811
21
-3.840148149606299
0
LINE
8
BLACK
6
CONTINUOUS
10
6.02566405511811
20
-3.840148149606299
11
6.0256639763779525
21
-3.840147992125984
0
LINE
8
BLACK
6
CONTINUOUS
10
6.0256639763779525
20
-3.840147992125984
11
6.0218594488188977
21
-3.8346362204724409
0
LINE
8
BLACK
6
CONTINUOUS
10
6.0218594488188977
20
-3.8346362204724409
11
6.0218593700787402
21
-3.8346361417322834
0
LINE
8
BLACK
6
CONTINUOUS
10
6.0218593700787402
20
-3.8346361417322834
11
6.016846614173228
21
-3.8301952362204723
0
LINE
8
BLACK
6
CONTINUOUS
10
6.016846614173228
20
-3.8301952362204723
11
6.0168463779527555
21
-3.8301950393700785
0
LINE
8
BLACK
6
CONTINUOUS
10
6.0168463779527555
20
-3.8301950393700785
11
6.0109162204724411
21
-3.8270826377952756
0
LINE
8
BLACK
6
CONTINUOUS
10
6.0109162204724411
20
-3.8270826377952756
11
6.0109160629921261
21
-3.8270825590551181
0
LINE
8
BLACK
6
CONTINUOUS
10
6.0109160629921261
20
-3.8270825590551181
11
6.0044136220472444
21
-3.8254798818897635
0
LINE
8
BLACK
6
CONTINUOUS
10
6.0044136220472444
20
-3.8254798818897635
11
6.0044135039370081
21
-3.8254798818897635
0
LINE
8
BLACK
6
CONTINUOUS
10
6.0044135039370081
20
-3.8254798818897635
11
5.9978397637795275
21
-3.8254798818897635
0
LINE
8
BLACK
6
CONTINUOUS
10
5.9978397637795275
20
-3.8254798818897635
11
5.9951578346456689
21
-3.8246924015748029
0
LINE
8
BLACK
6
CONTINUOUS
10
5.9951578346456689
20
-3.8246924015748029
11
5.9943320866141727
21
-3.8240269291338582
0
LINE
8
BLACK
6
CONTINUOUS
10
5.9943320866141727
20
-3.8240269291338582
11
5.9682855118110236
21
-3.7979803543307087
0
LINE
8
BLACK
6
CONTINUOUS
10
5.9682855118110236
20
-3.7979803543307087
11
5.9669459055118113
21
-3.7955271259842518
0
LINE
8
BLACK
6
CONTINUOUS
10
5.9669459055118113
20
-3.7955271259842518
11
5.9668325590551179
21
-3.7944726771653543
0
LINE
8
BLACK
6
CONTINUOUS
10
5.9668325590551179
20
-3.7944726771653543
11
5.9668325590551179
21
-3.6531670078740155
0
LINE
8
BLACK
6
CONTINUOUS
10
5.9668325590551179
20
-3.6531670078740155
11
5.9676200393700789
21
-3.6504850787401573
0
LINE
8
BLACK
6
CONTINUOUS
10
5.9676200393700789
20
-3.6504850787401573
11
5.9685035039370078
21
-3.6494540944881888
0
LINE
8
BLACK
6
CONTINUOUS
10
5.9685035039370078
20
-3.6494540944881888
11
5.9718594488188979
21
-3.6464810236220471
0
LINE
8
BLACK
6
CONTINUOUS
10
5.9718594488188979
20
-3.6464810236220471
11
5.9756639763779527
21
-3.640969251968504
0
LINE
8
BLACK
6
CONTINUOUS
10
5.9756639763779527
20
-3.640969251968504
11
5.9780388582677162
21
-3.6347071259842521
0
LINE
8
BLACK
6
CONTINUOUS
10
5.9780388582677162
20
-3.6347071259842521
11
5.9788461417322836
21
-3.6280586220472442
0
LINE
8
BLACK
6
CONTINUOUS
10
5.9788461417322836
20
-3.6280586220472442
11
5.9787948425196848
21
-3.6276362204724411
0
LINE
8
BLACK
6
CONTINUOUS
10
5.9787948425196848
20
-3.6276362204724411
11
5.9780388582677162
21
-3.6214101181102363
0
LINE
8
BLACK
6
CONTINUOUS
10
5.9780388582677162
20
-3.6214101181102363
11
5.9756640551181102
21
-3.6151481496062989
0
LINE
8
BLACK
6
CONTINUOUS
10
5.9756640551181102
20
-3.6151481496062989
11
5.9756639763779527
21
-3.6151479921259844
0
LINE
8
BLACK
6
CONTINUOUS
10
5.9756639763779527
20
-3.6151479921259844
11
5.9718594488188979
21
-3.6096362204724408
0
LINE
8
BLACK
6
CONTINUOUS
10
5.9718594488188979
20
-3.6096362204724408
11
5.9718593700787403
21
-3.6096361417322833
0
LINE
8
BLACK
6
CONTINUOUS
10
5.9718593700787403
20
-3.6096361417322833
11
5.9668466141732281
21
-3.6051952362204722
0
LINE
8
BLACK
6
CONTINUOUS
10
5.9668466141732281
20
-3.6051952362204722
11
5.9668463779527556
21
-3.6051950393700785
0
LINE
8
BLACK
6
CONTINUOUS
10
5.9668463779527556
20
-3.6051950393700785
11
5.9609162204724404
21
-3.6020826377952755
0
LINE
8
BLACK
6
CONTINUOUS
10
5.9609162204724404
20
-3.6020826377952755
11
5.9609160629921263
21
-3.602082559055118
0
LINE
8
BLACK
6
CONTINUOUS
10
5.9609160629921263
20
-3.602082559055118
11
5.9544136220472437
21
-3.6004798818897639
0
LINE
8
BLACK
6
CONTINUOUS
10
5.9544136220472437
20
-3.6004798818897639
11
5.9544135039370074
21
-3.6004798818897639
0
LINE
8
BLACK
6
CONTINUOUS
10
5.9544135039370074
20
-3.6004798818897639
11
5.9477161811023622
21
-3.6004798818897639
0
LINE
8
BLACK
6
CONTINUOUS
10
5.9477161811023622
20
-3.6004798818897639
11
5.9477160236220472
21
-3.6004798818897639
0
LINE
8
BLACK
6
CONTINUOUS
10
5.9477160236220472
20
-3.6004798818897639
11
5.9412135826771655
21
-3.602082559055118
0
LINE
8
BLACK
6
CONTINUOUS
10
5.9412135826771655
20
-3.602082559055118
11
5.9412134251968505
21
-3.6020826377952755
0
LINE
8
BLACK
6
CONTINUOUS
10
5.9412134251968505
20
-3.6020826377952755
11
5.9352832677165352
21
-3.6051950393700785
0
LINE
8
BLACK
6
CONTINUOUS
10
5.9352832677165352
20
-3.6051950393700785
11
5.9352830314960627
21
-3.6051952362204722
0
LINE
8
BLACK
6
CONTINUOUS
10
5.9352830314960627
20
-3.6051952362204722
11
5.9302702755905514
21
-3.6096361417322833
0
LINE
8
BLACK
6
CONTINUOUS
10
5.9302702755905514
20
-3.6096361417322833
11
5.9302701181102364
21
-3.6096362992125983
0
LINE
8
BLACK
6
CONTINUOUS
10
5.9302701181102364
20
-3.6096362992125983
11
5.9270699999999996
21
-3.6142724803149604
0
LINE
8
BLACK
6
CONTINUOUS
10
5.9270699999999996
20
-3.6142724803149604
11
5.9248984251968499
21
-3.6160322834645671
0
LINE
8
BLACK
6
CONTINUOUS
10
5.9248984251968499
20
-3.6160322834645671
11
5.9221201181102359
21
-3.6163387007874013
0
LINE
8
BLACK
6
CONTINUOUS
10
5.9221201181102359
20
-3.6163387007874013
11
5.9196172047244096
21
-3.6150944094488189
0
LINE
8
BLACK
6
CONTINUOUS
10
5.9196172047244096
20
-3.6150944094488189
11
5.9194798425196851
21
-3.6149621653543305
0
LINE
8
BLACK
6
CONTINUOUS
10
5.9194798425196851
20
-3.6149621653543305
11
5.8942855118110238
21
-3.5897678346456692
0
LINE
8
BLACK
6
CONTINUOUS
10
5.8942855118110238
20
-3.5897678346456692
11
5.8929459055118105
21
-3.5873146062992127
0
LINE
8
BLACK
6
CONTINUOUS
10
5.8929459055118105
20
-3.5873146062992127
11
5.892832559055118
21
-3.5862601574803148
0
LINE
8
BLACK
6
CONTINUOUS
10
5.892832559055118
20
-3.5862601574803148
11
5.892832559055118
21
-3.5817891338582677
0
LINE
8
BLACK
6
CONTINUOUS
10
5.892832559055118
20
-3.5817891338582677
11
5.8936200393700782
21
-3.5791072047244095
0
LINE
8
BLACK
6
CONTINUOUS
10
5.8936200393700782
20
-3.5791072047244095
11
5.8945035039370079
21
-3.578076220472441
0
LINE
8
BLACK
6
CONTINUOUS
10
5.8945035039370079
20
-3.578076220472441
11
5.8978594488188971
21
-3.5751031496062993
0
LINE
8
BLACK
6
CONTINUOUS
10
5.8978594488188971
20
-3.5751031496062993
11
5.9016639763779528
21
-3.5695913779527557
0
LINE
8
BLACK
6
CONTINUOUS
10
5.9016639763779528
20
-3.5695913779527557
11
5.9040388582677163
21
-3.5633292519685038
0
LINE
8
BLACK
6
CONTINUOUS
10
5.9040388582677163
20
-3.5633292519685038
11
5.9045955905511809
21
-3.5587442519685037
0
LINE
8
BLACK
6
CONTINUOUS
10
5.9045955905511809
20
-3.5587442519685037
11
5.9048461417322837
21
-3.5566808267716534
0
LINE
8
BLACK
6
CONTINUOUS
10
5.9048461417322837
20
-3.5566808267716534
11
5.9048461417322837
21
-3.5566806299212597
0
LINE
8
BLACK
6
CONTINUOUS
10
5.9048461417322837
20
-3.5566806299212597
11
5.9040388582677163
21
-3.550032244094488
0
LINE
8
BLACK
6
CONTINUOUS
10
5.9040388582677163
20
-3.550032244094488
11
5.9016640551181103
21
-3.5437702755905511
0
LINE
8
BLACK
6
CONTINUOUS
10
5.9016640551181103
20
-3.5437702755905511
11
5.9016639763779528
21
-3.5437701181102361
0
LINE
8
BLACK
6
CONTINUOUS
10
5.9016639763779528
20
-3.5437701181102361
11
5.8978594488188971
21
-3.538258346456693
0
LINE
8
BLACK
6
CONTINUOUS
10
5.8978594488188971
20
-3.538258346456693
11
5.8978593700787396
21
-3.5382582677165355
0
LINE
8
BLACK
6
CONTINUOUS
10
5.8978593700787396
20
-3.5382582677165355
11
5.8928466141732283
21
-3.5338173622047244
0
LINE
8
BLACK
6
CONTINUOUS
10
5.8928466141732283
20
-3.5338173622047244
11
5.8928463779527558
21
-3.5338171653543307
0
LINE
8
BLACK
6
CONTINUOUS
10
5.8928463779527558
20
-3.5338171653543307
11
5.8869162204724406
21
-3.5307047637795277
0
LINE
8
BLACK
6
CONTINUOUS
10
5.8869162204724406
20
-3.5307047637795277
11
5.8869160629921256
21
-3.5307046850393702
0
LINE
8
BLACK
6
CONTINUOUS
10
5.8869160629921256
20
-3.5307046850393702
11
5.8804136220472438
21
-3.5291020078740156
0
LINE
8
BLACK
6
CONTINUOUS
10
5.8804136220472438
20
-3.5291020078740156
11
5.8804135039370076
21
-3.5291020078740156
0
LINE
8
BLACK
6
CONTINUOUS
10
5.8804135039370076
20
-3.5291020078740156
11
5.8737161811023624
21
-3.5291020078740156
0
LINE
8
BLACK
6
CONTINUOUS
10
5.8737161811023624
20
-3.5291020078740156
11
5.8737160236220474
21
-3.5291020078740156
0
LINE
8
BLACK
6
CONTINUOUS
10
5.8737160236220474
20
-3.5291020078740156
11
5.8672135039370081
21
-3.5307047244094489
0
LINE
8
BLACK
6
CONTINUOUS
10
5.8672135039370081
20
-3.5307047244094489
11
5.8671386220472437
21
-3.530733149606299
0
LINE
8
BLACK
6
CONTINUOUS
10
5.8671386220472437
20
-3.530733149606299
11
5.8670799212598421
21
-3.5307376377952755
0
LINE
8
BLACK
6
CONTINUOUS
10
5.8670799212598421
20
-3.5307376377952755
11
5.8669220866141734
21
-3.5307765748031494
0
LINE
8
BLACK
6
CONTINUOUS
10
5.8669220866141734
20
-3.5307765748031494
11
5.8669155905511809
21
-3.5307503149606299
0
LINE
8
BLACK
6
CONTINUOUS
10
5.8669155905511809
20
-3.5307503149606299
11
5.8643517322834642
21
-3.5309477952755906
0
LINE
8
BLACK
6
CONTINUOUS
10
5.8643517322834642
20
-3.5309477952755906
11
5.8618911811023624
21
-3.5296217322834647
0
LINE
8
BLACK
6
CONTINUOUS
10
5.8618911811023624
20
-3.5296217322834647
11
5.8605381889763777
21
-3.5271758661417323
0
LINE
8
BLACK
6
CONTINUOUS
10
5.8605381889763777
20
-3.5271758661417323
11
5.8607223228346452
21
-3.5243867716535431
0
LINE
8
BLACK
6
CONTINUOUS
10
5.8607223228346452
20
-3.5243867716535431
11
5.8618718503937011
21
-3.5225872047244096
0
LINE
8
BLACK
6
CONTINUOUS
10
5.8618718503937011
20
-3.5225872047244096
11
5.8934077559055114
21
-3.4910513385826771
0
LINE
8
BLACK
6
CONTINUOUS
10
5.8934077559055114
20
-3.4910513385826771
11
5.8962610629921262
21
-3.486109212598425
0
LINE
8
BLACK
6
CONTINUOUS
10
5.8962610629921262
20
-3.486109212598425
11
5.8977380708661418
21
-3.4805969685039368
0
LINE
8
BLACK
6
CONTINUOUS
10
5.8977380708661418
20
-3.4805969685039368
11
5.8977380708661418
21
-3.4748903543307086
0
LINE
8
BLACK
6
CONTINUOUS
10
5.8977380708661418
20
-3.4748903543307086
11
5.8977380708661418
21
-3.4748499212598425
0
LINE
8
BLACK
6
CONTINUOUS
10
5.8977380708661418
20
-3.4748499212598425
11
5.8985255511811019
21
-3.4721679921259843
0
LINE
8
BLACK
6
CONTINUOUS
10
5.8985255511811019
20
-3.4721679921259843
11
5.9006379921259837
21
-3.470337559055118
0
LINE
8
BLACK
6
CONTINUOUS
10
5.9006379921259837
20
-3.470337559055118
11
5.9026987007874014
21
-3.4698892913385828
0
LINE
8
BLACK
6
CONTINUOUS
10
5.9026987007874014
20
-3.4698892913385828
11
5.9078309842519685
21
-3.4698892913385828
0
LINE
8
BLACK
6
CONTINUOUS
10
5.9078309842519685
20
-3.4698892913385828
11
5.9078311417322835
21
-3.4698892913385828
0
LINE
8
BLACK
6
CONTINUOUS
10
5.9078311417322835
20
-3.4698892913385828
11
5.908820393700787
21
-3.469774566929134
0
LINE
8
BLACK
6
CONTINUOUS
10
5.908820393700787
20
-3.469774566929134
11
5.912866614173228
21
-3.467987992125984
0
LINE
8
BLACK
6
CONTINUOUS
10
5.912866614173228
20
-3.467987992125984
11
5.9159942125984255
21
-3.4648603937007874
0
LINE
8
BLACK
6
CONTINUOUS
10
5.9159942125984255
20
-3.4648603937007874
11
5.9177807874015746
21
-3.4608141732283464
0
LINE
8
BLACK
6
CONTINUOUS
10
5.9177807874015746
20
-3.4608141732283464
11
5.9178955511811022
21
-3.4598249606299212
0
LINE
8
BLACK
6
CONTINUOUS
10
5.9178955511811022
20
-3.4598249606299212
11
5.9178955118110235
21
-3.3962923228346455
0
LINE
8
BLACK
6
CONTINUOUS
10
5.9178955118110235
20
-3.3962923228346455
11
5.9178954724409447
21
-3.3962920472440943
0
LINE
8
BLACK
6
CONTINUOUS
10
5.9178954724409447
20
-3.3962920472440943
11
5.9177807874015746
21
-3.3953030708661416
0
LINE
8
BLACK
6
CONTINUOUS
10
5.9177807874015746
20
-3.3953030708661416
11
5.9159942125984255
21
-3.3912568503937006
0
LINE
8
BLACK
6
CONTINUOUS
10
5.9159942125984255
20
-3.3912568503937006
11
5.9159942125984255
21
-3.3912568110236219
0
LINE
8
BLACK
6
CONTINUOUS
10
5.9159942125984255
20
-3.3912568110236219
11
5.9128666929133855
21
-3.3881292913385828
0
LINE
8
BLACK
6
CONTINUOUS
10
5.9128666929133855
20
-3.3881292913385828
11
5.912866614173228
21
-3.388129251968504
0
LINE
8
BLACK
6
CONTINUOUS
10
5.912866614173228
20
-3.388129251968504
11
5.9088203149606295
21
-3.3863426377952757
0
LINE
8
BLACK
6
CONTINUOUS
10
5.9088203149606295
20
-3.3863426377952757
11
5.9088203543307083
21
-3.3863426377952757
0
LINE
8
BLACK
6
CONTINUOUS
10
5.9088203543307083
20
-3.3863426377952757
11
5.9078312992125985
21
-3.3862279133858268
0
LINE
8
BLACK
6
CONTINUOUS
10
5.9078312992125985
20
-3.3862279133858268
11
5.8442987007874017
21
-3.3862279133858268
0
LINE
8
BLACK
6
CONTINUOUS
10
5.8442987007874017
20
-3.3862279133858268
11
5.8442984251968504
21
-3.3862279527559056
0
LINE
8
BLACK
6
CONTINUOUS
10
5.8442984251968504
20
-3.3862279527559056
11
5.8433092913385822
21
-3.3863426377952757
0
LINE
8
BLACK
6
CONTINUOUS
10
5.8433092913385822
20
-3.3863426377952757
11
5.8433091338582672
21
-3.3863427165354332
0
LINE
8
BLACK
6
CONTINUOUS
10
5.8433091338582672
20
-3.3863427165354332
11
5.8392630314960625
21
-3.3881292125984253
0
LINE
8
BLACK
6
CONTINUOUS
10
5.8392630314960625
20
-3.3881292125984253
11
5.8361355118110234
21
-3.3912567322834644
0
LINE
8
BLACK
6
CONTINUOUS
10
5.8361355118110234
20
-3.3912567322834644
11
5.8361354724409447
21
-3.3912568110236219
0
LINE
8
BLACK
6
CONTINUOUS
10
5.8361354724409447
20
-3.3912568110236219
11
5.8343488582677168
21
-3.3953030708661416
0
LINE
8
BLACK
6
CONTINUOUS
10
5.8343488582677168
20
-3.3953030708661416
11
5.8342341338582679
21
-3.3962920472440943
0
LINE
8
BLACK
6
CONTINUOUS
10
5.8342341338582679
20
-3.3962920472440943
11
5.8342341338582679
21
-3.4598247244094487
0
LINE
8
BLACK
6
CONTINUOUS
10
5.8342341338582679
20
-3.4598247244094487
11
5.8342341732283467
21
-3.4598249999999999
0
LINE
8
BLACK
6
CONTINUOUS
10
5.8342341732283467
20
-3.4598249999999999
11
5.8343488582677168
21
-3.4608141338582676
0
LINE
8
BLACK
6
CONTINUOUS
10
5.8343488582677168
20
-3.4608141338582676
11
5.8343489370078743
21
-3.4608142913385826
0
LINE
8
BLACK
6
CONTINUOUS
10
5.8343489370078743
20
-3.4608142913385826
11
5.8361354330708659
21
-3.4648603937007874
0
LINE
8
BLACK
6
CONTINUOUS
10
5.8361354330708659
20
-3.4648603937007874
11
5.839262952755905
21
-3.4679879133858269
0
LINE
8
BLACK
6
CONTINUOUS
10
5.839262952755905
20
-3.4679879133858269
11
5.8392630314960625
21
-3.4679879527559052
0
LINE
8
BLACK
6
CONTINUOUS
10
5.8392630314960625
20
-3.4679879527559052
11
5.8392630708661413
21
-3.467987992125984
0
LINE
8
BLACK
6
CONTINUOUS
10
5.8392630708661413
20
-3.467987992125984
11
5.8433092913385822
21
-3.469774566929134
0
LINE
8
BLACK
6
CONTINUOUS
10
5.8433092913385822
20
-3.469774566929134
11
5.8436506299212594
21
-3.4699252755905512
0
LINE
8
BLACK
6
CONTINUOUS
10
5.8436506299212594
20
-3.4699252755905512
11
5.8435899606299211
21
-3.4700625984251969
0
LINE
8
BLACK
6
CONTINUOUS
10
5.8435899606299211
20
-3.4700625984251969
11
5.8453521653543303
21
-3.4711433858267715
0
LINE
8
BLACK
6
CONTINUOUS
10
5.8453521653543303
20
-3.4711433858267715
11
5.8465665354330705
21
-3.4736609448818898
0
LINE
8
BLACK
6
CONTINUOUS
10
5.8465665354330705
20
-3.4736609448818898
11
5.8462270866141735
21
-3.4764353937007875
0
LINE
8
BLACK
6
CONTINUOUS
10
5.8462270866141735
20
-3.4764353937007875
11
5.8451800393700788
21
-3.4779777952755904
0
LINE
8
BLACK
6
CONTINUOUS
10
5.8451800393700788
20
-3.4779777952755904
11
5.8106659448818894
21
-3.5124919291338581
0
LINE
8
BLACK
6
CONTINUOUS
10
5.8106659448818894
20
-3.5124919291338581
11
5.8082127952755904
21
-3.5138314566929134
0
LINE
8
BLACK
6
CONTINUOUS
10
5.8082127952755904
20
-3.5138314566929134
11
5.8071583464566929
21
-3.5139448425196851
0
LINE
8
BLACK
6
CONTINUOUS
10
5.8071583464566929
20
-3.5139448425196851
11
5.7824902362204726
21
-3.5139448425196851
0
LINE
8
BLACK
6
CONTINUOUS
10
5.7824902362204726
20
-3.5139448425196851
11
5.779808307086614
21
-3.5131573622047245
0
LINE
8
BLACK
6
CONTINUOUS
10
5.779808307086614
20
-3.5131573622047245
11
5.7779778740157477
21
-3.5110449212598422
0
LINE
8
BLACK
6
CONTINUOUS
10
5.7779778740157477
20
-3.5110449212598422
11
5.777580078740157
21
-3.5082782283464566
0
LINE
8
BLACK
6
CONTINUOUS
10
5.777580078740157
20
-3.5082782283464566
11
5.7787412598425192
21
-3.5057357086614171
0
LINE
8
BLACK
6
CONTINUOUS
10
5.7787412598425192
20
-3.5057357086614171
11
5.7789820078740153
21
-3.5054770472440944
0
LINE
8
BLACK
6
CONTINUOUS
10
5.7789820078740153
20
-3.5054770472440944
11
5.7934077559055117
21
-3.4910513385826771
0
LINE
8
BLACK
6
CONTINUOUS
10
5.7934077559055117
20
-3.4910513385826771
11
5.7962610629921256
21
-3.486109212598425
0
LINE
8
BLACK
6
CONTINUOUS
10
5.7962610629921256
20
-3.486109212598425
11
5.7977380708661412
21
-3.4805970078740156
0
LINE
8
BLACK
6
CONTINUOUS
10
5.7977380708661412
20
-3.4805970078740156
11
5.7977380708661412
21
-3.4748499212598425
0
LINE
8
BLACK
6
CONTINUOUS
10
5.7977380708661412
20
-3.4748499212598425
11
5.7985255511811022
21
-3.4721679921259843
0
LINE
8
BLACK
6
CONTINUOUS
10
5.7985255511811022
20
-3.4721679921259843
11
5.8006379921259841
21
-3.470337559055118
0
LINE
8
BLACK
6
CONTINUOUS
10
5.8006379921259841
20
-3.470337559055118
11
5.8026987007874018
21
-3.4698892913385828
0
LINE
8
BLACK
6
CONTINUOUS
10
5.8026987007874018
20
-3.4698892913385828
11
5.807830984251968
21
-3.4698892913385828
0
LINE
8
BLACK
6
CONTINUOUS
10
5.807830984251968
20
-3.4698892913385828
11
5.807831141732283
21
-3.4698892913385828
0
LINE
8
BLACK
6
CONTINUOUS
10
5.807831141732283
20
-3.4698892913385828
11
5.8088203937007874
21
-3.469774566929134
0
LINE
8
BLACK
6
CONTINUOUS
10
5.8088203937007874
20
-3.469774566929134
11
5.8128666141732284
21
-3.467987992125984
0
LINE
8
BLACK
6
CONTINUOUS
10
5.8128666141732284
20
-3.467987992125984
11
5.815994212598425
21
-3.4648603937007874
0
LINE
8
BLACK
6
CONTINUOUS
10
5.815994212598425
20
-3.4648603937007874
11
5.817780787401575
21
-3.4608141732283464
0
LINE
8
BLACK
6
CONTINUOUS
10
5.817780787401575
20
-3.4608141732283464
11
5.8178955511811026
21
-3.4598249606299212
0
LINE
8
BLACK
6
CONTINUOUS
10
5.8178955511811026
20
-3.4598249606299212
11
5.8178955118110238
21
-3.3962923228346455
0
LINE
8
BLACK
6
CONTINUOUS
10
5.8178955118110238
20
-3.3962923228346455
11
5.817780787401575
21
-3.3953030708661416
0
LINE
8
BLACK
6
CONTINUOUS
10
5.817780787401575
20
-3.3953030708661416
11
5.815994212598425
21
-3.3912568503937006
0
LINE
8
BLACK
6
CONTINUOUS
10
5.815994212598425
20
-3.3912568503937006
11
5.815994212598425
21
-3.3912568110236219
0
LINE
8
BLACK
6
CONTINUOUS
10
5.815994212598425
20
-3.3912568110236219
11
5.8128666929133859
21
-3.3881292913385828
0
LINE
8
BLACK
6
CONTINUOUS
10
5.8128666929133859
20
-3.3881292913385828
11
5.8128666141732284
21
-3.388129251968504
0
LINE
8
BLACK
6
CONTINUOUS
10
5.8128666141732284
20
-3.388129251968504
11
5.8088203149606299
21
-3.3863426377952757
0
LINE
8
BLACK
6
CONTINUOUS
10
5.8088203149606299
20
-3.3863426377952757
11
5.8088203543307086
21
-3.3863426377952757
0
LINE
8
BLACK
6
CONTINUOUS
10
5.8088203543307086
20
-3.3863426377952757
11
5.807831299212598
21
-3.3862279133858268
0
LINE
8
BLACK
6
CONTINUOUS
10
5.807831299212598
20
-3.3862279133858268
11
5.7442987007874011
21
-3.3862279133858268
0
LINE
8
BLACK
6
CONTINUOUS
10
5.7442987007874011
20
-3.3862279133858268
11
5.7442984251968499
21
-3.3862279527559056
0
LINE
8
BLACK
6
CONTINUOUS
10
5.7442984251968499
20
-3.3862279527559056
11
5.7433092913385826
21
-3.3863426377952757
0
LINE
8
BLACK
6
CONTINUOUS
10
5.7433092913385826
20
-3.3863426377952757
11
5.7433091338582676
21
-3.3863427165354332
0
LINE
8
BLACK
6
CONTINUOUS
10
5.7433091338582676
20
-3.3863427165354332
11
5.7392630314960629
21
-3.3881292125984253
0
LINE
8
BLACK
6
CONTINUOUS
10
5.7392630314960629
20
-3.3881292125984253
11
5.7361355118110238
21
-3.3912567322834644
0
LINE
8
BLACK
6
CONTINUOUS
10
5.7361355118110238
20
-3.3912567322834644
11
5.736135472440945
21
-3.3912568110236219
0
LINE
8
BLACK
6
CONTINUOUS
10
5.736135472440945
20
-3.3912568110236219
11
5.7343488582677162
21
-3.3953030708661416
0
LINE
8
BLACK
6
CONTINUOUS
10
5.7343488582677162
20
-3.3953030708661416
11
5.7342341338582674
21
-3.3962920472440943
0
LINE
8
BLACK
6
CONTINUOUS
10
5.7342341338582674
20
-3.3962920472440943
11
5.7342341338582674
21
-3.4598247244094487
0
LINE
8
BLACK
6
CONTINUOUS
10
5.7342341338582674
20
-3.4598247244094487
11
5.7342341732283462
21
-3.4598249999999999
0
LINE
8
BLACK
6
CONTINUOUS
10
5.7342341732283462
20
-3.4598249999999999
11
5.7343488582677162
21
-3.4608141338582676
0
LINE
8
BLACK
6
CONTINUOUS
10
5.7343488582677162
20
-3.4608141338582676
11
5.7343489370078737
21
-3.4608142913385826
0
LINE
8
BLACK
6
CONTINUOUS
10
5.7343489370078737
20
-3.4608142913385826
11
5.7361354330708663
21
-3.4648603937007874
0
LINE
8
BLACK
6
CONTINUOUS
10
5.7361354330708663
20
-3.4648603937007874
11
5.7392629527559054
21
-3.4679879133858269
0
LINE
8
BLACK
6
CONTINUOUS
10
5.7392629527559054
20
-3.4679879133858269
11
5.7392630314960629
21
-3.4679879527559052
0
LINE
8
BLACK
6
CONTINUOUS
10
5.7392630314960629
20
-3.4679879527559052
11
5.7392630708661416
21
-3.467987992125984
0
LINE
8
BLACK
6
CONTINUOUS
10
5.7392630708661416
20
-3.467987992125984
11
5.7433092913385826
21
-3.469774566929134
0
LINE
8
BLACK
6
CONTINUOUS
10
5.7433092913385826
20
-3.469774566929134
11
5.7436506299212597
21
-3.4699252755905512
0
LINE
8
BLACK
6
CONTINUOUS
10
5.7436506299212597
20
-3.4699252755905512
11
5.7435900393700789
21
-3.4700624015748032
0
LINE
8
BLACK
6
CONTINUOUS
10
5.7435900393700789
20
-3.4700624015748032
11
5.7453534251968499
21
-3.4711448425196849
0
LINE
8
BLACK
6
CONTINUOUS
10
5.7453534251968499
20
-3.4711448425196849
11
5.7465668110236221
21
-3.4736628740157478
0
LINE
8
BLACK
6
CONTINUOUS
10
5.7465668110236221
20
-3.4736628740157478
11
5.7462262598425191
21
-3.4764371653543304
0
LINE
8
BLACK
6
CONTINUOUS
10
5.7462262598425191
20
-3.4764371653543304
11
5.7451800393700783
21
-3.4779777952755904
0
LINE
8
BLACK
6
CONTINUOUS
10
5.7451800393700783
20
-3.4779777952755904
11
5.7382254724409449
21
-3.4849324409448816
0
LINE
8
BLACK
6
CONTINUOUS
10
5.7382254724409449
20
-3.4849324409448816
11
5.7357722440944885
21
-3.4862720078740157
0
LINE
8
BLACK
6
CONTINUOUS
10
5.7357722440944885
20
-3.4862720078740157
11
5.7347177559055114
21
-3.4863853937007874
0
LINE
8
BLACK
6
CONTINUOUS
10
5.7347177559055114
20
-3.4863853937007874
11
5.2632114960629917
21
-3.4863853937007874
0
LINE
8
BLACK
6
CONTINUOUS
10
5.2632114960629917
20
-3.4863853937007874
11
5.2576992913385823
21
-3.487862401574803
0
LINE
8
BLACK
6
CONTINUOUS
10
5.2576992913385823
20
-3.487862401574803
11
5.2576992125984248
21
-3.487862401574803
0
LINE
8
BLACK
6
CONTINUOUS
10
5.2576992125984248
20
-3.487862401574803
11
5.2576990551181098
21
-3.4878624803149605
0
LINE
8
BLACK
6
CONTINUOUS
10
5.2576990551181098
20
-3.4878624803149605
11
5.2527572834645664
21
-3.4907155905511811
0
LINE
8
BLACK
6
CONTINUOUS
10
5.2527572834645664
20
-3.4907155905511811
11
5.2527568897637797
21
-3.4907159055118111
0
LINE
8
BLACK
6
CONTINUOUS
10
5.2527568897637797
20
-3.4907159055118111
11
5.1687221653543309
21
-3.5747506299212599
0
LINE
8
BLACK
6
CONTINUOUS
10
5.1687221653543309
20
-3.5747506299212599
11
5.1687218897637797
21
-3.574751023622047
0
LINE
8
BLACK
6
CONTINUOUS
10
5.1687218897637797
20
-3.574751023622047
11
5.1675174015748029
21
-3.5768372834645668
0
LINE
8
BLACK
6
CONTINUOUS
10
5.1675174015748029
20
-3.5768372834645668
11
5.1658687007874011
21
-3.5796928740157479
0
LINE
8
BLACK
6
CONTINUOUS
10
5.1658687007874011
20
-3.5796928740157479
11
5.1658686220472436
21
-3.5796930708661416
0
LINE
8
BLACK
6
CONTINUOUS
10
5.1658686220472436
20
-3.5796930708661416
11
5.164391614173228
21
-3.585205275590551
0
LINE
8
BLACK
6
CONTINUOUS
10
5.164391614173228
20
-3.585205275590551
11
5.164391614173228
21
-3.5852053543307085
0
LINE
8
BLACK
6
CONTINUOUS
10
5.164391614173228
20
-3.5852053543307085
11
5.164391614173228
21
-4.0545119291338585
0
LINE
8
BLACK
6
CONTINUOUS
10
5.164391614173228
20
-4.0545119291338585
11
5.1652627952755905
21
-4.0577633070866144
0
LINE
8
BLACK
6
CONTINUOUS
10
5.1652627952755905
20
-4.0577633070866144
11
5.1658686220472436
21
-4.0600242519685041
0
LINE
8
BLACK
6
CONTINUOUS
10
5.1658686220472436
20
-4.0600242519685041
11
5.1687218110236222
21
-4.0649661417322838
0
LINE
8
BLACK
6
CONTINUOUS
10
5.1687218110236222
20
-4.0649661417322838
11
5.1687221259842522
21
-4.0649665354330704
0
LINE
8
BLACK
6
CONTINUOUS
10
5.1687221259842522
20
-4.0649665354330704
11
5.27634468503937
21
-4.1725890551181104
0
LINE
8
BLACK
6
CONTINUOUS
10
5.27634468503937
20
-4.1725890551181104
11
5.2776842913385824
21
-4.1750422834645669
0
LINE
8
BLACK
6
CONTINUOUS
10
5.2776842913385824
20
-4.1750422834645669
11
5.2774848818897633
21
-4.1778302755905514
0
LINE
8
BLACK
6
CONTINUOUS
10
5.2774848818897633
20
-4.1778302755905514
11
5.2758098031496061
21
-4.1800679133858267
0
LINE
8
BLACK
6
CONTINUOUS
10
5.2758098031496061
20
-4.1800679133858267
11
5.2751426771653538
21
-4.1804889763779522
0
LINE
8
BLACK
6
CONTINUOUS
10
5.2751426771653538
20
-4.1804889763779522
11
5.2748200787401576
21
-4.1806583070866141
0
LINE
8
BLACK
6
CONTINUOUS
10
5.2748200787401576
20
-4.1806583070866141
11
5.2748197244094488
21
-4.1806585433070866
0
LINE
8
BLACK
6
CONTINUOUS
10
5.2748197244094488
20
-4.1806585433070866
11
5.2698069685039366
21
-4.1850994488188977
0
LINE
8
BLACK
6
CONTINUOUS
10
5.2698069685039366
20
-4.1850994488188977
11
5.2698068897637791
21
-4.1850995275590552
0
LINE
8
BLACK
6
CONTINUOUS
10
5.2698068897637791
20
-4.1850995275590552
11
5.2660023622047243
21
-4.1906112992125983
0
LINE
8
BLACK
6
CONTINUOUS
10
5.2660023622047243
20
-4.1906112992125983
11
5.2660022834645668
21
-4.1906114566929134
0
LINE
8
BLACK
6
CONTINUOUS
10
5.2660022834645668
20
-4.1906114566929134
11
5.2636274803149607
21
-4.1968734251968502
0
LINE
8
BLACK
6
CONTINUOUS
10
5.2636274803149607
20
-4.1968734251968502
11
5.2628202362204721
21
-4.2035218110236219
0
LINE
8
BLACK
6
CONTINUOUS
10
5.2628202362204721
20
-4.2035218110236219
11
5.2628202362204721
21
-4.2035220078740156
0
LINE
8
BLACK
6
CONTINUOUS
10
5.2628202362204721
20
-4.2035220078740156
11
5.2636274803149607
21
-4.2101703937007873
0
LINE
8
BLACK
6
CONTINUOUS
10
5.2636274803149607
20
-4.2101703937007873
11
5.2660022834645668
21
-4.2164323622047242
0
LINE
8
BLACK
6
CONTINUOUS
10
5.2660022834645668
20
-4.2164323622047242
11
5.2660023622047243
21
-4.2164325196850392
0
LINE
8
BLACK
6
CONTINUOUS
10
5.2660023622047243
20
-4.2164325196850392
11
5.2698068897637791
21
-4.2219442913385823
0
LINE
8
BLACK
6
CONTINUOUS
10
5.2698068897637791
20
-4.2219442913385823
11
5.2698069685039366
21
-4.2219443700787398
0
LINE
8
BLACK
6
CONTINUOUS
10
5.2698069685039366
20
-4.2219443700787398
11
5.2735256299212594
21
-4.2252388188976377
0
LINE
8
BLACK
6
CONTINUOUS
10
5.2735256299212594
20
-4.2252388188976377
11
5.2748199606299213
21
-4.2263854724409446
0
LINE
8
BLACK
6
CONTINUOUS
10
5.2748199606299213
20
-4.2263854724409446
11
5.2807501574803144
21
-4.2294979133858268
0
LINE
8
BLACK
6
CONTINUOUS
10
5.2807501574803144
20
-4.2294979133858268
11
5.2807501968503932
21
-4.2294979133858268
0
LINE
8
BLACK
6
CONTINUOUS
10
5.2807501968503932
20
-4.2294979133858268
11
5.2807502755905507
21
-4.2294979527559056
0
LINE
8
BLACK
6
CONTINUOUS
10
5.2807502755905507
20
-4.2294979527559056
11
5.284988976377953
21
-4.2305426377952751
0
LINE
8
BLACK
6
CONTINUOUS
10
5.284988976377953
20
-4.2305426377952751
11
5.2862655511811019
21
-4.2308573228346456
0
LINE
8
BLACK
6
CONTINUOUS
10
5.2862655511811019
20
-4.2308573228346456
11
5.2862775590551179
21
-4.2308602755905511
0
LINE
8
BLACK
6
CONTINUOUS
10
5.2862775590551179
20
-4.2308602755905511
11
5.2885981102362205
21
-4.2321690944881887
0
LINE
8
BLACK
6
CONTINUOUS
10
5.2885981102362205
20
-4.2321690944881887
11
5.2992429527559057
21
-4.2428139370078739
0
LINE
8
BLACK
6
CONTINUOUS
10
5.2992429527559057
20
-4.2428139370078739
11
5.3009312598425193
21
-4.2430813385826767
0
LINE
8
BLACK
6
CONTINUOUS
10
5.3009312598425193
20
-4.2430813385826767
11
5.305321299212598
21
-4.2453181889763778
0
LINE
8
BLACK
6
CONTINUOUS
10
5.305321299212598
20
-4.2453181889763778
11
5.3088052755905508
21
-4.2488021653543306
0
LINE
8
BLACK
6
CONTINUOUS
10
5.3088052755905508
20
-4.2488021653543306
11
5.311042125984252
21
-4.2531922047244093
0
LINE
8
BLACK
6
CONTINUOUS
10
5.311042125984252
20
-4.2531922047244093
11
5.311309488188976
21
-4.254880472440945
0
LINE
8
BLACK
6
CONTINUOUS
10
5.311309488188976
20
-4.254880472440945
11
5.4779585433070865
21
-4.4215295669291335
0
LINE
8
BLACK
6
CONTINUOUS
10
5.4779585433070865
20
-4.4215295669291335
11
5.4779587401574803
21
-4.4215297244094485
0
LINE
8
BLACK
6
CONTINUOUS
10
5.4779587401574803
20
-4.4215297244094485
11
5.4779588188976378
21
-4.421529803149606
0
LINE
8
BLACK
6
CONTINUOUS
10
5.4779588188976378
20
-4.421529803149606
11
5.4820496456692913
21
-4.4238916141732281
0
LINE
8
BLACK
6
CONTINUOUS
10
5.4820496456692913
20
-4.4238916141732281
11
5.4829009448818899
21
-4.4243831102362208
0
LINE
8
BLACK
6
CONTINUOUS
10
5.4829009448818899
20
-4.4243831102362208
11
5.4884131496062993
21
-4.4258601181102364
0
LINE
8
BLACK
6
CONTINUOUS
10
5.4884131496062993
20
-4.4258601181102364
11
5.4884131889763781
21
-4.4258601181102364
0
LINE
8
BLACK
6
CONTINUOUS
10
5.4884131889763781
20
-4.4258601181102364
11
5.4941198031496059
21
-4.4258601181102364
0
LINE
8
BLACK
6
CONTINUOUS
10
5.4941198031496059
20
-4.4258601181102364
11
5.6527892519685041
21
-4.4258601181102364
0
LINE
8
BLACK
6
CONTINUOUS
10
5.6527892519685041
20
-4.4258601181102364
11
5.6554711811023619
21
-4.4266475984251965
0
LINE
8
BLACK
6
CONTINUOUS
10
5.6554711811023619
20
-4.4266475984251965
11
5.6573016141732282
21
-4.4287600393700783
0
LINE
8
BLACK
6
CONTINUOUS
10
5.6573016141732282
20
-4.4287600393700783
11
5.6576994094488189
21
-4.4315267322834648
0
LINE
8
BLACK
6
CONTINUOUS
10
5.6576994094488189
20
-4.4315267322834648
11
5.6567604330708656
21
-4.4337935433070861
0
LINE
8
BLACK
6
CONTINUOUS
10
5.6567604330708656
20
-4.4337935433070861
11
5.6533308267716533
21
-4.4383748818897635
0
LINE
8
BLACK
6
CONTINUOUS
10
5.6533308267716533
20
-4.4383748818897635
11
5.6513599606299207
21
-4.4436590157480316
0
LINE
8
BLACK
6
CONTINUOUS
10
5.6513599606299207
20
-4.4436590157480316
11
5.6496848818897636
21
-4.4458966141732281
0
LINE
8
BLACK
6
CONTINUOUS
10
5.6496848818897636
20
-4.4458966141732281
11
5.6470659448818896
21
-4.4468734251968502
0
LINE
8
BLACK
6
CONTINUOUS
10
5.6470659448818896
20
-4.4468734251968502
11
5.6443346850393699
21
-4.4462792519685035
0
LINE
8
BLACK
6
CONTINUOUS
10
5.6443346850393699
20
-4.4462792519685035
11
5.6423582283464562
21
-4.4443027952755907
0
LINE
8
BLACK
6
CONTINUOUS
10
5.6423582283464562
20
-4.4443027952755907
11
5.6421741338582674
21
-4.4439291732283461
0
LINE
8
BLACK
6
CONTINUOUS
10
5.6421741338582674
20
-4.4439291732283461
11
5.6409942125984252
21
-4.4412568503937004
0
LINE
8
BLACK
6
CONTINUOUS
10
5.6409942125984252
20
-4.4412568503937004
11
5.6409941732283464
21
-4.4412568110236217
0
LINE
8
BLACK
6
CONTINUOUS
10
5.6409941732283464
20
-4.4412568110236217
11
5.6409941338582676
21
-4.4412567322834642
0
LINE
8
BLACK
6
CONTINUOUS
10
5.6409941338582676
20
-4.4412567322834642
11
5.637866692913386
21
-4.4381292913385826
0
LINE
8
BLACK
6
CONTINUOUS
10
5.637866692913386
20
-4.4381292913385826
11
5.6378666141732285
21
-4.4381292519685038
0
LINE
8
BLACK
6
CONTINUOUS
10
5.6378666141732285
20
-4.4381292519685038
11
5.6338203149606301
21
-4.436342637795275
0
LINE
8
BLACK
6
CONTINUOUS
10
5.6338203149606301
20
-4.436342637795275
11
5.6338203543307088
21
-4.436342637795275
0
LINE
8
BLACK
6
CONTINUOUS
10
5.6338203543307088
20
-4.436342637795275
11
5.6328312992125982
21
-4.4362279133858262
0
LINE
8
BLACK
6
CONTINUOUS
10
5.6328312992125982
20
-4.4362279133858262
11
5.5692987007874013
21
-4.4362279133858262
0
LINE
8
BLACK
6
CONTINUOUS
10
5.5692987007874013
20
-4.4362279133858262
11
5.56929842519685
21
-4.436227952755905
0
LINE
8
BLACK
6
CONTINUOUS
10
5.56929842519685
20
-4.436227952755905
11
5.5683092913385828
21
-4.436342637795275
0
LINE
8
BLACK
6
CONTINUOUS
10
5.5683092913385828
20
-4.436342637795275
11
5.5683091338582678
21
-4.4363427165354326
0
LINE
8
BLACK
6
CONTINUOUS
10
5.5683091338582678
20
-4.4363427165354326
11
5.564263031496063
21
-4.4381292125984251
0
LINE
8
BLACK
6
CONTINUOUS
10
5.564263031496063
20
-4.4381292125984251
11
5.5611355118110231
21
-4.4412567322834642
0
LINE
8
BLACK
6
CONTINUOUS
10
5.5611355118110231
20
-4.4412567322834642
11
5.5611354724409452
21
-4.4412568110236217
0
LINE
8
BLACK
6
CONTINUOUS
10
5.5611354724409452
20
-4.4412568110236217
11
5.5593488582677164
21
-4.4453030708661414
0
LINE
8
BLACK
6
CONTINUOUS
10
5.5593488582677164
20
-4.4453030708661414
11
5.5592341338582676
21
-4.4462920472440945
0
LINE
8
BLACK
6
CONTINUOUS
10
5.5592341338582676
20
-4.4462920472440945
11
5.5592341338582676
21
-4.5098247244094489
0
LINE
8
BLACK
6
CONTINUOUS
10
5.5592341338582676
20
-4.5098247244094489
11
5.5592341732283463
21
-4.5098250000000002
0
LINE
8
BLACK
6
CONTINUOUS
10
5.5592341732283463
20
-4.5098250000000002
11
5.5593488582677164
21
-4.5108141338582675
0
LINE
8
BLACK
6
CONTINUOUS
10
5.5593488582677164
20
-4.5108141338582675
11
5.5593489370078739
21
-4.5108142913385825
0
LINE
8
BLACK
6
CONTINUOUS
10
5.5593489370078739
20
-4.5108142913385825
11
5.5611354330708664
21
-4.5148603937007872
0
LINE
8
BLACK
6
CONTINUOUS
10
5.5611354330708664
20
-4.5148603937007872
11
5.5642629527559055
21
-4.5179879133858263
0
LINE
8
BLACK
6
CONTINUOUS
10
5.5642629527559055
20
-4.5179879133858263
11
5.564263031496063
21
-4.517987952755905
0
LINE
8
BLACK
6
CONTINUOUS
10
5.564263031496063
20
-4.517987952755905
11
5.5642630708661418
21
-4.5179879921259838
0
LINE
8
BLACK
6
CONTINUOUS
10
5.5642630708661418
20
-4.5179879921259838
11
5.5683092913385828
21
-4.5197745669291338
0
LINE
8
BLACK
6
CONTINUOUS
10
5.5683092913385828
20
-4.5197745669291338
11
5.5692985039370075
21
-4.5198893307086614
0
LINE
8
BLACK
6
CONTINUOUS
10
5.5692985039370075
20
-4.5198893307086614
11
5.6328311417322832
21
-4.5198892913385826
0
LINE
8
BLACK
6
CONTINUOUS
10
5.6328311417322832
20
-4.5198892913385826
11
5.6338203937007876
21
-4.5197745669291338
0
LINE
8
BLACK
6
CONTINUOUS
10
5.6338203937007876
20
-4.5197745669291338
11
5.6378666141732285
21
-4.5179879921259838
0
LINE
8
BLACK
6
CONTINUOUS
10
5.6378666141732285
20
-4.5179879921259838
11
5.6409942125984252
21
-4.5148603937007872
0
LINE
8
BLACK
6
CONTINUOUS
10
5.6409942125984252
20
-4.5148603937007872
11
5.6421741338582674
21
-4.5121880708661415
0
LINE
8
BLACK
6
CONTINUOUS
10
5.6421741338582674
20
-4.5121880708661415
11
5.643977755905512
21
-4.5100527559055115
0
LINE
8
BLACK
6
CONTINUOUS
10
5.643977755905512
20
-4.5100527559055115
11
5.6466495275590551
21
-4.509231535433071
0
LINE
8
BLACK
6
CONTINUOUS
10
5.6466495275590551
20
-4.509231535433071
11
5.6493411811023622
21
-4.5099851574803145
0
LINE
8
BLACK
6
CONTINUOUS
10
5.6493411811023622
20
-4.5099851574803145
11
5.6511981102362201
21
-4.5120743307086615
0
LINE
8
BLACK
6
CONTINUOUS
10
5.6511981102362201
20
-4.5120743307086615
11
5.6513599606299207
21
-4.5124581889763782
0
LINE
8
BLACK
6
CONTINUOUS
10
5.6513599606299207
20
-4.5124581889763782
11
5.6533308267716533
21
-4.5177423228346454
0
LINE
8
BLACK
6
CONTINUOUS
10
5.6533308267716533
20
-4.5177423228346454
11
5.6567772047244089
21
-4.5223461023622047
0
LINE
8
BLACK
6
CONTINUOUS
10
5.6567772047244089
20
-4.5223461023622047
11
5.6591033070866139
21
-4.5240874409448821
0
LINE
8
BLACK
6
CONTINUOUS
10
5.6591033070866139
20
-4.5240874409448821
11
5.6607783464566932
21
-4.5263251181102362
0
LINE
8
BLACK
6
CONTINUOUS
10
5.6607783464566932
20
-4.5263251181102362
11
5.6609777165354327
21
-4.5291131102362208
0
LINE
8
BLACK
6
CONTINUOUS
10
5.6609777165354327
20
-4.5291131102362208
11
5.6596381496062991
21
-4.5315663385826772
0
LINE
8
BLACK
6
CONTINUOUS
10
5.6596381496062991
20
-4.5315663385826772
11
5.6591033070866139
21
-4.532029803149606
0
LINE
8
BLACK
6
CONTINUOUS
10
5.6591033070866139
20
-4.532029803149606
11
5.6567772047244089
21
-4.5337711023622047
0
LINE
8
BLACK
6
CONTINUOUS
10
5.6567772047244089
20
-4.5337711023622047
11
5.6533308267716533
21
-4.538374881889764
0
LINE
8
BLACK
6
CONTINUOUS
10
5.6533308267716533
20
-4.538374881889764
11
5.6513599606299207
21
-4.5436590157480312
0
LINE
8
BLACK
6
CONTINUOUS
10
5.6513599606299207
20
-4.5436590157480312
11
5.6496848818897636
21
-4.5458966141732287
0
LINE
8
BLACK
6
CONTINUOUS
10
5.6496848818897636
20
-4.5458966141732287
11
5.6470659448818896
21
-4.5468734251968499
0
LINE
8
BLACK
6
CONTINUOUS
10
5.6470659448818896
20
-4.5468734251968499
11
5.6443346850393699
21
-4.546279251968504
0
LINE
8
BLACK
6
CONTINUOUS
10
5.6443346850393699
20
-4.546279251968504
11
5.6423582283464562
21
-4.5443027952755903
0
LINE
8
BLACK
6
CONTINUOUS
10
5.6423582283464562
20
-4.5443027952755903
11
5.6421741338582674
21
-4.5439291732283467
0
LINE
8
BLACK
6
CONTINUOUS
10
5.6421741338582674
20
-4.5439291732283467
11
5.6409942125984252
21
-4.541256850393701
0
LINE
8
BLACK
6
CONTINUOUS
10
5.6409942125984252
20
-4.541256850393701
11
5.6409941732283464
21
-4.5412568110236222
0
LINE
8
BLACK
6
CONTINUOUS
10
5.6409941732283464
20
-4.5412568110236222
11
5.6409941338582676
21
-4.5412567322834647
0
LINE
8
BLACK
6
CONTINUOUS
10
5.6409941338582676
20
-4.5412567322834647
11
5.637866692913386
21
-4.5381292913385822
0
LINE
8
BLACK
6
CONTINUOUS
10
5.637866692913386
20
-4.5381292913385822
11
5.6378666141732285
21
-4.5381292519685035
0
LINE
8
BLACK
6
CONTINUOUS
10
5.6378666141732285
20
-4.5381292519685035
11
5.6338203149606301
21
-4.5363426377952756
0
LINE
8
BLACK
6
CONTINUOUS
10
5.6338203149606301
20
-4.5363426377952756
11
5.6338203543307088
21
-4.5363426377952756
0
LINE
8
BLACK
6
CONTINUOUS
10
5.6338203543307088
20
-4.5363426377952756
11
5.6328312992125982
21
-4.5362279133858268
0
LINE
8
BLACK
6
CONTINUOUS
10
5.6328312992125982
20
-4.5362279133858268
11
5.5692987007874013
21
-4.5362279133858268
0
LINE
8
BLACK
6
CONTINUOUS
10
5.5692987007874013
20
-4.5362279133858268
11
5.56929842519685
21
-4.5362279527559055
0
LINE
8
BLACK
6
CONTINUOUS
10
5.56929842519685
20
-4.5362279527559055
11
5.5683092913385828
21
-4.5363426377952756
0
LINE
8
BLACK
6
CONTINUOUS
10
5.5683092913385828
20
-4.5363426377952756
11
5.5683091338582678
21
-4.5363427165354331
0
LINE
8
BLACK
6
CONTINUOUS
10
5.5683091338582678
20
-4.5363427165354331
11
5.564263031496063
21
-4.5381292125984247
0
LINE
8
BLACK
6
CONTINUOUS
10
5.564263031496063
20
-4.5381292125984247
11
5.5611355118110231
21
-4.5412567322834647
0
LINE
8
BLACK
6
CONTINUOUS
10
5.5611355118110231
20
-4.5412567322834647
11
5.5611354724409452
21
-4.5412568110236222
0
LINE
8
BLACK
6
CONTINUOUS
10
5.5611354724409452
20
-4.5412568110236222
11
5.5593488582677164
21
-4.5453030708661419
0
LINE
8
BLACK
6
CONTINUOUS
10
5.5593488582677164
20
-4.5453030708661419
11
5.5592341338582676
21
-4.5462920472440942
0
LINE
8
BLACK
6
CONTINUOUS
10
5.5592341338582676
20
-4.5462920472440942
11
5.5592341338582676
21
-4.6098247244094486
0
LINE
8
BLACK
6
CONTINUOUS
10
5.5592341338582676
20
-4.6098247244094486
11
5.5592341732283463
21
-4.6098249999999998
0
LINE
8
BLACK
6
CONTINUOUS
10
5.5592341732283463
20
-4.6098249999999998
11
5.5593488582677164
21
-4.610814133858268
0
LINE
8
BLACK
6
CONTINUOUS
10
5.5593488582677164
20
-4.610814133858268
11
5.5593489370078739
21
-4.610814291338583
0
LINE
8
BLACK
6
CONTINUOUS
10
5.5593489370078739
20
-4.610814291338583
11
5.5611354330708664
21
-4.6148603937007877
0
LINE
8
BLACK
6
CONTINUOUS
10
5.5611354330708664
20
-4.6148603937007877
11
5.5642629527559055
21
-4.6179879133858268
0
LINE
8
BLACK
6
CONTINUOUS
10
5.5642629527559055
20
-4.6179879133858268
11
5.564263031496063
21
-4.6179879527559056
0
LINE
8
BLACK
6
CONTINUOUS
10
5.564263031496063
20
-4.6179879527559056
11
5.5642630708661418
21
-4.6179879921259843
0
LINE
8
BLACK
6
CONTINUOUS
10
5.5642630708661418
20
-4.6179879921259843
11
5.5683092913385828
21
-4.6197745669291335
0
LINE
8
BLACK
6
CONTINUOUS
10
5.5683092913385828
20
-4.6197745669291335
11
5.5692985039370075
21
-4.619889330708661
0
LINE
8
BLACK
6
CONTINUOUS
10
5.5692985039370075
20
-4.619889330708661
11
5.6328311417322832
21
-4.6198892913385823
0
LINE
8
BLACK
6
CONTINUOUS
10
5.6328311417322832
20
-4.6198892913385823
11
5.6338203937007876
21
-4.6197745669291335
0
LINE
8
BLACK
6
CONTINUOUS
10
5.6338203937007876
20
-4.6197745669291335
11
5.6378666141732285
21
-4.6179879921259843
0
LINE
8
BLACK
6
CONTINUOUS
10
5.6378666141732285
20
-4.6179879921259843
11
5.6409942125984252
21
-4.6148603937007877
0
LINE
8
BLACK
6
CONTINUOUS
10
5.6409942125984252
20
-4.6148603937007877
11
5.6421741338582674
21
-4.612188070866142
0
LINE
8
BLACK
6
CONTINUOUS
10
5.6421741338582674
20
-4.612188070866142
11
5.643977755905512
21
-4.610052755905512
0
LINE
8
BLACK
6
CONTINUOUS
10
5.643977755905512
20
-4.610052755905512
11
5.6466495275590551
21
-4.6092315354330706
0
LINE
8
BLACK
6
CONTINUOUS
10
5.6466495275590551
20
-4.6092315354330706
11
5.6493411811023622
21
-4.609985157480315
0
LINE
8
BLACK
6
CONTINUOUS
10
5.6493411811023622
20
-4.609985157480315
11
5.6511981102362201
21
-4.6120743307086611
0
LINE
8
BLACK
6
CONTINUOUS
10
5.6511981102362201
20
-4.6120743307086611
11
5.6513599606299207
21
-4.6124581889763778
0
LINE
8
BLACK
6
CONTINUOUS
10
5.6513599606299207
20
-4.6124581889763778
11
5.6533308267716533
21
-4.6177423228346459
0
LINE
8
BLACK
6
CONTINUOUS
10
5.6533308267716533
20
-4.6177423228346459
11
5.6567772440944877
21
-4.6223461811023618
0
LINE
8
BLACK
6
CONTINUOUS
10
5.6567772440944877
20
-4.6223461811023618
11
5.6613811417322832
21
-4.6257926377952758
0
LINE
8
BLACK
6
CONTINUOUS
10
5.6613811417322832
20
-4.6257926377952758
11
5.6667698031496059
21
-4.6278024803149602
0
LINE
8
BLACK
6
CONTINUOUS
10
5.6667698031496059
20
-4.6278024803149602
11
5.6691515354330706
21
-4.6280585826771654
0
LINE
8
BLACK
6
CONTINUOUS
10
5.6691515354330706
20
-4.6280585826771654
11
5.6691520472440944
21
-4.6280586220472442
0
LINE
8
BLACK
6
CONTINUOUS
10
5.6691520472440944
20
-4.6280586220472442
11
5.691064842519685
21
-4.6280586220472442
0
LINE
8
BLACK
6
CONTINUOUS
10
5.691064842519685
20
-4.6280586220472442
11
5.691064842519685
21
-4.6080586220472437
0
LINE
8
BLACK
6
CONTINUOUS
10
5.691064842519685
20
-4.6080586220472437
11
5.6710648425196846
21
-4.6080586220472437
0
LINE
8
BLACK
6
CONTINUOUS
10
5.6710648425196846
20
-4.6080586220472437
11
5.6710648425196846
21
-4.5480586220472441
0
LINE
8
BLACK
6
CONTINUOUS
10
5.6710648425196846
20
-4.5480586220472441
11
5.691064842519685
21
-4.5480586220472441
0
LINE
8
BLACK
6
CONTINUOUS
10
5.691064842519685
20
-4.5480586220472441
11
5.691064842519685
21
-4.5080586220472441
0
LINE
8
BLACK
6
CONTINUOUS
10
5.691064842519685
20
-4.5080586220472441
11
5.6710648425196846
21
-4.5080586220472441
0
LINE
8
BLACK
6
CONTINUOUS
10
5.6710648425196846
20
-4.5080586220472441
11
5.6710648425196846
21
-4.4480586220472436
0
LINE
8
BLACK
6
CONTINUOUS
10
5.6710648425196846
20
-4.4480586220472436
11
5.7310648425196851
21
-4.4480586220472436
0
LINE
8
BLACK
6
CONTINUOUS
10
5.7310648425196851
20
-4.4480586220472436
11
5.7310648425196851
21
-4.5080586220472441
0
LINE
8
BLACK
6
CONTINUOUS
10
5.7310648425196851
20
-4.5080586220472441
11
5.7110648425196846
21
-4.5080586220472441
0
LINE
8
BLACK
6
CONTINUOUS
10
5.7110648425196846
20
-4.5080586220472441
11
5.7110648425196846
21
-4.5480586220472441
0
LINE
8
BLACK
6
CONTINUOUS
10
5.7110648425196846
20
-4.5480586220472441
11
5.7310648425196851
21
-4.5480586220472441
0
LINE
8
BLACK
6
CONTINUOUS
10
5.7310648425196851
20
-4.5480586220472441
11
5.7310648425196851
21
-4.6080586220472437
0
LINE
8
BLACK
6
CONTINUOUS
10
5.7310648425196851
20
-4.6080586220472437
11
5.7110648425196846
21
-4.6080586220472437
0
LINE
8
BLACK
6
CONTINUOUS
10
5.7110648425196846
20
-4.6080586220472437
11
5.7110648425196846
21
-4.6280586220472442
0
LINE
8
BLACK
6
CONTINUOUS
10
5.7110648425196846
20
-4.6280586220472442
11
5.7329776377952752
21
-4.6280586220472442
0
LINE
8
BLACK
6
CONTINUOUS
10
5.7329776377952752
20
-4.6280586220472442
11
5.7329781102362203
21
-4.6280585826771654
0
LINE
8
BLACK
6
CONTINUOUS
10
5.7329781102362203
20
-4.6280585826771654
11
5.735359842519685
21
-4.6278024803149602
0
LINE
8
BLACK
6
CONTINUOUS
10
5.735359842519685
20
-4.6278024803149602
11
5.7407484645669289
21
-4.6257926377952758
0
LINE
8
BLACK
6
CONTINUOUS
10
5.7407484645669289
20
-4.6257926377952758
11
5.7407485039370076
21
-4.6257926377952758
0
LINE
8
BLACK
6
CONTINUOUS
10
5.7407485039370076
20
-4.6257926377952758
11
5.7453524015748032
21
-4.6223461811023618
0
LINE
8
BLACK
6
CONTINUOUS
10
5.7453524015748032
20
-4.6223461811023618
11
5.7487988582677163
21
-4.6177422834645672
0
LINE
8
BLACK
6
CONTINUOUS
10
5.7487988582677163
20
-4.6177422834645672
11
5.7507696850393701
21
-4.6124582283464566
0
LINE
8
BLACK
6
CONTINUOUS
10
5.7507696850393701
20
-4.6124582283464566
11
5.7524447244094485
21
-4.6102205905511813
0
LINE
8
BLACK
6
CONTINUOUS
10
5.7524447244094485
20
-4.6102205905511813
11
5.7550636614173225
21
-4.6092437795275591
0
LINE
8
BLACK
6
CONTINUOUS
10
5.7550636614173225
20
-4.6092437795275591
11
5.7577949212598423
21
-4.6098379133858263
0
LINE
8
BLACK
6
CONTINUOUS
10
5.7577949212598423
20
-4.6098379133858263
11
5.759771377952756
21
-4.61181437007874
0
LINE
8
BLACK
6
CONTINUOUS
10
5.759771377952756
20
-4.61181437007874
11
5.7599555118110235
21
-4.612188070866142
0
LINE
8
BLACK
6
CONTINUOUS
10
5.7599555118110235
20
-4.612188070866142
11
5.7611354330708657
21
-4.6148603937007877
0
LINE
8
BLACK
6
CONTINUOUS
10
5.7611354330708657
20
-4.6148603937007877
11
5.7642629527559057
21
-4.6179879133858268
0
LINE
8
BLACK
6
CONTINUOUS
10
5.7642629527559057
20
-4.6179879133858268
11
5.7642630314960632
21
-4.6179879527559056
0
LINE
8
BLACK
6
CONTINUOUS
10
5.7642630314960632
20
-4.6179879527559056
11
5.764263070866142
21
-4.6179879921259843
0
LINE
8
BLACK
6
CONTINUOUS
10
5.764263070866142
20
-4.6179879921259843
11
5.7683092913385829
21
-4.6197745669291335
0
LINE
8
BLACK
6
CONTINUOUS
10
5.7683092913385829
20
-4.6197745669291335
11
5.7692985039370077
21
-4.619889330708661
0
LINE
8
BLACK
6
CONTINUOUS
10
5.7692985039370077
20
-4.619889330708661
11
5.8328311417322833
21
-4.6198892913385823
0
LINE
8
BLACK
6
CONTINUOUS
10
5.8328311417322833
20
-4.6198892913385823
11
5.8338203937007869
21
-4.6197745669291335
0
LINE
8
BLACK
6
CONTINUOUS
10
5.8338203937007869
20
-4.6197745669291335
11
5.8378666141732278
21
-4.6179879921259843
0
LINE
8
BLACK
6
CONTINUOUS
10
5.8378666141732278
20
-4.6179879921259843
11
5.8409942125984253
21
-4.6148603937007877
0
LINE
8
BLACK
6
CONTINUOUS
10
5.8409942125984253
20
-4.6148603937007877
11
5.8427807874015745
21
-4.6108141732283467
0
LINE
8
BLACK
6
CONTINUOUS
10
5.8427807874015745
20
-4.6108141732283467
11
5.842895551181102
21
-4.6098249606299211
0
LINE
8
BLACK
6
CONTINUOUS
10
5.842895551181102
20
-4.6098249606299211
11
5.8428955118110233
21
-4.5462923228346455
0
LINE
8
BLACK
6
CONTINUOUS
10
5.8428955118110233
20
-4.5462923228346455
11
5.8428954724409445
21
-4.5462920472440942
0
LINE
8
BLACK
6
CONTINUOUS
10
5.8428954724409445
20
-4.5462920472440942
11
5.8427807874015745
21
-4.5453030708661419
0
LINE
8
BLACK
6
CONTINUOUS
10
5.8427807874015745
20
-4.5453030708661419
11
5.8409942125984253
21
-4.541256850393701
0
LINE
8
BLACK
6
CONTINUOUS
10
5.8409942125984253
20
-4.541256850393701
11
5.8409942125984253
21
-4.5412568110236222
0
LINE
8
BLACK
6
CONTINUOUS
10
5.8409942125984253
20
-4.5412568110236222
11
5.8378666929133853
21
-4.5381292913385822
0
LINE
8
BLACK
6
CONTINUOUS
10
5.8378666929133853
20
-4.5381292913385822
11
5.8378666141732278
21
-4.5381292519685035
0
LINE
8
BLACK
6
CONTINUOUS
10
5.8378666141732278
20
-4.5381292519685035
11
5.8338203149606294
21
-4.5363426377952756
0
LINE
8
BLACK
6
CONTINUOUS
10
5.8338203149606294
20
-4.5363426377952756
11
5.8338203543307081
21
-4.5363426377952756
0
LINE
8
BLACK
6
CONTINUOUS
10
5.8338203543307081
20
-4.5363426377952756
11
5.8328312992125984
21
-4.5362279133858268
0
LINE
8
BLACK
6
CONTINUOUS
10
5.8328312992125984
20
-4.5362279133858268
11
5.7692987007874015
21
-4.5362279133858268
0
LINE
8
BLACK
6
CONTINUOUS
10
5.7692987007874015
20
-4.5362279133858268
11
5.7692984251968502
21
-4.5362279527559055
0
LINE
8
BLACK
6
CONTINUOUS
10
5.7692984251968502
20
-4.5362279527559055
11
5.7683092913385829
21
-4.5363426377952756
0
LINE
8
BLACK
6
CONTINUOUS
10
5.7683092913385829
20
-4.5363426377952756
11
5.7683091338582679
21
-4.5363427165354331
0
LINE
8
BLACK
6
CONTINUOUS
10
5.7683091338582679
20
-4.5363427165354331
11
5.7642630314960632
21
-4.5381292125984247
0
LINE
8
BLACK
6
CONTINUOUS
10
5.7642630314960632
20
-4.5381292125984247
11
5.7611354724409445
21
-4.5412567716535435
0
LINE
8
BLACK
6
CONTINUOUS
10
5.7611354724409445
20
-4.5412567716535435
11
5.7599555118110235
21
-4.5439291732283467
0
LINE
8
BLACK
6
CONTINUOUS
10
5.7599555118110235
20
-4.5439291732283467
11
5.7581518110236223
21
-4.5460644881889767
0
LINE
8
BLACK
6
CONTINUOUS
10
5.7581518110236223
20
-4.5460644881889767
11
5.7554800393700782
21
-4.5468856692913384
0
LINE
8
BLACK
6
CONTINUOUS
10
5.7554800393700782
20
-4.5468856692913384
11
5.7527883858267712
21
-4.5461320078740153
0
LINE
8
BLACK
6
CONTINUOUS
10
5.7527883858267712
20
-4.5461320078740153
11
5.7509315354330708
21
-4.5440427952755904
0
LINE
8
BLACK
6
CONTINUOUS
10
5.7509315354330708
20
-4.5440427952755904
11
5.7507696850393701
21
-4.5436589763779525
0
LINE
8
BLACK
6
CONTINUOUS
10
5.7507696850393701
20
-4.5436589763779525
11
5.7487988582677163
21
-4.5383749212598428
0
LINE
8
BLACK
6
CONTINUOUS
10
5.7487988582677163
20
-4.5383749212598428
11
5.7453524015748032
21
-4.5337710236220472
0
LINE
8
BLACK
6
CONTINUOUS
10
5.7453524015748032
20
-4.5337710236220472
11
5.7430263779527557
21
-4.532029803149606
0
LINE
8
BLACK
6
CONTINUOUS
10
5.7430263779527557
20
-4.532029803149606
11
5.7413512992125986
21
-4.5297921653543307
0
LINE
8
BLACK
6
CONTINUOUS
10
5.7413512992125986
20
-4.5297921653543307
11
5.7411519291338582
21
-4.5270041732283461
0
LINE
8
BLACK
6
CONTINUOUS
10
5.7411519291338582
20
-4.5270041732283461
11
5.7424914960629918
21
-4.5245509055118109
0
LINE
8
BLACK
6
CONTINUOUS
10
5.7424914960629918
20
-4.5245509055118109
11
5.7430263779527557
21
-4.5240874409448821
0
LINE
8
BLACK
6
CONTINUOUS
10
5.7430263779527557
20
-4.5240874409448821
11
5.7453524015748032
21
-4.5223461811023622
0
LINE
8
BLACK
6
CONTINUOUS
10
5.7453524015748032
20
-4.5223461811023622
11
5.7487988582677163
21
-4.5177422834645666
0
LINE
8
BLACK
6
CONTINUOUS
10
5.7487988582677163
20
-4.5177422834645666
11
5.7507696850393701
21
-4.5124582283464569
0
LINE
8
BLACK
6
CONTINUOUS
10
5.7507696850393701
20
-4.5124582283464569
11
5.7524447244094485
21
-4.5102205905511807
0
LINE
8
BLACK
6
CONTINUOUS
10
5.7524447244094485
20
-4.5102205905511807
11
5.7550636614173225
21
-4.5092437795275586
0
LINE
8
BLACK
6
CONTINUOUS
10
5.7550636614173225
20
-4.5092437795275586
11
5.7577949212598423
21
-4.5098379133858266
0
LINE
8
BLACK
6
CONTINUOUS
10
5.7577949212598423
20
-4.5098379133858266
11
5.759771377952756
21
-4.5118143700787403
0
LINE
8
BLACK
6
CONTINUOUS
10
5.759771377952756
20
-4.5118143700787403
11
5.7599555118110235
21
-4.5121880708661415
0
LINE
8
BLACK
6
CONTINUOUS
10
5.7599555118110235
20
-4.5121880708661415
11
5.7611354330708657
21
-4.5148603937007872
0
LINE
8
BLACK
6
CONTINUOUS
10
5.7611354330708657
20
-4.5148603937007872
11
5.7642629527559057
21
-4.5179879133858263
0
LINE
8
BLACK
6
CONTINUOUS
10
5.7642629527559057
20
-4.5179879133858263
11
5.7642630314960632
21
-4.517987952755905
0
LINE
8
BLACK
6
CONTINUOUS
10
5.7642630314960632
20
-4.517987952755905
11
5.764263070866142
21
-4.5179879921259838
0
LINE
8
BLACK
6
CONTINUOUS
10
5.764263070866142
20
-4.5179879921259838
11
5.7683092913385829
21
-4.5197745669291338
0
LINE
8
BLACK
6
CONTINUOUS
10
5.7683092913385829
20
-4.5197745669291338
11
5.7692985039370077
21
-4.5198893307086614
0
LINE
8
BLACK
6
CONTINUOUS
10
5.7692985039370077
20
-4.5198893307086614
11
5.8328311417322833
21
-4.5198892913385826
0
LINE
8
BLACK
6
CONTINUOUS
10
5.8328311417322833
20
-4.5198892913385826
11
5.8338203937007869
21
-4.5197745669291338
0
LINE
8
BLACK
6
CONTINUOUS
10
5.8338203937007869
20
-4.5197745669291338
11
5.8378666141732278
21
-4.5179879921259838
0
LINE
8
BLACK
6
CONTINUOUS
10
5.8378666141732278
20
-4.5179879921259838
11
5.8409942125984253
21
-4.5148603937007872
0
LINE
8
BLACK
6
CONTINUOUS
10
5.8409942125984253
20
-4.5148603937007872
11
5.8427807874015745
21
-4.5108141732283462
0
LINE
8
BLACK
6
CONTINUOUS
10
5.8427807874015745
20
-4.5108141732283462
11
5.842895551181102
21
-4.5098249606299214
0
LINE
8
BLACK
6
CONTINUOUS
10
5.842895551181102
20
-4.5098249606299214
11
5.8428955118110233
21
-4.4462923228346458
0
LINE
8
BLACK
6
CONTINUOUS
10
5.8428955118110233
20
-4.4462923228346458
11
5.8428954724409445
21
-4.4462920472440945
0
LINE
8
BLACK
6
CONTINUOUS
10
5.8428954724409445
20
-4.4462920472440945
11
5.8427807874015745
21
-4.4453030708661414
0
LINE
8
BLACK
6
CONTINUOUS
10
5.8427807874015745
20
-4.4453030708661414
11
5.8417897637795271
21
-4.4430585826771649
0
LINE
8
BLACK
6
CONTINUOUS
10
5.8417897637795271
20
-4.4430585826771649
11
5.8409942125984253
21
-4.4412568110236217
0
LINE
8
BLACK
6
CONTINUOUS
10
5.8409942125984253
20
-4.4412568110236217
11
5.8378666929133853
21
-4.4381292913385826
0
LINE
8
BLACK
6
CONTINUOUS
10
5.8378666929133853
20
-4.4381292913385826
11
5.8378666141732278
21
-4.4381292519685038
0
LINE
8
BLACK
6
CONTINUOUS
10
5.8378666141732278
20
-4.4381292519685038
11
5.8338203149606294
21
-4.436342637795275
0
LINE
8
BLACK
6
CONTINUOUS
10
5.8338203149606294
20
-4.436342637795275
11
5.8338203543307081
21
-4.436342637795275
0
LINE
8
BLACK
6
CONTINUOUS
10
5.8338203543307081
20
-4.436342637795275
11
5.8328312992125984
21
-4.4362279133858262
0
LINE
8
BLACK
6
CONTINUOUS
10
5.8328312992125984
20
-4.4362279133858262
11
5.7692987007874015
21
-4.4362279133858262
0
LINE
8
BLACK
6
CONTINUOUS
10
5.7692987007874015
20
-4.4362279133858262
11
5.7692984251968502
21
-4.436227952755905
0
LINE
8
BLACK
6
CONTINUOUS
10
5.7692984251968502
20
-4.436227952755905
11
5.7683092913385829
21
-4.436342637795275
0
LINE
8
BLACK
6
CONTINUOUS
10
5.7683092913385829
20
-4.436342637795275
11
5.7683091338582679
21
-4.4363427165354326
0
LINE
8
BLACK
6
CONTINUOUS
10
5.7683091338582679
20
-4.4363427165354326
11
5.7642630314960632
21
-4.4381292125984251
0
LINE
8
BLACK
6
CONTINUOUS
10
5.7642630314960632
20
-4.4381292125984251
11
5.7611354724409445
21
-4.4412567716535429
0
LINE
8
BLACK
6
CONTINUOUS
10
5.7611354724409445
20
-4.4412567716535429
11
5.7599555118110235
21
-4.4439291732283461
0
LINE
8
BLACK
6
CONTINUOUS
10
5.7599555118110235
20
-4.4439291732283461
11
5.7581518110236223
21
-4.4460644881889761
0
LINE
8
BLACK
6
CONTINUOUS
10
5.7581518110236223
20
-4.4460644881889761
11
5.7554800393700782
21
-4.4468856692913388
0
LINE
8
BLACK
6
CONTINUOUS
10
5.7554800393700782
20
-4.4468856692913388
11
5.7527883858267712
21
-4.4461320078740156
0
LINE
8
BLACK
6
CONTINUOUS
10
5.7527883858267712
20
-4.4461320078740156
11
5.7509315354330708
21
-4.4440427952755908
0
LINE
8
BLACK
6
CONTINUOUS
10
5.7509315354330708
20
-4.4440427952755908
11
5.7507696850393701
21
-4.4436589763779528
0
LINE
8
BLACK
6
CONTINUOUS
10
5.7507696850393701
20
-4.4436589763779528
11
5.7487988582677163
21
-4.4383749212598422
0
LINE
8
BLACK
6
CONTINUOUS
10
5.7487988582677163
20
-4.4383749212598422
11
5.745369251968504
21
-4.4337935433070861
0
LINE
8
BLACK
6
CONTINUOUS
10
5.745369251968504
20
-4.4337935433070861
11
5.7443924409448819
21
-4.4311746456692909
0
LINE
8
BLACK
6
CONTINUOUS
10
5.7443924409448819
20
-4.4311746456692909
11
5.7449865748031499
21
-4.428443385826772
0
LINE
8
BLACK
6
CONTINUOUS
10
5.7449865748031499
20
-4.428443385826772
11
5.7469630314960627
21
-4.4264669291338583
0
LINE
8
BLACK
6
CONTINUOUS
10
5.7469630314960627
20
-4.4264669291338583
11
5.7493404330708664
21
-4.4258601181102364
0
LINE
8
BLACK
6
CONTINUOUS
10
5.7493404330708664
20
-4.4258601181102364
11
6.2439942125984249
21
-4.4258601181102364
0
LINE
8
BLACK
6
CONTINUOUS
10
6.2439942125984249
20
-4.4258601181102364
11
6.2466761417322836
21
-4.4266475984251965
0
LINE
8
BLACK
6
CONTINUOUS
10
6.2466761417322836
20
-4.4266475984251965
11
6.2470947244094486
21
-4.4269645669291338
0
LINE
8
BLACK
6
CONTINUOUS
10
6.2470947244094486
20
-4.4269645669291338
11
6.2472191338582679
21
-4.4270504330708658
0
LINE
8
BLACK
6
CONTINUOUS
10
6.2472191338582679
20
-4.4270504330708658
11
6.253149330708661
21
-4.4301628740157479
0
LINE
8
BLACK
6
CONTINUOUS
10
6.253149330708661
20
-4.4301628740157479
11
6.2531493700787397
21
-4.4301628740157479
0
LINE
8
BLACK
6
CONTINUOUS
10
6.2531493700787397
20
-4.4301628740157479
11
6.2531494488188972
21
-4.4301629133858267
0
LINE
8
BLACK
6
CONTINUOUS
10
6.2531494488188972
20
-4.4301629133858267
11
6.2572542913385822
21
-4.4311746456692909
0
LINE
8
BLACK
6
CONTINUOUS
10
6.2572542913385822
20
-4.4311746456692909
11
6.259652047244094
21
-4.4317656299212596
0
LINE
8
BLACK
6
CONTINUOUS
10
6.259652047244094
20
-4.4317656299212596
11
6.2596521653543302
21
-4.4317656299212596
0
LINE
8
BLACK
6
CONTINUOUS
10
6.2596521653543302
20
-4.4317656299212596
11
6.2663492519685038
21
-4.4317656299212596
0
LINE
8
BLACK
6
CONTINUOUS
10
6.2663492519685038
20
-4.4317656299212596
11
6.26634937007874
21
-4.4317656299212596
0
LINE
8
BLACK
6
CONTINUOUS
10
6.26634937007874
20
-4.4317656299212596
11
6.272852086614173
21
-4.4301628740157479
0
LINE
8
BLACK
6
CONTINUOUS
10
6.272852086614173
20
-4.4301628740157479
11
6.278782283464567
21
-4.4270504330708658
0
LINE
8
BLACK
6
CONTINUOUS
10
6.278782283464567
20
-4.4270504330708658
11
6.2837953149606296
21
-4.4226092913385822
0
LINE
8
BLACK
6
CONTINUOUS
10
6.2837953149606296
20
-4.4226092913385822
11
6.2871541338582677
21
-4.4177431889763774
0
LINE
8
BLACK
6
CONTINUOUS
10
6.2871541338582677
20
-4.4177431889763774
11
6.2893257480314961
21
-4.4159833858267712
0
LINE
8
BLACK
6
CONTINUOUS
10
6.2893257480314961
20
-4.4159833858267712
11
6.2921040157480315
21
-4.415676968503937
0
LINE
8
BLACK
6
CONTINUOUS
10
6.2921040157480315
20
-4.415676968503937
11
6.2946069291338578
21
-4.4169212598425194
0
LINE
8
BLACK
6
CONTINUOUS
10
6.2946069291338578
20
-4.4169212598425194
11
6.294744330708661
21
-4.417053464566929
0
LINE
8
BLACK
6
CONTINUOUS
10
6.294744330708661
20
-4.417053464566929
11
6.3229386614173224
21
-4.4452477559055117
0
LINE
8
BLACK
6
CONTINUOUS
10
6.3229386614173224
20
-4.4452477559055117
11
6.3242782283464569
21
-4.4477010236220469
0
LINE
8
BLACK
6
CONTINUOUS
10
6.3242782283464569
20
-4.4477010236220469
11
6.3243916141732281
21
-4.4487554724409444
0
LINE
8
BLACK
6
CONTINUOUS
10
6.3243916141732281
20
-4.4487554724409444
11
6.3243916141732281
21
-4.5212672834645664
0
LINE
8
BLACK
6
CONTINUOUS
10
6.3243916141732281
20
-4.5212672834645664
11
6.3236041338582671
21
-4.5239492125984251
0
LINE
8
BLACK
6
CONTINUOUS
10
6.3236041338582671
20
-4.5239492125984251
11
6.3214916929133853
21
-4.5257796456692914
0
LINE
8
BLACK
6
CONTINUOUS
10
6.3214916929133853
20
-4.5257796456692914
11
6.3194310236220472
21
-4.526227913385827
0
LINE
8
BLACK
6
CONTINUOUS
10
6.3194310236220472
20
-4.526227913385827
11
6.3142986614173227
21
-4.526227913385827
0
LINE
8
BLACK
6
CONTINUOUS
10
6.3142986614173227
20
-4.526227913385827
11
6.3142984251968501
21
-4.5262279527559057
0
LINE
8
BLACK
6
CONTINUOUS
10
6.3142984251968501
20
-4.5262279527559057
11
6.3133093307086616
21
-4.5263426377952758
0
LINE
8
BLACK
6
CONTINUOUS
10
6.3133093307086616
20
-4.5263426377952758
11
6.3133091338582679
21
-4.5263427165354333
0
LINE
8
BLACK
6
CONTINUOUS
10
6.3133091338582679
20
-4.5263427165354333
11
6.3092630314960632
21
-4.5281292125984249
0
LINE
8
BLACK
6
CONTINUOUS
10
6.3092630314960632
20
-4.5281292125984249
11
6.3061355118110232
21
-4.531256732283464
0
LINE
8
BLACK
6
CONTINUOUS
10
6.3061355118110232
20
-4.531256732283464
11
6.3061354724409444
21
-4.5312568110236215
0
LINE
8
BLACK
6
CONTINUOUS
10
6.3061354724409444
20
-4.5312568110236215
11
6.3043488582677165
21
-4.5353030708661413
0
LINE
8
BLACK
6
CONTINUOUS
10
6.3043488582677165
20
-4.5353030708661413
11
6.3042341338582677
21
-4.5362920472440944
0
LINE
8
BLACK
6
CONTINUOUS
10
6.3042341338582677
20
-4.5362920472440944
11
6.3042341338582677
21
-4.5998247244094488
0
LINE
8
BLACK
6
CONTINUOUS
10
6.3042341338582677
20
-4.5998247244094488
11
6.3042341732283464
21
-4.5998250000000001
0
LINE
8
BLACK
6
CONTINUOUS
10
6.3042341732283464
20
-4.5998250000000001
11
6.3043488582677165
21
-4.6008141338582673
0
LINE
8
BLACK
6
CONTINUOUS
10
6.3043488582677165
20
-4.6008141338582673
11
6.304348937007874
21
-4.6008142913385823
0
LINE
8
BLACK
6
CONTINUOUS
10
6.304348937007874
20
-4.6008142913385823
11
6.3061354330708657
21
-4.604860393700787
0
LINE
8
BLACK
6
CONTINUOUS
10
6.3061354330708657
20
-4.604860393700787
11
6.3092629527559057
21
-4.607987913385827
0
LINE
8
BLACK
6
CONTINUOUS
10
6.3092629527559057
20
-4.607987913385827
11
6.3092630314960632
21
-4.6079879527559058
0
LINE
8
BLACK
6
CONTINUOUS
10
6.3092630314960632
20
-4.6079879527559058
11
6.3092630708661419
21
-4.6079879921259845
0
LINE
8
BLACK
6
CONTINUOUS
10
6.3092630708661419
20
-4.6079879921259845
11
6.3133092913385829
21
-4.6097745669291337
0
LINE
8
BLACK
6
CONTINUOUS
10
6.3133092913385829
20
-4.6097745669291337
11
6.3142985039370076
21
-4.6098893307086612
0
LINE
8
BLACK
6
CONTINUOUS
10
6.3142985039370076
20
-4.6098893307086612
11
6.3778311417322833
21
-4.6098892913385825
0
LINE
8
BLACK
6
CONTINUOUS
10
6.3778311417322833
20
-4.6098892913385825
11
6.3788203937007877
21
-4.6097745669291337
0
LINE
8
BLACK
6
CONTINUOUS
10
6.3788203937007877
20
-4.6097745669291337
11
6.3828666141732278
21
-4.6079879921259845
0
LINE
8
BLACK
6
CONTINUOUS
10
6.3828666141732278
20
-4.6079879921259845
11
6.3859942125984253
21
-4.604860393700787
0
LINE
8
BLACK
6
CONTINUOUS
10
6.3859942125984253
20
-4.604860393700787
11
6.3877807874015744
21
-4.6008141732283461
0
LINE
8
BLACK
6
CONTINUOUS
10
6.3877807874015744
20
-4.6008141732283461
11
6.387895551181102
21
-4.5998249606299213
0
LINE
8
BLACK
6
CONTINUOUS
10
6.387895551181102
20
-4.5998249606299213
11
6.3878955118110232
21
-4.5362923228346457
0
LINE
8
BLACK
6
CONTINUOUS
10
6.3878955118110232
20
-4.5362923228346457
11
6.3877807874015744
21
-4.5353030708661413
0
LINE
8
BLACK
6
CONTINUOUS
10
6.3877807874015744
20
-4.5353030708661413
11
6.3859942125984253
21
-4.5312568503937003
0
LINE
8
BLACK
6
CONTINUOUS
10
6.3859942125984253
20
-4.5312568503937003
11
6.3859942125984253
21
-4.5312568110236215
0
LINE
8
BLACK
6
CONTINUOUS
10
6.3859942125984253
20
-4.5312568110236215
11
6.3828666929133853
21
-4.5281292913385824
0
LINE
8
BLACK
6
CONTINUOUS
10
6.3828666929133853
20
-4.5281292913385824
11
6.3828666141732278
21
-4.5281292519685037
0
LINE
8
BLACK
6
CONTINUOUS
10
6.3828666141732278
20
-4.5281292519685037
11
6.3788203149606302
21
-4.5263426377952758
0
LINE
8
BLACK
6
CONTINUOUS
10
6.3788203149606302
20
-4.5263426377952758
11
6.3788203543307089
21
-4.5263426377952758
0
LINE
8
BLACK
6
CONTINUOUS
10
6.3788203543307089
20
-4.5263426377952758
11
6.3778313779527558
21
-4.526227913385827
0
LINE
8
BLACK
6
CONTINUOUS
10
6.3778313779527558
20
-4.526227913385827
11
6.377831181102362
21
-4.526227913385827
0
LINE
8
BLACK
6
CONTINUOUS
10
6.377831181102362
20
-4.526227913385827
11
6.3726987007874012
21
-4.526227913385827
0
LINE
8
BLACK
6
CONTINUOUS
10
6.3726987007874012
20
-4.526227913385827
11
6.3700167716535434
21
-4.525440433070866
0
LINE
8
BLACK
6
CONTINUOUS
10
6.3700167716535434
20
-4.525440433070866
11
6.3681863385826771
21
-4.5233279921259841
0
LINE
8
BLACK
6
CONTINUOUS
10
6.3681863385826771
20
-4.5233279921259841
11
6.3677380708661415
21
-4.5212672834645664
0
LINE
8
BLACK
6
CONTINUOUS
10
6.3677380708661415
20
-4.5212672834645664
11
6.3677380708661415
21
-4.4457977165354325
0
LINE
8
BLACK
6
CONTINUOUS
10
6.3677380708661415
20
-4.4457977165354325
11
6.3685255511811025
21
-4.4431157874015748
0
LINE
8
BLACK
6
CONTINUOUS
10
6.3685255511811025
20
-4.4431157874015748
11
6.3706379921259844
21
-4.4412853543307085
0
LINE
8
BLACK
6
CONTINUOUS
10
6.3706379921259844
20
-4.4412853543307085
11
6.37340468503937
21
-4.4408875590551178
0
LINE
8
BLACK
6
CONTINUOUS
10
6.37340468503937
20
-4.4408875590551178
11
6.375947204724409
21
-4.44204874015748
0
LINE
8
BLACK
6
CONTINUOUS
10
6.375947204724409
20
-4.44204874015748
11
6.376206377952756
21
-4.4422900393700786
0
LINE
8
BLACK
6
CONTINUOUS
10
6.376206377952756
20
-4.4422900393700786
11
6.4229386614173229
21
-4.4890223228346455
0
LINE
8
BLACK
6
CONTINUOUS
10
6.4229386614173229
20
-4.4890223228346455
11
6.4242782677165353
21
-4.491475551181102
0
LINE
8
BLACK
6
CONTINUOUS
10
6.4242782677165353
20
-4.491475551181102
11
6.4243916141732278
21
-4.4925299999999995
0
LINE
8
BLACK
6
CONTINUOUS
10
6.4243916141732278
20
-4.4925299999999995
11
6.4243916141732278
21
-4.5212672834645664
0
LINE
8
BLACK
6
CONTINUOUS
10
6.4243916141732278
20
-4.5212672834645664
11
6.4236041338582677
21
-4.5239492125984251
0
LINE
8
BLACK
6
CONTINUOUS
10
6.4236041338582677
20
-4.5239492125984251
11
6.4214916929133858
21
-4.5257796456692914
0
LINE
8
BLACK
6
CONTINUOUS
10
6.4214916929133858
20
-4.5257796456692914
11
6.4194310236220469
21
-4.526227913385827
0
LINE
8
BLACK
6
CONTINUOUS
10
6.4194310236220469
20
-4.526227913385827
11
6.4142986614173223
21
-4.526227913385827
0
LINE
8
BLACK
6
CONTINUOUS
10
6.4142986614173223
20
-4.526227913385827
11
6.4142984251968507
21
-4.5262279527559057
0
LINE
8
BLACK
6
CONTINUOUS
10
6.4142984251968507
20
-4.5262279527559057
11
6.4133093307086613
21
-4.5263426377952758
0
LINE
8
BLACK
6
CONTINUOUS
10
6.4133093307086613
20
-4.5263426377952758
11
6.4133091338582675
21
-4.5263427165354333
0
LINE
8
BLACK
6
CONTINUOUS
10
6.4133091338582675
20
-4.5263427165354333
11
6.4092630314960628
21
-4.5281292125984249
0
LINE
8
BLACK
6
CONTINUOUS
10
6.4092630314960628
20
-4.5281292125984249
11
6.4061355118110237
21
-4.531256732283464
0
LINE
8
BLACK
6
CONTINUOUS
10
6.4061355118110237
20
-4.531256732283464
11
6.4061354724409449
21
-4.5312568110236215
0
LINE
8
BLACK
6
CONTINUOUS
10
6.4061354724409449
20
-4.5312568110236215
11
6.4043488582677162
21
-4.5353030708661413
0
LINE
8
BLACK
6
CONTINUOUS
10
6.4043488582677162
20
-4.5353030708661413
11
6.4042341338582673
21
-4.5362920472440944
0
LINE
8
BLACK
6
CONTINUOUS
10
6.4042341338582673
20
-4.5362920472440944
11
6.4042341338582673
21
-4.5998247244094488
0
LINE
8
BLACK
6
CONTINUOUS
10
6.4042341338582673
20
-4.5998247244094488
11
6.4042341732283461
21
-4.5998250000000001
0
LINE
8
BLACK
6
CONTINUOUS
10
6.4042341732283461
20
-4.5998250000000001
11
6.4043488582677162
21
-4.6008141338582673
0
LINE
8
BLACK
6
CONTINUOUS
10
6.4043488582677162
20
-4.6008141338582673
11
6.4043489370078737
21
-4.6008142913385823
0
LINE
8
BLACK
6
CONTINUOUS
10
6.4043489370078737
20
-4.6008142913385823
11
6.4061354330708662
21
-4.604860393700787
0
LINE
8
BLACK
6
CONTINUOUS
10
6.4061354330708662
20
-4.604860393700787
11
6.4092629527559053
21
-4.607987913385827
0
LINE
8
BLACK
6
CONTINUOUS
10
6.4092629527559053
20
-4.607987913385827
11
6.4092630314960628
21
-4.6079879527559058
0
LINE
8
BLACK
6
CONTINUOUS
10
6.4092630314960628
20
-4.6079879527559058
11
6.4092630708661416
21
-4.6079879921259845
0
LINE
8
BLACK
6
CONTINUOUS
10
6.4092630708661416
20
-4.6079879921259845
11
6.4133092913385825
21
-4.6097745669291337
0
LINE
8
BLACK
6
CONTINUOUS
10
6.4133092913385825
20
-4.6097745669291337
11
6.4142985039370073
21
-4.6098893307086612
0
LINE
8
BLACK
6
CONTINUOUS
10
6.4142985039370073
20
-4.6098893307086612
11
6.4778311417322829
21
-4.6098892913385825
0
LINE
8
BLACK
6
CONTINUOUS
10
6.4778311417322829
20
-4.6098892913385825
11
6.4788203937007873
21
-4.6097745669291337
0
LINE
8
BLACK
6
CONTINUOUS
10
6.4788203937007873
20
-4.6097745669291337
11
6.4788205118110236
21
-4.6097744881889762
0
LINE
8
BLACK
6
CONTINUOUS
10
6.4788205118110236
20
-4.6097744881889762
11
6.4788594094488188
21
-4.6097700000000001
0
LINE
8
BLACK
6
CONTINUOUS
10
6.4788594094488188
20
-4.6097700000000001
11
6.4816142125984246
21
-4.6102432283464569
0
LINE
8
BLACK
6
CONTINUOUS
10
6.4816142125984246
20
-4.6102432283464569
11
6.4836758661417324
21
-4.6121307086614172
0
LINE
8
BLACK
6
CONTINUOUS
10
6.4836758661417324
20
-4.6121307086614172
11
6.4843916141732283
21
-4.614697598425197
0
LINE
8
BLACK
6
CONTINUOUS
10
6.4843916141732283
20
-4.614697598425197
11
6.4843916141732283
21
-4.6214196062992121
0
LINE
8
BLACK
6
CONTINUOUS
10
6.4843916141732283
20
-4.6214196062992121
11
6.4836041338582673
21
-4.6241015354330708
0
LINE
8
BLACK
6
CONTINUOUS
10
6.4836041338582673
20
-4.6241015354330708
11
6.4814916929133854
21
-4.6259319685039371
0
LINE
8
BLACK
6
CONTINUOUS
10
6.4814916929133854
20
-4.6259319685039371
11
6.4788593307086613
21
-4.626347204724409
0
LINE
8
BLACK
6
CONTINUOUS
10
6.4788593307086613
20
-4.626347204724409
11
6.4788203937007873
21
-4.6263426771653542
0
LINE
8
BLACK
6
CONTINUOUS
10
6.4788203937007873
20
-4.6263426771653542
11
6.4778311811023617
21
-4.6262279133858266
0
LINE
8
BLACK
6
CONTINUOUS
10
6.4778311811023617
20
-4.6262279133858266
11
6.4778310629921254
21
-4.6262279133858266
0
LINE
8
BLACK
6
CONTINUOUS
10
6.4778310629921254
20
-4.6262279133858266
11
6.4142987007874011
21
-4.6262279133858266
0
LINE
8
BLACK
6
CONTINUOUS
10
6.4142987007874011
20
-4.6262279133858266
11
6.4142984251968507
21
-4.6262279527559054
0
LINE
8
BLACK
6
CONTINUOUS
10
6.4142984251968507
20
-4.6262279527559054
11
6.4133092913385825
21
-4.6263426377952754
0
LINE
8
BLACK
6
CONTINUOUS
10
6.4133092913385825
20
-4.6263426377952754
11
6.4133091338582675
21
-4.6263427165354329
0
LINE
8
BLACK
6
CONTINUOUS
10
6.4133091338582675
20
-4.6263427165354329
11
6.4092630314960628
21
-4.6281292125984255
0
LINE
8
BLACK
6
CONTINUOUS
10
6.4092630314960628
20
-4.6281292125984255
11
6.4061355118110237
21
-4.6312567322834646
0
LINE
8
BLACK
6
CONTINUOUS
10
6.4061355118110237
20
-4.6312567322834646
11
6.4061354724409449
21
-4.6312568110236221
0
LINE
8
BLACK
6
CONTINUOUS
10
6.4061354724409449
20
-4.6312568110236221
11
6.4043488582677162
21
-4.6353030708661418
0
LINE
8
BLACK
6
CONTINUOUS
10
6.4043488582677162
20
-4.6353030708661418
11
6.4042341338582673
21
-4.6362920472440941
0
LINE
8
BLACK
6
CONTINUOUS
10
6.4042341338582673
20
-4.6362920472440941
11
6.4042341338582673
21
-4.6998247244094484
0
LINE
8
BLACK
6
CONTINUOUS
10
6.4042341338582673
20
-4.6998247244094484
11
6.4042341732283461
21
-4.6998249999999997
0
LINE
8
BLACK
6
CONTINUOUS
10
6.4042341732283461
20
-4.6998249999999997
11
6.4043488582677162
21
-4.7008141338582679
0
LINE
8
BLACK
6
CONTINUOUS
10
6.4043488582677162
20
-4.7008141338582679
11
6.4043489370078737
21
-4.7008142913385829
0
LINE
8
BLACK
6
CONTINUOUS
10
6.4043489370078737
20
-4.7008142913385829
11
6.4061354330708662
21
-4.7048603937007876
0
LINE
8
BLACK
6
CONTINUOUS
10
6.4061354330708662
20
-4.7048603937007876
11
6.4092629527559053
21
-4.7079879133858267
0
LINE
8
BLACK
6
CONTINUOUS
10
6.4092629527559053
20
-4.7079879133858267
11
6.4092630314960628
21
-4.7079879527559054
0
LINE
8
BLACK
6
CONTINUOUS
10
6.4092630314960628
20
-4.7079879527559054
11
6.4092630708661416
21
-4.7079879921259842
0
LINE
8
BLACK
6
CONTINUOUS
10
6.4092630708661416
20
-4.7079879921259842
11
6.4133092913385825
21
-4.7097745669291333
0
LINE
8
BLACK
6
CONTINUOUS
10
6.4133092913385825
20
-4.7097745669291333
11
6.4142985039370073
21
-4.7098893307086609
0
LINE
8
BLACK
6
CONTINUOUS
10
6.4142985039370073
20
-4.7098893307086609
11
6.4778311417322829
21
-4.7098892913385821
0
LINE
8
BLACK
6
CONTINUOUS
10
6.4778311417322829
20
-4.7098892913385821
11
6.4788203937007873
21
-4.7097745669291333
0
LINE
8
BLACK
6
CONTINUOUS
10
6.4788203937007873
20
-4.7097745669291333
11
6.4788207086614173
21
-4.7097744094488192
0
LINE
8
BLACK
6
CONTINUOUS
10
6.4788207086614173
20
-4.7097744094488192
11
6.4789237401574802
21
-4.7097464173228349
0
LINE
8
BLACK
6
CONTINUOUS
10
6.4789237401574802
20
-4.7097464173228349
11
6.4790426771653538
21
-4.7097487795275592
0
LINE
8
BLACK
6
CONTINUOUS
10
6.4790426771653538
20
-4.7097487795275592
11
6.4791911023622042
21
-4.7097315748031496
0
LINE
8
BLACK
6
CONTINUOUS
10
6.4791911023622042
20
-4.7097315748031496
11
6.4791934251968506
21
-4.7097517716535435
0
LINE
8
BLACK
6
CONTINUOUS
10
6.4791934251968506
20
-4.7097517716535435
11
6.4817183464566925
21
-4.7098020866141734
0
LINE
8
BLACK
6
CONTINUOUS
10
6.4817183464566925
20
-4.7098020866141734
11
6.4840392125984252
21
-4.7113597637795275
0
LINE
8
BLACK
6
CONTINUOUS
10
6.4840392125984252
20
-4.7113597637795275
11
6.4850177952755903
21
-4.7132489370078741
0
LINE
8
BLACK
6
CONTINUOUS
10
6.4850177952755903
20
-4.7132489370078741
11
6.4858686220472439
21
-4.7164241732283463
0
LINE
8
BLACK
6
CONTINUOUS
10
6.4858686220472439
20
-4.7164241732283463
11
6.4858686614173227
21
-4.7164242519685038
0
LINE
8
BLACK
6
CONTINUOUS
10
6.4858686614173227
20
-4.7164242519685038
11
6.4858687007874014
21
-4.71642437007874
0
LINE
8
BLACK
6
CONTINUOUS
10
6.4858687007874014
20
-4.71642437007874
11
6.4887218110236216
21
-4.7213661417322834
0
LINE
8
BLACK
6
CONTINUOUS
10
6.4887218110236216
20
-4.7213661417322834
11
6.4887218897637791
21
-4.7213662204724409
0
LINE
8
BLACK
6
CONTINUOUS
10
6.4887218897637791
20
-4.7213662204724409
11
6.4887219291338578
21
-4.7213662992125984
0
LINE
8
BLACK
6
CONTINUOUS
10
6.4887219291338578
20
-4.7213662992125984
11
6.5074696456692909
21
-4.7401140157480315
0
LINE
8
BLACK
6
CONTINUOUS
10
6.5074696456692909
20
-4.7401140157480315
11
6.5088091732283466
21
-4.7425672047244092
0
LINE
8
BLACK
6
CONTINUOUS
10
6.5088091732283466
20
-4.7425672047244092
11
6.5088863779527557
21
-4.7430236614173227
0
LINE
8
BLACK
6
CONTINUOUS
10
6.5088863779527557
20
-4.7430236614173227
11
6.5090907874015747
21
-4.7447070866141727
0
LINE
8
BLACK
6
CONTINUOUS
10
6.5090907874015747
20
-4.7447070866141727
11
6.5114655905511807
21
-4.7509690551181105
0
LINE
8
BLACK
6
CONTINUOUS
10
6.5114655905511807
20
-4.7509690551181105
11
6.5114656692913382
21
-4.7509692125984255
0
LINE
8
BLACK
6
CONTINUOUS
10
6.5114656692913382
20
-4.7509692125984255
11
6.5114657086614169
21
-4.7509692519685034
0
LINE
8
BLACK
6
CONTINUOUS
10
6.5114657086614169
20
-4.7509692519685034
11
6.5152702362204726
21
-4.7564810236220474
0
LINE
8
BLACK
6
CONTINUOUS
10
6.5152702362204726
20
-4.7564810236220474
11
6.5202832677165352
21
-4.760922165354331
0
LINE
8
BLACK
6
CONTINUOUS
10
6.5202832677165352
20
-4.760922165354331
11
6.5262134645669292
21
-4.7640346062992123
0
LINE
8
BLACK
6
CONTINUOUS
10
6.5262134645669292
20
-4.7640346062992123
11
6.5262135039370079
21
-4.7640346062992123
0
LINE
8
BLACK
6
CONTINUOUS
10
6.5262135039370079
20
-4.7640346062992123
11
6.5262135826771654
21
-4.764034645669291
0
LINE
8
BLACK
6
CONTINUOUS
10
6.5262135826771654
20
-4.764034645669291
11
6.5323822047244091
21
-4.7655550393700787
0
LINE
8
BLACK
6
CONTINUOUS
10
6.5323822047244091
20
-4.7655550393700787
11
6.5327161811023622
21
-4.7656373622047239
0
LINE
8
BLACK
6
CONTINUOUS
10
6.5327161811023622
20
-4.7656373622047239
11
6.5327162992125984
21
-4.7656373622047239
0
LINE
8
BLACK
6
CONTINUOUS
10
6.5327162992125984
20
-4.7656373622047239
11
6.5394133858267711
21
-4.7656373622047239
0
LINE
8
BLACK
6
CONTINUOUS
10
6.5394133858267711
20
-4.7656373622047239
11
6.5394135039370074
21
-4.7656373622047239
0
LINE
8
BLACK
6
CONTINUOUS
10
6.5394135039370074
20
-4.7656373622047239
11
6.5459162204724404
21
-4.7640346062992123
0
LINE
8
BLACK
6
CONTINUOUS
10
6.5459162204724404
20
-4.7640346062992123
11
6.5518464173228343
21
-4.760922165354331
0
LINE
8
BLACK
6
CONTINUOUS
10
6.5518464173228343
20
-4.760922165354331
11
6.5568594488188978
21
-4.7564810236220474
0
LINE
8
BLACK
6
CONTINUOUS
10
6.5568594488188978
20
-4.7564810236220474
11
6.5606639763779526
21
-4.7509692519685034
0
LINE
8
BLACK
6
CONTINUOUS
10
6.5606639763779526
20
-4.7509692519685034
11
6.5630388582677162
21
-4.7447071259842515
0
LINE
8
BLACK
6
CONTINUOUS
10
6.5630388582677162
20
-4.7447071259842515
11
6.5638461417322835
21
-4.7380586220472436
0
LINE
8
BLACK
6
CONTINUOUS
10
6.5638461417322835
20
-4.7380586220472436
11
6.5630388582677162
21
-4.7314101181102357
0
LINE
8
BLACK
6
CONTINUOUS
10
6.5630388582677162
20
-4.7314101181102357
11
6.5606639763779526
21
-4.7251479921259838
0
LINE
8
BLACK
6
CONTINUOUS
10
6.5606639763779526
20
-4.7251479921259838
11
6.5568594488188978
21
-4.7196362204724407
0
LINE
8
BLACK
6
CONTINUOUS
10
6.5568594488188978
20
-4.7196362204724407
11
6.5568594094488191
21
-4.7196361811023619
0
LINE
8
BLACK
6
CONTINUOUS
10
6.5568594094488191
20
-4.7196361811023619
11
6.5568593307086616
21
-4.7196360629921257
0
LINE
8
BLACK
6
CONTINUOUS
10
6.5568593307086616
20
-4.7196360629921257
11
6.5566862992125987
21
-4.7194407480314959
0
LINE
8
BLACK
6
CONTINUOUS
10
6.5566862992125987
20
-4.7194407480314959
11
6.5554972440944876
21
-4.7169111417322833
0
LINE
8
BLACK
6
CONTINUOUS
10
6.5554972440944876
20
-4.7169111417322833
11
6.5558646062992123
21
-4.7141402362204721
0
LINE
8
BLACK
6
CONTINUOUS
10
6.5558646062992123
20
-4.7141402362204721
11
6.5576716929133854
21
-4.7120077952755901
0
LINE
8
BLACK
6
CONTINUOUS
10
6.5576716929133854
20
-4.7120077952755901
11
6.5603448031496061
21
-4.7111909055118106
0
LINE
8
BLACK
6
CONTINUOUS
10
6.5603448031496061
20
-4.7111909055118106
11
6.5628548818897636
21
-4.711883976377953
0
LINE
8
BLACK
6
CONTINUOUS
10
6.5628548818897636
20
-4.711883976377953
11
6.5628657874015746
21
-4.7118626377952753
0
LINE
8
BLACK
6
CONTINUOUS
10
6.5628657874015746
20
-4.7118626377952753
11
6.562970157480315
21
-4.7119158267716532
0
LINE
8
BLACK
6
CONTINUOUS
10
6.562970157480315
20
-4.7119158267716532
11
6.5629914173228343
21
-4.7119216929133856
0
LINE
8
BLACK
6
CONTINUOUS
10
6.5629914173228343
20
-4.7119216929133856
11
6.5630391732283462
21
-4.7119509448818899
0
LINE
8
BLACK
6
CONTINUOUS
10
6.5630391732283462
20
-4.7119509448818899
11
6.5630394488188974
21
-4.7119511417322837
0
LINE
8
BLACK
6
CONTINUOUS
10
6.5630394488188974
20
-4.7119511417322837
11
6.5718766929133858
21
-4.7164539370078735
0
LINE
8
BLACK
6
CONTINUOUS
10
6.5718766929133858
20
-4.7164539370078735
11
6.5813095275590552
21
-4.7195188582677163
0
LINE
8
BLACK
6
CONTINUOUS
10
6.5813095275590552
20
-4.7195188582677163
11
6.5911057086614173
21
-4.7210704330708664
0
LINE
8
BLACK
6
CONTINUOUS
10
6.5911057086614173
20
-4.7210704330708664
11
6.5911058267716536
21
-4.7210704330708664
0
LINE
8
BLACK
6
CONTINUOUS
10
6.5911058267716536
20
-4.7210704330708664
11
6.6010238582677161
21
-4.7210704330708664
0
LINE
8
BLACK
6
CONTINUOUS
10
6.6010238582677161
20
-4.7210704330708664
11
6.6010239763779524
21
-4.7210704330708664
0
LINE
8
BLACK
6
CONTINUOUS
10
6.6010239763779524
20
-4.7210704330708664
11
6.6108201574803145
21
-4.7195188582677163
0
LINE
8
BLACK
6
CONTINUOUS
10
6.6108201574803145
20
-4.7195188582677163
11
6.6202529921259838
21
-4.7164539370078735
0
LINE
8
BLACK
6
CONTINUOUS
10
6.6202529921259838
20
-4.7164539370078735
11
6.6290902362204722
21
-4.7119511417322837
0
LINE
8
BLACK
6
CONTINUOUS
10
6.6290902362204722
20
-4.7119511417322837
11
6.6371142913385821
21
-4.706121338582677
0
LINE
8
BLACK
6
CONTINUOUS
10
6.6371142913385821
20
-4.706121338582677
11
6.6441275590551179
21
-4.6991080708661412
0
LINE
8
BLACK
6
CONTINUOUS
10
6.6441275590551179
20
-4.6991080708661412
11
6.6499573622047246
21
-4.6910840157480314
0
LINE
8
BLACK
6
CONTINUOUS
10
6.6499573622047246
20
-4.6910840157480314
11
6.6544601574803144
21
-4.682246771653543
0
LINE
8
BLACK
6
CONTINUOUS
10
6.6544601574803144
20
-4.682246771653543
11
6.6575250787401572
21
-4.6728139370078736
0
LINE
8
BLACK
6
CONTINUOUS
10
6.6575250787401572
20
-4.6728139370078736
11
6.6590766535433072
21
-4.6630177559055115
0
LINE
8
BLACK
6
CONTINUOUS
10
6.6590766535433072
20
-4.6630177559055115
11
6.6590766535433072
21
-4.6530994881889765
0
LINE
8
BLACK
6
CONTINUOUS
10
6.6590766535433072
20
-4.6530994881889765
11
6.6575250787401572
21
-4.6433033070866143
0
LINE
8
BLACK
6
CONTINUOUS
10
6.6575250787401572
20
-4.6433033070866143
11
6.6544601574803144
21
-4.633870472440945
0
LINE
8
BLACK
6
CONTINUOUS
10
6.6544601574803144
20
-4.633870472440945
11
6.6499573622047246
21
-4.6250332283464566
0
LINE
8
BLACK
6
CONTINUOUS
10
6.6499573622047246
20
-4.6250332283464566
11
6.6441275590551179
21
-4.6170091732283467
0
LINE
8
BLACK
6
CONTINUOUS
10
6.6441275590551179
20
-4.6170091732283467
11
6.6441274409448816
21
-4.6170090551181104
0
LINE
8
BLACK
6
CONTINUOUS
10
6.6441274409448816
20
-4.6170090551181104
11
6.6441273622047241
21
-4.6170089370078742
0
LINE
8
BLACK
6
CONTINUOUS
10
6.6441273622047241
20
-4.6170089370078742
11
6.6371144881889759
21
-4.6099960629921259
0
LINE
8
BLACK
6
CONTINUOUS
10
6.6371144881889759
20
-4.6099960629921259
11
6.6371143700787396
21
-4.6099959842519684
0
LINE
8
BLACK
6
CONTINUOUS
10
6.6371143700787396
20
-4.6099959842519684
11
6.6371142913385821
21
-4.6099959055118109
0
LINE
8
BLACK
6
CONTINUOUS
10
6.6371142913385821
20
-4.6099959055118109
11
6.6290902362204722
21
-4.6041661023622042
0
LINE
8
BLACK
6
CONTINUOUS
10
6.6290902362204722
20
-4.6041661023622042
11
6.6202529921259838
21
-4.5996633070866144
0
LINE
8
BLACK
6
CONTINUOUS
10
6.6202529921259838
20
-4.5996633070866144
11
6.6202528740157476
21
-4.5996632677165357
0
LINE
8
BLACK
6
CONTINUOUS
10
6.6202528740157476
20
-4.5996632677165357
11
6.6202527952755901
21
-4.5996632283464569
0
LINE
8
BLACK
6
CONTINUOUS
10
6.6202527952755901
20
-4.5996632283464569
11
6.6108203543307082
21
-4.5965984251968504
0
LINE
8
BLACK
6
CONTINUOUS
10
6.6108203543307082
20
-4.5965984251968504
11
6.6108201968503932
21
-4.5965983858267716
0
LINE
8
BLACK
6
CONTINUOUS
10
6.6108201968503932
20
-4.5965983858267716
11
6.6108201574803145
21
-4.5965983858267716
0
LINE
8
BLACK
6
CONTINUOUS
10
6.6108201574803145
20
-4.5965983858267716
11
6.6010239763779524
21
-4.5950468110236216
0
LINE
8
BLACK
6
CONTINUOUS
10
6.6010239763779524
20
-4.5950468110236216
11
6.5911057086614173
21
-4.5950468110236216
0
LINE
8
BLACK
6
CONTINUOUS
10
6.5911057086614173
20
-4.5950468110236216
11
6.5813095275590552
21
-4.5965983858267716
0
LINE
8
BLACK
6
CONTINUOUS
10
6.5813095275590552
20
-4.5965983858267716
11
6.5813092913385827
21
-4.5965984251968504
0
LINE
8
BLACK
6
CONTINUOUS
10
6.5813092913385827
20
-4.5965984251968504
11
6.5718768503937008
21
-4.5996632283464569
0
LINE
8
BLACK
6
CONTINUOUS
10
6.5718768503937008
20
-4.5996632283464569
11
6.5718766141732283
21
-4.5996633464566932
0
LINE
8
BLACK
6
CONTINUOUS
10
6.5718766141732283
20
-4.5996633464566932
11
6.5630392913385824
21
-4.6041661811023618
0
LINE
8
BLACK
6
CONTINUOUS
10
6.5630392913385824
20
-4.6041661811023618
11
6.5550152755905513
21
-4.6099959842519684
0
LINE
8
BLACK
6
CONTINUOUS
10
6.5550152755905513
20
-4.6099959842519684
11
6.555015157480315
21
-4.6099960629921259
0
LINE
8
BLACK
6
CONTINUOUS
10
6.555015157480315
20
-4.6099960629921259
11
6.5480022834645668
21
-4.6170089370078742
0
LINE
8
BLACK
6
CONTINUOUS
10
6.5480022834645668
20
-4.6170089370078742
11
6.5480022047244093
21
-4.6170090551181104
0
LINE
8
BLACK
6
CONTINUOUS
10
6.5480022047244093
20
-4.6170090551181104
11
6.5421724015748026
21
-4.6250330708661416
0
LINE
8
BLACK
6
CONTINUOUS
10
6.5421724015748026
20
-4.6250330708661416
11
6.5421723228346451
21
-4.6250332283464566
0
LINE
8
BLACK
6
CONTINUOUS
10
6.5421723228346451
20
-4.6250332283464566
11
6.5376695275590553
21
-4.633870472440945
0
LINE
8
BLACK
6
CONTINUOUS
10
6.5376695275590553
20
-4.633870472440945
11
6.5374164566929132
21
-4.6346492125984247
0
LINE
8
BLACK
6
CONTINUOUS
10
6.5374164566929132
20
-4.6346492125984247
11
6.535838779527559
21
-4.6369564566929133
0
LINE
8
BLACK
6
CONTINUOUS
10
6.535838779527559
20
-4.6369564566929133
11
6.5332640944881888
21
-4.6380444881889762
0
LINE
8
BLACK
6
CONTINUOUS
10
6.5332640944881888
20
-4.6380444881889762
11
6.5305099212598421
21
-4.6375678346456688
0
LINE
8
BLACK
6
CONTINUOUS
10
6.5305099212598421
20
-4.6375678346456688
11
6.5284506299212595
21
-4.6356777952755905
0
LINE
8
BLACK
6
CONTINUOUS
10
6.5284506299212595
20
-4.6356777952755905
11
6.5277380708661417
21
-4.6331161811023618
0
LINE
8
BLACK
6
CONTINUOUS
10
6.5277380708661417
20
-4.6331161811023618
11
6.5277380708661417
21
-4.4352063385826774
0
LINE
8
BLACK
6
CONTINUOUS
10
6.5277380708661417
20
-4.4352063385826774
11
6.5275448818897637
21
-4.4344852755905508
0
LINE
8
BLACK
6
CONTINUOUS
10
6.5275448818897637
20
-4.4344852755905508
11
6.526261062992126
21
-4.4296940944881893
0
LINE
8
BLACK
6
CONTINUOUS
10
6.526261062992126
20
-4.4296940944881893
11
6.5256912204724404
21
-4.4287071259842516
0
LINE
8
BLACK
6
CONTINUOUS
10
6.5256912204724404
20
-4.4287071259842516
11
6.5234077559055113
21
-4.4247520078740159
0
LINE
8
BLACK
6
CONTINUOUS
10
6.5234077559055113
20
-4.4247520078740159
11
6.5234075984251971
21
-4.4247518503937009
0
LINE
8
BLACK
6
CONTINUOUS
10
6.5234075984251971
20
-4.4247518503937009
11
6.5234075196850396
21
-4.4247517322834646
0
LINE
8
BLACK
6
CONTINUOUS
10
6.5234075196850396
20
-4.4247517322834646
11
6.4977287401574806
21
-4.3990729527559056
0
LINE
8
BLACK
6
CONTINUOUS
10
6.4977287401574806
20
-4.3990729527559056
11
6.4963891338582673
21
-4.3966197244094491
0
LINE
8
BLACK
6
CONTINUOUS
10
6.4963891338582673
20
-4.3966197244094491
11
6.4963120472440945
21
-4.3961639763779523
0
LINE
8
BLACK
6
CONTINUOUS
10
6.4963120472440945
20
-4.3961639763779523
11
6.4961075984251968
21
-4.3944798818897635
0
LINE
8
BLACK
6
CONTINUOUS
10
6.4961075984251968
20
-4.3944798818897635
11
6.4937327165354333
21
-4.3882177559055116
0
LINE
8
BLACK
6
CONTINUOUS
10
6.4937327165354333
20
-4.3882177559055116
11
6.4937327165354333
21
-4.3882177165354328
0
LINE
8
BLACK
6
CONTINUOUS
10
6.4937327165354333
20
-4.3882177165354328
11
6.491684921259842
21
-4.385250984251968
0
LINE
8
BLACK
6
CONTINUOUS
10
6.491684921259842
20
-4.385250984251968
11
6.490809488188976
21
-4.382596496062992
0
LINE
8
BLACK
6
CONTINUOUS
10
6.490809488188976
20
-4.382596496062992
11
6.4908068110236217
21
-4.3824330314960633
0
LINE
8
BLACK
6
CONTINUOUS
10
6.4908068110236217
20
-4.3824330314960633
11
6.4908068110236217
21
-4.2082736614173228
0
LINE
8
BLACK
6
CONTINUOUS
10
6.4908068110236217
20
-4.2082736614173228
11
6.4908068110236217
21
-4.2082736220472441
0
LINE
8
BLACK
6
CONTINUOUS
10
6.4908068110236217
20
-4.2082736220472441
11
6.4893298031496061
21
-4.2027614173228347
0
LINE
8
BLACK
6
CONTINUOUS
10
6.4893298031496061
20
-4.2027614173228347
11
6.4871496062992122
21
-4.1989851968503933
0
LINE
8
BLACK
6
CONTINUOUS
10
6.4871496062992122
20
-4.1989851968503933
11
6.4864764960629921
21
-4.1978192913385826
0
LINE
8
BLACK
6
CONTINUOUS
10
6.4864764960629921
20
-4.1978192913385826
11
6.4846603937007874
21
-4.1960031889763778
0
LINE
8
BLACK
6
CONTINUOUS
10
6.4846603937007874
20
-4.1960031889763778
11
6.483320787401575
21
-4.1935499606299214
0
LINE
8
BLACK
6
CONTINUOUS
10
6.483320787401575
20
-4.1935499606299214
11
6.4832437007874013
21
-4.1930942125984254
0
LINE
8
BLACK
6
CONTINUOUS
10
6.4832437007874013
20
-4.1930942125984254
11
6.4830392519685036
21
-4.1914101181102366
0
LINE
8
BLACK
6
CONTINUOUS
10
6.4830392519685036
20
-4.1914101181102366
11
6.4822475984251966
21
-4.1893227165354325
0
LINE
8
BLACK
6
CONTINUOUS
10
6.4822475984251966
20
-4.1893227165354325
11
6.4806644488188976
21
-4.1851481496062988
0
LINE
8
BLACK
6
CONTINUOUS
10
6.4806644488188976
20
-4.1851481496062988
11
6.4806643700787401
21
-4.1851479921259838
0
LINE
8
BLACK
6
CONTINUOUS
10
6.4806643700787401
20
-4.1851479921259838
11
6.4768598425196853
21
-4.1796362204724407
0
LINE
8
BLACK
6
CONTINUOUS
10
6.4768598425196853
20
-4.1796362204724407
11
6.4768597637795278
21
-4.1796361417322831
0
LINE
8
BLACK
6
CONTINUOUS
10
6.4768597637795278
20
-4.1796361417322831
11
6.4718470078740156
21
-4.1751952362204721
0
LINE
8
BLACK
6
CONTINUOUS
10
6.4718470078740156
20
-4.1751952362204721
11
6.4718467716535431
21
-4.1751950393700783
0
LINE
8
BLACK
6
CONTINUOUS
10
6.4718467716535431
20
-4.1751950393700783
11
6.4659166141732278
21
-4.1720826377952758
0
LINE
8
BLACK
6
CONTINUOUS
10
6.4659166141732278
20
-4.1720826377952758
11
6.4659164566929128
21
-4.1720825590551183
0
LINE
8
BLACK
6
CONTINUOUS
10
6.4659164566929128
20
-4.1720825590551183
11
6.4594140157480311
21
-4.1704798818897633
0
LINE
8
BLACK
6
CONTINUOUS
10
6.4594140157480311
20
-4.1704798818897633
11
6.4594138976377948
21
-4.1704798818897633
0
LINE
8
BLACK
6
CONTINUOUS
10
6.4594138976377948
20
-4.1704798818897633
11
6.4527165748031496
21
-4.1704798818897633
0
LINE
8
BLACK
6
CONTINUOUS
10
6.4527165748031496
20
-4.1704798818897633
11
6.4527164173228346
21
-4.1704798818897633
0
LINE
8
BLACK
6
CONTINUOUS
10
6.4527164173228346
20
-4.1704798818897633
11
6.4462139763779529
21
-4.1720825590551183
0
LINE
8
BLACK
6
CONTINUOUS
10
6.4462139763779529
20
-4.1720825590551183
11
6.4462138188976379
21
-4.1720826377952758
0
LINE
8
BLACK
6
CONTINUOUS
10
6.4462138188976379
20
-4.1720826377952758
11
6.4402836614173227
21
-4.1751950393700783
0
LINE
8
BLACK
6
CONTINUOUS
10
6.4402836614173227
20
-4.1751950393700783
11
6.4402834251968502
21
-4.1751952362204721
0
LINE
8
BLACK
6
CONTINUOUS
10
6.4402834251968502
20
-4.1751952362204721
11
6.4352706692913388
21
-4.1796361417322831
0
LINE
8
BLACK
6
CONTINUOUS
10
6.4352706692913388
20
-4.1796361417322831
11
6.4352705905511813
21
-4.1796362204724407
0
LINE
8
BLACK
6
CONTINUOUS
10
6.4352705905511813
20
-4.1796362204724407
11
6.4314660629921256
21
-4.1851479921259838
0
LINE
8
BLACK
6
CONTINUOUS
10
6.4314660629921256
20
-4.1851479921259838
11
6.4314659842519681
21
-4.1851481496062988
0
LINE
8
BLACK
6
CONTINUOUS
10
6.4314659842519681
20
-4.1851481496062988
11
6.4290911811023621
21
-4.1914101181102366
0
LINE
8
BLACK
6
CONTINUOUS
10
6.4290911811023621
20
-4.1914101181102366
11
6.4282839370078735
21
-4.1980585039370082
0
LINE
8
BLACK
6
CONTINUOUS
10
6.4282839370078735
20
-4.1980585039370082
11
6.4282839370078735
21
-4.1980587007874011
0
LINE
8
BLACK
6
CONTINUOUS
10
6.4282839370078735
20
-4.1980587007874011
11
6.4290911811023621
21
-4.2047070866141727
0
LINE
8
BLACK
6
CONTINUOUS
10
6.4290911811023621
20
-4.2047070866141727
11
6.4314659842519681
21
-4.2109690551181105
0
LINE
8
BLACK
6
CONTINUOUS
10
6.4314659842519681
20
-4.2109690551181105
11
6.4314660629921256
21
-4.2109692125984255
0
LINE
8
BLACK
6
CONTINUOUS
10
6.4314660629921256
20
-4.2109692125984255
11
6.435237165354331
21
-4.2164325196850392
0
LINE
8
BLACK
6
CONTINUOUS
10
6.435237165354331
20
-4.2164325196850392
11
6.4352706299212601
21
-4.2164810236220474
0
LINE
8
BLACK
6
CONTINUOUS
10
6.4352706299212601
20
-4.2164810236220474
11
6.4402836614173227
21
-4.220922165354331
0
LINE
8
BLACK
6
CONTINUOUS
10
6.4402836614173227
20
-4.220922165354331
11
6.4448050787401572
21
-4.223295196850394
0
LINE
8
BLACK
6
CONTINUOUS
10
6.4448050787401572
20
-4.223295196850394
11
6.4468138188976374
21
-4.2252388188976377
0
LINE
8
BLACK
6
CONTINUOUS
10
6.4468138188976374
20
-4.2252388188976377
11
6.4474603543307083
21
-4.2276875984251969
0
LINE
8
BLACK
6
CONTINUOUS
10
6.4474603543307083
20
-4.2276875984251969
11
6.4474603543307083
21
-4.3824330314960633
0
LINE
8
BLACK
6
CONTINUOUS
10
6.4474603543307083
20
-4.3824330314960633
11
6.4466728740157482
21
-4.3851149606299211
0
LINE
8
BLACK
6
CONTINUOUS
10
6.4466728740157482
20
-4.3851149606299211
11
6.446582244094488
21
-4.385250984251968
0
LINE
8
BLACK
6
CONTINUOUS
10
6.446582244094488
20
-4.385250984251968
11
6.4445344094488188
21
-4.3882177165354328
0
LINE
8
BLACK
6
CONTINUOUS
10
6.4445344094488188
20
-4.3882177165354328
11
6.4421595275590553
21
-4.3944798818897635
0
LINE
8
BLACK
6
CONTINUOUS
10
6.4421595275590553
20
-4.3944798818897635
11
6.4413522834645667
21
-4.4011282677165351
0
LINE
8
BLACK
6
CONTINUOUS
10
6.4413522834645667
20
-4.4011282677165351
11
6.4413522834645667
21
-4.4011284645669289
0
LINE
8
BLACK
6
CONTINUOUS
10
6.4413522834645667
20
-4.4011284645669289
11
6.4421595275590553
21
-4.4077768503937005
0
LINE
8
BLACK
6
CONTINUOUS
10
6.4421595275590553
20
-4.4077768503937005
11
6.4445343307086613
21
-4.4140388188976374
0
LINE
8
BLACK
6
CONTINUOUS
10
6.4445343307086613
20
-4.4140388188976374
11
6.4445344094488188
21
-4.4140389763779524
0
LINE
8
BLACK
6
CONTINUOUS
10
6.4445344094488188
20
-4.4140389763779524
11
6.4483389370078736
21
-4.4195507480314964
0
LINE
8
BLACK
6
CONTINUOUS
10
6.4483389370078736
20
-4.4195507480314964
11
6.4483390157480311
21
-4.419550826771653
0
LINE
8
BLACK
6
CONTINUOUS
10
6.4483390157480311
20
-4.419550826771653
11
6.4532386220472437
21
-4.4238914960629918
0
LINE
8
BLACK
6
CONTINUOUS
10
6.4532386220472437
20
-4.4238914960629918
11
6.4533520078740159
21
-4.4239919291338579
0
LINE
8
BLACK
6
CONTINUOUS
10
6.4533520078740159
20
-4.4239919291338579
11
6.4592822047244089
21
-4.42710437007874
0
LINE
8
BLACK
6
CONTINUOUS
10
6.4592822047244089
20
-4.42710437007874
11
6.4592822440944877
21
-4.42710437007874
0
LINE
8
BLACK
6
CONTINUOUS
10
6.4592822440944877
20
-4.42710437007874
11
6.4592823228346452
21
-4.4271044094488188
0
LINE
8
BLACK
6
CONTINUOUS
10
6.4592823228346452
20
-4.4271044094488188
11
6.4648095669291337
21
-4.4284667322834643
0
LINE
8
BLACK
6
CONTINUOUS
10
6.4648095669291337
20
-4.4284667322834643
11
6.4671301181102363
21
-4.4297755511811019
0
LINE
8
BLACK
6
CONTINUOUS
10
6.4671301181102363
20
-4.4297755511811019
11
6.4675386220472442
21
-4.4301840551181098
0
LINE
8
BLACK
6
CONTINUOUS
10
6.4675386220472442
20
-4.4301840551181098
11
6.4675386614173229
21
-4.4301840551181098
0
LINE
8
BLACK
6
CONTINUOUS
10
6.4675386614173229
20
-4.4301840551181098
11
6.4757295275590554
21
-4.4383749212598422
0
LINE
8
BLACK
6
CONTINUOUS
10
6.4757295275590554
20
-4.4383749212598422
11
6.4829386614173226
21
-4.4455840157480315
0
LINE
8
BLACK
6
CONTINUOUS
10
6.4829386614173226
20
-4.4455840157480315
11
6.4842782283464562
21
-4.4480372834645667
0
LINE
8
BLACK
6
CONTINUOUS
10
6.4842782283464562
20
-4.4480372834645667
11
6.4843916141732283
21
-4.4490917322834642
0
LINE
8
BLACK
6
CONTINUOUS
10
6.4843916141732283
20
-4.4490917322834642
11
6.4843916141732283
21
-4.5214196062992125
0
LINE
8
BLACK
6
CONTINUOUS
10
6.4843916141732283
20
-4.5214196062992125
11
6.4836041338582673
21
-4.5241015354330711
0
LINE
8
BLACK
6
CONTINUOUS
10
6.4836041338582673
20
-4.5241015354330711
11
6.4814916929133854
21
-4.5259319685039365
0
LINE
8
BLACK
6
CONTINUOUS
10
6.4814916929133854
20
-4.5259319685039365
11
6.4788593307086613
21
-4.5263472047244093
0
LINE
8
BLACK
6
CONTINUOUS
10
6.4788593307086613
20
-4.5263472047244093
11
6.4788203937007873
21
-4.5263426771653545
0
LINE
8
BLACK
6
CONTINUOUS
10
6.4788203937007873
20
-4.5263426771653545
11
6.4778311811023617
21
-4.526227913385827
0
LINE
8
BLACK
6
CONTINUOUS
10
6.4778311811023617
20
-4.526227913385827
11
6.4778311023622042
21
-4.526227913385827
0
LINE
8
BLACK
6
CONTINUOUS
10
6.4778311023622042
20
-4.526227913385827
11
6.4726987007874017
21
-4.526227913385827
0
LINE
8
BLACK
6
CONTINUOUS
10
6.4726987007874017
20
-4.526227913385827
11
6.4700167716535431
21
-4.525440433070866
0
LINE
8
BLACK
6
CONTINUOUS
10
6.4700167716535431
20
-4.525440433070866
11
6.4681863385826768
21
-4.5233279921259841
0
LINE
8
BLACK
6
CONTINUOUS
10
6.4681863385826768
20
-4.5233279921259841
11
6.4677380708661412
21
-4.5212672834645664
0
LINE
8
BLACK
6
CONTINUOUS
10
6.4677380708661412
20
-4.5212672834645664
11
6.4677380708661412
21
-4.4786446456692914
0
LINE
8
BLACK
6
CONTINUOUS
10
6.4677380708661412
20
-4.4786446456692914
11
6.4677380708661412
21
-4.4786445669291339
0
LINE
8
BLACK
6
CONTINUOUS
10
6.4677380708661412
20
-4.4786445669291339
11
6.4662610629921256
21
-4.4731323622047245
0
LINE
8
BLACK
6
CONTINUOUS
10
6.4662610629921256
20
-4.4731323622047245
11
6.4641657480314958
21
-4.4695031496062994
0
LINE
8
BLACK
6
CONTINUOUS
10
6.4641657480314958
20
-4.4695031496062994
11
6.4634077559055116
21
-4.4681902362204724
0
LINE
8
BLACK
6
CONTINUOUS
10
6.4634077559055116
20
-4.4681902362204724
11
6.4634077165354329
21
-4.4681901968503936
0
LINE
8
BLACK
6
CONTINUOUS
10
6.4634077165354329
20
-4.4681901968503936
11
6.4634075984251966
21
-4.4681900393700786
0
LINE
8
BLACK
6
CONTINUOUS
10
6.4634075984251966
20
-4.4681900393700786
11
6.3159334645669292
21
-4.3207159055118112
0
LINE
8
BLACK
6
CONTINUOUS
10
6.3159334645669292
20
-4.3207159055118112
11
6.3159330708661416
21
-4.3207155905511812
0
LINE
8
BLACK
6
CONTINUOUS
10
6.3159330708661416
20
-4.3207155905511812
11
6.3109912992125983
21
-4.3178624803149601
0
LINE
8
BLACK
6
CONTINUOUS
10
6.3109912992125983
20
-4.3178624803149601
11
6.310991181102362
21
-4.3178624409448814
0
LINE
8
BLACK
6
CONTINUOUS
10
6.310991181102362
20
-4.3178624409448814
11
6.3109911023622045
21
-4.3178624015748026
0
LINE
8
BLACK
6
CONTINUOUS
10
6.3109911023622045
20
-4.3178624015748026
11
6.3054788976377951
21
-4.316385393700787
0
LINE
8
BLACK
6
CONTINUOUS
10
6.3054788976377951
20
-4.316385393700787
11
6.3054787795275589
21
-4.316385393700787
0
LINE
8
BLACK
6
CONTINUOUS
10
6.3054787795275589
20
-4.316385393700787
11
6.1787598031496058
21
-4.316385393700787
0
LINE
8
BLACK
6
CONTINUOUS
10
6.1787598031496058
20
-4.316385393700787
11
6.176077874015748
21
-4.3155979133858269
0
LINE
8
BLACK
6
CONTINUOUS
10
6.176077874015748
20
-4.3155979133858269
11
6.1742474409448818
21
-4.313485472440945
0
LINE
8
BLACK
6
CONTINUOUS
10
6.1742474409448818
20
-4.313485472440945
11
6.1738496456692911
21
-4.3107187795275586
0
LINE
8
BLACK
6
CONTINUOUS
10
6.1738496456692911
20
-4.3107187795275586
11
6.1750108267716532
21
-4.3081762598425195
0
LINE
8
BLACK
6
CONTINUOUS
10
6.1750108267716532
20
-4.3081762598425195
11
6.1754703149606298
21
-4.3077116929133856
0
LINE
8
BLACK
6
CONTINUOUS
10
6.1754703149606298
20
-4.3077116929133856
11
6.1757792125984254
21
-4.3074379921259842
0
LINE
8
BLACK
6
CONTINUOUS
10
6.1757792125984254
20
-4.3074379921259842
11
6.1768594488188979
21
-4.3064810236220472
0
LINE
8
BLACK
6
CONTINUOUS
10
6.1768594488188979
20
-4.3064810236220472
11
6.1806639763779527
21
-4.3009692519685041
0
LINE
8
BLACK
6
CONTINUOUS
10
6.1806639763779527
20
-4.3009692519685041
11
6.1830388582677163
21
-4.2947071259842522
0
LINE
8
BLACK
6
CONTINUOUS
10
6.1830388582677163
20
-4.2947071259842522
11
6.1838461417322836
21
-4.2880586220472443
0
LINE
8
BLACK
6
CONTINUOUS
10
6.1838461417322836
20
-4.2880586220472443
11
6.1838422834645668
21
-4.2880269685039369
0
LINE
8
BLACK
6
CONTINUOUS
10
6.1838422834645668
20
-4.2880269685039369
11
6.1830388582677163
21
-4.2814101181102364
0
LINE
8
BLACK
6
CONTINUOUS
10
6.1830388582677163
20
-4.2814101181102364
11
6.1806640551181102
21
-4.2751481496062995
0
LINE
8
BLACK
6
CONTINUOUS
10
6.1806640551181102
20
-4.2751481496062995
11
6.1806639763779527
21
-4.2751479921259845
0
LINE
8
BLACK
6
CONTINUOUS
10
6.1806639763779527
20
-4.2751479921259845
11
6.1768594488188979
21
-4.2696362204724405
0
LINE
8
BLACK
6
CONTINUOUS
10
6.1768594488188979
20
-4.2696362204724405
11
6.1768593700787404
21
-4.269636141732283
0
LINE
8
BLACK
6
CONTINUOUS
10
6.1768593700787404
20
-4.269636141732283
11
6.1718466141732282
21
-4.2651952362204719
0
LINE
8
BLACK
6
CONTINUOUS
10
6.1718466141732282
20
-4.2651952362204719
11
6.1718463779527557
21
-4.265195039370079
0
LINE
8
BLACK
6
CONTINUOUS
10
6.1718463779527557
20
-4.265195039370079
11
6.1659162204724405
21
-4.2620826377952756
0
LINE
8
BLACK
6
CONTINUOUS
10
6.1659162204724405
20
-4.2620826377952756
11
6.1659160629921255
21
-4.2620825590551181
0
LINE
8
BLACK
6
CONTINUOUS
10
6.1659160629921255
20
-4.2620825590551181
11
6.1594136220472437
21
-4.260479881889764
0
LINE
8
BLACK
6
CONTINUOUS
10
6.1594136220472437
20
-4.260479881889764
11
6.1594135039370075
21
-4.260479881889764
0
LINE
8
BLACK
6
CONTINUOUS
10
6.1594135039370075
20
-4.260479881889764
11
6.1556236220472442
21
-4.260479881889764
0
LINE
8
BLACK
6
CONTINUOUS
10
6.1556236220472442
20
-4.260479881889764
11
6.1529416929133856
21
-4.259692401574803
0
LINE
8
BLACK
6
CONTINUOUS
10
6.1529416929133856
20
-4.259692401574803
11
6.1521159448818894
21
-4.2590269291338583
0
LINE
8
BLACK
6
CONTINUOUS
10
6.1521159448818894
20
-4.2590269291338583
11
6.0611476771653541
21
-4.1680586220472442
0
LINE
8
BLACK
6
CONTINUOUS
10
6.0611476771653541
20
-4.1680586220472442
11
6.0611476377952753
21
-4.1680586220472442
0
LINE
8
BLACK
6
CONTINUOUS
10
6.0611476377952753
20
-4.1680586220472442
11
6.0269553937007876
21
-4.1338663385826768
0
LINE
8
BLACK
6
CONTINUOUS
10
6.0269553937007876
20
-4.1338663385826768
11
6.0269550000000001
21
-4.1338660236220468
0
LINE
8
BLACK
6
CONTINUOUS
10
6.0269550000000001
20
-4.1338660236220468
11
6.0229109448818896
21
-4.1315311811023623
0
LINE
8
BLACK
6
CONTINUOUS
10
6.0229109448818896
20
-4.1315311811023623
11
6.0229108661417321
21
-4.1315311417322835
0
LINE
8
BLACK
6
CONTINUOUS
10
6.0229108661417321
20
-4.1315311417322835
11
6.0229107874015746
21
-4.1315311023622048
0
LINE
8
BLACK
6
CONTINUOUS
10
6.0229107874015746
20
-4.1315311023622048
11
6.0229105118110233
21
-4.1315310236220473
0
LINE
8
BLACK
6
CONTINUOUS
10
6.0229105118110233
20
-4.1315310236220473
11
6.0219574015748032
21
-4.1312756299212596
0
LINE
8
BLACK
6
CONTINUOUS
10
6.0219574015748032
20
-4.1312756299212596
11
6.0219573622047244
21
-4.1312756299212596
0
LINE
8
BLACK
6
CONTINUOUS
10
6.0219573622047244
20
-4.1312756299212596
11
6.0205200787401569
21
-4.130890472440945
0
LINE
8
BLACK
6
CONTINUOUS
10
6.0205200787401569
20
-4.130890472440945
11
6.0185146062992123
21
-4.1298120078740155
0
LINE
8
BLACK
6
CONTINUOUS
10
6.0185146062992123
20
-4.1298120078740155
11
6.0135402755905512
21
-4.1254051968503935
0
LINE
8
BLACK
6
CONTINUOUS
10
6.0135402755905512
20
-4.1254051968503935
11
6.0133031102362207
21
-4.1251950787401572
0
LINE
8
BLACK
6
CONTINUOUS
10
6.0133031102362207
20
-4.1251950787401572
11
6.0133030708661419
21
-4.1251950393700785
0
LINE
8
BLACK
6
CONTINUOUS
10
6.0133030708661419
20
-4.1251950393700785
11
6.0073729133858267
21
-4.1220826377952751
0
LINE
8
BLACK
6
CONTINUOUS
10
6.0073729133858267
20
-4.1220826377952751
11
6.0073727559055117
21
-4.1220825590551184
0
LINE
8
BLACK
6
CONTINUOUS
10
6.0073727559055117
20
-4.1220825590551184
11
6.0008703149606299
21
-4.1204798818897634
0
LINE
8
BLACK
6
CONTINUOUS
10
6.0008703149606299
20
-4.1204798818897634
11
6.0008701968503937
21
-4.1204798818897634
0
LINE
8
BLACK
6
CONTINUOUS
10
6.0008701968503937
20
-4.1204798818897634
11
5.9941728740157476
21
-4.1204798818897634
0
LINE
8
BLACK
6
CONTINUOUS
10
5.9941728740157476
20
-4.1204798818897634
11
5.9941727165354326
21
-4.1204798818897634
0
LINE
8
BLACK
6
CONTINUOUS
10
5.9941727165354326
20
-4.1204798818897634
11
5.9876702755905509
21
-4.1220825590551184
0
LINE
8
BLACK
6
CONTINUOUS
10
5.9876702755905509
20
-4.1220825590551184
11
5.9876701181102359
21
-4.1220826377952751
0
LINE
8
BLACK
6
CONTINUOUS
10
5.9876701181102359
20
-4.1220826377952751
11
5.9817399606299215
21
-4.1251950393700785
0
LINE
8
BLACK
6
CONTINUOUS
10
5.9817399606299215
20
-4.1251950393700785
11
5.981739724409449
21
-4.1251952362204722
0
LINE
8
BLACK
6
CONTINUOUS
10
5.981739724409449
20
-4.1251952362204722
11
5.9767269685039368
21
-4.1296361417322833
0
LINE
8
BLACK
6
CONTINUOUS
10
5.9767269685039368
20
-4.1296361417322833
11
5.9767268897637793
21
-4.1296362204724408
0
LINE
8
BLACK
6
CONTINUOUS
10
5.9767268897637793
20
-4.1296362204724408
11
5.9729223622047245
21
-4.1351479921259839
0
LINE
8
BLACK
6
CONTINUOUS
10
5.9729223622047245
20
-4.1351479921259839
11
5.972922283464567
21
-4.135148149606299
0
LINE
8
BLACK
6
CONTINUOUS
10
5.972922283464567
20
-4.135148149606299
11
5.9705474803149601
21
-4.1414101181102358
0
LINE
8
BLACK
6
CONTINUOUS
10
5.9705474803149601
20
-4.1414101181102358
11
5.9697402362204723
21
-4.1480585039370075
0
LINE
8
BLACK
6
CONTINUOUS
10
5.9697402362204723
20
-4.1480585039370075
11
5.9697402362204723
21
-4.1480587007874012
0
LINE
8
BLACK
6
CONTINUOUS
10
5.9697402362204723
20
-4.1480587007874012
11
5.9705474803149601
21
-4.1547070866141729
0
LINE
8
BLACK
6
CONTINUOUS
10
5.9705474803149601
20
-4.1547070866141729
11
5.972922283464567
21
-4.1609690551181098
0
LINE
8
BLACK
6
CONTINUOUS
10
5.972922283464567
20
-4.1609690551181098
11
5.9729223622047245
21
-4.1609692125984248
0
LINE
8
BLACK
6
CONTINUOUS
10
5.9729223622047245
20
-4.1609692125984248
11
5.9767268503937006
21
-4.16648094488189
0
LINE
8
BLACK
6
CONTINUOUS
10
5.9767268503937006
20
-4.16648094488189
11
5.9785076771653545
21
-4.1680586220472442
0
LINE
8
BLACK
6
CONTINUOUS
10
5.9785076771653545
20
-4.1680586220472442
11
5.9785076377952757
21
-4.1680586220472442
0
LINE
8
BLACK
6
CONTINUOUS
10
5.9785076377952757
20
-4.1680586220472442
11
5.9817399606299215
21
-4.1709221653543302
0
LINE
8
BLACK
6
CONTINUOUS
10
6.3142984251968501
20
-4.6262279527559054
11
6.3133092913385829
21
-4.6263426377952754
0
LINE
8
BLACK
6
CONTINUOUS
10
6.3133092913385829
20
-4.6263426377952754
11
6.3133091338582679
21
-4.6263427165354329
0
LINE
8
BLACK
6
CONTINUOUS
10
6.3133091338582679
20
-4.6263427165354329
11
6.3092630314960632
21
-4.6281292125984255
0
LINE
8
BLACK
6
CONTINUOUS
10
6.3092630314960632
20
-4.6281292125984255
11
6.3061355118110232
21
-4.6312567322834646
0
LINE
8
BLACK
6
CONTINUOUS
10
6.3061355118110232
20
-4.6312567322834646
11
6.3061354724409444
21
-4.6312568110236221
0
LINE
8
BLACK
6
CONTINUOUS
10
6.3061354724409444
20
-4.6312568110236221
11
6.3043488582677165
21
-4.6353030708661418
0
LINE
8
BLACK
6
CONTINUOUS
10
6.3043488582677165
20
-4.6353030708661418
11
6.3042341338582677
21
-4.6362920472440941
0
LINE
8
BLACK
6
CONTINUOUS
10
6.3042341338582677
20
-4.6362920472440941
11
6.3042341338582677
21
-4.6998247244094484
0
LINE
8
BLACK
6
CONTINUOUS
10
6.3042341338582677
20
-4.6998247244094484
11
6.3042341732283464
21
-4.6998249999999997
0
LINE
8
BLACK
6
CONTINUOUS
10
6.3042341732283464
20
-4.6998249999999997
11
6.3043488582677165
21
-4.7008141338582679
0
LINE
8
BLACK
6
CONTINUOUS
10
6.3043488582677165
20
-4.7008141338582679
11
6.304348937007874
21
-4.7008142913385829
0
LINE
8
BLACK
6
CONTINUOUS
10
6.304348937007874
20
-4.7008142913385829
11
6.3061354330708657
21
-4.7048603937007876
0
LINE
8
BLACK
6
CONTINUOUS
10
6.3061354330708657
20
-4.7048603937007876
11
6.3092629527559057
21
-4.7079879133858267
0
LINE
8
BLACK
6
CONTINUOUS
10
6.3092629527559057
20
-4.7079879133858267
11
6.3092630314960632
21
-4.7079879527559054
0
LINE
8
BLACK
6
CONTINUOUS
10
6.3092630314960632
20
-4.7079879527559054
11
6.3092630708661419
21
-4.7079879921259842
0
LINE
8
BLACK
6
CONTINUOUS
10
6.3092630708661419
20
-4.7079879921259842
11
6.3133092913385829
21
-4.7097745669291333
0
LINE
8
BLACK
6
CONTINUOUS
10
6.3133092913385829
20
-4.7097745669291333
11
6.3142985039370076
21
-4.7098893307086609
0
LINE
8
BLACK
6
CONTINUOUS
10
6.3142985039370076
20
-4.7098893307086609
11
6.3778311417322833
21
-4.7098892913385821
0
LINE
8
BLACK
6
CONTINUOUS
10
6.3778311417322833
20
-4.7098892913385821
11
6.3788203937007877
21
-4.7097745669291333
0
LINE
8
BLACK
6
CONTINUOUS
10
6.3788203937007877
20
-4.7097745669291333
11
6.3828666141732278
21
-4.7079879921259842
0
LINE
8
BLACK
6
CONTINUOUS
10
6.3828666141732278
20
-4.7079879921259842
11
6.3859942125984253
21
-4.7048603937007876
0
LINE
8
BLACK
6
CONTINUOUS
10
6.3859942125984253
20
-4.7048603937007876
11
6.3877807874015744
21
-4.7008141732283466
0
LINE
8
BLACK
6
CONTINUOUS
10
6.3877807874015744
20
-4.7008141732283466
11
6.387895551181102
21
-4.6998249606299209
0
LINE
8
BLACK
6
CONTINUOUS
10
6.387895551181102
20
-4.6998249606299209
11
6.3878955118110232
21
-4.6362923228346453
0
LINE
8
BLACK
6
CONTINUOUS
10
6.3878955118110232
20
-4.6362923228346453
11
6.3877807874015744
21
-4.6353030708661418
0
LINE
8
BLACK
6
CONTINUOUS
10
6.3877807874015744
20
-4.6353030708661418
11
6.3859942125984253
21
-4.6312568503937008
0
LINE
8
BLACK
6
CONTINUOUS
10
6.3859942125984253
20
-4.6312568503937008
11
6.3859942125984253
21
-4.6312568110236221
0
LINE
8
BLACK
6
CONTINUOUS
10
6.3859942125984253
20
-4.6312568110236221
11
6.3828666929133853
21
-4.628129291338583
0
LINE
8
BLACK
6
CONTINUOUS
10
6.3828666929133853
20
-4.628129291338583
11
6.3828666141732278
21
-4.6281292519685042
0
LINE
8
BLACK
6
CONTINUOUS
10
6.3828666141732278
20
-4.6281292519685042
11
6.3788203149606302
21
-4.6263426377952754
0
LINE
8
BLACK
6
CONTINUOUS
10
6.3788203149606302
20
-4.6263426377952754
11
6.3788203543307089
21
-4.6263426377952754
0
LINE
8
BLACK
6
CONTINUOUS
10
6.3788203543307089
20
-4.6263426377952754
11
6.3778312992125983
21
-4.6262279133858266
0
LINE
8
BLACK
6
CONTINUOUS
10
6.3778312992125983
20
-4.6262279133858266
11
6.3142987007874014
21
-4.6262279133858266
0
LINE
8
BLACK
6
CONTINUOUS
10
6.3142987007874014
20
-4.6262279133858266
11
6.3142984251968501
21
-4.6262279527559054
0
LINE
8
BLACK
6
CONTINUOUS
10
5.2692984251968502
20
-4.5362279527559055
11
5.2683092913385829
21
-4.5363426377952756
0
LINE
8
BLACK
6
CONTINUOUS
10
5.2683092913385829
20
-4.5363426377952756
11
5.2683091338582679
21
-4.5363427165354331
0
LINE
8
BLACK
6
CONTINUOUS
10
5.2683091338582679
20
-4.5363427165354331
11
5.2642630314960632
21
-4.5381292125984247
0
LINE
8
BLACK
6
CONTINUOUS
10
5.2642630314960632
20
-4.5381292125984247
11
5.2611355118110232
21
-4.5412567322834647
0
LINE
8
BLACK
6
CONTINUOUS
10
5.2611355118110232
20
-4.5412567322834647
11
5.2611354724409445
21
-4.5412568110236222
0
LINE
8
BLACK
6
CONTINUOUS
10
5.2611354724409445
20
-4.5412568110236222
11
5.2593488582677166
21
-4.5453030708661419
0
LINE
8
BLACK
6
CONTINUOUS
10
5.2593488582677166
20
-4.5453030708661419
11
5.2592341338582678
21
-4.5462920472440942
0
LINE
8
BLACK
6
CONTINUOUS
10
5.2592341338582678
20
-4.5462920472440942
11
5.2592341338582678
21
-4.6098247244094486
0
LINE
8
BLACK
6
CONTINUOUS
10
5.2592341338582678
20
-4.6098247244094486
11
5.2592341732283465
21
-4.6098249999999998
0
LINE
8
BLACK
6
CONTINUOUS
10
5.2592341732283465
20
-4.6098249999999998
11
5.2593488582677166
21
-4.610814133858268
0
LINE
8
BLACK
6
CONTINUOUS
10
5.2593488582677166
20
-4.610814133858268
11
5.2593489370078741
21
-4.610814291338583
0
LINE
8
BLACK
6
CONTINUOUS
10
5.2593489370078741
20
-4.610814291338583
11
5.2611354330708657
21
-4.6148603937007877
0
LINE
8
BLACK
6
CONTINUOUS
10
5.2611354330708657
20
-4.6148603937007877
11
5.2642629527559057
21
-4.6179879133858268
0
LINE
8
BLACK
6
CONTINUOUS
10
5.2642629527559057
20
-4.6179879133858268
11
5.2642630314960632
21
-4.6179879527559056
0
LINE
8
BLACK
6
CONTINUOUS
10
5.2642630314960632
20
-4.6179879527559056
11
5.264263070866142
21
-4.6179879921259843
0
LINE
8
BLACK
6
CONTINUOUS
10
5.264263070866142
20
-4.6179879921259843
11
5.2683092913385829
21
-4.6197745669291335
0
LINE
8
BLACK
6
CONTINUOUS
10
5.2683092913385829
20
-4.6197745669291335
11
5.2692985039370077
21
-4.619889330708661
0
LINE
8
BLACK
6
CONTINUOUS
10
5.2692985039370077
20
-4.619889330708661
11
5.3328311417322833
21
-4.6198892913385823
0
LINE
8
BLACK
6
CONTINUOUS
10
5.3328311417322833
20
-4.6198892913385823
11
5.3338203937007869
21
-4.6197745669291335
0
LINE
8
BLACK
6
CONTINUOUS
10
5.3338203937007869
20
-4.6197745669291335
11
5.3378666141732278
21
-4.6179879921259843
0
LINE
8
BLACK
6
CONTINUOUS
10
5.3378666141732278
20
-4.6179879921259843
11
5.3409942125984253
21
-4.6148603937007877
0
LINE
8
BLACK
6
CONTINUOUS
10
5.3409942125984253
20
-4.6148603937007877
11
5.3427807874015745
21
-4.6108141732283467
0
LINE
8
BLACK
6
CONTINUOUS
10
5.3427807874015745
20
-4.6108141732283467
11
5.342895551181102
21
-4.6098249606299211
0
LINE
8
BLACK
6
CONTINUOUS
10
5.342895551181102
20
-4.6098249606299211
11
5.3428955118110233
21
-4.5462923228346455
0
LINE
8
BLACK
6
CONTINUOUS
10
5.3428955118110233
20
-4.5462923228346455
11
5.3428954724409445
21
-4.5462920472440942
0
LINE
8
BLACK
6
CONTINUOUS
10
5.3428954724409445
20
-4.5462920472440942
11
5.3427807874015745
21
-4.5453030708661419
0
LINE
8
BLACK
6
CONTINUOUS
10
5.3427807874015745
20
-4.5453030708661419
11
5.3409942125984253
21
-4.541256850393701
0
LINE
8
BLACK
6
CONTINUOUS
10
5.3409942125984253
20
-4.541256850393701
11
5.3409942125984253
21
-4.5412568110236222
0
LINE
8
BLACK
6
CONTINUOUS
10
5.3409942125984253
20
-4.5412568110236222
11
5.3378666929133853
21
-4.5381292913385822
0
LINE
8
BLACK
6
CONTINUOUS
10
5.3378666929133853
20
-4.5381292913385822
11
5.3378666141732278
21
-4.5381292519685035
0
LINE
8
BLACK
6
CONTINUOUS
10
5.3378666141732278
20
-4.5381292519685035
11
5.3338203149606294
21
-4.5363426377952756
0
LINE
8
BLACK
6
CONTINUOUS
10
5.3338203149606294
20
-4.5363426377952756
11
5.3338203543307081
21
-4.5363426377952756
0
LINE
8
BLACK
6
CONTINUOUS
10
5.3338203543307081
20
-4.5363426377952756
11
5.3328312992125984
21
-4.5362279133858268
0
LINE
8
BLACK
6
CONTINUOUS
10
5.3328312992125984
20
-4.5362279133858268
11
5.2692987007874015
21
-4.5362279133858268
0
LINE
8
BLACK
6
CONTINUOUS
10
5.2692987007874015
20
-4.5362279133858268
11
5.2692984251968502
21
-4.5362279527559055
0
LINE
8
BLACK
6
CONTINUOUS
10
5.3592341338582674
20
-4.6098247244094486
11
5.3592341732283462
21
-4.6098249999999998
0
LINE
8
BLACK
6
CONTINUOUS
10
5.3592341732283462
20
-4.6098249999999998
11
5.3593488582677162
21
-4.610814133858268
0
LINE
8
BLACK
6
CONTINUOUS
10
5.3593488582677162
20
-4.610814133858268
11
5.3593489370078737
21
-4.610814291338583
0
LINE
8
BLACK
6
CONTINUOUS
10
5.3593489370078737
20
-4.610814291338583
11
5.3611354330708663
21
-4.6148603937007877
0
LINE
8
BLACK
6
CONTINUOUS
10
5.3611354330708663
20
-4.6148603937007877
11
5.3642629527559054
21
-4.6179879133858268
0
LINE
8
BLACK
6
CONTINUOUS
10
5.3642629527559054
20
-4.6179879133858268
11
5.3642630314960629
21
-4.6179879527559056
0
LINE
8
BLACK
6
CONTINUOUS
10
5.3642630314960629
20
-4.6179879527559056
11
5.3642630708661416
21
-4.6179879921259843
0
LINE
8
BLACK
6
CONTINUOUS
10
5.3642630708661416
20
-4.6179879921259843
11
5.3683092913385826
21
-4.6197745669291335
0
LINE
8
BLACK
6
CONTINUOUS
10
5.3683092913385826
20
-4.6197745669291335
11
5.3692985039370074
21
-4.619889330708661
0
LINE
8
BLACK
6
CONTINUOUS
10
5.3692985039370074
20
-4.619889330708661
11
5.432831141732283
21
-4.6198892913385823
0
LINE
8
BLACK
6
CONTINUOUS
10
5.432831141732283
20
-4.6198892913385823
11
5.4338203937007874
21
-4.6197745669291335
0
LINE
8
BLACK
6
CONTINUOUS
10
5.4338203937007874
20
-4.6197745669291335
11
5.4378666141732284
21
-4.6179879921259843
0
LINE
8
BLACK
6
CONTINUOUS
10
5.4378666141732284
20
-4.6179879921259843
11
5.440994212598425
21
-4.6148603937007877
0
LINE
8
BLACK
6
CONTINUOUS
10
5.440994212598425
20
-4.6148603937007877
11
5.442780787401575
21
-4.6108141732283467
0
LINE
8
BLACK
6
CONTINUOUS
10
5.442780787401575
20
-4.6108141732283467
11
5.4428955511811026
21
-4.6098249606299211
0
LINE
8
BLACK
6
CONTINUOUS
10
5.4428955511811026
20
-4.6098249606299211
11
5.4428955118110238
21
-4.5462923228346455
0
LINE
8
BLACK
6
CONTINUOUS
10
5.4428955118110238
20
-4.5462923228346455
11
5.4428954724409451
21
-4.5462920472440942
0
LINE
8
BLACK
6
CONTINUOUS
10
5.4428954724409451
20
-4.5462920472440942
11
5.442780787401575
21
-4.5453030708661419
0
LINE
8
BLACK
6
CONTINUOUS
10
5.442780787401575
20
-4.5453030708661419
11
5.440994212598425
21
-4.541256850393701
0
LINE
8
BLACK
6
CONTINUOUS
10
5.440994212598425
20
-4.541256850393701
11
5.440994212598425
21
-4.5412568110236222
0
LINE
8
BLACK
6
CONTINUOUS
10
5.440994212598425
20
-4.5412568110236222
11
5.4378666929133859
21
-4.5381292913385822
0
LINE
8
BLACK
6
CONTINUOUS
10
5.4378666929133859
20
-4.5381292913385822
11
5.4378666141732284
21
-4.5381292519685035
0
LINE
8
BLACK
6
CONTINUOUS
10
5.4378666141732284
20
-4.5381292519685035
11
5.4338203149606299
21
-4.5363426377952756
0
LINE
8
BLACK
6
CONTINUOUS
10
5.4338203149606299
20
-4.5363426377952756
11
5.4338203543307086
21
-4.5363426377952756
0
LINE
8
BLACK
6
CONTINUOUS
10
5.4338203543307086
20
-4.5363426377952756
11
5.432831299212598
21
-4.5362279133858268
0
LINE
8
BLACK
6
CONTINUOUS
10
5.432831299212598
20
-4.5362279133858268
11
5.3692987007874011
21
-4.5362279133858268
0
LINE
8
BLACK
6
CONTINUOUS
10
5.3692987007874011
20
-4.5362279133858268
11
5.3692984251968499
21
-4.5362279527559055
0
LINE
8
BLACK
6
CONTINUOUS
10
5.3692984251968499
20
-4.5362279527559055
11
5.3683092913385826
21
-4.5363426377952756
0
LINE
8
BLACK
6
CONTINUOUS
10
5.3683092913385826
20
-4.5363426377952756
11
5.3683091338582676
21
-4.5363427165354331
0
LINE
8
BLACK
6
CONTINUOUS
10
5.3683091338582676
20
-4.5363427165354331
11
5.3642630314960629
21
-4.5381292125984247
0
LINE
8
BLACK
6
CONTINUOUS
10
5.3642630314960629
20
-4.5381292125984247
11
5.3611355118110238
21
-4.5412567322834647
0
LINE
8
BLACK
6
CONTINUOUS
10
5.3611355118110238
20
-4.5412567322834647
11
5.361135472440945
21
-4.5412568110236222
0
LINE
8
BLACK
6
CONTINUOUS
10
5.361135472440945
20
-4.5412568110236222
11
5.3593488582677162
21
-4.5453030708661419
0
LINE
8
BLACK
6
CONTINUOUS
10
5.3593488582677162
20
-4.5453030708661419
11
5.3592341338582674
21
-4.5462920472440942
0
LINE
8
BLACK
6
CONTINUOUS
10
5.3592341338582674
20
-4.5462920472440942
11
5.3592341338582674
21
-4.6098247244094486
0
LINE
8
BLACK
6
CONTINUOUS
10
5.4592341338582679
20
-4.6098247244094486
11
5.4592341732283467
21
-4.6098249999999998
0
LINE
8
BLACK
6
CONTINUOUS
10
5.4592341732283467
20
-4.6098249999999998
11
5.4593488582677168
21
-4.610814133858268
0
LINE
8
BLACK
6
CONTINUOUS
10
5.4593488582677168
20
-4.610814133858268
11
5.4593489370078743
21
-4.610814291338583
0
LINE
8
BLACK
6
CONTINUOUS
10
5.4593489370078743
20
-4.610814291338583
11
5.4611354330708659
21
-4.6148603937007877
0
LINE
8
BLACK
6
CONTINUOUS
10
5.4611354330708659
20
-4.6148603937007877
11
5.464262952755905
21
-4.6179879133858268
0
LINE
8
BLACK
6
CONTINUOUS
10
5.464262952755905
20
-4.6179879133858268
11
5.4642630314960625
21
-4.6179879527559056
0
LINE
8
BLACK
6
CONTINUOUS
10
5.4642630314960625
20
-4.6179879527559056
11
5.4642630708661413
21
-4.6179879921259843
0
LINE
8
BLACK
6
CONTINUOUS
10
5.4642630708661413
20
-4.6179879921259843
11
5.4683092913385822
21
-4.6197745669291335
0
LINE
8
BLACK
6
CONTINUOUS
10
5.4683092913385822
20
-4.6197745669291335
11
5.4692985039370079
21
-4.619889330708661
0
LINE
8
BLACK
6
CONTINUOUS
10
5.4692985039370079
20
-4.619889330708661
11
5.5328311417322835
21
-4.6198892913385823
0
LINE
8
BLACK
6
CONTINUOUS
10
5.5328311417322835
20
-4.6198892913385823
11
5.533820393700787
21
-4.6197745669291335
0
LINE
8
BLACK
6
CONTINUOUS
10
5.533820393700787
20
-4.6197745669291335
11
5.537866614173228
21
-4.6179879921259843
0
LINE
8
BLACK
6
CONTINUOUS
10
5.537866614173228
20
-4.6179879921259843
11
5.5409942125984255
21
-4.6148603937007877
0
LINE
8
BLACK
6
CONTINUOUS
10
5.5409942125984255
20
-4.6148603937007877
11
5.5427807874015746
21
-4.6108141732283467
0
LINE
8
BLACK
6
CONTINUOUS
10
5.5427807874015746
20
-4.6108141732283467
11
5.5428955511811022
21
-4.6098249606299211
0
LINE
8
BLACK
6
CONTINUOUS
10
5.5428955511811022
20
-4.6098249606299211
11
5.5428955118110235
21
-4.5462923228346455
0
LINE
8
BLACK
6
CONTINUOUS
10
5.5428955118110235
20
-4.5462923228346455
11
5.5427807874015746
21
-4.5453030708661419
0
LINE
8
BLACK
6
CONTINUOUS
10
5.5427807874015746
20
-4.5453030708661419
11
5.5409942125984255
21
-4.541256850393701
0
LINE
8
BLACK
6
CONTINUOUS
10
5.5409942125984255
20
-4.541256850393701
11
5.5409942125984255
21
-4.5412568110236222
0
LINE
8
BLACK
6
CONTINUOUS
10
5.5409942125984255
20
-4.5412568110236222
11
5.5378666929133855
21
-4.5381292913385822
0
LINE
8
BLACK
6
CONTINUOUS
10
5.5378666929133855
20
-4.5381292913385822
11
5.537866614173228
21
-4.5381292519685035
0
LINE
8
BLACK
6
CONTINUOUS
10
5.537866614173228
20
-4.5381292519685035
11
5.5338203149606295
21
-4.5363426377952756
0
LINE
8
BLACK
6
CONTINUOUS
10
5.5338203149606295
20
-4.5363426377952756
11
5.5338203543307083
21
-4.5363426377952756
0
LINE
8
BLACK
6
CONTINUOUS
10
5.5338203543307083
20
-4.5363426377952756
11
5.5328312992125985
21
-4.5362279133858268
0
LINE
8
BLACK
6
CONTINUOUS
10
5.5328312992125985
20
-4.5362279133858268
11
5.4692987007874017
21
-4.5362279133858268
0
LINE
8
BLACK
6
CONTINUOUS
10
5.4692987007874017
20
-4.5362279133858268
11
5.4692984251968504
21
-4.5362279527559055
0
LINE
8
BLACK
6
CONTINUOUS
10
5.4692984251968504
20
-4.5362279527559055
11
5.4683092913385822
21
-4.5363426377952756
0
LINE
8
BLACK
6
CONTINUOUS
10
5.4683092913385822
20
-4.5363426377952756
11
5.4683091338582672
21
-4.5363427165354331
0
LINE
8
BLACK
6
CONTINUOUS
10
5.4683091338582672
20
-4.5363427165354331
11
5.4642630314960625
21
-4.5381292125984247
0
LINE
8
BLACK
6
CONTINUOUS
10
5.4642630314960625
20
-4.5381292125984247
11
5.4611355118110234
21
-4.5412567322834647
0
LINE
8
BLACK
6
CONTINUOUS
10
5.4611355118110234
20
-4.5412567322834647
11
5.4611354724409447
21
-4.5412568110236222
0
LINE
8
BLACK
6
CONTINUOUS
10
5.4611354724409447
20
-4.5412568110236222
11
5.4593488582677168
21
-4.5453030708661419
0
LINE
8
BLACK
6
CONTINUOUS
10
5.4593488582677168
20
-4.5453030708661419
11
5.4592341338582679
21
-4.5462920472440942
0
LINE
8
BLACK
6
CONTINUOUS
10
5.4592341338582679
20
-4.5462920472440942
11
5.4592341338582679
21
-4.6098247244094486
0
LINE
8
BLACK
6
CONTINUOUS
10
5.8592341338582674
20
-4.6098247244094486
11
5.8592341732283462
21
-4.6098249999999998
0
LINE
8
BLACK
6
CONTINUOUS
10
5.8592341732283462
20
-4.6098249999999998
11
5.8593488582677162
21
-4.610814133858268
0
LINE
8
BLACK
6
CONTINUOUS
10
5.8593488582677162
20
-4.610814133858268
11
5.8593489370078737
21
-4.610814291338583
0
LINE
8
BLACK
6
CONTINUOUS
10
5.8593489370078737
20
-4.610814291338583
11
5.8611354330708663
21
-4.6148603937007877
0
LINE
8
BLACK
6
CONTINUOUS
10
5.8611354330708663
20
-4.6148603937007877
11
5.8642629527559054
21
-4.6179879133858268
0
LINE
8
BLACK
6
CONTINUOUS
10
5.8642629527559054
20
-4.6179879133858268
11
5.8642630314960629
21
-4.6179879527559056
0
LINE
8
BLACK
6
CONTINUOUS
10
5.8642630314960629
20
-4.6179879527559056
11
5.8642630708661416
21
-4.6179879921259843
0
LINE
8
BLACK
6
CONTINUOUS
10
5.8642630708661416
20
-4.6179879921259843
11
5.8683092913385826
21
-4.6197745669291335
0
LINE
8
BLACK
6
CONTINUOUS
10
5.8683092913385826
20
-4.6197745669291335
11
5.8692985039370074
21
-4.619889330708661
0
LINE
8
BLACK
6
CONTINUOUS
10
5.8692985039370074
20
-4.619889330708661
11
5.932831141732283
21
-4.6198892913385823
0
LINE
8
BLACK
6
CONTINUOUS
10
5.932831141732283
20
-4.6198892913385823
11
5.9338203937007874
21
-4.6197745669291335
0
LINE
8
BLACK
6
CONTINUOUS
10
5.9338203937007874
20
-4.6197745669291335
11
5.9378666141732284
21
-4.6179879921259843
0
LINE
8
BLACK
6
CONTINUOUS
10
5.9378666141732284
20
-4.6179879921259843
11
5.940994212598425
21
-4.6148603937007877
0
LINE
8
BLACK
6
CONTINUOUS
10
5.940994212598425
20
-4.6148603937007877
11
5.942780787401575
21
-4.6108141732283467
0
LINE
8
BLACK
6
CONTINUOUS
10
5.942780787401575
20
-4.6108141732283467
11
5.9428955511811026
21
-4.6098249606299211
0
LINE
8
BLACK
6
CONTINUOUS
10
5.9428955511811026
20
-4.6098249606299211
11
5.9428955118110238
21
-4.5462923228346455
0
LINE
8
BLACK
6
CONTINUOUS
10
5.9428955118110238
20
-4.5462923228346455
11
5.9428954724409451
21
-4.5462920472440942
0
LINE
8
BLACK
6
CONTINUOUS
10
5.9428954724409451
20
-4.5462920472440942
11
5.942780787401575
21
-4.5453030708661419
0
LINE
8
BLACK
6
CONTINUOUS
10
5.942780787401575
20
-4.5453030708661419
11
5.940994212598425
21
-4.541256850393701
0
LINE
8
BLACK
6
CONTINUOUS
10
5.940994212598425
20
-4.541256850393701
11
5.940994212598425
21
-4.5412568110236222
0
LINE
8
BLACK
6
CONTINUOUS
10
5.940994212598425
20
-4.5412568110236222
11
5.9378666929133859
21
-4.5381292913385822
0
LINE
8
BLACK
6
CONTINUOUS
10
5.9378666929133859
20
-4.5381292913385822
11
5.9378666141732284
21
-4.5381292519685035
0
LINE
8
BLACK
6
CONTINUOUS
10
5.9378666141732284
20
-4.5381292519685035
11
5.9338203149606299
21
-4.5363426377952756
0
LINE
8
BLACK
6
CONTINUOUS
10
5.9338203149606299
20
-4.5363426377952756
11
5.9338203543307086
21
-4.5363426377952756
0
LINE
8
BLACK
6
CONTINUOUS
10
5.9338203543307086
20
-4.5363426377952756
11
5.932831299212598
21
-4.5362279133858268
0
LINE
8
BLACK
6
CONTINUOUS
10
5.932831299212598
20
-4.5362279133858268
11
5.8692987007874011
21
-4.5362279133858268
0
LINE
8
BLACK
6
CONTINUOUS
10
5.8692987007874011
20
-4.5362279133858268
11
5.8692984251968499
21
-4.5362279527559055
0
LINE
8
BLACK
6
CONTINUOUS
10
5.8692984251968499
20
-4.5362279527559055
11
5.8683092913385826
21
-4.5363426377952756
0
LINE
8
BLACK
6
CONTINUOUS
10
5.8683092913385826
20
-4.5363426377952756
11
5.8683091338582676
21
-4.5363427165354331
0
LINE
8
BLACK
6
CONTINUOUS
10
5.8683091338582676
20
-4.5363427165354331
11
5.8642630314960629
21
-4.5381292125984247
0
LINE
8
BLACK
6
CONTINUOUS
10
5.8642630314960629
20
-4.5381292125984247
11
5.8611355118110238
21
-4.5412567322834647
0
LINE
8
BLACK
6
CONTINUOUS
10
5.8611355118110238
20
-4.5412567322834647
11
5.861135472440945
21
-4.5412568110236222
0
LINE
8
BLACK
6
CONTINUOUS
10
5.861135472440945
20
-4.5412568110236222
11
5.8593488582677162
21
-4.5453030708661419
0
LINE
8
BLACK
6
CONTINUOUS
10
5.8593488582677162
20
-4.5453030708661419
11
5.8592341338582674
21
-4.5462920472440942
0
LINE
8
BLACK
6
CONTINUOUS
10
5.8592341338582674
20
-4.5462920472440942
11
5.8592341338582674
21
-4.6098247244094486
0
LINE
8
BLACK
6
CONTINUOUS
10
5.9592341338582679
20
-4.6098247244094486
11
5.9592341732283467
21
-4.6098249999999998
0
LINE
8
BLACK
6
CONTINUOUS
10
5.9592341732283467
20
-4.6098249999999998
11
5.9593488582677168
21
-4.610814133858268
0
LINE
8
BLACK
6
CONTINUOUS
10
5.9593488582677168
20
-4.610814133858268
11
5.9593489370078743
21
-4.610814291338583
0
LINE
8
BLACK
6
CONTINUOUS
10
5.9593489370078743
20
-4.610814291338583
11
5.9611354330708659
21
-4.6148603937007877
0
LINE
8
BLACK
6
CONTINUOUS
10
5.9611354330708659
20
-4.6148603937007877
11
5.964262952755905
21
-4.6179879133858268
0
LINE
8
BLACK
6
CONTINUOUS
10
5.964262952755905
20
-4.6179879133858268
11
5.9642630314960625
21
-4.6179879527559056
0
LINE
8
BLACK
6
CONTINUOUS
10
5.9642630314960625
20
-4.6179879527559056
11
5.9642630708661413
21
-4.6179879921259843
0
LINE
8
BLACK
6
CONTINUOUS
10
5.9642630708661413
20
-4.6179879921259843
11
5.9683092913385822
21
-4.6197745669291335
0
LINE
8
BLACK
6
CONTINUOUS
10
5.9683092913385822
20
-4.6197745669291335
11
5.9692985039370079
21
-4.619889330708661
0
LINE
8
BLACK
6
CONTINUOUS
10
5.9692985039370079
20
-4.619889330708661
11
6.0328311417322835
21
-4.6198892913385823
0
LINE
8
BLACK
6
CONTINUOUS
10
6.0328311417322835
20
-4.6198892913385823
11
6.033820393700787
21
-4.6197745669291335
0
LINE
8
BLACK
6
CONTINUOUS
10
6.033820393700787
20
-4.6197745669291335
11
6.037866614173228
21
-4.6179879921259843
0
LINE
8
BLACK
6
CONTINUOUS
10
6.037866614173228
20
-4.6179879921259843
11
6.0409942125984246
21
-4.6148603937007877
0
LINE
8
BLACK
6
CONTINUOUS
10
6.0409942125984246
20
-4.6148603937007877
11
6.0427807874015746
21
-4.6108141732283467
0
LINE
8
BLACK
6
CONTINUOUS
10
6.0427807874015746
20
-4.6108141732283467
11
6.0428955511811022
21
-4.6098249606299211
0
LINE
8
BLACK
6
CONTINUOUS
10
6.0428955511811022
20
-4.6098249606299211
11
6.0428955118110235
21
-4.5462923228346455
0
LINE
8
BLACK
6
CONTINUOUS
10
6.0428955118110235
20
-4.5462923228346455
11
6.0428954724409447
21
-4.5462920472440942
0
LINE
8
BLACK
6
CONTINUOUS
10
6.0428954724409447
20
-4.5462920472440942
11
6.0427807874015746
21
-4.5453030708661419
0
LINE
8
BLACK
6
CONTINUOUS
10
6.0427807874015746
20
-4.5453030708661419
11
6.0409942125984246
21
-4.541256850393701
0
LINE
8
BLACK
6
CONTINUOUS
10
6.0409942125984246
20
-4.541256850393701
11
6.0409942125984246
21
-4.5412568110236222
0
LINE
8
BLACK
6
CONTINUOUS
10
6.0409942125984246
20
-4.5412568110236222
11
6.0378666929133855
21
-4.5381292913385822
0
LINE
8
BLACK
6
CONTINUOUS
10
6.0378666929133855
20
-4.5381292913385822
11
6.037866614173228
21
-4.5381292519685035
0
LINE
8
BLACK
6
CONTINUOUS
10
6.037866614173228
20
-4.5381292519685035
11
6.0338203149606295
21
-4.5363426377952756
0
LINE
8
BLACK
6
CONTINUOUS
10
6.0338203149606295
20
-4.5363426377952756
11
6.0338203543307083
21
-4.5363426377952756
0
LINE
8
BLACK
6
CONTINUOUS
10
6.0338203543307083
20
-4.5363426377952756
11
6.0328312992125985
21
-4.5362279133858268
0
LINE
8
BLACK
6
CONTINUOUS
10
6.0328312992125985
20
-4.5362279133858268
11
5.9692987007874017
21
-4.5362279133858268
0
LINE
8
BLACK
6
CONTINUOUS
10
5.9692987007874017
20
-4.5362279133858268
11
5.9692984251968504
21
-4.5362279527559055
0
LINE
8
BLACK
6
CONTINUOUS
10
5.9692984251968504
20
-4.5362279527559055
11
5.9683092913385822
21
-4.5363426377952756
0
LINE
8
BLACK
6
CONTINUOUS
10
5.9683092913385822
20
-4.5363426377952756
11
5.9683091338582672
21
-4.5363427165354331
0
LINE
8
BLACK
6
CONTINUOUS
10
5.9683091338582672
20
-4.5363427165354331
11
5.9642630314960625
21
-4.5381292125984247
0
LINE
8
BLACK
6
CONTINUOUS
10
5.9642630314960625
20
-4.5381292125984247
11
5.9611355118110234
21
-4.5412567322834647
0
LINE
8
BLACK
6
CONTINUOUS
10
5.9611355118110234
20
-4.5412567322834647
11
5.9611354724409447
21
-4.5412568110236222
0
LINE
8
BLACK
6
CONTINUOUS
10
5.9611354724409447
20
-4.5412568110236222
11
5.9593488582677168
21
-4.5453030708661419
0
LINE
8
BLACK
6
CONTINUOUS
10
5.9593488582677168
20
-4.5453030708661419
11
5.9592341338582679
21
-4.5462920472440942
0
LINE
8
BLACK
6
CONTINUOUS
10
5.9592341338582679
20
-4.5462920472440942
11
5.9592341338582679
21
-4.6098247244094486
0
LINE
8
BLACK
6
CONTINUOUS
10
6.0592341338582676
20
-4.6098247244094486
11
6.0592341732283463
21
-4.6098249999999998
0
LINE
8
BLACK
6
CONTINUOUS
10
6.0592341732283463
20
-4.6098249999999998
11
6.0593488582677164
21
-4.610814133858268
0
LINE
8
BLACK
6
CONTINUOUS
10
6.0593488582677164
20
-4.610814133858268
11
6.0593489370078739
21
-4.610814291338583
0
LINE
8
BLACK
6
CONTINUOUS
10
6.0593489370078739
20
-4.610814291338583
11
6.0611354330708664
21
-4.6148603937007877
0
LINE
8
BLACK
6
CONTINUOUS
10
6.0611354330708664
20
-4.6148603937007877
11
6.0642629527559055
21
-4.6179879133858268
0
LINE
8
BLACK
6
CONTINUOUS
10
6.0642629527559055
20
-4.6179879133858268
11
6.064263031496063
21
-4.6179879527559056
0
LINE
8
BLACK
6
CONTINUOUS
10
6.064263031496063
20
-4.6179879527559056
11
6.0642630708661418
21
-4.6179879921259843
0
LINE
8
BLACK
6
CONTINUOUS
10
6.0642630708661418
20
-4.6179879921259843
11
6.0683092913385828
21
-4.6197745669291335
0
LINE
8
BLACK
6
CONTINUOUS
10
6.0683092913385828
20
-4.6197745669291335
11
6.0692985039370075
21
-4.619889330708661
0
LINE
8
BLACK
6
CONTINUOUS
10
6.0692985039370075
20
-4.619889330708661
11
6.1328311417322832
21
-4.6198892913385823
0
LINE
8
BLACK
6
CONTINUOUS
10
6.1328311417322832
20
-4.6198892913385823
11
6.1338203937007876
21
-4.6197745669291335
0
LINE
8
BLACK
6
CONTINUOUS
10
6.1338203937007876
20
-4.6197745669291335
11
6.1378666141732285
21
-4.6179879921259843
0
LINE
8
BLACK
6
CONTINUOUS
10
6.1378666141732285
20
-4.6179879921259843
11
6.1409942125984252
21
-4.6148603937007877
0
LINE
8
BLACK
6
CONTINUOUS
10
6.1409942125984252
20
-4.6148603937007877
11
6.1427807874015743
21
-4.6108141732283467
0
LINE
8
BLACK
6
CONTINUOUS
10
6.1427807874015743
20
-4.6108141732283467
11
6.1428955511811019
21
-4.6098249606299211
0
LINE
8
BLACK
6
CONTINUOUS
10
6.1428955511811019
20
-4.6098249606299211
11
6.1428955118110231
21
-4.5462923228346455
0
LINE
8
BLACK
6
CONTINUOUS
10
6.1428955118110231
20
-4.5462923228346455
11
6.1428954724409444
21
-4.5462920472440942
0
LINE
8
BLACK
6
CONTINUOUS
10
6.1428954724409444
20
-4.5462920472440942
11
6.1427807874015743
21
-4.5453030708661419
0
LINE
8
BLACK
6
CONTINUOUS
10
6.1427807874015743
20
-4.5453030708661419
11
6.1409942125984252
21
-4.541256850393701
0
LINE
8
BLACK
6
CONTINUOUS
10
6.1409942125984252
20
-4.541256850393701
11
6.1409942125984252
21
-4.5412568110236222
0
LINE
8
BLACK
6
CONTINUOUS
10
6.1409942125984252
20
-4.5412568110236222
11
6.137866692913386
21
-4.5381292913385822
0
LINE
8
BLACK
6
CONTINUOUS
10
6.137866692913386
20
-4.5381292913385822
11
6.1378666141732285
21
-4.5381292519685035
0
LINE
8
BLACK
6
CONTINUOUS
10
6.1378666141732285
20
-4.5381292519685035
11
6.1338203149606301
21
-4.5363426377952756
0
LINE
8
BLACK
6
CONTINUOUS
10
6.1338203149606301
20
-4.5363426377952756
11
6.1338203543307088
21
-4.5363426377952756
0
LINE
8
BLACK
6
CONTINUOUS
10
6.1338203543307088
20
-4.5363426377952756
11
6.1328312992125982
21
-4.5362279133858268
0
LINE
8
BLACK
6
CONTINUOUS
10
6.1328312992125982
20
-4.5362279133858268
11
6.0692987007874013
21
-4.5362279133858268
0
LINE
8
BLACK
6
CONTINUOUS
10
6.0692987007874013
20
-4.5362279133858268
11
6.06929842519685
21
-4.5362279527559055
0
LINE
8
BLACK
6
CONTINUOUS
10
6.06929842519685
20
-4.5362279527559055
11
6.0683092913385828
21
-4.5363426377952756
0
LINE
8
BLACK
6
CONTINUOUS
10
6.0683092913385828
20
-4.5363426377952756
11
6.0683091338582678
21
-4.5363427165354331
0
LINE
8
BLACK
6
CONTINUOUS
10
6.0683091338582678
20
-4.5363427165354331
11
6.064263031496063
21
-4.5381292125984247
0
LINE
8
BLACK
6
CONTINUOUS
10
6.064263031496063
20
-4.5381292125984247
11
6.0611355118110231
21
-4.5412567322834647
0
LINE
8
BLACK
6
CONTINUOUS
10
6.0611355118110231
20
-4.5412567322834647
11
6.0611354724409443
21
-4.5412568110236222
0
LINE
8
BLACK
6
CONTINUOUS
10
6.0611354724409443
20
-4.5412568110236222
11
6.0593488582677164
21
-4.5453030708661419
0
LINE
8
BLACK
6
CONTINUOUS
10
6.0593488582677164
20
-4.5453030708661419
11
6.0592341338582676
21
-4.5462920472440942
0
LINE
8
BLACK
6
CONTINUOUS
10
6.0592341338582676
20
-4.5462920472440942
11
6.0592341338582676
21
-4.6098247244094486
0
LINE
8
BLACK
6
CONTINUOUS
10
6.1592341338582672
20
-4.6098247244094486
11
6.159234173228346
21
-4.6098249999999998
0
LINE
8
BLACK
6
CONTINUOUS
10
6.159234173228346
20
-4.6098249999999998
11
6.1593488582677161
21
-4.610814133858268
0
LINE
8
BLACK
6
CONTINUOUS
10
6.1593488582677161
20
-4.610814133858268
11
6.1593489370078736
21
-4.610814291338583
0
LINE
8
BLACK
6
CONTINUOUS
10
6.1593489370078736
20
-4.610814291338583
11
6.1611354330708661
21
-4.6148603937007877
0
LINE
8
BLACK
6
CONTINUOUS
10
6.1611354330708661
20
-4.6148603937007877
11
6.1642629527559052
21
-4.6179879133858268
0
LINE
8
BLACK
6
CONTINUOUS
10
6.1642629527559052
20
-4.6179879133858268
11
6.1642630314960627
21
-4.6179879527559056
0
LINE
8
BLACK
6
CONTINUOUS
10
6.1642630314960627
20
-4.6179879527559056
11
6.1642630708661414
21
-4.6179879921259843
0
LINE
8
BLACK
6
CONTINUOUS
10
6.1642630708661414
20
-4.6179879921259843
11
6.1683092913385824
21
-4.6197745669291335
0
LINE
8
BLACK
6
CONTINUOUS
10
6.1683092913385824
20
-4.6197745669291335
11
6.1692985039370081
21
-4.619889330708661
0
LINE
8
BLACK
6
CONTINUOUS
10
6.1692985039370081
20
-4.619889330708661
11
6.2328311417322837
21
-4.6198892913385823
0
LINE
8
BLACK
6
CONTINUOUS
10
6.2328311417322837
20
-4.6198892913385823
11
6.2338203937007872
21
-4.6197745669291335
0
LINE
8
BLACK
6
CONTINUOUS
10
6.2338203937007872
20
-4.6197745669291335
11
6.2378666141732282
21
-4.6179879921259843
0
LINE
8
BLACK
6
CONTINUOUS
10
6.2378666141732282
20
-4.6179879921259843
11
6.2409942125984248
21
-4.6148603937007877
0
LINE
8
BLACK
6
CONTINUOUS
10
6.2409942125984248
20
-4.6148603937007877
11
6.2427807874015748
21
-4.6108141732283467
0
LINE
8
BLACK
6
CONTINUOUS
10
6.2427807874015748
20
-4.6108141732283467
11
6.2428955511811024
21
-4.6098249606299211
0
LINE
8
BLACK
6
CONTINUOUS
10
6.2428955511811024
20
-4.6098249606299211
11
6.2428955118110236
21
-4.5462923228346455
0
LINE
8
BLACK
6
CONTINUOUS
10
6.2428955118110236
20
-4.5462923228346455
11
6.2427807874015748
21
-4.5453030708661419
0
LINE
8
BLACK
6
CONTINUOUS
10
6.2427807874015748
20
-4.5453030708661419
11
6.2409942125984248
21
-4.541256850393701
0
LINE
8
BLACK
6
CONTINUOUS
10
6.2409942125984248
20
-4.541256850393701
11
6.2409942125984248
21
-4.5412568110236222
0
LINE
8
BLACK
6
CONTINUOUS
10
6.2409942125984248
20
-4.5412568110236222
11
6.2378666929133857
21
-4.5381292913385822
0
LINE
8
BLACK
6
CONTINUOUS
10
6.2378666929133857
20
-4.5381292913385822
11
6.2378666141732282
21
-4.5381292519685035
0
LINE
8
BLACK
6
CONTINUOUS
10
6.2378666141732282
20
-4.5381292519685035
11
6.2338203149606297
21
-4.5363426377952756
0
LINE
8
BLACK
6
CONTINUOUS
10
6.2338203149606297
20
-4.5363426377952756
11
6.2338203543307085
21
-4.5363426377952756
0
LINE
8
BLACK
6
CONTINUOUS
10
6.2338203543307085
20
-4.5363426377952756
11
6.2328312992125987
21
-4.5362279133858268
0
LINE
8
BLACK
6
CONTINUOUS
10
6.2328312992125987
20
-4.5362279133858268
11
6.1692987007874018
21
-4.5362279133858268
0
LINE
8
BLACK
6
CONTINUOUS
10
6.1692987007874018
20
-4.5362279133858268
11
6.1692984251968506
21
-4.5362279527559055
0
LINE
8
BLACK
6
CONTINUOUS
10
6.1692984251968506
20
-4.5362279527559055
11
6.1683092913385824
21
-4.5363426377952756
0
LINE
8
BLACK
6
CONTINUOUS
10
6.1683092913385824
20
-4.5363426377952756
11
6.1683091338582674
21
-4.5363427165354331
0
LINE
8
BLACK
6
CONTINUOUS
10
6.1683091338582674
20
-4.5363427165354331
11
6.1642630314960627
21
-4.5381292125984247
0
LINE
8
BLACK
6
CONTINUOUS
10
6.1642630314960627
20
-4.5381292125984247
11
6.1611355118110236
21
-4.5412567322834647
0
LINE
8
BLACK
6
CONTINUOUS
10
6.1611355118110236
20
-4.5412567322834647
11
6.1611354724409448
21
-4.5412568110236222
0
LINE
8
BLACK
6
CONTINUOUS
10
6.1611354724409448
20
-4.5412568110236222
11
6.1593488582677161
21
-4.5453030708661419
0
LINE
8
BLACK
6
CONTINUOUS
10
6.1593488582677161
20
-4.5453030708661419
11
6.1592341338582672
21
-4.5462920472440942
0
LINE
8
BLACK
6
CONTINUOUS
10
6.1592341338582672
20
-4.5462920472440942
11
6.1592341338582672
21
-4.6098247244094486
0
LINE
8
BLACK
6
CONTINUOUS
10
5.2592341338582678
20
-4.5098247244094489
11
5.2592341732283465
21
-4.5098250000000002
0
LINE
8
BLACK
6
CONTINUOUS
10
5.2592341732283465
20
-4.5098250000000002
11
5.2593488582677166
21
-4.5108141338582675
0
LINE
8
BLACK
6
CONTINUOUS
10
5.2593488582677166
20
-4.5108141338582675
11
5.2593489370078741
21
-4.5108142913385825
0
LINE
8
BLACK
6
CONTINUOUS
10
5.2593489370078741
20
-4.5108142913385825
11
5.2611354330708657
21
-4.5148603937007872
0
LINE
8
BLACK
6
CONTINUOUS
10
5.2611354330708657
20
-4.5148603937007872
11
5.2642629527559057
21
-4.5179879133858263
0
LINE
8
BLACK
6
CONTINUOUS
10
5.2642629527559057
20
-4.5179879133858263
11
5.2642630314960632
21
-4.517987952755905
0
LINE
8
BLACK
6
CONTINUOUS
10
5.2642630314960632
20
-4.517987952755905
11
5.264263070866142
21
-4.5179879921259838
0
LINE
8
BLACK
6
CONTINUOUS
10
5.264263070866142
20
-4.5179879921259838
11
5.2683092913385829
21
-4.5197745669291338
0
LINE
8
BLACK
6
CONTINUOUS
10
5.2683092913385829
20
-4.5197745669291338
11
5.2692985039370077
21
-4.5198893307086614
0
LINE
8
BLACK
6
CONTINUOUS
10
5.2692985039370077
20
-4.5198893307086614
11
5.3328311417322833
21
-4.5198892913385826
0
LINE
8
BLACK
6
CONTINUOUS
10
5.3328311417322833
20
-4.5198892913385826
11
5.3338203937007869
21
-4.5197745669291338
0
LINE
8
BLACK
6
CONTINUOUS
10
5.3338203937007869
20
-4.5197745669291338
11
5.3378666141732278
21
-4.5179879921259838
0
LINE
8
BLACK
6
CONTINUOUS
10
5.3378666141732278
20
-4.5179879921259838
11
5.3409942125984253
21
-4.5148603937007872
0
LINE
8
BLACK
6
CONTINUOUS
10
5.3409942125984253
20
-4.5148603937007872
11
5.3427807874015745
21
-4.5108141732283462
0
LINE
8
BLACK
6
CONTINUOUS
10
5.3427807874015745
20
-4.5108141732283462
11
5.342895551181102
21
-4.5098249606299214
0
LINE
8
BLACK
6
CONTINUOUS
10
5.342895551181102
20
-4.5098249606299214
11
5.3428955118110233
21
-4.4462923228346458
0
LINE
8
BLACK
6
CONTINUOUS
10
5.3428955118110233
20
-4.4462923228346458
11
5.3428954724409445
21
-4.4462920472440945
0
LINE
8
BLACK
6
CONTINUOUS
10
5.3428954724409445
20
-4.4462920472440945
11
5.3427807874015745
21
-4.4453030708661414
0
LINE
8
BLACK
6
CONTINUOUS
10
5.3427807874015745
20
-4.4453030708661414
11
5.3417897637795271
21
-4.4430585826771649
0
LINE
8
BLACK
6
CONTINUOUS
10
5.3417897637795271
20
-4.4430585826771649
11
5.3409942125984253
21
-4.4412568110236217
0
LINE
8
BLACK
6
CONTINUOUS
10
5.3409942125984253
20
-4.4412568110236217
11
5.3378666929133853
21
-4.4381292913385826
0
LINE
8
BLACK
6
CONTINUOUS
10
5.3378666929133853
20
-4.4381292913385826
11
5.3378666141732278
21
-4.4381292519685038
0
LINE
8
BLACK
6
CONTINUOUS
10
5.3378666141732278
20
-4.4381292519685038
11
5.3338203149606294
21
-4.436342637795275
0
LINE
8
BLACK
6
CONTINUOUS
10
5.3338203149606294
20
-4.436342637795275
11
5.3338203543307081
21
-4.436342637795275
0
LINE
8
BLACK
6
CONTINUOUS
10
5.3338203543307081
20
-4.436342637795275
11
5.3328312992125984
21
-4.4362279133858262
0
LINE
8
BLACK
6
CONTINUOUS
10
5.3328312992125984
20
-4.4362279133858262
11
5.2692987007874015
21
-4.4362279133858262
0
LINE
8
BLACK
6
CONTINUOUS
10
5.2692987007874015
20
-4.4362279133858262
11
5.2692984251968502
21
-4.436227952755905
0
LINE
8
BLACK
6
CONTINUOUS
10
5.2692984251968502
20
-4.436227952755905
11
5.2683092913385829
21
-4.436342637795275
0
LINE
8
BLACK
6
CONTINUOUS
10
5.2683092913385829
20
-4.436342637795275
11
5.2683091338582679
21
-4.4363427165354326
0
LINE
8
BLACK
6
CONTINUOUS
10
5.2683091338582679
20
-4.4363427165354326
11
5.2642630314960632
21
-4.4381292125984251
0
LINE
8
BLACK
6
CONTINUOUS
10
5.2642630314960632
20
-4.4381292125984251
11
5.2611355118110232
21
-4.4412567322834642
0
LINE
8
BLACK
6
CONTINUOUS
10
5.2611355118110232
20
-4.4412567322834642
11
5.2611354724409445
21
-4.4412568110236217
0
LINE
8
BLACK
6
CONTINUOUS
10
5.2611354724409445
20
-4.4412568110236217
11
5.2593488582677166
21
-4.4453030708661414
0
LINE
8
BLACK
6
CONTINUOUS
10
5.2593488582677166
20
-4.4453030708661414
11
5.2592341338582678
21
-4.4462920472440945
0
LINE
8
BLACK
6
CONTINUOUS
10
5.2592341338582678
20
-4.4462920472440945
11
5.2592341338582678
21
-4.5098247244094489
0
LINE
8
BLACK
6
CONTINUOUS
10
5.3592341338582674
20
-4.5098247244094489
11
5.3592341732283462
21
-4.5098250000000002
0
LINE
8
BLACK
6
CONTINUOUS
10
5.3592341732283462
20
-4.5098250000000002
11
5.3593488582677162
21
-4.5108141338582675
0
LINE
8
BLACK
6
CONTINUOUS
10
5.3593488582677162
20
-4.5108141338582675
11
5.3593489370078737
21
-4.5108142913385825
0
LINE
8
BLACK
6
CONTINUOUS
10
5.3593489370078737
20
-4.5108142913385825
11
5.3611354330708663
21
-4.5148603937007872
0
LINE
8
BLACK
6
CONTINUOUS
10
5.3611354330708663
20
-4.5148603937007872
11
5.3642629527559054
21
-4.5179879133858263
0
LINE
8
BLACK
6
CONTINUOUS
10
5.3642629527559054
20
-4.5179879133858263
11
5.3642630314960629
21
-4.517987952755905
0
LINE
8
BLACK
6
CONTINUOUS
10
5.3642630314960629
20
-4.517987952755905
11
5.3642630708661416
21
-4.5179879921259838
0
LINE
8
BLACK
6
CONTINUOUS
10
5.3642630708661416
20
-4.5179879921259838
11
5.3683092913385826
21
-4.5197745669291338
0
LINE
8
BLACK
6
CONTINUOUS
10
5.3683092913385826
20
-4.5197745669291338
11
5.3692985039370074
21
-4.5198893307086614
0
LINE
8
BLACK
6
CONTINUOUS
10
5.3692985039370074
20
-4.5198893307086614
11
5.432831141732283
21
-4.5198892913385826
0
LINE
8
BLACK
6
CONTINUOUS
10
5.432831141732283
20
-4.5198892913385826
11
5.4338203937007874
21
-4.5197745669291338
0
LINE
8
BLACK
6
CONTINUOUS
10
5.4338203937007874
20
-4.5197745669291338
11
5.4378666141732284
21
-4.5179879921259838
0
LINE
8
BLACK
6
CONTINUOUS
10
5.4378666141732284
20
-4.5179879921259838
11
5.440994212598425
21
-4.5148603937007872
0
LINE
8
BLACK
6
CONTINUOUS
10
5.440994212598425
20
-4.5148603937007872
11
5.442780787401575
21
-4.5108141732283462
0
LINE
8
BLACK
6
CONTINUOUS
10
5.442780787401575
20
-4.5108141732283462
11
5.4428955511811026
21
-4.5098249606299214
0
LINE
8
BLACK
6
CONTINUOUS
10
5.4428955511811026
20
-4.5098249606299214
11
5.4428955118110238
21
-4.4462923228346458
0
LINE
8
BLACK
6
CONTINUOUS
10
5.4428955118110238
20
-4.4462923228346458
11
5.4428954724409451
21
-4.4462920472440945
0
LINE
8
BLACK
6
CONTINUOUS
10
5.4428954724409451
20
-4.4462920472440945
11
5.442780787401575
21
-4.4453030708661414
0
LINE
8
BLACK
6
CONTINUOUS
10
5.442780787401575
20
-4.4453030708661414
11
5.4417897637795276
21
-4.4430585826771649
0
LINE
8
BLACK
6
CONTINUOUS
10
5.4417897637795276
20
-4.4430585826771649
11
5.440994212598425
21
-4.4412568110236217
0
LINE
8
BLACK
6
CONTINUOUS
10
5.440994212598425
20
-4.4412568110236217
11
5.4378666929133859
21
-4.4381292913385826
0
LINE
8
BLACK
6
CONTINUOUS
10
5.4378666929133859
20
-4.4381292913385826
11
5.4378666141732284
21
-4.4381292519685038
0
LINE
8
BLACK
6
CONTINUOUS
10
5.4378666141732284
20
-4.4381292519685038
11
5.4338203149606299
21
-4.436342637795275
0
LINE
8
BLACK
6
CONTINUOUS
10
5.4338203149606299
20
-4.436342637795275
11
5.4338203543307086
21
-4.436342637795275
0
LINE
8
BLACK
6
CONTINUOUS
10
5.4338203543307086
20
-4.436342637795275
11
5.432831299212598
21
-4.4362279133858262
0
LINE
8
BLACK
6
CONTINUOUS
10
5.432831299212598
20
-4.4362279133858262
11
5.3692987007874011
21
-4.4362279133858262
0
LINE
8
BLACK
6
CONTINUOUS
10
5.3692987007874011
20
-4.4362279133858262
11
5.3692984251968499
21
-4.436227952755905
0
LINE
8
BLACK
6
CONTINUOUS
10
5.3692984251968499
20
-4.436227952755905
11
5.3683092913385826
21
-4.436342637795275
0
LINE
8
BLACK
6
CONTINUOUS
10
5.3683092913385826
20
-4.436342637795275
11
5.3683091338582676
21
-4.4363427165354326
0
LINE
8
BLACK
6
CONTINUOUS
10
5.3683091338582676
20
-4.4363427165354326
11
5.3642630314960629
21
-4.4381292125984251
0
LINE
8
BLACK
6
CONTINUOUS
10
5.3642630314960629
20
-4.4381292125984251
11
5.3611355118110238
21
-4.4412567322834642
0
LINE
8
BLACK
6
CONTINUOUS
10
5.3611355118110238
20
-4.4412567322834642
11
5.361135472440945
21
-4.4412568110236217
0
LINE
8
BLACK
6
CONTINUOUS
10
5.361135472440945
20
-4.4412568110236217
11
5.3593488582677162
21
-4.4453030708661414
0
LINE
8
BLACK
6
CONTINUOUS
10
5.3593488582677162
20
-4.4453030708661414
11
5.3592341338582674
21
-4.4462920472440945
0
LINE
8
BLACK
6
CONTINUOUS
10
5.3592341338582674
20
-4.4462920472440945
11
5.3592341338582674
21
-4.5098247244094489
0
LINE
8
BLACK
6
CONTINUOUS
10
5.4592341338582679
20
-4.5098247244094489
11
5.4592341732283467
21
-4.5098250000000002
0
LINE
8
BLACK
6
CONTINUOUS
10
5.4592341732283467
20
-4.5098250000000002
11
5.4593488582677168
21
-4.5108141338582675
0
LINE
8
BLACK
6
CONTINUOUS
10
5.4593488582677168
20
-4.5108141338582675
11
5.4593489370078743
21
-4.5108142913385825
0
LINE
8
BLACK
6
CONTINUOUS
10
5.4593489370078743
20
-4.5108142913385825
11
5.4611354330708659
21
-4.5148603937007872
0
LINE
8
BLACK
6
CONTINUOUS
10
5.4611354330708659
20
-4.5148603937007872
11
5.464262952755905
21
-4.5179879133858263
0
LINE
8
BLACK
6
CONTINUOUS
10
5.464262952755905
20
-4.5179879133858263
11
5.4642630314960625
21
-4.517987952755905
0
LINE
8
BLACK
6
CONTINUOUS
10
5.4642630314960625
20
-4.517987952755905
11
5.4642630708661413
21
-4.5179879921259838
0
LINE
8
BLACK
6
CONTINUOUS
10
5.4642630708661413
20
-4.5179879921259838
11
5.4683092913385822
21
-4.5197745669291338
0
LINE
8
BLACK
6
CONTINUOUS
10
5.4683092913385822
20
-4.5197745669291338
11
5.4692985039370079
21
-4.5198893307086614
0
LINE
8
BLACK
6
CONTINUOUS
10
5.4692985039370079
20
-4.5198893307086614
11
5.5328311417322835
21
-4.5198892913385826
0
LINE
8
BLACK
6
CONTINUOUS
10
5.5328311417322835
20
-4.5198892913385826
11
5.533820393700787
21
-4.5197745669291338
0
LINE
8
BLACK
6
CONTINUOUS
10
5.533820393700787
20
-4.5197745669291338
11
5.537866614173228
21
-4.5179879921259838
0
LINE
8
BLACK
6
CONTINUOUS
10
5.537866614173228
20
-4.5179879921259838
11
5.5409942125984255
21
-4.5148603937007872
0
LINE
8
BLACK
6
CONTINUOUS
10
5.5409942125984255
20
-4.5148603937007872
11
5.5427807874015746
21
-4.5108141732283462
0
LINE
8
BLACK
6
CONTINUOUS
10
5.5427807874015746
20
-4.5108141732283462
11
5.5428955511811022
21
-4.5098249606299214
0
LINE
8
BLACK
6
CONTINUOUS
10
5.5428955511811022
20
-4.5098249606299214
11
5.5428955118110235
21
-4.4462923228346458
0
LINE
8
BLACK
6
CONTINUOUS
10
5.5428955118110235
20
-4.4462923228346458
11
5.5427807874015746
21
-4.4453030708661414
0
LINE
8
BLACK
6
CONTINUOUS
10
5.5427807874015746
20
-4.4453030708661414
11
5.5417897637795273
21
-4.4430585826771649
0
LINE
8
BLACK
6
CONTINUOUS
10
5.5417897637795273
20
-4.4430585826771649
11
5.5409942125984255
21
-4.4412568110236217
0
LINE
8
BLACK
6
CONTINUOUS
10
5.5409942125984255
20
-4.4412568110236217
11
5.5378666929133855
21
-4.4381292913385826
0
LINE
8
BLACK
6
CONTINUOUS
10
5.5378666929133855
20
-4.4381292913385826
11
5.537866614173228
21
-4.4381292519685038
0
LINE
8
BLACK
6
CONTINUOUS
10
5.537866614173228
20
-4.4381292519685038
11
5.5338203149606295
21
-4.436342637795275
0
LINE
8
BLACK
6
CONTINUOUS
10
5.5338203149606295
20
-4.436342637795275
11
5.5338203543307083
21
-4.436342637795275
0
LINE
8
BLACK
6
CONTINUOUS
10
5.5338203543307083
20
-4.436342637795275
11
5.5328312992125985
21
-4.4362279133858262
0
LINE
8
BLACK
6
CONTINUOUS
10
5.5328312992125985
20
-4.4362279133858262
11
5.4692987007874017
21
-4.4362279133858262
0
LINE
8
BLACK
6
CONTINUOUS
10
5.4692987007874017
20
-4.4362279133858262
11
5.4692984251968504
21
-4.436227952755905
0
LINE
8
BLACK
6
CONTINUOUS
10
5.4692984251968504
20
-4.436227952755905
11
5.4683092913385822
21
-4.436342637795275
0
LINE
8
BLACK
6
CONTINUOUS
10
5.4683092913385822
20
-4.436342637795275
11
5.4683091338582672
21
-4.4363427165354326
0
LINE
8
BLACK
6
CONTINUOUS
10
5.4683091338582672
20
-4.4363427165354326
11
5.4642630314960625
21
-4.4381292125984251
0
LINE
8
BLACK
6
CONTINUOUS
10
5.4642630314960625
20
-4.4381292125984251
11
5.4611355118110234
21
-4.4412567322834642
0
LINE
8
BLACK
6
CONTINUOUS
10
5.4611355118110234
20
-4.4412567322834642
11
5.4611354724409447
21
-4.4412568110236217
0
LINE
8
BLACK
6
CONTINUOUS
10
5.4611354724409447
20
-4.4412568110236217
11
5.4593488582677168
21
-4.4453030708661414
0
LINE
8
BLACK
6
CONTINUOUS
10
5.4593488582677168
20
-4.4453030708661414
11
5.4592341338582679
21
-4.4462920472440945
0
LINE
8
BLACK
6
CONTINUOUS
10
5.4592341338582679
20
-4.4462920472440945
11
5.4592341338582679
21
-4.5098247244094489
0
LINE
8
BLACK
6
CONTINUOUS
10
5.8592341338582674
20
-4.5098247244094489
11
5.8592341732283462
21
-4.5098250000000002
0
LINE
8
BLACK
6
CONTINUOUS
10
5.8592341732283462
20
-4.5098250000000002
11
5.8593488582677162
21
-4.5108141338582675
0
LINE
8
BLACK
6
CONTINUOUS
10
5.8593488582677162
20
-4.5108141338582675
11
5.8593489370078737
21
-4.5108142913385825
0
LINE
8
BLACK
6
CONTINUOUS
10
5.8593489370078737
20
-4.5108142913385825
11
5.8611354330708663
21
-4.5148603937007872
0
LINE
8
BLACK
6
CONTINUOUS
10
5.8611354330708663
20
-4.5148603937007872
11
5.8642629527559054
21
-4.5179879133858263
0
LINE
8
BLACK
6
CONTINUOUS
10
5.8642629527559054
20
-4.5179879133858263
11
5.8642630314960629
21
-4.517987952755905
0
LINE
8
BLACK
6
CONTINUOUS
10
5.8642630314960629
20
-4.517987952755905
11
5.8642630708661416
21
-4.5179879921259838
0
LINE
8
BLACK
6
CONTINUOUS
10
5.8642630708661416
20
-4.5179879921259838
11
5.8683092913385826
21
-4.5197745669291338
0
LINE
8
BLACK
6
CONTINUOUS
10
5.8683092913385826
20
-4.5197745669291338
11
5.8692985039370074
21
-4.5198893307086614
0
LINE
8
BLACK
6
CONTINUOUS
10
5.8692985039370074
20
-4.5198893307086614
11
5.932831141732283
21
-4.5198892913385826
0
LINE
8
BLACK
6
CONTINUOUS
10
5.932831141732283
20
-4.5198892913385826
11
5.9338203937007874
21
-4.5197745669291338
0
LINE
8
BLACK
6
CONTINUOUS
10
5.9338203937007874
20
-4.5197745669291338
11
5.9378666141732284
21
-4.5179879921259838
0
LINE
8
BLACK
6
CONTINUOUS
10
5.9378666141732284
20
-4.5179879921259838
11
5.940994212598425
21
-4.5148603937007872
0
LINE
8
BLACK
6
CONTINUOUS
10
5.940994212598425
20
-4.5148603937007872
11
5.942780787401575
21
-4.5108141732283462
0
LINE
8
BLACK
6
CONTINUOUS
10
5.942780787401575
20
-4.5108141732283462
11
5.9428955511811026
21
-4.5098249606299214
0
LINE
8
BLACK
6
CONTINUOUS
10
5.9428955511811026
20
-4.5098249606299214
11
5.9428955118110238
21
-4.4462923228346458
0
LINE
8
BLACK
6
CONTINUOUS
10
5.9428955118110238
20
-4.4462923228346458
11
5.9428954724409451
21
-4.4462920472440945
0
LINE
8
BLACK
6
CONTINUOUS
10
5.9428954724409451
20
-4.4462920472440945
11
5.942780787401575
21
-4.4453030708661414
0
LINE
8
BLACK
6
CONTINUOUS
10
5.942780787401575
20
-4.4453030708661414
11
5.9417897637795276
21
-4.4430585826771649
0
LINE
8
BLACK
6
CONTINUOUS
10
5.9417897637795276
20
-4.4430585826771649
11
5.940994212598425
21
-4.4412568110236217
0
LINE
8
BLACK
6
CONTINUOUS
10
5.940994212598425
20
-4.4412568110236217
11
5.9378666929133859
21
-4.4381292913385826
0
LINE
8
BLACK
6
CONTINUOUS
10
5.9378666929133859
20
-4.4381292913385826
11
5.9378666141732284
21
-4.4381292519685038
0
LINE
8
BLACK
6
CONTINUOUS
10
5.9378666141732284
20
-4.4381292519685038
11
5.9338203149606299
21
-4.436342637795275
0
LINE
8
BLACK
6
CONTINUOUS
10
5.9338203149606299
20
-4.436342637795275
11
5.9338203543307086
21
-4.436342637795275
0
LINE
8
BLACK
6
CONTINUOUS
10
5.9338203543307086
20
-4.436342637795275
11
5.932831299212598
21
-4.4362279133858262
0
LINE
8
BLACK
6
CONTINUOUS
10
5.932831299212598
20
-4.4362279133858262
11
5.8692987007874011
21
-4.4362279133858262
0
LINE
8
BLACK
6
CONTINUOUS
10
5.8692987007874011
20
-4.4362279133858262
11
5.8692984251968499
21
-4.436227952755905
0
LINE
8
BLACK
6
CONTINUOUS
10
5.8692984251968499
20
-4.436227952755905
11
5.8683092913385826
21
-4.436342637795275
0
LINE
8
BLACK
6
CONTINUOUS
10
5.8683092913385826
20
-4.436342637795275
11
5.8683091338582676
21
-4.4363427165354326
0
LINE
8
BLACK
6
CONTINUOUS
10
5.8683091338582676
20
-4.4363427165354326
11
5.8642630314960629
21
-4.4381292125984251
0
LINE
8
BLACK
6
CONTINUOUS
10
5.8642630314960629
20
-4.4381292125984251
11
5.8611355118110238
21
-4.4412567322834642
0
LINE
8
BLACK
6
CONTINUOUS
10
5.8611355118110238
20
-4.4412567322834642
11
5.861135472440945
21
-4.4412568110236217
0
LINE
8
BLACK
6
CONTINUOUS
10
5.861135472440945
20
-4.4412568110236217
11
5.8593488582677162
21
-4.4453030708661414
0
LINE
8
BLACK
6
CONTINUOUS
10
5.8593488582677162
20
-4.4453030708661414
11
5.8592341338582674
21
-4.4462920472440945
0
LINE
8
BLACK
6
CONTINUOUS
10
5.8592341338582674
20
-4.4462920472440945
11
5.8592341338582674
21
-4.5098247244094489
0
LINE
8
BLACK
6
CONTINUOUS
10
5.9592341338582679
20
-4.5098247244094489
11
5.9592341732283467
21
-4.5098250000000002
0
LINE
8
BLACK
6
CONTINUOUS
10
5.9592341732283467
20
-4.5098250000000002
11
5.9593488582677168
21
-4.5108141338582675
0
LINE
8
BLACK
6
CONTINUOUS
10
5.9593488582677168
20
-4.5108141338582675
11
5.9593489370078743
21
-4.5108142913385825
0
LINE
8
BLACK
6
CONTINUOUS
10
5.9593489370078743
20
-4.5108142913385825
11
5.9611354330708659
21
-4.5148603937007872
0
LINE
8
BLACK
6
CONTINUOUS
10
5.9611354330708659
20
-4.5148603937007872
11
5.964262952755905
21
-4.5179879133858263
0
LINE
8
BLACK
6
CONTINUOUS
10
5.964262952755905
20
-4.5179879133858263
11
5.9642630314960625
21
-4.517987952755905
0
LINE
8
BLACK
6
CONTINUOUS
10
5.9642630314960625
20
-4.517987952755905
11
5.9642630708661413
21
-4.5179879921259838
0
LINE
8
BLACK
6
CONTINUOUS
10
5.9642630708661413
20
-4.5179879921259838
11
5.9683092913385822
21
-4.5197745669291338
0
LINE
8
BLACK
6
CONTINUOUS
10
5.9683092913385822
20
-4.5197745669291338
11
5.9692985039370079
21
-4.5198893307086614
0
LINE
8
BLACK
6
CONTINUOUS
10
5.9692985039370079
20
-4.5198893307086614
11
6.0328311417322835
21
-4.5198892913385826
0
LINE
8
BLACK
6
CONTINUOUS
10
6.0328311417322835
20
-4.5198892913385826
11
6.033820393700787
21
-4.5197745669291338
0
LINE
8
BLACK
6
CONTINUOUS
10
6.033820393700787
20
-4.5197745669291338
11
6.037866614173228
21
-4.5179879921259838
0
LINE
8
BLACK
6
CONTINUOUS
10
6.037866614173228
20
-4.5179879921259838
11
6.0409942125984246
21
-4.5148603937007872
0
LINE
8
BLACK
6
CONTINUOUS
10
6.0409942125984246
20
-4.5148603937007872
11
6.0427807874015746
21
-4.5108141732283462
0
LINE
8
BLACK
6
CONTINUOUS
10
6.0427807874015746
20
-4.5108141732283462
11
6.0428955511811022
21
-4.5098249606299214
0
LINE
8
BLACK
6
CONTINUOUS
10
6.0428955511811022
20
-4.5098249606299214
11
6.0428955118110235
21
-4.4462923228346458
0
LINE
8
BLACK
6
CONTINUOUS
10
6.0428955118110235
20
-4.4462923228346458
11
6.0428954724409447
21
-4.4462920472440945
0
LINE
8
BLACK
6
CONTINUOUS
10
6.0428954724409447
20
-4.4462920472440945
11
6.0427807874015746
21
-4.4453030708661414
0
LINE
8
BLACK
6
CONTINUOUS
10
6.0427807874015746
20
-4.4453030708661414
11
6.0417897637795273
21
-4.4430585826771649
0
LINE
8
BLACK
6
CONTINUOUS
10
6.0417897637795273
20
-4.4430585826771649
11
6.0409942125984246
21
-4.4412568110236217
0
LINE
8
BLACK
6
CONTINUOUS
10
6.0409942125984246
20
-4.4412568110236217
11
6.0378666929133855
21
-4.4381292913385826
0
LINE
8
BLACK
6
CONTINUOUS
10
6.0378666929133855
20
-4.4381292913385826
11
6.037866614173228
21
-4.4381292519685038
0
LINE
8
BLACK
6
CONTINUOUS
10
6.037866614173228
20
-4.4381292519685038
11
6.0338203149606295
21
-4.436342637795275
0
LINE
8
BLACK
6
CONTINUOUS
10
6.0338203149606295
20
-4.436342637795275
11
6.0338203543307083
21
-4.436342637795275
0
LINE
8
BLACK
6
CONTINUOUS
10
6.0338203543307083
20
-4.436342637795275
11
6.0328312992125985
21
-4.4362279133858262
0
LINE
8
BLACK
6
CONTINUOUS
10
6.0328312992125985
20
-4.4362279133858262
11
5.9692987007874017
21
-4.4362279133858262
0
LINE
8
BLACK
6
CONTINUOUS
10
5.9692987007874017
20
-4.4362279133858262
11
5.9692984251968504
21
-4.436227952755905
0
LINE
8
BLACK
6
CONTINUOUS
10
5.9692984251968504
20
-4.436227952755905
11
5.9683092913385822
21
-4.436342637795275
0
LINE
8
BLACK
6
CONTINUOUS
10
5.9683092913385822
20
-4.436342637795275
11
5.9683091338582672
21
-4.4363427165354326
0
LINE
8
BLACK
6
CONTINUOUS
10
5.9683091338582672
20
-4.4363427165354326
11
5.9642630314960625
21
-4.4381292125984251
0
LINE
8
BLACK
6
CONTINUOUS
10
5.9642630314960625
20
-4.4381292125984251
11
5.9611355118110234
21
-4.4412567322834642
0
LINE
8
BLACK
6
CONTINUOUS
10
5.9611355118110234
20
-4.4412567322834642
11
5.9611354724409447
21
-4.4412568110236217
0
LINE
8
BLACK
6
CONTINUOUS
10
5.9611354724409447
20
-4.4412568110236217
11
5.9593488582677168
21
-4.4453030708661414
0
LINE
8
BLACK
6
CONTINUOUS
10
5.9593488582677168
20
-4.4453030708661414
11
5.9592341338582679
21
-4.4462920472440945
0
LINE
8
BLACK
6
CONTINUOUS
10
5.9592341338582679
20
-4.4462920472440945
11
5.9592341338582679
21
-4.5098247244094489
0
LINE
8
BLACK
6
CONTINUOUS
10
6.0592341338582676
20
-4.5098247244094489
11
6.0592341732283463
21
-4.5098250000000002
0
LINE
8
BLACK
6
CONTINUOUS
10
6.0592341732283463
20
-4.5098250000000002
11
6.0593488582677164
21
-4.5108141338582675
0
LINE
8
BLACK
6
CONTINUOUS
10
6.0593488582677164
20
-4.5108141338582675
11
6.0593489370078739
21
-4.5108142913385825
0
LINE
8
BLACK
6
CONTINUOUS
10
6.0593489370078739
20
-4.5108142913385825
11
6.0611354330708664
21
-4.5148603937007872
0
LINE
8
BLACK
6
CONTINUOUS
10
6.0611354330708664
20
-4.5148603937007872
11
6.0642629527559055
21
-4.5179879133858263
0
LINE
8
BLACK
6
CONTINUOUS
10
6.0642629527559055
20
-4.5179879133858263
11
6.064263031496063
21
-4.517987952755905
0
LINE
8
BLACK
6
CONTINUOUS
10
6.064263031496063
20
-4.517987952755905
11
6.0642630708661418
21
-4.5179879921259838
0
LINE
8
BLACK
6
CONTINUOUS
10
6.0642630708661418
20
-4.5179879921259838
11
6.0683092913385828
21
-4.5197745669291338
0
LINE
8
BLACK
6
CONTINUOUS
10
6.0683092913385828
20
-4.5197745669291338
11
6.0692985039370075
21
-4.5198893307086614
0
LINE
8
BLACK
6
CONTINUOUS
10
6.0692985039370075
20
-4.5198893307086614
11
6.1328311417322832
21
-4.5198892913385826
0
LINE
8
BLACK
6
CONTINUOUS
10
6.1328311417322832
20
-4.5198892913385826
11
6.1338203937007876
21
-4.5197745669291338
0
LINE
8
BLACK
6
CONTINUOUS
10
6.1338203937007876
20
-4.5197745669291338
11
6.1378666141732285
21
-4.5179879921259838
0
LINE
8
BLACK
6
CONTINUOUS
10
6.1378666141732285
20
-4.5179879921259838
11
6.1409942125984252
21
-4.5148603937007872
0
LINE
8
BLACK
6
CONTINUOUS
10
6.1409942125984252
20
-4.5148603937007872
11
6.1427807874015743
21
-4.5108141732283462
0
LINE
8
BLACK
6
CONTINUOUS
10
6.1427807874015743
20
-4.5108141732283462
11
6.1428955511811019
21
-4.5098249606299214
0
LINE
8
BLACK
6
CONTINUOUS
10
6.1428955511811019
20
-4.5098249606299214
11
6.1428955118110231
21
-4.4462923228346458
0
LINE
8
BLACK
6
CONTINUOUS
10
6.1428955118110231
20
-4.4462923228346458
11
6.1428954724409444
21
-4.4462920472440945
0
LINE
8
BLACK
6
CONTINUOUS
10
6.1428954724409444
20
-4.4462920472440945
11
6.1427807874015743
21
-4.4453030708661414
0
LINE
8
BLACK
6
CONTINUOUS
10
6.1427807874015743
20
-4.4453030708661414
11
6.1417897637795278
21
-4.4430585826771649
0
LINE
8
BLACK
6
CONTINUOUS
10
6.1417897637795278
20
-4.4430585826771649
11
6.1409942125984252
21
-4.4412568110236217
0
LINE
8
BLACK
6
CONTINUOUS
10
6.1409942125984252
20
-4.4412568110236217
11
6.137866692913386
21
-4.4381292913385826
0
LINE
8
BLACK
6
CONTINUOUS
10
6.137866692913386
20
-4.4381292913385826
11
6.1378666141732285
21
-4.4381292519685038
0
LINE
8
BLACK
6
CONTINUOUS
10
6.1378666141732285
20
-4.4381292519685038
11
6.1338203149606301
21
-4.436342637795275
0
LINE
8
BLACK
6
CONTINUOUS
10
6.1338203149606301
20
-4.436342637795275
11
6.1338203543307088
21
-4.436342637795275
0
LINE
8
BLACK
6
CONTINUOUS
10
6.1338203543307088
20
-4.436342637795275
11
6.1328312992125982
21
-4.4362279133858262
0
LINE
8
BLACK
6
CONTINUOUS
10
6.1328312992125982
20
-4.4362279133858262
11
6.0692987007874013
21
-4.4362279133858262
0
LINE
8
BLACK
6
CONTINUOUS
10
6.0692987007874013
20
-4.4362279133858262
11
6.06929842519685
21
-4.436227952755905
0
LINE
8
BLACK
6
CONTINUOUS
10
6.06929842519685
20
-4.436227952755905
11
6.0683092913385828
21
-4.436342637795275
0
LINE
8
BLACK
6
CONTINUOUS
10
6.0683092913385828
20
-4.436342637795275
11
6.0683091338582678
21
-4.4363427165354326
0
LINE
8
BLACK
6
CONTINUOUS
10
6.0683091338582678
20
-4.4363427165354326
11
6.064263031496063
21
-4.4381292125984251
0
LINE
8
BLACK
6
CONTINUOUS
10
6.064263031496063
20
-4.4381292125984251
11
6.0611355118110231
21
-4.4412567322834642
0
LINE
8
BLACK
6
CONTINUOUS
10
6.0611355118110231
20
-4.4412567322834642
11
6.0611354724409443
21
-4.4412568110236217
0
LINE
8
BLACK
6
CONTINUOUS
10
6.0611354724409443
20
-4.4412568110236217
11
6.0593488582677164
21
-4.4453030708661414
0
LINE
8
BLACK
6
CONTINUOUS
10
6.0593488582677164
20
-4.4453030708661414
11
6.0592341338582676
21
-4.4462920472440945
0
LINE
8
BLACK
6
CONTINUOUS
10
6.0592341338582676
20
-4.4462920472440945
11
6.0592341338582676
21
-4.5098247244094489
0
LINE
8
BLACK
6
CONTINUOUS
10
6.1592341338582672
20
-4.5098247244094489
11
6.159234173228346
21
-4.5098250000000002
0
LINE
8
BLACK
6
CONTINUOUS
10
6.159234173228346
20
-4.5098250000000002
11
6.1593488582677161
21
-4.5108141338582675
0
LINE
8
BLACK
6
CONTINUOUS
10
6.1593488582677161
20
-4.5108141338582675
11
6.1593489370078736
21
-4.5108142913385825
0
LINE
8
BLACK
6
CONTINUOUS
10
6.1593489370078736
20
-4.5108142913385825
11
6.1611354330708661
21
-4.5148603937007872
0
LINE
8
BLACK
6
CONTINUOUS
10
6.1611354330708661
20
-4.5148603937007872
11
6.1642629527559052
21
-4.5179879133858263
0
LINE
8
BLACK
6
CONTINUOUS
10
6.1642629527559052
20
-4.5179879133858263
11
6.1642630314960627
21
-4.517987952755905
0
LINE
8
BLACK
6
CONTINUOUS
10
6.1642630314960627
20
-4.517987952755905
11
6.1642630708661414
21
-4.5179879921259838
0
LINE
8
BLACK
6
CONTINUOUS
10
6.1642630708661414
20
-4.5179879921259838
11
6.1683092913385824
21
-4.5197745669291338
0
LINE
8
BLACK
6
CONTINUOUS
10
6.1683092913385824
20
-4.5197745669291338
11
6.1692985039370081
21
-4.5198893307086614
0
LINE
8
BLACK
6
CONTINUOUS
10
6.1692985039370081
20
-4.5198893307086614
11
6.2328311417322837
21
-4.5198892913385826
0
LINE
8
BLACK
6
CONTINUOUS
10
6.2328311417322837
20
-4.5198892913385826
11
6.2338203937007872
21
-4.5197745669291338
0
LINE
8
BLACK
6
CONTINUOUS
10
6.2338203937007872
20
-4.5197745669291338
11
6.2378666141732282
21
-4.5179879921259838
0
LINE
8
BLACK
6
CONTINUOUS
10
6.2378666141732282
20
-4.5179879921259838
11
6.2409942125984248
21
-4.5148603937007872
0
LINE
8
BLACK
6
CONTINUOUS
10
6.2409942125984248
20
-4.5148603937007872
11
6.2427807874015748
21
-4.5108141732283462
0
LINE
8
BLACK
6
CONTINUOUS
10
6.2427807874015748
20
-4.5108141732283462
11
6.2428955511811024
21
-4.5098249606299214
0
LINE
8
BLACK
6
CONTINUOUS
10
6.2428955511811024
20
-4.5098249606299214
11
6.2428955118110236
21
-4.4462923228346458
0
LINE
8
BLACK
6
CONTINUOUS
10
6.2428955118110236
20
-4.4462923228346458
11
6.2427807874015748
21
-4.4453030708661414
0
LINE
8
BLACK
6
CONTINUOUS
10
6.2427807874015748
20
-4.4453030708661414
11
6.2417897637795274
21
-4.4430585826771649
0
LINE
8
BLACK
6
CONTINUOUS
10
6.2417897637795274
20
-4.4430585826771649
11
6.2409942125984248
21
-4.4412568110236217
0
LINE
8
BLACK
6
CONTINUOUS
10
6.2409942125984248
20
-4.4412568110236217
11
6.2378666929133857
21
-4.4381292913385826
0
LINE
8
BLACK
6
CONTINUOUS
10
6.2378666929133857
20
-4.4381292913385826
11
6.2378666141732282
21
-4.4381292519685038
0
LINE
8
BLACK
6
CONTINUOUS
10
6.2378666141732282
20
-4.4381292519685038
11
6.2338203149606297
21
-4.436342637795275
0
LINE
8
BLACK
6
CONTINUOUS
10
6.2338203149606297
20
-4.436342637795275
11
6.2338203543307085
21
-4.436342637795275
0
LINE
8
BLACK
6
CONTINUOUS
10
6.2338203543307085
20
-4.436342637795275
11
6.2328312992125987
21
-4.4362279133858262
0
LINE
8
BLACK
6
CONTINUOUS
10
6.2328312992125987
20
-4.4362279133858262
11
6.1692987007874018
21
-4.4362279133858262
0
LINE
8
BLACK
6
CONTINUOUS
10
6.1692987007874018
20
-4.4362279133858262
11
6.1692984251968506
21
-4.436227952755905
0
LINE
8
BLACK
6
CONTINUOUS
10
6.1692984251968506
20
-4.436227952755905
11
6.1683092913385824
21
-4.436342637795275
0
LINE
8
BLACK
6
CONTINUOUS
10
6.1683092913385824
20
-4.436342637795275
11
6.1683091338582674
21
-4.4363427165354326
0
LINE
8
BLACK
6
CONTINUOUS
10
6.1683091338582674
20
-4.4363427165354326
11
6.1642630314960627
21
-4.4381292125984251
0
LINE
8
BLACK
6
CONTINUOUS
10
6.1642630314960627
20
-4.4381292125984251
11
6.1611355118110236
21
-4.4412567322834642
0
LINE
8
BLACK
6
CONTINUOUS
10
6.1611355118110236
20
-4.4412567322834642
11
6.1611354724409448
21
-4.4412568110236217
0
LINE
8
BLACK
6
CONTINUOUS
10
6.1611354724409448
20
-4.4412568110236217
11
6.1593488582677161
21
-4.4453030708661414
0
LINE
8
BLACK
6
CONTINUOUS
10
6.1593488582677161
20
-4.4453030708661414
11
6.1592341338582672
21
-4.4462920472440945
0
LINE
8
BLACK
6
CONTINUOUS
10
6.1592341338582672
20
-4.4462920472440945
11
6.1592341338582672
21
-4.5098247244094489
0
LINE
8
BLACK
6
CONTINUOUS
10
4.8760648425196846
20
-4.4030586220472436
11
4.8760648425196846
21
-4.4249718897637793
0
LINE
8
BLACK
6
CONTINUOUS
10
4.8760648425196846
20
-4.4249718897637793
11
4.8763209448818898
21
-4.427353622047244
0
LINE
8
BLACK
6
CONTINUOUS
10
4.8763209448818898
20
-4.427353622047244
11
4.8783307874015751
21
-4.4327422440944879
0
LINE
8
BLACK
6
CONTINUOUS
10
4.8783307874015751
20
-4.4327422440944879
11
4.8783307874015751
21
-4.4327422834645667
0
LINE
8
BLACK
6
CONTINUOUS
10
4.8783307874015751
20
-4.4327422834645667
11
4.8817772440944882
21
-4.4373461811023622
0
LINE
8
BLACK
6
CONTINUOUS
10
4.8817772440944882
20
-4.4373461811023622
11
4.8863811417322838
21
-4.4407926377952753
0
LINE
8
BLACK
6
CONTINUOUS
10
4.8863811417322838
20
-4.4407926377952753
11
4.8917698031496064
21
-4.4428024803149606
0
LINE
8
BLACK
6
CONTINUOUS
10
4.8917698031496064
20
-4.4428024803149606
11
4.8941515354330711
21
-4.4430585826771649
0
LINE
8
BLACK
6
CONTINUOUS
10
4.8941515354330711
20
-4.4430585826771649
11
4.894152047244094
21
-4.4430586220472437
0
LINE
8
BLACK
6
CONTINUOUS
10
4.894152047244094
20
-4.4430586220472437
11
4.9160648425196847
21
-4.4430586220472437
0
LINE
8
BLACK
6
CONTINUOUS
10
4.9160648425196847
20
-4.4430586220472437
11
4.9160648425196847
21
-4.4230586220472441
0
LINE
8
BLACK
6
CONTINUOUS
10
4.9160648425196847
20
-4.4230586220472441
11
4.8960648425196851
21
-4.4230586220472441
0
LINE
8
BLACK
6
CONTINUOUS
10
4.8960648425196851
20
-4.4230586220472441
11
4.8960648425196851
21
-4.4030586220472436
0
LINE
8
BLACK
6
CONTINUOUS
10
4.8960648425196851
20
-4.4030586220472436
11
4.8760648425196846
21
-4.4030586220472436
0
LINE
8
BLACK
6
CONTINUOUS
10
4.9560648425196847
20
-4.4030586220472436
11
4.9560648425196847
21
-4.4230586220472441
0
LINE
8
BLACK
6
CONTINUOUS
10
4.9560648425196847
20
-4.4230586220472441
11
4.9360648425196851
21
-4.4230586220472441
0
LINE
8
BLACK
6
CONTINUOUS
10
4.9360648425196851
20
-4.4230586220472441
11
4.9360648425196851
21
-4.4430586220472437
0
LINE
8
BLACK
6
CONTINUOUS
10
4.9360648425196851
20
-4.4430586220472437
11
4.9579776377952758
21
-4.4430586220472437
0
LINE
8
BLACK
6
CONTINUOUS
10
4.9579776377952758
20
-4.4430586220472437
11
4.9579781102362199
21
-4.4430585826771649
0
LINE
8
BLACK
6
CONTINUOUS
10
4.9579781102362199
20
-4.4430585826771649
11
4.9603598425196846
21
-4.4428024803149606
0
LINE
8
BLACK
6
CONTINUOUS
10
4.9603598425196846
20
-4.4428024803149606
11
4.9657484645669294
21
-4.4407926377952753
0
LINE
8
BLACK
6
CONTINUOUS
10
4.9657484645669294
20
-4.4407926377952753
11
4.9657485039370082
21
-4.4407926377952753
0
LINE
8
BLACK
6
CONTINUOUS
10
4.9657485039370082
20
-4.4407926377952753
11
4.9703524015748028
21
-4.4373461811023622
0
LINE
8
BLACK
6
CONTINUOUS
10
4.9703524015748028
20
-4.4373461811023622
11
4.9720936614173228
21
-4.4350201574803148
0
LINE
8
BLACK
6
CONTINUOUS
10
4.9720936614173228
20
-4.4350201574803148
11
4.9743312992125981
21
-4.4333450787401576
0
LINE
8
BLACK
6
CONTINUOUS
10
4.9743312992125981
20
-4.4333450787401576
11
4.9771192913385827
21
-4.4331457086614172
0
LINE
8
BLACK
6
CONTINUOUS
10
4.9771192913385827
20
-4.4331457086614172
11
4.9795725590551179
21
-4.4344852755905508
0
LINE
8
BLACK
6
CONTINUOUS
10
4.9795725590551179
20
-4.4344852755905508
11
4.9800360236220476
21
-4.4350201574803148
0
LINE
8
BLACK
6
CONTINUOUS
10
4.9800360236220476
20
-4.4350201574803148
11
4.9817772440944879
21
-4.4373461811023622
0
LINE
8
BLACK
6
CONTINUOUS
10
4.9817772440944879
20
-4.4373461811023622
11
4.9863811417322834
21
-4.4407926377952753
0
LINE
8
BLACK
6
CONTINUOUS
10
4.9863811417322834
20
-4.4407926377952753
11
4.9917698031496061
21
-4.4428024803149606
0
LINE
8
BLACK
6
CONTINUOUS
10
4.9917698031496061
20
-4.4428024803149606
11
4.9941515354330708
21
-4.4430585826771649
0
LINE
8
BLACK
6
CONTINUOUS
10
4.9941515354330708
20
-4.4430585826771649
11
4.9941520472440946
21
-4.4430586220472437
0
LINE
8
BLACK
6
CONTINUOUS
10
4.9941520472440946
20
-4.4430586220472437
11
5.0160648425196852
21
-4.4430586220472437
0
LINE
8
BLACK
6
CONTINUOUS
10
5.0160648425196852
20
-4.4430586220472437
11
5.0160648425196852
21
-4.4230586220472441
0
LINE
8
BLACK
6
CONTINUOUS
10
5.0160648425196852
20
-4.4230586220472441
11
4.9960648425196847
21
-4.4230586220472441
0
LINE
8
BLACK
6
CONTINUOUS
10
4.9960648425196847
20
-4.4230586220472441
11
4.9960648425196847
21
-4.4030586220472436
0
LINE
8
BLACK
6
CONTINUOUS
10
4.9960648425196847
20
-4.4030586220472436
11
4.9560648425196847
21
-4.4030586220472436
0
LINE
8
BLACK
6
CONTINUOUS
10
5.0560648425196852
20
-4.4230586220472441
11
5.0360648425196848
21
-4.4230586220472441
0
LINE
8
BLACK
6
CONTINUOUS
10
5.0360648425196848
20
-4.4230586220472441
11
5.0360648425196848
21
-4.4430586220472437
0
LINE
8
BLACK
6
CONTINUOUS
10
5.0360648425196848
20
-4.4430586220472437
11
5.0579776377952754
21
-4.4430586220472437
0
LINE
8
BLACK
6
CONTINUOUS
10
5.0579776377952754
20
-4.4430586220472437
11
5.0579781102362205
21
-4.4430585826771649
0
LINE
8
BLACK
6
CONTINUOUS
10
5.0579781102362205
20
-4.4430585826771649
11
5.0603598425196852
21
-4.4428024803149606
0
LINE
8
BLACK
6
CONTINUOUS
10
5.0603598425196852
20
-4.4428024803149606
11
5.0657484645669291
21
-4.4407926377952753
0
LINE
8
BLACK
6
CONTINUOUS
10
5.0657484645669291
20
-4.4407926377952753
11
5.0657485039370078
21
-4.4407926377952753
0
LINE
8
BLACK
6
CONTINUOUS
10
5.0657485039370078
20
-4.4407926377952753
11
5.0703524015748034
21
-4.4373461811023622
0
LINE
8
BLACK
6
CONTINUOUS
10
5.0703524015748034
20
-4.4373461811023622
11
5.0737988582677165
21
-4.4327422834645667
0
LINE
8
BLACK
6
CONTINUOUS
10
5.0737988582677165
20
-4.4327422834645667
11
5.0737988582677165
21
-4.4327422440944879
0
LINE
8
BLACK
6
CONTINUOUS
10
5.0737988582677165
20
-4.4327422440944879
11
5.0758087007874018
21
-4.427353622047244
0
LINE
8
BLACK
6
CONTINUOUS
10
5.0758087007874018
20
-4.427353622047244
11
5.0760648031496061
21
-4.4249718897637793
0
LINE
8
BLACK
6
CONTINUOUS
10
5.0760648031496061
20
-4.4249718897637793
11
5.0760648425196848
21
-4.4249714173228343
0
LINE
8
BLACK
6
CONTINUOUS
10
5.0760648425196848
20
-4.4249714173228343
11
5.0760648425196848
21
-4.4030586220472436
0
LINE
8
BLACK
6
CONTINUOUS
10
5.0760648425196848
20
-4.4030586220472436
11
5.0560648425196852
21
-4.4030586220472436
0
LINE
8
BLACK
6
CONTINUOUS
10
5.0560648425196852
20
-4.4030586220472436
11
5.0560648425196852
21
-4.4230586220472441
0
LINE
8
BLACK
6
CONTINUOUS
10
4.9560648425196847
20
-4.2030586220472443
11
4.9560648425196847
21
-4.2230586220472439
0
LINE
8
BLACK
6
CONTINUOUS
10
4.9560648425196847
20
-4.2230586220472439
11
4.8960648425196851
21
-4.2230586220472439
0
LINE
8
BLACK
6
CONTINUOUS
10
4.8960648425196851
20
-4.2230586220472439
11
4.8960648425196851
21
-4.2030586220472443
0
LINE
8
BLACK
6
CONTINUOUS
10
4.8960648425196851
20
-4.2030586220472443
11
4.8760648425196846
21
-4.2030586220472443
0
LINE
8
BLACK
6
CONTINUOUS
10
4.8760648425196846
20
-4.2030586220472443
11
4.8760648425196846
21
-4.2249718897637791
0
LINE
8
BLACK
6
CONTINUOUS
10
4.8760648425196846
20
-4.2249718897637791
11
4.8763209448818898
21
-4.2273536220472439
0
LINE
8
BLACK
6
CONTINUOUS
10
4.8763209448818898
20
-4.2273536220472439
11
4.8783307874015751
21
-4.2327422440944877
0
LINE
8
BLACK
6
CONTINUOUS
10
4.8783307874015751
20
-4.2327422440944877
11
4.8783307874015751
21
-4.2327422834645665
0
LINE
8
BLACK
6
CONTINUOUS
10
4.8783307874015751
20
-4.2327422834645665
11
4.8817772440944882
21
-4.2373461811023621
0
LINE
8
BLACK
6
CONTINUOUS
10
4.8817772440944882
20
-4.2373461811023621
11
4.8863811417322838
21
-4.2407926377952752
0
LINE
8
BLACK
6
CONTINUOUS
10
4.8863811417322838
20
-4.2407926377952752
11
4.8916651968503935
21
-4.242763464566929
0
LINE
8
BLACK
6
CONTINUOUS
10
4.8916651968503935
20
-4.242763464566929
11
4.8939028346456688
21
-4.2444385433070861
0
LINE
8
BLACK
6
CONTINUOUS
10
4.8939028346456688
20
-4.2444385433070861
11
4.8948796456692909
21
-4.2470574409448814
0
LINE
8
BLACK
6
CONTINUOUS
10
4.8948796456692909
20
-4.2470574409448814
11
4.8942855118110238
21
-4.2497887007874011
0
LINE
8
BLACK
6
CONTINUOUS
10
4.8942855118110238
20
-4.2497887007874011
11
4.8923090551181101
21
-4.2517651574803148
0
LINE
8
BLACK
6
CONTINUOUS
10
4.8923090551181101
20
-4.2517651574803148
11
4.8919353937007877
21
-4.2519492913385823
0
LINE
8
BLACK
6
CONTINUOUS
10
4.8919353937007877
20
-4.2519492913385823
11
4.8892629921259845
21
-4.2531292519685042
0
LINE
8
BLACK
6
CONTINUOUS
10
4.8892629921259845
20
-4.2531292519685042
11
4.8861355118110232
21
-4.2562567322834646
0
LINE
8
BLACK
6
CONTINUOUS
10
4.8861355118110232
20
-4.2562567322834646
11
4.8861354724409445
21
-4.2562568110236221
0
LINE
8
BLACK
6
CONTINUOUS
10
4.8861354724409445
20
-4.2562568110236221
11
4.8843488582677166
21
-4.2603030708661418
0
LINE
8
BLACK
6
CONTINUOUS
10
4.8843488582677166
20
-4.2603030708661418
11
4.8842341338582678
21
-4.2612920472440941
0
LINE
8
BLACK
6
CONTINUOUS
10
4.8842341338582678
20
-4.2612920472440941
11
4.8842341338582678
21
-4.3248247244094484
0
LINE
8
BLACK
6
CONTINUOUS
10
4.8842341338582678
20
-4.3248247244094484
11
4.8842341732283465
21
-4.3248249999999997
0
LINE
8
BLACK
6
CONTINUOUS
10
4.8842341732283465
20
-4.3248249999999997
11
4.8843488582677166
21
-4.3258141338582679
0
LINE
8
BLACK
6
CONTINUOUS
10
4.8843488582677166
20
-4.3258141338582679
11
4.8843489370078741
21
-4.3258142913385829
0
LINE
8
BLACK
6
CONTINUOUS
10
4.8843489370078741
20
-4.3258142913385829
11
4.8861354330708657
21
-4.3298603937007876
0
LINE
8
BLACK
6
CONTINUOUS
10
4.8861354330708657
20
-4.3298603937007876
11
4.8892629527559057
21
-4.3329879133858267
0
LINE
8
BLACK
6
CONTINUOUS
10
4.8892629527559057
20
-4.3329879133858267
11
4.8892630314960632
21
-4.3329879527559054
0
LINE
8
BLACK
6
CONTINUOUS
10
4.8892630314960632
20
-4.3329879527559054
11
4.889263070866142
21
-4.3329879921259842
0
LINE
8
BLACK
6
CONTINUOUS
10
4.889263070866142
20
-4.3329879921259842
11
4.8919353543307089
21
-4.3341679133858264
0
LINE
8
BLACK
6
CONTINUOUS
10
4.8919353543307089
20
-4.3341679133858264
11
4.894070669291338
21
-4.3359715748031498
0
LINE
8
BLACK
6
CONTINUOUS
10
4.894070669291338
20
-4.3359715748031498
11
4.8948918897637794
21
-4.3386433464566929
0
LINE
8
BLACK
6
CONTINUOUS
10
4.8948918897637794
20
-4.3386433464566929
11
4.894138267716535
21
-4.3413349606299212
0
LINE
8
BLACK
6
CONTINUOUS
10
4.894138267716535
20
-4.3413349606299212
11
4.8920490944881889
21
-4.3431918897637791
0
LINE
8
BLACK
6
CONTINUOUS
10
4.8920490944881889
20
-4.3431918897637791
11
4.8916652362204722
21
-4.3433537401574807
0
LINE
8
BLACK
6
CONTINUOUS
10
4.8916652362204722
20
-4.3433537401574807
11
4.886381102362205
21
-4.3453246062992124
0
LINE
8
BLACK
6
CONTINUOUS
10
4.886381102362205
20
-4.3453246062992124
11
4.8817772440944882
21
-4.3487710236220467
0
LINE
8
BLACK
6
CONTINUOUS
10
4.8817772440944882
20
-4.3487710236220467
11
4.8783307874015751
21
-4.3533749212598423
0
LINE
8
BLACK
6
CONTINUOUS
10
4.8783307874015751
20
-4.3533749212598423
11
4.8783307874015751
21
-4.353374960629921
0
LINE
8
BLACK
6
CONTINUOUS
10
4.8783307874015751
20
-4.353374960629921
11
4.8763209448818898
21
-4.3587635826771649
0
LINE
8
BLACK
6
CONTINUOUS
10
4.8763209448818898
20
-4.3587635826771649
11
4.8760648425196846
21
-4.3611453149606296
0
LINE
8
BLACK
6
CONTINUOUS
10
4.8760648425196846
20
-4.3611453149606296
11
4.8760648425196846
21
-4.3830586220472441
0
LINE
8
BLACK
6
CONTINUOUS
10
4.8760648425196846
20
-4.3830586220472441
11
4.8960648425196851
21
-4.3830586220472441
0
LINE
8
BLACK
6
CONTINUOUS
10
4.8960648425196851
20
-4.3830586220472441
11
4.8960648425196851
21
-4.3630586220472436
0
LINE
8
BLACK
6
CONTINUOUS
10
4.8960648425196851
20
-4.3630586220472436
11
4.9560648425196847
21
-4.3630586220472436
0
LINE
8
BLACK
6
CONTINUOUS
10
4.9560648425196847
20
-4.3630586220472436
11
4.9560648425196847
21
-4.3830586220472441
0
LINE
8
BLACK
6
CONTINUOUS
10
4.9560648425196847
20
-4.3830586220472441
11
4.9960648425196847
21
-4.3830586220472441
0
LINE
8
BLACK
6
CONTINUOUS
10
4.9960648425196847
20
-4.3830586220472441
11
4.9960648425196847
21
-4.3630586220472436
0
LINE
8
BLACK
6
CONTINUOUS
10
4.9960648425196847
20
-4.3630586220472436
11
5.0560648425196852
21
-4.3630586220472436
0
LINE
8
BLACK
6
CONTINUOUS
10
5.0560648425196852
20
-4.3630586220472436
11
5.0560648425196852
21
-4.3830586220472441
0
LINE
8
BLACK
6
CONTINUOUS
10
5.0560648425196852
20
-4.3830586220472441
11
5.0760648425196848
21
-4.3830586220472441
0
LINE
8
BLACK
6
CONTINUOUS
10
5.0760648425196848
20
-4.3830586220472441
11
5.0760648425196848
21
-4.3611457874015747
0
LINE
8
BLACK
6
CONTINUOUS
10
5.0760648425196848
20
-4.3611457874015747
11
5.0760648031496061
21
-4.3611453149606296
0
LINE
8
BLACK
6
CONTINUOUS
10
5.0760648031496061
20
-4.3611453149606296
11
5.0758087007874018
21
-4.3587635826771649
0
LINE
8
BLACK
6
CONTINUOUS
10
5.0758087007874018
20
-4.3587635826771649
11
5.0737988582677165
21
-4.353374960629921
0
LINE
8
BLACK
6
CONTINUOUS
10
5.0737988582677165
20
-4.353374960629921
11
5.0737988582677165
21
-4.3533749212598423
0
LINE
8
BLACK
6
CONTINUOUS
10
5.0737988582677165
20
-4.3533749212598423
11
5.0703524015748034
21
-4.3487710236220467
0
LINE
8
BLACK
6
CONTINUOUS
10
5.0703524015748034
20
-4.3487710236220467
11
5.0657485433070866
21
-4.3453246062992124
0
LINE
8
BLACK
6
CONTINUOUS
10
5.0657485433070866
20
-4.3453246062992124
11
5.0604644094488185
21
-4.3433537401574807
0
LINE
8
BLACK
6
CONTINUOUS
10
5.0604644094488185
20
-4.3433537401574807
11
5.0582268110236219
21
-4.3416786614173226
0
LINE
8
BLACK
6
CONTINUOUS
10
5.0582268110236219
20
-4.3416786614173226
11
5.0572499999999998
21
-4.3390597637795274
0
LINE
8
BLACK
6
CONTINUOUS
10
5.0572499999999998
20
-4.3390597637795274
11
5.0578441338582678
21
-4.3363285039370076
0
LINE
8
BLACK
6
CONTINUOUS
10
5.0578441338582678
20
-4.3363285039370076
11
5.0598206299212594
21
-4.3343520078740161
0
LINE
8
BLACK
6
CONTINUOUS
10
5.0598206299212594
20
-4.3343520078740161
11
5.0601943307086614
21
-4.3341679133858264
0
LINE
8
BLACK
6
CONTINUOUS
10
5.0601943307086614
20
-4.3341679133858264
11
5.0628665354330709
21
-4.3329880314960629
0
LINE
8
BLACK
6
CONTINUOUS
10
5.0628665354330709
20
-4.3329880314960629
11
5.0628665354330709
21
-4.3329879921259842
0
LINE
8
BLACK
6
CONTINUOUS
10
5.0628665354330709
20
-4.3329879921259842
11
5.0628666141732284
21
-4.3329879921259842
0
LINE
8
BLACK
6
CONTINUOUS
10
5.0628666141732284
20
-4.3329879921259842
11
5.065994212598425
21
-4.3298603937007876
0
LINE
8
BLACK
6
CONTINUOUS
10
5.065994212598425
20
-4.3298603937007876
11
5.067780787401575
21
-4.3258141732283466
0
LINE
8
BLACK
6
CONTINUOUS
10
5.067780787401575
20
-4.3258141732283466
11
5.0678955511811026
21
-4.3248249606299209
0
LINE
8
BLACK
6
CONTINUOUS
10
5.0678955511811026
20
-4.3248249606299209
11
5.0678955118110238
21
-4.2612923228346453
0
LINE
8
BLACK
6
CONTINUOUS
10
5.0678955118110238
20
-4.2612923228346453
11
5.067780787401575
21
-4.2603030708661418
0
LINE
8
BLACK
6
CONTINUOUS
10
5.067780787401575
20
-4.2603030708661418
11
5.0660932283464568
21
-4.2564810629921261
0
LINE
8
BLACK
6
CONTINUOUS
10
5.0660932283464568
20
-4.2564810629921261
11
5.065994212598425
21
-4.2562568110236221
0
LINE
8
BLACK
6
CONTINUOUS
10
5.065994212598425
20
-4.2562568110236221
11
5.0628666141732284
21
-4.2531292125984255
0
LINE
8
BLACK
6
CONTINUOUS
10
5.0628666141732284
20
-4.2531292125984255
11
5.0601942913385827
21
-4.2519492913385823
0
LINE
8
BLACK
6
CONTINUOUS
10
5.0601942913385827
20
-4.2519492913385823
11
5.0580589763779527
21
-4.2501456299212599
0
LINE
8
BLACK
6
CONTINUOUS
10
5.0580589763779527
20
-4.2501456299212599
11
5.0572377559055113
21
-4.247473818897638
0
LINE
8
BLACK
6
CONTINUOUS
10
5.0572377559055113
20
-4.247473818897638
11
5.0579913779527557
21
-4.2447822047244097
0
LINE
8
BLACK
6
CONTINUOUS
10
5.0579913779527557
20
-4.2447822047244097
11
5.0600805905511814
21
-4.2429253149606296
0
LINE
8
BLACK
6
CONTINUOUS
10
5.0600805905511814
20
-4.2429253149606296
11
5.0604644488188972
21
-4.242763464566929
0
LINE
8
BLACK
6
CONTINUOUS
10
5.0604644488188972
20
-4.242763464566929
11
5.0657485039370078
21
-4.2407926377952752
0
LINE
8
BLACK
6
CONTINUOUS
10
5.0657485039370078
20
-4.2407926377952752
11
5.0703524015748034
21
-4.2373461811023621
0
LINE
8
BLACK
6
CONTINUOUS
10
5.0703524015748034
20
-4.2373461811023621
11
5.0737988582677165
21
-4.2327422834645665
0
LINE
8
BLACK
6
CONTINUOUS
10
5.0737988582677165
20
-4.2327422834645665
11
5.0737988582677165
21
-4.2327422440944877
0
LINE
8
BLACK
6
CONTINUOUS
10
5.0737988582677165
20
-4.2327422440944877
11
5.0758087007874018
21
-4.2273536220472439
0
LINE
8
BLACK
6
CONTINUOUS
10
5.0758087007874018
20
-4.2273536220472439
11
5.0760648031496061
21
-4.2249718897637791
0
LINE
8
BLACK
6
CONTINUOUS
10
5.0760648031496061
20
-4.2249718897637791
11
5.0760648425196848
21
-4.224971417322835
0
LINE
8
BLACK
6
CONTINUOUS
10
5.0760648425196848
20
-4.224971417322835
11
5.0760648425196848
21
-4.2030586220472443
0
LINE
8
BLACK
6
CONTINUOUS
10
5.0760648425196848
20
-4.2030586220472443
11
5.0560648425196852
21
-4.2030586220472443
0
LINE
8
BLACK
6
CONTINUOUS
10
5.0560648425196852
20
-4.2030586220472443
11
5.0560648425196852
21
-4.2230586220472439
0
LINE
8
BLACK
6
CONTINUOUS
10
5.0560648425196852
20
-4.2230586220472439
11
4.9960648425196847
21
-4.2230586220472439
0
LINE
8
BLACK
6
CONTINUOUS
10
4.9960648425196847
20
-4.2230586220472439
11
4.9960648425196847
21
-4.2030586220472443
0
LINE
8
BLACK
6
CONTINUOUS
10
4.9960648425196847
20
-4.2030586220472443
11
4.9560648425196847
21
-4.2030586220472443
0
LINE
8
BLACK
6
CONTINUOUS
10
6.9526396456692909
20
-4.3490875196850389
11
6.9442430708661416
21
-4.3530029133858266
0
LINE
8
BLACK
6
CONTINUOUS
10
6.9442430708661416
20
-4.3530029133858266
11
6.9352941732283462
21
-4.3554007480314958
0
LINE
8
BLACK
6
CONTINUOUS
10
6.9352941732283462
20
-4.3554007480314958
11
6.9260648425196845
21
-4.3562082283464569
0
LINE
8
BLACK
6
CONTINUOUS
10
6.9260648425196845
20
-4.3562082283464569
11
6.9168355118110236
21
-4.3554007480314958
0
LINE
8
BLACK
6
CONTINUOUS
10
6.9168355118110236
20
-4.3554007480314958
11
6.9078866141732282
21
-4.3530029133858266
0
LINE
8
BLACK
6
CONTINUOUS
10
6.9078866141732282
20
-4.3530029133858266
11
6.8994900393700789
21
-4.3490875196850389
0
LINE
8
BLACK
6
CONTINUOUS
10
6.8994900393700789
20
-4.3490875196850389
11
6.8963656692913382
21
-4.346899803149606
0
LINE
8
BLACK
6
CONTINUOUS
10
6.8963656692913382
20
-4.346899803149606
11
6.8818960629921255
21
-4.3613694488188974
0
LINE
8
BLACK
6
CONTINUOUS
10
6.8818960629921255
20
-4.3613694488188974
11
6.8864161417322833
21
-4.364753188976378
0
LINE
8
BLACK
6
CONTINUOUS
10
6.8864161417322833
20
-4.364753188976378
11
6.8955996850393699
21
-4.3697677559055119
0
LINE
8
BLACK
6
CONTINUOUS
10
6.8955996850393699
20
-4.3697677559055119
11
6.9054036614173224
21
-4.3734244488188976
0
LINE
8
BLACK
6
CONTINUOUS
10
6.9054036614173224
20
-4.3734244488188976
11
6.91562811023622
21
-4.3756486220472439
0
LINE
8
BLACK
6
CONTINUOUS
10
6.91562811023622
20
-4.3756486220472439
11
6.9260648425196845
21
-4.3763950393700783
0
LINE
8
BLACK
6
CONTINUOUS
10
6.9260648425196845
20
-4.3763950393700783
11
6.936501535433071
21
-4.3756486220472439
0
LINE
8
BLACK
6
CONTINUOUS
10
6.936501535433071
20
-4.3756486220472439
11
6.9467259842519686
21
-4.3734244488188976
0
LINE
8
BLACK
6
CONTINUOUS
10
6.9467259842519686
20
-4.3734244488188976
11
6.9565299606299211
21
-4.3697677559055119
0
LINE
8
BLACK
6
CONTINUOUS
10
6.9565299606299211
20
-4.3697677559055119
11
6.9657137007874015
21
-4.3647530708661417
0
LINE
8
BLACK
6
CONTINUOUS
10
6.9657137007874015
20
-4.3647530708661417
11
6.970233503937008
21
-4.3613694881889762
0
LINE
8
BLACK
6
CONTINUOUS
10
6.970233503937008
20
-4.3613694881889762
11
6.9702335433070868
21
-4.3613694094488187
0
LINE
8
BLACK
6
CONTINUOUS
10
6.9702335433070868
20
-4.3613694094488187
11
6.9557639370078741
21
-4.346899803149606
0
LINE
8
BLACK
6
CONTINUOUS
10
6.9557639370078741
20
-4.346899803149606
11
6.9526396456692909
21
-4.3490875196850389
0
LINE
8
BLACK
6
CONTINUOUS
10
7.1526396456692911
20
-4.3490875196850389
11
7.1442430708661417
21
-4.3530029133858266
0
LINE
8
BLACK
6
CONTINUOUS
10
7.1442430708661417
20
-4.3530029133858266
11
7.1352941732283464
21
-4.3554007480314958
0
LINE
8
BLACK
6
CONTINUOUS
10
7.1352941732283464
20
-4.3554007480314958
11
7.1260648425196846
21
-4.3562082283464569
0
LINE
8
BLACK
6
CONTINUOUS
10
7.1260648425196846
20
-4.3562082283464569
11
7.1168355118110238
21
-4.3554007480314958
0
LINE
8
BLACK
6
CONTINUOUS
10
7.1168355118110238
20
-4.3554007480314958
11
7.1078866141732284
21
-4.3530029133858266
0
LINE
8
BLACK
6
CONTINUOUS
10
7.1078866141732284
20
-4.3530029133858266
11
7.0994900393700782
21
-4.3490875196850389
0
LINE
8
BLACK
6
CONTINUOUS
10
7.0994900393700782
20
-4.3490875196850389
11
7.0963656692913384
21
-4.346899803149606
0
LINE
8
BLACK
6
CONTINUOUS
10
7.0963656692913384
20
-4.346899803149606
11
7.0818960629921257
21
-4.3613694488188974
0
LINE
8
BLACK
6
CONTINUOUS
10
7.0818960629921257
20
-4.3613694488188974
11
7.0864161417322835
21
-4.364753188976378
0
LINE
8
BLACK
6
CONTINUOUS
10
7.0864161417322835
20
-4.364753188976378
11
7.0955996850393701
21
-4.3697677559055119
0
LINE
8
BLACK
6
CONTINUOUS
10
7.0955996850393701
20
-4.3697677559055119
11
7.1054036614173226
21
-4.3734244488188976
0
LINE
8
BLACK
6
CONTINUOUS
10
7.1054036614173226
20
-4.3734244488188976
11
7.1156281102362202
21
-4.3756486220472439
0
LINE
8
BLACK
6
CONTINUOUS
10
7.1156281102362202
20
-4.3756486220472439
11
7.1260648425196846
21
-4.3763950393700783
0
LINE
8
BLACK
6
CONTINUOUS
10
7.1260648425196846
20
-4.3763950393700783
11
7.1365015354330703
21
-4.3756486220472439
0
LINE
8
BLACK
6
CONTINUOUS
10
7.1365015354330703
20
-4.3756486220472439
11
7.1467259842519679
21
-4.3734244488188976
0
LINE
8
BLACK
6
CONTINUOUS
10
7.1467259842519679
20
-4.3734244488188976
11
7.1565299606299213
21
-4.3697677559055119
0
LINE
8
BLACK
6
CONTINUOUS
10
7.1565299606299213
20
-4.3697677559055119
11
7.1657137007874017
21
-4.3647530708661417
0
LINE
8
BLACK
6
CONTINUOUS
10
7.1657137007874017
20
-4.3647530708661417
11
7.1702335039370073
21
-4.3613694881889762
0
LINE
8
BLACK
6
CONTINUOUS
10
7.1702335039370073
20
-4.3613694881889762
11
7.1702335433070861
21
-4.3613694094488187
0
LINE
8
BLACK
6
CONTINUOUS
10
7.1702335433070861
20
-4.3613694094488187
11
7.1557639370078743
21
-4.346899803149606
0
LINE
8
BLACK
6
CONTINUOUS
10
7.1557639370078743
20
-4.346899803149606
11
7.1526396456692911
21
-4.3490875196850389
0
LINE
8
BLACK
6
CONTINUOUS
10
6.8677539370078735
20
-4.2588898818897638
11
6.8643702755905514
21
-4.2634099212598429
0
LINE
8
BLACK
6
CONTINUOUS
10
6.8643702755905514
20
-4.2634099212598429
11
6.8593556692913387
21
-4.2725934645669295
0
LINE
8
BLACK
6
CONTINUOUS
10
6.8593556692913387
20
-4.2725934645669295
11
6.855698976377953
21
-4.282397440944882
0
LINE
8
BLACK
6
CONTINUOUS
10
6.855698976377953
20
-4.282397440944882
11
6.8534748031496058
21
-4.2926218897637796
0
LINE
8
BLACK
6
CONTINUOUS
10
6.8534748031496058
20
-4.2926218897637796
11
6.8527283858267714
21
-4.303058622047244
0
LINE
8
BLACK
6
CONTINUOUS
10
6.8527283858267714
20
-4.303058622047244
11
6.8534748031496058
21
-4.3134953149606297
0
LINE
8
BLACK
6
CONTINUOUS
10
6.8534748031496058
20
-4.3134953149606297
11
6.855698976377953
21
-4.3237197637795273
0
LINE
8
BLACK
6
CONTINUOUS
10
6.855698976377953
20
-4.3237197637795273
11
6.8593556692913387
21
-4.3335237401574807
0
LINE
8
BLACK
6
CONTINUOUS
10
6.8593556692913387
20
-4.3335237401574807
11
6.8643702755905514
21
-4.3427072834645672
0
LINE
8
BLACK
6
CONTINUOUS
10
6.8643702755905514
20
-4.3427072834645672
11
6.8677539370078735
21
-4.3472272834645667
0
LINE
8
BLACK
6
CONTINUOUS
10
6.8677539370078735
20
-4.3472272834645667
11
6.8677539370078735
21
-4.3472273228346454
0
LINE
8
BLACK
6
CONTINUOUS
10
6.8677539370078735
20
-4.3472273228346454
11
6.8822235433070862
21
-4.3327576377952752
0
LINE
8
BLACK
6
CONTINUOUS
10
6.8822235433070862
20
-4.3327576377952752
11
6.8800359448818895
21
-4.3296334251968505
0
LINE
8
BLACK
6
CONTINUOUS
10
6.8800359448818895
20
-4.3296334251968505
11
6.8761205511811019
21
-4.3212368503937011
0
LINE
8
BLACK
6
CONTINUOUS
10
6.8761205511811019
20
-4.3212368503937011
11
6.8737227165354327
21
-4.3122879527559057
0
LINE
8
BLACK
6
CONTINUOUS
10
6.8737227165354327
20
-4.3122879527559057
11
6.8729152362204724
21
-4.303058622047244
0
LINE
8
BLACK
6
CONTINUOUS
10
6.8729152362204724
20
-4.303058622047244
11
6.8737227165354327
21
-4.2938292913385823
0
LINE
8
BLACK
6
CONTINUOUS
10
6.8737227165354327
20
-4.2938292913385823
11
6.8761205511811019
21
-4.2848803937007869
0
LINE
8
BLACK
6
CONTINUOUS
10
6.8761205511811019
20
-4.2848803937007869
11
6.8800359448818895
21
-4.2764838188976375
0
LINE
8
BLACK
6
CONTINUOUS
10
6.8800359448818895
20
-4.2764838188976375
11
6.8822235826771649
21
-4.2733594881889765
0
LINE
8
BLACK
6
CONTINUOUS
10
6.8822235826771649
20
-4.2733594881889765
11
6.8677539370078735
21
-4.2588898425196851
0
LINE
8
BLACK
6
CONTINUOUS
10
6.8677539370078735
20
-4.2588898425196851
11
6.8677539370078735
21
-4.2588898818897638
0
LINE
8
BLACK
6
CONTINUOUS
10
7.0677539370078737
20
-4.0588898818897636
11
7.0643702755905506
21
-4.0634099212598427
0
LINE
8
BLACK
6
CONTINUOUS
10
7.0643702755905506
20
-4.0634099212598427
11
7.0593556692913388
21
-4.0725934645669293
0
LINE
8
BLACK
6
CONTINUOUS
10
7.0593556692913388
20
-4.0725934645669293
11
7.0556989763779523
21
-4.0823974409448818
0
LINE
8
BLACK
6
CONTINUOUS
10
7.0556989763779523
20
-4.0823974409448818
11
7.053474803149606
21
-4.0926218897637794
0
LINE
8
BLACK
6
CONTINUOUS
10
7.053474803149606
20
-4.0926218897637794
11
7.0527283858267715
21
-4.1030586220472438
0
LINE
8
BLACK
6
CONTINUOUS
10
7.0527283858267715
20
-4.1030586220472438
11
7.053474803149606
21
-4.1134953149606295
0
LINE
8
BLACK
6
CONTINUOUS
10
7.053474803149606
20
-4.1134953149606295
11
7.0556989763779523
21
-4.1237197637795271
0
LINE
8
BLACK
6
CONTINUOUS
10
7.0556989763779523
20
-4.1237197637795271
11
7.0593556692913388
21
-4.1335237401574805
0
LINE
8
BLACK
6
CONTINUOUS
10
7.0593556692913388
20
-4.1335237401574805
11
7.0643703543307081
21
-4.1427074409448821
0
LINE
8
BLACK
6
CONTINUOUS
10
7.0643703543307081
20
-4.1427074409448821
11
7.0657634251968506
21
-4.1445683858267719
0
LINE
8
BLACK
6
CONTINUOUS
10
7.0657634251968506
20
-4.1445683858267719
11
7.0667402362204719
21
-4.1471872834645671
0
LINE
8
BLACK
6
CONTINUOUS
10
7.0667402362204719
20
-4.1471872834645671
11
7.0661461023622048
21
-4.1499185433070869
0
LINE
8
BLACK
6
CONTINUOUS
10
7.0661461023622048
20
-4.1499185433070869
11
7.0641696062992123
21
-4.1518950393700784
0
LINE
8
BLACK
6
CONTINUOUS
10
7.0641696062992123
20
-4.1518950393700784
11
7.0614383464566925
21
-4.1524891732283464
0
LINE
8
BLACK
6
CONTINUOUS
10
7.0614383464566925
20
-4.1524891732283464
11
7.0592003543307085
21
-4.1517708267716538
0
LINE
8
BLACK
6
CONTINUOUS
10
7.0592003543307085
20
-4.1517708267716538
11
7.0538636220472437
21
-4.1485004724409444
0
LINE
8
BLACK
6
CONTINUOUS
10
7.0538636220472437
20
-4.1485004724409444
11
7.0449865748031497
21
-4.1448235039370074
0
LINE
8
BLACK
6
CONTINUOUS
10
7.0449865748031497
20
-4.1448235039370074
11
7.0449864960629922
21
-4.1448234645669286
0
LINE
8
BLACK
6
CONTINUOUS
10
7.0449864960629922
20
-4.1448234645669286
11
7.0449864566929135
21
-4.1448234645669286
0
LINE
8
BLACK
6
CONTINUOUS
10
7.0449864566929135
20
-4.1448234645669286
11
7.0399585433070868
21
-4.1436163385826772
0
LINE
8
BLACK
6
CONTINUOUS
10
7.0399585433070868
20
-4.1436163385826772
11
7.035643661417323
21
-4.142580433070866
0
LINE
8
BLACK
6
CONTINUOUS
10
7.035643661417323
20
-4.142580433070866
11
7.0356437007874018
21
-4.142580433070866
0
LINE
8
BLACK
6
CONTINUOUS
10
7.0356437007874018
20
-4.142580433070866
11
7.026064842519685
21
-4.1418265748031491
0
LINE
8
BLACK
6
CONTINUOUS
10
7.026064842519685
20
-4.1418265748031491
11
7.0164859842519682
21
-4.142580433070866
0
LINE
8
BLACK
6
CONTINUOUS
10
7.0164859842519682
20
-4.142580433070866
11
7.0071431889763778
21
-4.1448234645669286
0
LINE
8
BLACK
6
CONTINUOUS
10
7.0071431889763778
20
-4.1448234645669286
11
6.99826594488189
21
-4.1485005118110232
0
LINE
8
BLACK
6
CONTINUOUS
10
6.99826594488189
20
-4.1485005118110232
11
6.9929292913385828
21
-4.1517708267716538
0
LINE
8
BLACK
6
CONTINUOUS
10
6.9929292913385828
20
-4.1517708267716538
11
6.9902311417322833
21
-4.1525006692913387
0
LINE
8
BLACK
6
CONTINUOUS
10
6.9902311417322833
20
-4.1525006692913387
11
6.9875666929133855
21
-4.1516559055118112
0
LINE
8
BLACK
6
CONTINUOUS
10
6.9875666929133855
20
-4.1516559055118112
11
6.9857819291338581
21
-4.149504763779527
0
LINE
8
BLACK
6
CONTINUOUS
10
6.9857819291338581
20
-4.149504763779527
11
6.9854435039370077
21
-4.1467301968503936
0
LINE
8
BLACK
6
CONTINUOUS
10
6.9854435039370077
20
-4.1467301968503936
11
6.9863662598425194
21
-4.1445683464566931
0
LINE
8
BLACK
6
CONTINUOUS
10
6.9863662598425194
20
-4.1445683464566931
11
6.9877592913385822
21
-4.1427074803149608
0
LINE
8
BLACK
6
CONTINUOUS
10
6.9877592913385822
20
-4.1427074803149608
11
6.9927739763779524
21
-4.1335237401574805
0
LINE
8
BLACK
6
CONTINUOUS
10
6.9927739763779524
20
-4.1335237401574805
11
6.9964306692913381
21
-4.1237197637795271
0
LINE
8
BLACK
6
CONTINUOUS
10
6.9964306692913381
20
-4.1237197637795271
11
6.9986548425196853
21
-4.1134953149606295
0
LINE
8
BLACK
6
CONTINUOUS
10
6.9986548425196853
20
-4.1134953149606295
11
6.9994012598425197
21
-4.1030586220472438
0
LINE
8
BLACK
6
CONTINUOUS
10
6.9994012598425197
20
-4.1030586220472438
11
6.9986548425196853
21
-4.0926218897637794
0
LINE
8
BLACK
6
CONTINUOUS
10
6.9986548425196853
20
-4.0926218897637794
11
6.9964306692913381
21
-4.0823974409448818
0
LINE
8
BLACK
6
CONTINUOUS
10
6.9964306692913381
20
-4.0823974409448818
11
6.9927739763779524
21
-4.0725934645669293
0
LINE
8
BLACK
6
CONTINUOUS
10
6.9927739763779524
20
-4.0725934645669293
11
6.9877594094488185
21
-4.0634099212598427
0
LINE
8
BLACK
6
CONTINUOUS
10
6.9877594094488185
20
-4.0634099212598427
11
6.9843756692913388
21
-4.0588898818897636
0
LINE
8
BLACK
6
CONTINUOUS
10
6.9843756692913388
20
-4.0588898818897636
11
6.9843756692913388
21
-4.0588898425196849
0
LINE
8
BLACK
6
CONTINUOUS
10
6.9843756692913388
20
-4.0588898425196849
11
6.9699060236220474
21
-4.0733594488188976
0
LINE
8
BLACK
6
CONTINUOUS
10
6.9699060236220474
20
-4.0733594488188976
11
6.9720937401574803
21
-4.0764838188976373
0
LINE
8
BLACK
6
CONTINUOUS
10
6.9720937401574803
20
-4.0764838188976373
11
6.9760091338582679
21
-4.0848803937007876
0
LINE
8
BLACK
6
CONTINUOUS
10
6.9760091338582679
20
-4.0848803937007876
11
6.9784069685039372
21
-4.093829291338583
0
LINE
8
BLACK
6
CONTINUOUS
10
6.9784069685039372
20
-4.093829291338583
11
6.9792144488188974
21
-4.1030586220472438
0
LINE
8
BLACK
6
CONTINUOUS
10
6.9792144488188974
20
-4.1030586220472438
11
6.9784069685039372
21
-4.1122879527559055
0
LINE
8
BLACK
6
CONTINUOUS
10
6.9784069685039372
20
-4.1122879527559055
11
6.9760091338582679
21
-4.1212368503937009
0
LINE
8
BLACK
6
CONTINUOUS
10
6.9760091338582679
20
-4.1212368503937009
11
6.9720937401574803
21
-4.1296334251968503
0
LINE
8
BLACK
6
CONTINUOUS
10
6.9720937401574803
20
-4.1296334251968503
11
6.9667798031496062
21
-4.1372225196850394
0
LINE
8
BLACK
6
CONTINUOUS
10
6.9667798031496062
20
-4.1372225196850394
11
6.9602287401574801
21
-4.1437735826771656
0
LINE
8
BLACK
6
CONTINUOUS
10
6.9602287401574801
20
-4.1437735826771656
11
6.9526396456692909
21
-4.1490875196850396
0
LINE
8
BLACK
6
CONTINUOUS
10
6.9526396456692909
20
-4.1490875196850396
11
6.9442430708661416
21
-4.1530029133858264
0
LINE
8
BLACK
6
CONTINUOUS
10
6.9442430708661416
20
-4.1530029133858264
11
6.9352941732283462
21
-4.1554007480314956
0
LINE
8
BLACK
6
CONTINUOUS
10
6.9352941732283462
20
-4.1554007480314956
11
6.9260648425196845
21
-4.1562082283464568
0
LINE
8
BLACK
6
CONTINUOUS
10
6.9260648425196845
20
-4.1562082283464568
11
6.9168355118110236
21
-4.1554007480314956
0
LINE
8
BLACK
6
CONTINUOUS
10
6.9168355118110236
20
-4.1554007480314956
11
6.9078866141732282
21
-4.1530029133858264
0
LINE
8
BLACK
6
CONTINUOUS
10
6.9078866141732282
20
-4.1530029133858264
11
6.8994900393700789
21
-4.1490875196850396
0
LINE
8
BLACK
6
CONTINUOUS
10
6.8994900393700789
20
-4.1490875196850396
11
6.8963656692913382
21
-4.1468998031496058
0
LINE
8
BLACK
6
CONTINUOUS
10
6.8963656692913382
20
-4.1468998031496058
11
6.8818960629921255
21
-4.1613694488188973
0
LINE
8
BLACK
6
CONTINUOUS
10
6.8818960629921255
20
-4.1613694488188973
11
6.8864161417322833
21
-4.1647531889763778
0
LINE
8
BLACK
6
CONTINUOUS
10
6.8864161417322833
20
-4.1647531889763778
11
6.8955996850393699
21
-4.1697677559055117
0
LINE
8
BLACK
6
CONTINUOUS
10
6.8955996850393699
20
-4.1697677559055117
11
6.9054036614173224
21
-4.1734244488188974
0
LINE
8
BLACK
6
CONTINUOUS
10
6.9054036614173224
20
-4.1734244488188974
11
6.91562811023622
21
-4.1756486220472437
0
LINE
8
BLACK
6
CONTINUOUS
10
6.91562811023622
20
-4.1756486220472437
11
6.9260648425196845
21
-4.1763950393700791
0
LINE
8
BLACK
6
CONTINUOUS
10
6.9260648425196845
20
-4.1763950393700791
11
6.936501535433071
21
-4.1756486220472437
0
LINE
8
BLACK
6
CONTINUOUS
10
6.936501535433071
20
-4.1756486220472437
11
6.9467259842519686
21
-4.1734244488188974
0
LINE
8
BLACK
6
CONTINUOUS
10
6.9467259842519686
20
-4.1734244488188974
11
6.9565299606299211
21
-4.1697677559055117
0
LINE
8
BLACK
6
CONTINUOUS
10
6.9565299606299211
20
-4.1697677559055117
11
6.9657137007874015
21
-4.1647530708661415
0
LINE
8
BLACK
6
CONTINUOUS
10
6.9657137007874015
20
-4.1647530708661415
11
6.9675745669291338
21
-4.1633600393700787
0
LINE
8
BLACK
6
CONTINUOUS
10
6.9675745669291338
20
-4.1633600393700787
11
6.970193464566929
21
-4.1623831889763778
0
LINE
8
BLACK
6
CONTINUOUS
10
6.970193464566929
20
-4.1623831889763778
11
6.9729247244094488
21
-4.1629773228346458
0
LINE
8
BLACK
6
CONTINUOUS
10
6.9729247244094488
20
-4.1629773228346458
11
6.9749012204724412
21
-4.1649537401574799
0
LINE
8
BLACK
6
CONTINUOUS
10
6.9749012204724412
20
-4.1649537401574799
11
6.9754953937007871
21
-4.1676849999999996
0
LINE
8
BLACK
6
CONTINUOUS
10
6.9754953937007871
20
-4.1676849999999996
11
6.9747770472440944
21
-4.1699230708661412
0
LINE
8
BLACK
6
CONTINUOUS
10
6.9747770472440944
20
-4.1699230708661412
11
6.9715067322834647
21
-4.1752597244094485
0
LINE
8
BLACK
6
CONTINUOUS
10
6.9715067322834647
20
-4.1752597244094485
11
6.9678296850393702
21
-4.1841369685039371
0
LINE
8
BLACK
6
CONTINUOUS
10
6.9678296850393702
20
-4.1841369685039371
11
6.9655866535433066
21
-4.1934797637795276
0
LINE
8
BLACK
6
CONTINUOUS
10
6.9655866535433066
20
-4.1934797637795276
11
6.9648327952755906
21
-4.2030586220472443
0
LINE
8
BLACK
6
CONTINUOUS
10
6.9648327952755906
20
-4.2030586220472443
11
6.9655866535433066
21
-4.2126374409448815
0
LINE
8
BLACK
6
CONTINUOUS
10
6.9655866535433066
20
-4.2126374409448815
11
6.967821062992126
21
-4.2219443700787398
0
LINE
8
BLACK
6
CONTINUOUS
10
6.967821062992126
20
-4.2219443700787398
11
6.9678297244094489
21
-4.2219803543307082
0
LINE
8
BLACK
6
CONTINUOUS
10
6.9678297244094489
20
-4.2219803543307082
11
6.971506692913386
21
-4.2308574015748031
0
LINE
8
BLACK
6
CONTINUOUS
10
6.971506692913386
20
-4.2308574015748031
11
6.9737298425196848
21
-4.2344852755905507
0
LINE
8
BLACK
6
CONTINUOUS
10
6.9737298425196848
20
-4.2344852755905507
11
6.9747770472440944
21
-4.2361940944881891
0
LINE
8
BLACK
6
CONTINUOUS
10
6.9747770472440944
20
-4.2361940944881891
11
6.9755068897637793
21
-4.2388922834645673
0
LINE
8
BLACK
6
CONTINUOUS
10
6.9755068897637793
20
-4.2388922834645673
11
6.9746621653543306
21
-4.2415566929133854
0
LINE
8
BLACK
6
CONTINUOUS
10
6.9746621653543306
20
-4.2415566929133854
11
6.9725109842519686
21
-4.2433414566929128
0
LINE
8
BLACK
6
CONTINUOUS
10
6.9725109842519686
20
-4.2433414566929128
11
6.9697364173228342
21
-4.2436799212598428
0
LINE
8
BLACK
6
CONTINUOUS
10
6.9697364173228342
20
-4.2436799212598428
11
6.9675746062992125
21
-4.2427572047244091
0
LINE
8
BLACK
6
CONTINUOUS
10
6.9675746062992125
20
-4.2427572047244091
11
6.9657136614173227
21
-4.2413641338582675
0
LINE
8
BLACK
6
CONTINUOUS
10
6.9657136614173227
20
-4.2413641338582675
11
6.9565299606299211
21
-4.2363494488188973
0
LINE
8
BLACK
6
CONTINUOUS
10
6.9565299606299211
20
-4.2363494488188973
11
6.9467259842519686
21
-4.2326927559055116
0
LINE
8
BLACK
6
CONTINUOUS
10
6.9467259842519686
20
-4.2326927559055116
11
6.936501535433071
21
-4.2304685826771653
0
LINE
8
BLACK
6
CONTINUOUS
10
6.936501535433071
20
-4.2304685826771653
11
6.9260648425196845
21
-4.2297221653543309
0
LINE
8
BLACK
6
CONTINUOUS
10
6.9260648425196845
20
-4.2297221653543309
11
6.91562811023622
21
-4.2304685826771653
0
LINE
8
BLACK
6
CONTINUOUS
10
6.91562811023622
20
-4.2304685826771653
11
6.9054036614173224
21
-4.2326927559055116
0
LINE
8
BLACK
6
CONTINUOUS
10
6.9054036614173224
20
-4.2326927559055116
11
6.8955996850393699
21
-4.2363494488188973
0
LINE
8
BLACK
6
CONTINUOUS
10
6.8955996850393699
20
-4.2363494488188973
11
6.8864161417322833
21
-4.24136405511811
0
LINE
8
BLACK
6
CONTINUOUS
10
6.8864161417322833
20
-4.24136405511811
11
6.8818961023622043
21
-4.244747716535433
0
LINE
8
BLACK
6
CONTINUOUS
10
6.8818961023622043
20
-4.244747716535433
11
6.8818960629921255
21
-4.244747716535433
0
LINE
8
BLACK
6
CONTINUOUS
10
6.8818960629921255
20
-4.244747716535433
11
6.896365708661417
21
-4.2592173622047245
0
LINE
8
BLACK
6
CONTINUOUS
10
6.896365708661417
20
-4.2592173622047245
11
6.8994900393700789
21
-4.257029724409449
0
LINE
8
BLACK
6
CONTINUOUS
10
6.8994900393700789
20
-4.257029724409449
11
6.9078866141732282
21
-4.2531143307086614
0
LINE
8
BLACK
6
CONTINUOUS
10
6.9078866141732282
20
-4.2531143307086614
11
6.9168355118110236
21
-4.2507164960629922
0
LINE
8
BLACK
6
CONTINUOUS
10
6.9168355118110236
20
-4.2507164960629922
11
6.9260648425196845
21
-4.249909015748031
0
LINE
8
BLACK
6
CONTINUOUS
10
6.9260648425196845
20
-4.249909015748031
11
6.9352941732283462
21
-4.2507164960629922
0
LINE
8
BLACK
6
CONTINUOUS
10
6.9352941732283462
20
-4.2507164960629922
11
6.9442430708661416
21
-4.2531143307086614
0
LINE
8
BLACK
6
CONTINUOUS
10
6.9442430708661416
20
-4.2531143307086614
11
6.9526396456692909
21
-4.257029724409449
0
LINE
8
BLACK
6
CONTINUOUS
10
6.9526396456692909
20
-4.257029724409449
11
6.9602287401574801
21
-4.2623436614173231
0
LINE
8
BLACK
6
CONTINUOUS
10
6.9602287401574801
20
-4.2623436614173231
11
6.9667798031496062
21
-4.2688947244094484
0
LINE
8
BLACK
6
CONTINUOUS
10
6.9667798031496062
20
-4.2688947244094484
11
6.9720937401574803
21
-4.2764838188976375
0
LINE
8
BLACK
6
CONTINUOUS
10
6.9720937401574803
20
-4.2764838188976375
11
6.9760091338582679
21
-4.2848803937007869
0
LINE
8
BLACK
6
CONTINUOUS
10
6.9760091338582679
20
-4.2848803937007869
11
6.9784069685039372
21
-4.2938292913385823
0
LINE
8
BLACK
6
CONTINUOUS
10
6.9784069685039372
20
-4.2938292913385823
11
6.9792144488188974
21
-4.303058622047244
0
LINE
8
BLACK
6
CONTINUOUS
10
6.9792144488188974
20
-4.303058622047244
11
6.9784069685039372
21
-4.3122879527559057
0
LINE
8
BLACK
6
CONTINUOUS
10
6.9784069685039372
20
-4.3122879527559057
11
6.9760091338582679
21
-4.3212368503937011
0
LINE
8
BLACK
6
CONTINUOUS
10
6.9760091338582679
20
-4.3212368503937011
11
6.9720937401574803
21
-4.3296334251968505
0
LINE
8
BLACK
6
CONTINUOUS
10
6.9720937401574803
20
-4.3296334251968505
11
6.9699060629921261
21
-4.3327577165354327
0
LINE
8
BLACK
6
CONTINUOUS
10
6.9699060629921261
20
-4.3327577165354327
11
6.9843756692913388
21
-4.3472273228346454
0
LINE
8
BLACK
6
CONTINUOUS
10
6.9843756692913388
20
-4.3472273228346454
11
6.9843757086614175
21
-4.3472272834645667
0
LINE
8
BLACK
6
CONTINUOUS
10
6.9843757086614175
20
-4.3472272834645667
11
6.9877592913385822
21
-4.3427074803149601
0
LINE
8
BLACK
6
CONTINUOUS
10
6.9877592913385822
20
-4.3427074803149601
11
6.9927739763779524
21
-4.3335237401574807
0
LINE
8
BLACK
6
CONTINUOUS
10
6.9927739763779524
20
-4.3335237401574807
11
6.9964306692913381
21
-4.3237197637795273
0
LINE
8
BLACK
6
CONTINUOUS
10
6.9964306692913381
20
-4.3237197637795273
11
6.9986548425196853
21
-4.3134953149606297
0
LINE
8
BLACK
6
CONTINUOUS
10
6.9986548425196853
20
-4.3134953149606297
11
6.9994012598425197
21
-4.303058622047244
0
LINE
8
BLACK
6
CONTINUOUS
10
6.9994012598425197
20
-4.303058622047244
11
6.9986548425196853
21
-4.2926218897637796
0
LINE
8
BLACK
6
CONTINUOUS
10
6.9986548425196853
20
-4.2926218897637796
11
6.9964306692913381
21
-4.282397440944882
0
LINE
8
BLACK
6
CONTINUOUS
10
6.9964306692913381
20
-4.282397440944882
11
6.9927739763779524
21
-4.2725934645669295
0
LINE
8
BLACK
6
CONTINUOUS
10
6.9927739763779524
20
-4.2725934645669295
11
6.9877592913385822
21
-4.2634097637795279
0
LINE
8
BLACK
6
CONTINUOUS
10
6.9877592913385822
20
-4.2634097637795279
11
6.9863662204724406
21
-4.261548818897638
0
LINE
8
BLACK
6
CONTINUOUS
10
6.9863662204724406
20
-4.261548818897638
11
6.9853894094488185
21
-4.2589299212598428
0
LINE
8
BLACK
6
CONTINUOUS
10
6.9853894094488185
20
-4.2589299212598428
11
6.9859835433070865
21
-4.2561986614173231
0
LINE
8
BLACK
6
CONTINUOUS
10
6.9859835433070865
20
-4.2561986614173231
11
6.9879600000000002
21
-4.2542222047244094
0
LINE
8
BLACK
6
CONTINUOUS
10
6.9879600000000002
20
-4.2542222047244094
11
6.9906912598425199
21
-4.2536280314960626
0
LINE
8
BLACK
6
CONTINUOUS
10
6.9906912598425199
20
-4.2536280314960626
11
6.9929292125984253
21
-4.2543463385826774
0
LINE
8
BLACK
6
CONTINUOUS
10
6.9929292125984253
20
-4.2543463385826774
11
6.9982660629921254
21
-4.2576167716535434
0
LINE
8
BLACK
6
CONTINUOUS
10
6.9982660629921254
20
-4.2576167716535434
11
7.0071431102362203
21
-4.2612937401574804
0
LINE
8
BLACK
6
CONTINUOUS
10
7.0071431102362203
20
-4.2612937401574804
11
7.016486023622047
21
-4.2635368110236218
0
LINE
8
BLACK
6
CONTINUOUS
10
7.016486023622047
20
-4.2635368110236218
11
7.026064842519685
21
-4.2642906692913387
0
LINE
8
BLACK
6
CONTINUOUS
10
7.026064842519685
20
-4.2642906692913387
11
7.035643661417323
21
-4.2635368110236218
0
LINE
8
BLACK
6
CONTINUOUS
10
7.035643661417323
20
-4.2635368110236218
11
7.0449865748031497
21
-4.2612937401574804
0
LINE
8
BLACK
6
CONTINUOUS
10
7.0449865748031497
20
-4.2612937401574804
11
7.0538636220472437
21
-4.2576167716535434
0
LINE
8
BLACK
6
CONTINUOUS
10
7.0538636220472437
20
-4.2576167716535434
11
7.0592003543307085
21
-4.2543463779527562
0
LINE
8
BLACK
6
CONTINUOUS
10
7.0592003543307085
20
-4.2543463779527562
11
7.0618984645669292
21
-4.2536165354330704
0
LINE
8
BLACK
6
CONTINUOUS
10
7.0618984645669292
20
-4.2536165354330704
11
7.064562913385827
21
-4.25446125984252
0
LINE
8
BLACK
6
CONTINUOUS
10
7.064562913385827
20
-4.25446125984252
11
7.0663476771653544
21
-4.2566124015748033
0
LINE
8
BLACK
6
CONTINUOUS
10
7.0663476771653544
20
-4.2566124015748033
11
7.0666861417322835
21
-4.2593869685039367
0
LINE
8
BLACK
6
CONTINUOUS
10
7.0666861417322835
20
-4.2593869685039367
11
7.0657634645669294
21
-4.2615487795275593
0
LINE
8
BLACK
6
CONTINUOUS
10
7.0657634645669294
20
-4.2615487795275593
11
7.0643703149606294
21
-4.2634098031496066
0
LINE
8
BLACK
6
CONTINUOUS
10
7.0643703149606294
20
-4.2634098031496066
11
7.0593556692913388
21
-4.2725934645669295
0
LINE
8
BLACK
6
CONTINUOUS
10
7.0593556692913388
20
-4.2725934645669295
11
7.0556989763779523
21
-4.282397440944882
0
LINE
8
BLACK
6
CONTINUOUS
10
7.0556989763779523
20
-4.282397440944882
11
7.053474803149606
21
-4.2926218897637796
0
LINE
8
BLACK
6
CONTINUOUS
10
7.053474803149606
20
-4.2926218897637796
11
7.0527283858267715
21
-4.303058622047244
0
LINE
8
BLACK
6
CONTINUOUS
10
7.0527283858267715
20
-4.303058622047244
11
7.053474803149606
21
-4.3134953149606297
0
LINE
8
BLACK
6
CONTINUOUS
10
7.053474803149606
20
-4.3134953149606297
11
7.0556989763779523
21
-4.3237197637795273
0
LINE
8
BLACK
6
CONTINUOUS
10
7.0556989763779523
20
-4.3237197637795273
11
7.0593556692913388
21
-4.3335237401574807
0
LINE
8
BLACK
6
CONTINUOUS
10
7.0593556692913388
20
-4.3335237401574807
11
7.0643702755905506
21
-4.3427072834645672
0
LINE
8
BLACK
6
CONTINUOUS
10
7.0643702755905506
20
-4.3427072834645672
11
7.0677539370078737
21
-4.3472272834645667
0
LINE
8
BLACK
6
CONTINUOUS
10
7.0677539370078737
20
-4.3472272834645667
11
7.0677539370078737
21
-4.3472273228346454
0
LINE
8
BLACK
6
CONTINUOUS
10
7.0677539370078737
20
-4.3472273228346454
11
7.0822235433070864
21
-4.332757677165354
0
LINE
8
BLACK
6
CONTINUOUS
10
7.0822235433070864
20
-4.332757677165354
11
7.0800359448818897
21
-4.3296334251968505
0
LINE
8
BLACK
6
CONTINUOUS
10
7.0800359448818897
20
-4.3296334251968505
11
7.0761205511811021
21
-4.3212368503937011
0
LINE
8
BLACK
6
CONTINUOUS
10
7.0761205511811021
20
-4.3212368503937011
11
7.0737227165354328
21
-4.3122879527559057
0
LINE
8
BLACK
6
CONTINUOUS
10
7.0737227165354328
20
-4.3122879527559057
11
7.0729152362204726
21
-4.303058622047244
0
LINE
8
BLACK
6
CONTINUOUS
10
7.0729152362204726
20
-4.303058622047244
11
7.0737227165354328
21
-4.2938292913385823
0
LINE
8
BLACK
6
CONTINUOUS
10
7.0737227165354328
20
-4.2938292913385823
11
7.0761205511811021
21
-4.2848803937007869
0
LINE
8
BLACK
6
CONTINUOUS
10
7.0761205511811021
20
-4.2848803937007869
11
7.0800359448818897
21
-4.2764838188976375
0
LINE
8
BLACK
6
CONTINUOUS
10
7.0800359448818897
20
-4.2764838188976375
11
7.0853498818897638
21
-4.2688947244094484
0
LINE
8
BLACK
6
CONTINUOUS
10
7.0853498818897638
20
-4.2688947244094484
11
7.0919009448818899
21
-4.2623436614173231
0
LINE
8
BLACK
6
CONTINUOUS
10
7.0919009448818899
20
-4.2623436614173231
11
7.0994900393700782
21
-4.257029724409449
0
LINE
8
BLACK
6
CONTINUOUS
10
7.0994900393700782
20
-4.257029724409449
11
7.1078866141732284
21
-4.2531143307086614
0
LINE
8
BLACK
6
CONTINUOUS
10
7.1078866141732284
20
-4.2531143307086614
11
7.1168355118110238
21
-4.2507164960629922
0
LINE
8
BLACK
6
CONTINUOUS
10
7.1168355118110238
20
-4.2507164960629922
11
7.1260648425196846
21
-4.249909015748031
0
LINE
8
BLACK
6
CONTINUOUS
10
7.1260648425196846
20
-4.249909015748031
11
7.1352941732283464
21
-4.2507164960629922
0
LINE
8
BLACK
6
CONTINUOUS
10
7.1352941732283464
20
-4.2507164960629922
11
7.1442430708661417
21
-4.2531143307086614
0
LINE
8
BLACK
6
CONTINUOUS
10
7.1442430708661417
20
-4.2531143307086614
11
7.1526396456692911
21
-4.257029724409449
0
LINE
8
BLACK
6
CONTINUOUS
10
7.1526396456692911
20
-4.257029724409449
11
7.1557638976377955
21
-4.2592173228346457
0
LINE
8
BLACK
6
CONTINUOUS
10
7.1557638976377955
20
-4.2592173228346457
11
7.1702335433070861
21
-4.244747716535433
0
LINE
8
BLACK
6
CONTINUOUS
10
7.1702335433070861
20
-4.244747716535433
11
7.1657135039370079
21
-4.24136405511811
0
LINE
8
BLACK
6
CONTINUOUS
10
7.1657135039370079
20
-4.24136405511811
11
7.1565299606299213
21
-4.2363494488188973
0
LINE
8
BLACK
6
CONTINUOUS
10
7.1565299606299213
20
-4.2363494488188973
11
7.1467259842519679
21
-4.2326927559055116
0
LINE
8
BLACK
6
CONTINUOUS
10
7.1467259842519679
20
-4.2326927559055116
11
7.1365015354330703
21
-4.2304685826771653
0
LINE
8
BLACK
6
CONTINUOUS
10
7.1365015354330703
20
-4.2304685826771653
11
7.1260648425196846
21
-4.2297221653543309
0
LINE
8
BLACK
6
CONTINUOUS
10
7.1260648425196846
20
-4.2297221653543309
11
7.1156281102362202
21
-4.2304685826771653
0
LINE
8
BLACK
6
CONTINUOUS
10
7.1156281102362202
20
-4.2304685826771653
11
7.1054036614173226
21
-4.2326927559055116
0
LINE
8
BLACK
6
CONTINUOUS
10
7.1054036614173226
20
-4.2326927559055116
11
7.0955996850393701
21
-4.2363494488188973
0
LINE
8
BLACK
6
CONTINUOUS
10
7.0955996850393701
20
-4.2363494488188973
11
7.0864160236220473
21
-4.2413640944881887
0
LINE
8
BLACK
6
CONTINUOUS
10
7.0864160236220473
20
-4.2413640944881887
11
7.0845549999999999
21
-4.2427572440944878
0
LINE
8
BLACK
6
CONTINUOUS
10
7.0845549999999999
20
-4.2427572440944878
11
7.081936062992126
21
-4.2437340157480312
0
LINE
8
BLACK
6
CONTINUOUS
10
7.081936062992126
20
-4.2437340157480312
11
7.079204842519685
21
-4.2431398425196853
0
LINE
8
BLACK
6
CONTINUOUS
10
7.079204842519685
20
-4.2431398425196853
11
7.0772283858267713
21
-4.2411633464566929
0
LINE
8
BLACK
6
CONTINUOUS
10
7.0772283858267713
20
-4.2411633464566929
11
7.0766342519685042
21
-4.2384320866141731
0
LINE
8
BLACK
6
CONTINUOUS
10
7.0766342519685042
20
-4.2384320866141731
11
7.0773526377952756
21
-4.2361940944881891
0
LINE
8
BLACK
6
CONTINUOUS
10
7.0773526377952756
20
-4.2361940944881891
11
7.0783998425196852
21
-4.2344852755905507
0
LINE
8
BLACK
6
CONTINUOUS
10
7.0783998425196852
20
-4.2344852755905507
11
7.080622992125984
21
-4.2308574015748031
0
LINE
8
BLACK
6
CONTINUOUS
10
7.080622992125984
20
-4.2308574015748031
11
7.0842999606299211
21
-4.2219803543307082
0
LINE
8
BLACK
6
CONTINUOUS
10
7.0842999606299211
20
-4.2219803543307082
11
7.0865430314960625
21
-4.2126374409448815
0
LINE
8
BLACK
6
CONTINUOUS
10
7.0865430314960625
20
-4.2126374409448815
11
7.0872968897637794
21
-4.2030586220472443
0
LINE
8
BLACK
6
CONTINUOUS
10
7.0872968897637794
20
-4.2030586220472443
11
7.0865430314960625
21
-4.1934798031496063
0
LINE
8
BLACK
6
CONTINUOUS
10
7.0865430314960625
20
-4.1934798031496063
11
7.0842999606299211
21
-4.1841368897637796
0
LINE
8
BLACK
6
CONTINUOUS
10
7.0842999606299211
20
-4.1841368897637796
11
7.080622992125984
21
-4.1752598425196847
0
LINE
8
BLACK
6
CONTINUOUS
10
7.080622992125984
20
-4.1752598425196847
11
7.0773525590551181
21
-4.1699229921259837
0
LINE
8
BLACK
6
CONTINUOUS
10
7.0773525590551181
20
-4.1699229921259837
11
7.0766227559055119
21
-4.1672249606299214
0
LINE
8
BLACK
6
CONTINUOUS
10
7.0766227559055119
20
-4.1672249606299214
11
7.0774674803149606
21
-4.1645605118110236
0
LINE
8
BLACK
6
CONTINUOUS
10
7.0774674803149606
20
-4.1645605118110236
11
7.0796186220472439
21
-4.1627757480314962
0
LINE
8
BLACK
6
CONTINUOUS
10
7.0796186220472439
20
-4.1627757480314962
11
7.0823932283464561
21
-4.1624372834645671
0
LINE
8
BLACK
6
CONTINUOUS
10
7.0823932283464561
20
-4.1624372834645671
11
7.0845550393700787
21
-4.1633599999999999
0
LINE
8
BLACK
6
CONTINUOUS
10
7.0845550393700787
20
-4.1633599999999999
11
7.0864159842519685
21
-4.1647530708661415
0
LINE
8
BLACK
6
CONTINUOUS
10
7.0864159842519685
20
-4.1647530708661415
11
7.0955996850393701
21
-4.1697677559055117
0
LINE
8
BLACK
6
CONTINUOUS
10
7.0955996850393701
20
-4.1697677559055117
11
7.1054036614173226
21
-4.1734244488188974
0
LINE
8
BLACK
6
CONTINUOUS
10
7.1054036614173226
20
-4.1734244488188974
11
7.1156281102362202
21
-4.1756486220472437
0
LINE
8
BLACK
6
CONTINUOUS
10
7.1156281102362202
20
-4.1756486220472437
11
7.1260648425196846
21
-4.1763950393700791
0
LINE
8
BLACK
6
CONTINUOUS
10
7.1260648425196846
20
-4.1763950393700791
11
7.1365015354330703
21
-4.1756486220472437
0
LINE
8
BLACK
6
CONTINUOUS
10
7.1365015354330703
20
-4.1756486220472437
11
7.1467259842519679
21
-4.1734244488188974
0
LINE
8
BLACK
6
CONTINUOUS
10
7.1467259842519679
20
-4.1734244488188974
11
7.1565299606299213
21
-4.1697677559055117
0
LINE
8
BLACK
6
CONTINUOUS
10
7.1565299606299213
20
-4.1697677559055117
11
7.1657137007874017
21
-4.1647530708661415
0
LINE
8
BLACK
6
CONTINUOUS
10
7.1657137007874017
20
-4.1647530708661415
11
7.1702335039370073
21
-4.161369488188976
0
LINE
8
BLACK
6
CONTINUOUS
10
7.1702335039370073
20
-4.161369488188976
11
7.1702335433070861
21
-4.1613694488188973
0
LINE
8
BLACK
6
CONTINUOUS
10
7.1702335433070861
20
-4.1613694488188973
11
7.1557639370078743
21
-4.1468998425196846
0
LINE
8
BLACK
6
CONTINUOUS
10
7.1557639370078743
20
-4.1468998425196846
11
7.1526396456692911
21
-4.1490875196850396
0
LINE
8
BLACK
6
CONTINUOUS
10
7.1526396456692911
20
-4.1490875196850396
11
7.1442430708661417
21
-4.1530029133858264
0
LINE
8
BLACK
6
CONTINUOUS
10
7.1442430708661417
20
-4.1530029133858264
11
7.1352941732283464
21
-4.1554007480314956
0
LINE
8
BLACK
6
CONTINUOUS
10
7.1352941732283464
20
-4.1554007480314956
11
7.1260648425196846
21
-4.1562082283464568
0
LINE
8
BLACK
6
CONTINUOUS
10
7.1260648425196846
20
-4.1562082283464568
11
7.1168355118110238
21
-4.1554007480314956
0
LINE
8
BLACK
6
CONTINUOUS
10
7.1168355118110238
20
-4.1554007480314956
11
7.1078866141732284
21
-4.1530029133858264
0
LINE
8
BLACK
6
CONTINUOUS
10
7.1078866141732284
20
-4.1530029133858264
11
7.0994900393700782
21
-4.1490875196850396
0
LINE
8
BLACK
6
CONTINUOUS
10
7.0994900393700782
20
-4.1490875196850396
11
7.0919009448818899
21
-4.1437735826771656
0
LINE
8
BLACK
6
CONTINUOUS
10
7.0919009448818899
20
-4.1437735826771656
11
7.0853498818897638
21
-4.1372225196850394
0
LINE
8
BLACK
6
CONTINUOUS
10
7.0853498818897638
20
-4.1372225196850394
11
7.0800359448818897
21
-4.1296334251968503
0
LINE
8
BLACK
6
CONTINUOUS
10
7.0800359448818897
20
-4.1296334251968503
11
7.0761205511811021
21
-4.1212368503937009
0
LINE
8
BLACK
6
CONTINUOUS
10
7.0761205511811021
20
-4.1212368503937009
11
7.0737227165354328
21
-4.1122879527559055
0
LINE
8
BLACK
6
CONTINUOUS
10
7.0737227165354328
20
-4.1122879527559055
11
7.0729152362204726
21
-4.1030586220472438
0
LINE
8
BLACK
6
CONTINUOUS
10
7.0729152362204726
20
-4.1030586220472438
11
7.0737227165354328
21
-4.093829291338583
0
LINE
8
BLACK
6
CONTINUOUS
10
7.0737227165354328
20
-4.093829291338583
11
7.0761205511811021
21
-4.0848803937007876
0
LINE
8
BLACK
6
CONTINUOUS
10
7.0761205511811021
20
-4.0848803937007876
11
7.0800359448818897
21
-4.0764838188976373
0
LINE
8
BLACK
6
CONTINUOUS
10
7.0800359448818897
20
-4.0764838188976373
11
7.0822235826771651
21
-4.0733594881889763
0
LINE
8
BLACK
6
CONTINUOUS
10
7.0822235826771651
20
-4.0733594881889763
11
7.0677539370078737
21
-4.0588898425196849
0
LINE
8
BLACK
6
CONTINUOUS
10
7.0677539370078737
20
-4.0588898425196849
11
7.0677539370078737
21
-4.0588898818897636
0
LINE
8
BLACK
6
CONTINUOUS
10
5.0360648425196848
20
-4.1630586220472443
11
5.0560648425196852
21
-4.1630586220472443
0
LINE
8
BLACK
6
CONTINUOUS
10
5.0560648425196852
20
-4.1630586220472443
11
5.0560648425196852
21
-4.1830586220472439
0
LINE
8
BLACK
6
CONTINUOUS
10
5.0560648425196852
20
-4.1830586220472439
11
5.0760648425196848
21
-4.1830586220472439
0
LINE
8
BLACK
6
CONTINUOUS
10
5.0760648425196848
20
-4.1830586220472439
11
5.0760648425196848
21
-4.1611457874015745
0
LINE
8
BLACK
6
CONTINUOUS
10
5.0760648425196848
20
-4.1611457874015745
11
5.0760648031496061
21
-4.1611453149606294
0
LINE
8
BLACK
6
CONTINUOUS
10
5.0760648031496061
20
-4.1611453149606294
11
5.0758087007874018
21
-4.1587635826771656
0
LINE
8
BLACK
6
CONTINUOUS
10
5.0758087007874018
20
-4.1587635826771656
11
5.0737988582677165
21
-4.1533749606299208
0
LINE
8
BLACK
6
CONTINUOUS
10
5.0737988582677165
20
-4.1533749606299208
11
5.0737988582677165
21
-4.1533749212598421
0
LINE
8
BLACK
6
CONTINUOUS
10
5.0737988582677165
20
-4.1533749212598421
11
5.0703524015748034
21
-4.1487710236220474
0
LINE
8
BLACK
6
CONTINUOUS
10
5.0703524015748034
20
-4.1487710236220474
11
5.0657485039370078
21
-4.1453245669291334
0
LINE
8
BLACK
6
CONTINUOUS
10
5.0657485039370078
20
-4.1453245669291334
11
5.0603598425196852
21
-4.143314724409449
0
LINE
8
BLACK
6
CONTINUOUS
10
5.0603598425196852
20
-4.143314724409449
11
5.0579781102362205
21
-4.1430586220472438
0
LINE
8
BLACK
6
CONTINUOUS
10
5.0579781102362205
20
-4.1430586220472438
11
5.0360648425196848
21
-4.1430586220472438
0
LINE
8
BLACK
6
CONTINUOUS
10
5.0360648425196848
20
-4.1430586220472438
11
5.0360648425196848
21
-4.1630586220472443
0
LINE
8
BLACK
6
CONTINUOUS
10
4.9360648425196851
20
-4.1630586220472443
11
4.9560648425196847
21
-4.1630586220472443
0
LINE
8
BLACK
6
CONTINUOUS
10
4.9560648425196847
20
-4.1630586220472443
11
4.9560648425196847
21
-4.1830586220472439
0
LINE
8
BLACK
6
CONTINUOUS
10
4.9560648425196847
20
-4.1830586220472439
11
4.9960648425196847
21
-4.1830586220472439
0
LINE
8
BLACK
6
CONTINUOUS
10
4.9960648425196847
20
-4.1830586220472439
11
4.9960648425196847
21
-4.1630586220472443
0
LINE
8
BLACK
6
CONTINUOUS
10
4.9960648425196847
20
-4.1630586220472443
11
5.0160648425196852
21
-4.1630586220472443
0
LINE
8
BLACK
6
CONTINUOUS
10
5.0160648425196852
20
-4.1630586220472443
11
5.0160648425196852
21
-4.1430586220472438
0
LINE
8
BLACK
6
CONTINUOUS
10
5.0160648425196852
20
-4.1430586220472438
11
4.9941515354330708
21
-4.1430586220472438
0
LINE
8
BLACK
6
CONTINUOUS
10
4.9941515354330708
20
-4.1430586220472438
11
4.9917698031496061
21
-4.143314724409449
0
LINE
8
BLACK
6
CONTINUOUS
10
4.9917698031496061
20
-4.143314724409449
11
4.9863811811023622
21
-4.1453245669291334
0
LINE
8
BLACK
6
CONTINUOUS
10
4.9863811811023622
20
-4.1453245669291334
11
4.9863811417322834
21
-4.1453245669291334
0
LINE
8
BLACK
6
CONTINUOUS
10
4.9863811417322834
20
-4.1453245669291334
11
4.9817773228346454
21
-4.1487709842519687
0
LINE
8
BLACK
6
CONTINUOUS
10
4.9817773228346454
20
-4.1487709842519687
11
4.9800360236220476
21
-4.1510970866141728
0
LINE
8
BLACK
6
CONTINUOUS
10
4.9800360236220476
20
-4.1510970866141728
11
4.9777983464566926
21
-4.152772125984252
0
LINE
8
BLACK
6
CONTINUOUS
10
4.9777983464566926
20
-4.152772125984252
11
4.9750103543307089
21
-4.1529714960629924
0
LINE
8
BLACK
6
CONTINUOUS
10
4.9750103543307089
20
-4.1529714960629924
11
4.9725571259842516
21
-4.1516319291338579
0
LINE
8
BLACK
6
CONTINUOUS
10
4.9725571259842516
20
-4.1516319291338579
11
4.9720936614173228
21
-4.1510970866141728
0
LINE
8
BLACK
6
CONTINUOUS
10
4.9720936614173228
20
-4.1510970866141728
11
4.9703523228346453
21
-4.1487709842519687
0
LINE
8
BLACK
6
CONTINUOUS
10
4.9703523228346453
20
-4.1487709842519687
11
4.9657485039370082
21
-4.1453245669291334
0
LINE
8
BLACK
6
CONTINUOUS
10
4.9657485039370082
20
-4.1453245669291334
11
4.9603598425196846
21
-4.143314724409449
0
LINE
8
BLACK
6
CONTINUOUS
10
4.9603598425196846
20
-4.143314724409449
11
4.9579781102362199
21
-4.1430586220472438
0
LINE
8
BLACK
6
CONTINUOUS
10
4.9579781102362199
20
-4.1430586220472438
11
4.9360648425196851
21
-4.1430586220472438
0
LINE
8
BLACK
6
CONTINUOUS
10
4.9360648425196851
20
-4.1430586220472438
11
4.9360648425196851
21
-4.1630586220472443
0
LINE
8
BLACK
6
CONTINUOUS
10
6.8677539370078735
20
-4.0588898818897636
11
6.8643702755905514
21
-4.0634099212598427
0
LINE
8
BLACK
6
CONTINUOUS
10
6.8643702755905514
20
-4.0634099212598427
11
6.8593556692913387
21
-4.0725934645669293
0
LINE
8
BLACK
6
CONTINUOUS
10
6.8593556692913387
20
-4.0725934645669293
11
6.855698976377953
21
-4.0823974409448818
0
LINE
8
BLACK
6
CONTINUOUS
10
6.855698976377953
20
-4.0823974409448818
11
6.8534748031496058
21
-4.0926218897637794
0
LINE
8
BLACK
6
CONTINUOUS
10
6.8534748031496058
20
-4.0926218897637794
11
6.8527283858267714
21
-4.1030586220472438
0
LINE
8
BLACK
6
CONTINUOUS
10
6.8527283858267714
20
-4.1030586220472438
11
6.8534748031496058
21
-4.1134953149606295
0
LINE
8
BLACK
6
CONTINUOUS
10
6.8534748031496058
20
-4.1134953149606295
11
6.855698976377953
21
-4.1237197637795271
0
LINE
8
BLACK
6
CONTINUOUS
10
6.855698976377953
20
-4.1237197637795271
11
6.8593556692913387
21
-4.1335237401574805
0
LINE
8
BLACK
6
CONTINUOUS
10
6.8593556692913387
20
-4.1335237401574805
11
6.8643702755905514
21
-4.1427072834645671
0
LINE
8
BLACK
6
CONTINUOUS
10
6.8643702755905514
20
-4.1427072834645671
11
6.8677539370078735
21
-4.1472272834645665
0
LINE
8
BLACK
6
CONTINUOUS
10
6.8677539370078735
20
-4.1472272834645665
11
6.8677539370078735
21
-4.1472273228346452
0
LINE
8
BLACK
6
CONTINUOUS
10
6.8677539370078735
20
-4.1472273228346452
11
6.8822235433070862
21
-4.1327576377952759
0
LINE
8
BLACK
6
CONTINUOUS
10
6.8822235433070862
20
-4.1327576377952759
11
6.8800359448818895
21
-4.1296334251968503
0
LINE
8
BLACK
6
CONTINUOUS
10
6.8800359448818895
20
-4.1296334251968503
11
6.8761205511811019
21
-4.1212368503937009
0
LINE
8
BLACK
6
CONTINUOUS
10
6.8761205511811019
20
-4.1212368503937009
11
6.8737227165354327
21
-4.1122879527559055
0
LINE
8
BLACK
6
CONTINUOUS
10
6.8737227165354327
20
-4.1122879527559055
11
6.8729152362204724
21
-4.1030586220472438
0
LINE
8
BLACK
6
CONTINUOUS
10
6.8729152362204724
20
-4.1030586220472438
11
6.8737227165354327
21
-4.093829291338583
0
LINE
8
BLACK
6
CONTINUOUS
10
6.8737227165354327
20
-4.093829291338583
11
6.8761205511811019
21
-4.0848803937007876
0
LINE
8
BLACK
6
CONTINUOUS
10
6.8761205511811019
20
-4.0848803937007876
11
6.8800359448818895
21
-4.0764838188976373
0
LINE
8
BLACK
6
CONTINUOUS
10
6.8800359448818895
20
-4.0764838188976373
11
6.8822235826771649
21
-4.0733594881889763
0
LINE
8
BLACK
6
CONTINUOUS
10
6.8822235826771649
20
-4.0733594881889763
11
6.8677539370078735
21
-4.0588898425196849
0
LINE
8
BLACK
6
CONTINUOUS
10
6.8677539370078735
20
-4.0588898425196849
11
6.8677539370078735
21
-4.0588898818897636
0
LINE
8
BLACK
6
CONTINUOUS
10
6.91562811023622
20
-4.0304685826771651
11
6.9054036614173224
21
-4.0326927559055115
0
LINE
8
BLACK
6
CONTINUOUS
10
6.9054036614173224
20
-4.0326927559055115
11
6.8955996850393699
21
-4.0363494488188971
0
LINE
8
BLACK
6
CONTINUOUS
10
6.8955996850393699
20
-4.0363494488188971
11
6.8864161417322833
21
-4.0413640551181098
0
LINE
8
BLACK
6
CONTINUOUS
10
6.8864161417322833
20
-4.0413640551181098
11
6.8818961023622043
21
-4.0447477165354329
0
LINE
8
BLACK
6
CONTINUOUS
10
6.8818961023622043
20
-4.0447477165354329
11
6.8818960629921255
21
-4.0447477165354329
0
LINE
8
BLACK
6
CONTINUOUS
10
6.8818960629921255
20
-4.0447477165354329
11
6.896365708661417
21
-4.0592173622047243
0
LINE
8
BLACK
6
CONTINUOUS
10
6.896365708661417
20
-4.0592173622047243
11
6.8994900393700789
21
-4.0570297244094489
0
LINE
8
BLACK
6
CONTINUOUS
10
6.8994900393700789
20
-4.0570297244094489
11
6.9078866141732282
21
-4.0531143307086612
0
LINE
8
BLACK
6
CONTINUOUS
10
6.9078866141732282
20
-4.0531143307086612
11
6.9168355118110236
21
-4.050716496062992
0
LINE
8
BLACK
6
CONTINUOUS
10
6.9168355118110236
20
-4.050716496062992
11
6.9260648425196845
21
-4.0499090157480317
0
LINE
8
BLACK
6
CONTINUOUS
10
6.9260648425196845
20
-4.0499090157480317
11
6.9352941732283462
21
-4.050716496062992
0
LINE
8
BLACK
6
CONTINUOUS
10
6.9352941732283462
20
-4.050716496062992
11
6.9442430708661416
21
-4.0531143307086612
0
LINE
8
BLACK
6
CONTINUOUS
10
6.9442430708661416
20
-4.0531143307086612
11
6.9526396456692909
21
-4.0570297244094489
0
LINE
8
BLACK
6
CONTINUOUS
10
6.9526396456692909
20
-4.0570297244094489
11
6.9557638976377953
21
-4.0592173228346455
0
LINE
8
BLACK
6
CONTINUOUS
10
6.9557638976377953
20
-4.0592173228346455
11
6.9702335433070868
21
-4.0447477165354329
0
LINE
8
BLACK
6
CONTINUOUS
10
6.9702335433070868
20
-4.0447477165354329
11
6.9657135039370077
21
-4.0413640551181098
0
LINE
8
BLACK
6
CONTINUOUS
10
6.9657135039370077
20
-4.0413640551181098
11
6.9565299606299211
21
-4.0363494488188971
0
LINE
8
BLACK
6
CONTINUOUS
10
6.9565299606299211
20
-4.0363494488188971
11
6.9467259842519686
21
-4.0326927559055115
0
LINE
8
BLACK
6
CONTINUOUS
10
6.9467259842519686
20
-4.0326927559055115
11
6.936501535433071
21
-4.0304685826771651
0
LINE
8
BLACK
6
CONTINUOUS
10
6.936501535433071
20
-4.0304685826771651
11
6.9260648425196845
21
-4.0297221653543307
0
LINE
8
BLACK
6
CONTINUOUS
10
6.9260648425196845
20
-4.0297221653543307
11
6.91562811023622
21
-4.0304685826771651
0
LINE
8
BLACK
6
CONTINUOUS
10
7.1156281102362202
20
-4.0304685826771651
11
7.1054036614173226
21
-4.0326927559055115
0
LINE
8
BLACK
6
CONTINUOUS
10
7.1054036614173226
20
-4.0326927559055115
11
7.0955996850393701
21
-4.0363494488188971
0
LINE
8
BLACK
6
CONTINUOUS
10
7.0955996850393701
20
-4.0363494488188971
11
7.0864161417322835
21
-4.0413640551181098
0
LINE
8
BLACK
6
CONTINUOUS
10
7.0864161417322835
20
-4.0413640551181098
11
7.0818961023622045
21
-4.0447477165354329
0
LINE
8
BLACK
6
CONTINUOUS
10
7.0818961023622045
20
-4.0447477165354329
11
7.0818960629921257
21
-4.0447477165354329
0
LINE
8
BLACK
6
CONTINUOUS
10
7.0818960629921257
20
-4.0447477165354329
11
7.0963657086614171
21
-4.0592173622047243
0
LINE
8
BLACK
6
CONTINUOUS
10
7.0963657086614171
20
-4.0592173622047243
11
7.0994900393700782
21
-4.0570297244094489
0
LINE
8
BLACK
6
CONTINUOUS
10
7.0994900393700782
20
-4.0570297244094489
11
7.1078866141732284
21
-4.0531143307086612
0
LINE
8
BLACK
6
CONTINUOUS
10
7.1078866141732284
20
-4.0531143307086612
11
7.1168355118110238
21
-4.050716496062992
0
LINE
8
BLACK
6
CONTINUOUS
10
7.1168355118110238
20
-4.050716496062992
11
7.1260648425196846
21
-4.0499090157480317
0
LINE
8
BLACK
6
CONTINUOUS
10
7.1260648425196846
20
-4.0499090157480317
11
7.1352941732283464
21
-4.050716496062992
0
LINE
8
BLACK
6
CONTINUOUS
10
7.1352941732283464
20
-4.050716496062992
11
7.1442430708661417
21
-4.0531143307086612
0
LINE
8
BLACK
6
CONTINUOUS
10
7.1442430708661417
20
-4.0531143307086612
11
7.1526396456692911
21
-4.0570297244094489
0
LINE
8
BLACK
6
CONTINUOUS
10
7.1526396456692911
20
-4.0570297244094489
11
7.1557638976377955
21
-4.0592173228346455
0
LINE
8
BLACK
6
CONTINUOUS
10
7.1557638976377955
20
-4.0592173228346455
11
7.1702335433070861
21
-4.0447477165354329
0
LINE
8
BLACK
6
CONTINUOUS
10
7.1702335433070861
20
-4.0447477165354329
11
7.1657135039370079
21
-4.0413640551181098
0
LINE
8
BLACK
6
CONTINUOUS
10
7.1657135039370079
20
-4.0413640551181098
11
7.1565299606299213
21
-4.0363494488188971
0
LINE
8
BLACK
6
CONTINUOUS
10
7.1565299606299213
20
-4.0363494488188971
11
7.1467259842519679
21
-4.0326927559055115
0
LINE
8
BLACK
6
CONTINUOUS
10
7.1467259842519679
20
-4.0326927559055115
11
7.1365015354330703
21
-4.0304685826771651
0
LINE
8
BLACK
6
CONTINUOUS
10
7.1365015354330703
20
-4.0304685826771651
11
7.1260648425196846
21
-4.0297221653543307
0
LINE
8
BLACK
6
CONTINUOUS
10
7.1260648425196846
20
-4.0297221653543307
11
7.1156281102362202
21
-4.0304685826771651
0
LINE
8
BLACK
6
CONTINUOUS
10
6.9526396456692909
20
-3.9240875196850391
11
6.9442430708661416
21
-3.9280029133858267
0
LINE
8
BLACK
6
CONTINUOUS
10
6.9442430708661416
20
-3.9280029133858267
11
6.9352941732283462
21
-3.930400748031496
0
LINE
8
BLACK
6
CONTINUOUS
10
6.9352941732283462
20
-3.930400748031496
11
6.9260648425196845
21
-3.9312082283464567
0
LINE
8
BLACK
6
CONTINUOUS
10
6.9260648425196845
20
-3.9312082283464567
11
6.9168355118110236
21
-3.930400748031496
0
LINE
8
BLACK
6
CONTINUOUS
10
6.9168355118110236
20
-3.930400748031496
11
6.9078866141732282
21
-3.9280029133858267
0
LINE
8
BLACK
6
CONTINUOUS
10
6.9078866141732282
20
-3.9280029133858267
11
6.8994900393700789
21
-3.9240875196850391
0
LINE
8
BLACK
6
CONTINUOUS
10
6.8994900393700789
20
-3.9240875196850391
11
6.8963656692913382
21
-3.9218998031496062
0
LINE
8
BLACK
6
CONTINUOUS
10
6.8963656692913382
20
-3.9218998031496062
11
6.8818960629921255
21
-3.9363694488188976
0
LINE
8
BLACK
6
CONTINUOUS
10
6.8818960629921255
20
-3.9363694488188976
11
6.8864161417322833
21
-3.9397531889763777
0
LINE
8
BLACK
6
CONTINUOUS
10
6.8864161417322833
20
-3.9397531889763777
11
6.8955996850393699
21
-3.9447677559055117
0
LINE
8
BLACK
6
CONTINUOUS
10
6.8955996850393699
20
-3.9447677559055117
11
6.9054036614173224
21
-3.9484244488188978
0
LINE
8
BLACK
6
CONTINUOUS
10
6.9054036614173224
20
-3.9484244488188978
11
6.91562811023622
21
-3.9506486220472441
0
LINE
8
BLACK
6
CONTINUOUS
10
6.91562811023622
20
-3.9506486220472441
11
6.9260648425196845
21
-3.9513950393700785
0
LINE
8
BLACK
6
CONTINUOUS
10
6.9260648425196845
20
-3.9513950393700785
11
6.936501535433071
21
-3.9506486220472441
0
LINE
8
BLACK
6
CONTINUOUS
10
6.936501535433071
20
-3.9506486220472441
11
6.9467259842519686
21
-3.9484244488188978
0
LINE
8
BLACK
6
CONTINUOUS
10
6.9467259842519686
20
-3.9484244488188978
11
6.9565299606299211
21
-3.9447677559055117
0
LINE
8
BLACK
6
CONTINUOUS
10
6.9565299606299211
20
-3.9447677559055117
11
6.9657137007874015
21
-3.9397530708661415
0
LINE
8
BLACK
6
CONTINUOUS
10
6.9657137007874015
20
-3.9397530708661415
11
6.970233503937008
21
-3.9363694881889764
0
LINE
8
BLACK
6
CONTINUOUS
10
6.970233503937008
20
-3.9363694881889764
11
6.9702335433070868
21
-3.9363694094488189
0
LINE
8
BLACK
6
CONTINUOUS
10
6.9702335433070868
20
-3.9363694094488189
11
6.9557639370078741
21
-3.9218998031496062
0
LINE
8
BLACK
6
CONTINUOUS
10
6.9557639370078741
20
-3.9218998031496062
11
6.9526396456692909
21
-3.9240875196850391
0
LINE
8
BLACK
6
CONTINUOUS
10
7.1526396456692911
20
-3.9240875196850391
11
7.1442430708661417
21
-3.9280029133858267
0
LINE
8
BLACK
6
CONTINUOUS
10
7.1442430708661417
20
-3.9280029133858267
11
7.1352941732283464
21
-3.930400748031496
0
LINE
8
BLACK
6
CONTINUOUS
10
7.1352941732283464
20
-3.930400748031496
11
7.1260648425196846
21
-3.9312082283464567
0
LINE
8
BLACK
6
CONTINUOUS
10
7.1260648425196846
20
-3.9312082283464567
11
7.1168355118110238
21
-3.930400748031496
0
LINE
8
BLACK
6
CONTINUOUS
10
7.1168355118110238
20
-3.930400748031496
11
7.1078866141732284
21
-3.9280029133858267
0
LINE
8
BLACK
6
CONTINUOUS
10
7.1078866141732284
20
-3.9280029133858267
11
7.0994900393700782
21
-3.9240875196850391
0
LINE
8
BLACK
6
CONTINUOUS
10
7.0994900393700782
20
-3.9240875196850391
11
7.0963656692913384
21
-3.9218998031496062
0
LINE
8
BLACK
6
CONTINUOUS
10
7.0963656692913384
20
-3.9218998031496062
11
7.0818960629921257
21
-3.9363694488188976
0
LINE
8
BLACK
6
CONTINUOUS
10
7.0818960629921257
20
-3.9363694488188976
11
7.0864161417322835
21
-3.9397531889763777
0
LINE
8
BLACK
6
CONTINUOUS
10
7.0864161417322835
20
-3.9397531889763777
11
7.0955996850393701
21
-3.9447677559055117
0
LINE
8
BLACK
6
CONTINUOUS
10
7.0955996850393701
20
-3.9447677559055117
11
7.1054036614173226
21
-3.9484244488188978
0
LINE
8
BLACK
6
CONTINUOUS
10
7.1054036614173226
20
-3.9484244488188978
11
7.1156281102362202
21
-3.9506486220472441
0
LINE
8
BLACK
6
CONTINUOUS
10
7.1156281102362202
20
-3.9506486220472441
11
7.1260648425196846
21
-3.9513950393700785
0
LINE
8
BLACK
6
CONTINUOUS
10
7.1260648425196846
20
-3.9513950393700785
11
7.1365015354330703
21
-3.9506486220472441
0
LINE
8
BLACK
6
CONTINUOUS
10
7.1365015354330703
20
-3.9506486220472441
11
7.1467259842519679
21
-3.9484244488188978
0
LINE
8
BLACK
6
CONTINUOUS
10
7.1467259842519679
20
-3.9484244488188978
11
7.1565299606299213
21
-3.9447677559055117
0
LINE
8
BLACK
6
CONTINUOUS
10
7.1565299606299213
20
-3.9447677559055117
11
7.1657137007874017
21
-3.9397530708661415
0
LINE
8
BLACK
6
CONTINUOUS
10
7.1657137007874017
20
-3.9397530708661415
11
7.1702335039370073
21
-3.9363694881889764
0
LINE
8
BLACK
6
CONTINUOUS
10
7.1702335039370073
20
-3.9363694881889764
11
7.1702335433070861
21
-3.9363694094488189
0
LINE
8
BLACK
6
CONTINUOUS
10
7.1702335433070861
20
-3.9363694094488189
11
7.1557639370078743
21
-3.9218998031496062
0
LINE
8
BLACK
6
CONTINUOUS
10
7.1557639370078743
20
-3.9218998031496062
11
7.1526396456692911
21
-3.9240875196850391
0
LINE
8
BLACK
6
CONTINUOUS
10
5.4482835433070864
20
-3.6280586220472442
11
5.449090787401575
21
-3.6347070866141733
0
LINE
8
BLACK
6
CONTINUOUS
10
5.449090787401575
20
-3.6347070866141733
11
5.4514655905511811
21
-3.6409690551181102
0
LINE
8
BLACK
6
CONTINUOUS
10
5.4514655905511811
20
-3.6409690551181102
11
5.4514656692913386
21
-3.6409692125984252
0
LINE
8
BLACK
6
CONTINUOUS
10
5.4514656692913386
20
-3.6409692125984252
11
5.4539187795275588
21
-3.6445231102362206
0
LINE
8
BLACK
6
CONTINUOUS
10
5.4539187795275588
20
-3.6445231102362206
11
5.4552702362204721
21
-3.6464810236220471
0
LINE
8
BLACK
6
CONTINUOUS
10
5.4552702362204721
20
-3.6464810236220471
11
5.4586260236220472
21
-3.6494539763779525
0
LINE
8
BLACK
6
CONTINUOUS
10
5.4586260236220472
20
-3.6494539763779525
11
5.4601112598425194
21
-3.6518217716535433
0
LINE
8
BLACK
6
CONTINUOUS
10
5.4601112598425194
20
-3.6518217716535433
11
5.4602971259842521
21
-3.6531670078740155
0
LINE
8
BLACK
6
CONTINUOUS
10
5.4602971259842521
20
-3.6531670078740155
11
5.4602971259842521
21
-3.6953529527559055
0
LINE
8
BLACK
6
CONTINUOUS
10
5.4602971259842521
20
-3.6953529527559055
11
5.4602971259842521
21
-3.6995046850393698
0
LINE
8
BLACK
6
CONTINUOUS
10
5.4602971259842521
20
-3.6995046850393698
11
5.4613716535433072
21
-3.7035149606299211
0
LINE
8
BLACK
6
CONTINUOUS
10
5.4613716535433072
20
-3.7035149606299211
11
5.461371692913386
21
-3.7035150393700786
0
LINE
8
BLACK
6
CONTINUOUS
10
5.461371692913386
20
-3.7035150393700786
11
5.4613717322834647
21
-3.7035151181102361
0
LINE
8
BLACK
6
CONTINUOUS
10
5.4613717322834647
20
-3.7035151181102361
11
5.4634474015748031
21
-3.707110275590551
0
LINE
8
BLACK
6
CONTINUOUS
10
5.4634474015748031
20
-3.707110275590551
11
5.4634477165354332
21
-3.7071106692913385
0
LINE
8
BLACK
6
CONTINUOUS
10
5.4634477165354332
20
-3.7071106692913385
11
5.6671692125984254
21
-3.910832125984252
0
LINE
8
BLACK
6
CONTINUOUS
10
5.6671692125984254
20
-3.910832125984252
11
5.6685088188976378
21
-3.9132853543307085
0
LINE
8
BLACK
6
CONTINUOUS
10
5.6685088188976378
20
-3.9132853543307085
11
5.6685859842519681
21
-3.9149377165354329
0
LINE
8
BLACK
6
CONTINUOUS
10
5.6685859842519681
20
-3.9149377165354329
11
5.6682835433070862
21
-3.9174286614173228
0
LINE
8
BLACK
6
CONTINUOUS
10
5.6682835433070862
20
-3.9174286614173228
11
5.6682835433070862
21
-3.9174288976377953
0
LINE
8
BLACK
6
CONTINUOUS
10
5.6682835433070862
20
-3.9174288976377953
11
5.6690907874015748
21
-3.924077283464567
0
LINE
8
BLACK
6
CONTINUOUS
10
5.6690907874015748
20
-3.924077283464567
11
5.6714655905511808
21
-3.9303392519685039
0
LINE
8
BLACK
6
CONTINUOUS
10
5.6714655905511808
20
-3.9303392519685039
11
5.6714656692913383
21
-3.9303394094488189
0
LINE
8
BLACK
6
CONTINUOUS
10
5.6714656692913383
20
-3.9303394094488189
11
5.6752701968503931
21
-3.935851181102362
0
LINE
8
BLACK
6
CONTINUOUS
10
5.6752701968503931
20
-3.935851181102362
11
5.6752702755905506
21
-3.9358512598425195
0
LINE
8
BLACK
6
CONTINUOUS
10
5.6752702755905506
20
-3.9358512598425195
11
5.6797329921259845
21
-3.9398048818897635
0
LINE
8
BLACK
6
CONTINUOUS
10
5.6797329921259845
20
-3.9398048818897635
11
5.6802832677165354
21
-3.9402923622047243
0
LINE
8
BLACK
6
CONTINUOUS
10
5.6802832677165354
20
-3.9402923622047243
11
5.6862134645669293
21
-3.9434048031496061
0
LINE
8
BLACK
6
CONTINUOUS
10
5.6862134645669293
20
-3.9434048031496061
11
5.6862135039370081
21
-3.9434048031496061
0
LINE
8
BLACK
6
CONTINUOUS
10
5.6862135039370081
20
-3.9434048031496061
11
5.6862135826771656
21
-3.9434048425196848
0
LINE
8
BLACK
6
CONTINUOUS
10
5.6862135826771656
20
-3.9434048425196848
11
5.6923822047244093
21
-3.9449252362204725
0
LINE
8
BLACK
6
CONTINUOUS
10
5.6923822047244093
20
-3.9449252362204725
11
5.6927161811023623
21
-3.9450075590551181
0
LINE
8
BLACK
6
CONTINUOUS
10
5.6927161811023623
20
-3.9450075590551181
11
5.6927162992125986
21
-3.9450075590551181
0
LINE
8
BLACK
6
CONTINUOUS
10
5.6927162992125986
20
-3.9450075590551181
11
5.6994133858267713
21
-3.9450075590551181
0
LINE
8
BLACK
6
CONTINUOUS
10
5.6994133858267713
20
-3.9450075590551181
11
5.6994135039370075
21
-3.9450075590551181
0
LINE
8
BLACK
6
CONTINUOUS
10
5.6994135039370075
20
-3.9450075590551181
11
5.7059162204724405
21
-3.9434048031496061
0
LINE
8
BLACK
6
CONTINUOUS
10
5.7059162204724405
20
-3.9434048031496061
11
5.7118464173228345
21
-3.9402923622047243
0
LINE
8
BLACK
6
CONTINUOUS
10
5.7118464173228345
20
-3.9402923622047243
11
5.7168594488188971
21
-3.9358512204724407
0
LINE
8
BLACK
6
CONTINUOUS
10
5.7168594488188971
20
-3.9358512204724407
11
5.7206639763779528
21
-3.9303394488188976
0
LINE
8
BLACK
6
CONTINUOUS
10
5.7206639763779528
20
-3.9303394488188976
11
5.7230388582677163
21
-3.9240773228346457
0
LINE
8
BLACK
6
CONTINUOUS
10
5.7230388582677163
20
-3.9240773228346457
11
5.7238080708661414
21
-3.917742283464567
0
LINE
8
BLACK
6
CONTINUOUS
10
5.7238080708661414
20
-3.917742283464567
11
5.7238461417322837
21
-3.9174288976377953
0
LINE
8
BLACK
6
CONTINUOUS
10
5.7238461417322837
20
-3.9174288976377953
11
5.7238461417322837
21
-3.9174287007874016
0
LINE
8
BLACK
6
CONTINUOUS
10
5.7238461417322837
20
-3.9174287007874016
11
5.7230388582677163
21
-3.9107803149606299
0
LINE
8
BLACK
6
CONTINUOUS
10
5.7230388582677163
20
-3.9107803149606299
11
5.7206640551181103
21
-3.904518346456693
0
LINE
8
BLACK
6
CONTINUOUS
10
5.7206640551181103
20
-3.904518346456693
11
5.7206639763779528
21
-3.904518188976378
0
LINE
8
BLACK
6
CONTINUOUS
10
5.7206639763779528
20
-3.904518188976378
11
5.7179329527559055
21
-3.9005616535433072
0
LINE
8
BLACK
6
CONTINUOUS
10
5.7179329527559055
20
-3.9005616535433072
11
5.7170575196850395
21
-3.8979071653543307
0
LINE
8
BLACK
6
CONTINUOUS
10
5.7170575196850395
20
-3.8979071653543307
11
5.7177562204724408
21
-3.8952007480314959
0
LINE
8
BLACK
6
CONTINUOUS
10
5.7177562204724408
20
-3.8952007480314959
11
5.7179326771653542
21
-3.8949261023622048
0
LINE
8
BLACK
6
CONTINUOUS
10
5.7179326771653542
20
-3.8949261023622048
11
5.7206639763779528
21
-3.890969251968504
0
LINE
8
BLACK
6
CONTINUOUS
10
5.7206639763779528
20
-3.890969251968504
11
5.7230388582677163
21
-3.8847071259842521
0
LINE
8
BLACK
6
CONTINUOUS
10
5.7230388582677163
20
-3.8847071259842521
11
5.7238461417322837
21
-3.8780586220472442
0
LINE
8
BLACK
6
CONTINUOUS
10
5.7238461417322837
20
-3.8780586220472442
11
5.7235663779527561
21
-3.8757546850393698
0
LINE
8
BLACK
6
CONTINUOUS
10
5.7235663779527561
20
-3.8757546850393698
11
5.7230388582677163
21
-3.8714101181102363
0
LINE
8
BLACK
6
CONTINUOUS
10
5.7230388582677163
20
-3.8714101181102363
11
5.7206640551181103
21
-3.8651481496062989
0
LINE
8
BLACK
6
CONTINUOUS
10
5.7206640551181103
20
-3.8651481496062989
11
5.7206639763779528
21
-3.8651479921259844
0
LINE
8
BLACK
6
CONTINUOUS
10
5.7206639763779528
20
-3.8651479921259844
11
5.7168594488188971
21
-3.8596362204724408
0
LINE
8
BLACK
6
CONTINUOUS
10
5.7168594488188971
20
-3.8596362204724408
11
5.7168593700787405
21
-3.8596361417322833
0
LINE
8
BLACK
6
CONTINUOUS
10
5.7168593700787405
20
-3.8596361417322833
11
5.7118466141732283
21
-3.8551952362204722
0
LINE
8
BLACK
6
CONTINUOUS
10
5.7118466141732283
20
-3.8551952362204722
11
5.7118463779527557
21
-3.8551950393700785
0
LINE
8
BLACK
6
CONTINUOUS
10
5.7118463779527557
20
-3.8551950393700785
11
5.7059162204724405
21
-3.8520826377952755
0
LINE
8
BLACK
6
CONTINUOUS
10
5.7059162204724405
20
-3.8520826377952755
11
5.7059160629921255
21
-3.852082559055118
0
LINE
8
BLACK
6
CONTINUOUS
10
5.7059160629921255
20
-3.852082559055118
11
5.6994136220472438
21
-3.8504798818897639
0
LINE
8
BLACK
6
CONTINUOUS
10
5.6994136220472438
20
-3.8504798818897639
11
5.6994135039370075
21
-3.8504798818897639
0
LINE
8
BLACK
6
CONTINUOUS
10
5.6994135039370075
20
-3.8504798818897639
11
5.6928397637795278
21
-3.8504798818897639
0
LINE
8
BLACK
6
CONTINUOUS
10
5.6928397637795278
20
-3.8504798818897639
11
5.6901578346456692
21
-3.8496924015748029
0
LINE
8
BLACK
6
CONTINUOUS
10
5.6901578346456692
20
-3.8496924015748029
11
5.689332086614173
21
-3.8490269291338581
0
LINE
8
BLACK
6
CONTINUOUS
10
5.689332086614173
20
-3.8490269291338581
11
5.5932855118110236
21
-3.7529803543307088
0
LINE
8
BLACK
6
CONTINUOUS
10
5.5932855118110236
20
-3.7529803543307088
11
5.5919459055118113
21
-3.7505271259842519
0
LINE
8
BLACK
6
CONTINUOUS
10
5.5919459055118113
20
-3.7505271259842519
11
5.5918325590551179
21
-3.7494726771653544
0
LINE
8
BLACK
6
CONTINUOUS
10
5.5918325590551179
20
-3.7494726771653544
11
5.5918325590551179
21
-3.6731670078740155
0
LINE
8
BLACK
6
CONTINUOUS
10
5.5918325590551179
20
-3.6731670078740155
11
5.5926200393700789
21
-3.6704850787401573
0
LINE
8
BLACK
6
CONTINUOUS
10
5.5926200393700789
20
-3.6704850787401573
11
5.5935035039370078
21
-3.6694540944881888
0
LINE
8
BLACK
6
CONTINUOUS
10
5.5935035039370078
20
-3.6694540944881888
11
5.5968594488188979
21
-3.6664810236220471
0
LINE
8
BLACK
6
CONTINUOUS
10
5.5968594488188979
20
-3.6664810236220471
11
5.6006639763779527
21
-3.660969251968504
0
LINE
8
BLACK
6
CONTINUOUS
10
5.6006639763779527
20
-3.660969251968504
11
5.6030388582677162
21
-3.6547071259842521
0
LINE
8
BLACK
6
CONTINUOUS
10
5.6030388582677162
20
-3.6547071259842521
11
5.6034984251968503
21
-3.6509221653543307
0
LINE
8
BLACK
6
CONTINUOUS
10
5.6034984251968503
20
-3.6509221653543307
11
5.6038461417322836
21
-3.6480587007874017
0
LINE
8
BLACK
6
CONTINUOUS
10
5.6038461417322836
20
-3.6480587007874017
11
5.6038461417322836
21
-3.6480585039370079
0
LINE
8
BLACK
6
CONTINUOUS
10
5.6038461417322836
20
-3.6480585039370079
11
5.6030388582677162
21
-3.6414101181102363
0
LINE
8
BLACK
6
CONTINUOUS
10
5.6030388582677162
20
-3.6414101181102363
11
5.6006640551181102
21
-3.635148149606299
0
LINE
8
BLACK
6
CONTINUOUS
10
5.6006640551181102
20
-3.635148149606299
11
5.6006639763779527
21
-3.6351479921259844
0
LINE
8
BLACK
6
CONTINUOUS
10
5.6006639763779527
20
-3.6351479921259844
11
5.5968594488188979
21
-3.6296362204724408
0
LINE
8
BLACK
6
CONTINUOUS
10
5.5968594488188979
20
-3.6296362204724408
11
5.5968593700787403
21
-3.6296361417322833
0
LINE
8
BLACK
6
CONTINUOUS
10
5.5968593700787403
20
-3.6296361417322833
11
5.5918466141732281
21
-3.6251952362204722
0
LINE
8
BLACK
6
CONTINUOUS
10
5.5918466141732281
20
-3.6251952362204722
11
5.5918463779527556
21
-3.6251950393700785
0
LINE
8
BLACK
6
CONTINUOUS
10
5.5918463779527556
20
-3.6251950393700785
11
5.5859162204724404
21
-3.6220826377952755
0
LINE
8
BLACK
6
CONTINUOUS
10
5.5859162204724404
20
-3.6220826377952755
11
5.5859160629921263
21
-3.622082559055118
0
LINE
8
BLACK
6
CONTINUOUS
10
5.5859160629921263
20
-3.622082559055118
11
5.5794136220472437
21
-3.6204798818897639
0
LINE
8
BLACK
6
CONTINUOUS
10
5.5794136220472437
20
-3.6204798818897639
11
5.5794135039370074
21
-3.6204798818897639
0
LINE
8
BLACK
6
CONTINUOUS
10
5.5794135039370074
20
-3.6204798818897639
11
5.5727161811023622
21
-3.6204798818897639
0
LINE
8
BLACK
6
CONTINUOUS
10
5.5727161811023622
20
-3.6204798818897639
11
5.5727160236220472
21
-3.6204798818897639
0
LINE
8
BLACK
6
CONTINUOUS
10
5.5727160236220472
20
-3.6204798818897639
11
5.5662135826771655
21
-3.622082559055118
0
LINE
8
BLACK
6
CONTINUOUS
10
5.5662135826771655
20
-3.622082559055118
11
5.5662134251968505
21
-3.6220826377952755
0
LINE
8
BLACK
6
CONTINUOUS
10
5.5662134251968505
20
-3.6220826377952755
11
5.5602832677165352
21
-3.6251950393700785
0
LINE
8
BLACK
6
CONTINUOUS
10
5.5602832677165352
20
-3.6251950393700785
11
5.5602830314960627
21
-3.6251952362204722
0
LINE
8
BLACK
6
CONTINUOUS
10
5.5602830314960627
20
-3.6251952362204722
11
5.5552702755905514
21
-3.6296361417322833
0
LINE
8
BLACK
6
CONTINUOUS
10
5.5552702755905514
20
-3.6296361417322833
11
5.5552701968503939
21
-3.6296362204724408
0
LINE
8
BLACK
6
CONTINUOUS
10
5.5552701968503939
20
-3.6296362204724408
11
5.5514656692913382
21
-3.6351479921259844
0
LINE
8
BLACK
6
CONTINUOUS
10
5.5514656692913382
20
-3.6351479921259844
11
5.5514655905511807
21
-3.635148149606299
0
LINE
8
BLACK
6
CONTINUOUS
10
5.5514655905511807
20
-3.635148149606299
11
5.5490907874015747
21
-3.6414101181102363
0
LINE
8
BLACK
6
CONTINUOUS
10
5.5490907874015747
20
-3.6414101181102363
11
5.5482835433070861
21
-3.6480585039370079
0
LINE
8
BLACK
6
CONTINUOUS
10
5.5482835433070861
20
-3.6480585039370079
11
5.5482835433070861
21
-3.6480587007874017
0
LINE
8
BLACK
6
CONTINUOUS
10
5.5482835433070861
20
-3.6480587007874017
11
5.5490907874015747
21
-3.6547070866141733
0
LINE
8
BLACK
6
CONTINUOUS
10
5.5490907874015747
20
-3.6547070866141733
11
5.5514655905511807
21
-3.6609690551181102
0
LINE
8
BLACK
6
CONTINUOUS
10
5.5514655905511807
20
-3.6609690551181102
11
5.5514656692913382
21
-3.6609692125984252
0
LINE
8
BLACK
6
CONTINUOUS
10
5.5514656692913382
20
-3.6609692125984252
11
5.5518189763779526
21
-3.6614810629921259
0
LINE
8
BLACK
6
CONTINUOUS
10
5.5518189763779526
20
-3.6614810629921259
11
5.5552702362204727
21
-3.6664810236220471
0
LINE
8
BLACK
6
CONTINUOUS
10
5.5552702362204727
20
-3.6664810236220471
11
5.5586260236220468
21
-3.6694539763779526
0
LINE
8
BLACK
6
CONTINUOUS
10
5.5586260236220468
20
-3.6694539763779526
11
5.56011125984252
21
-3.6718217716535433
0
LINE
8
BLACK
6
CONTINUOUS
10
5.56011125984252
20
-3.6718217716535433
11
5.5602971259842517
21
-3.6731670078740155
0
LINE
8
BLACK
6
CONTINUOUS
10
5.5602971259842517
20
-3.6731670078740155
11
5.5602971259842517
21
-3.7117300393700785
0
LINE
8
BLACK
6
CONTINUOUS
10
5.5602971259842517
20
-3.7117300393700785
11
5.561042125984252
21
-3.7131922047244093
0
LINE
8
BLACK
6
CONTINUOUS
10
5.561042125984252
20
-3.7131922047244093
11
5.5618128740157475
21
-3.718058622047244
0
LINE
8
BLACK
6
CONTINUOUS
10
5.5618128740157475
20
-3.718058622047244
11
5.561042125984252
21
-3.7229250393700788
0
LINE
8
BLACK
6
CONTINUOUS
10
5.561042125984252
20
-3.7229250393700788
11
5.5602971259842517
21
-3.7243871653543308
0
LINE
8
BLACK
6
CONTINUOUS
10
5.5602971259842517
20
-3.7243871653543308
11
5.5602971259842517
21
-3.7473861811023621
0
LINE
8
BLACK
6
CONTINUOUS
10
5.5602971259842517
20
-3.7473861811023621
11
5.5595096456692916
21
-3.7500681102362203
0
LINE
8
BLACK
6
CONTINUOUS
10
5.5595096456692916
20
-3.7500681102362203
11
5.5573972047244089
21
-3.7518985433070866
0
LINE
8
BLACK
6
CONTINUOUS
10
5.5573972047244089
20
-3.7518985433070866
11
5.5546305118110233
21
-3.7522963385826769
0
LINE
8
BLACK
6
CONTINUOUS
10
5.5546305118110233
20
-3.7522963385826769
11
5.5520879921259843
21
-3.7511351574803147
0
LINE
8
BLACK
6
CONTINUOUS
10
5.5520879921259843
20
-3.7511351574803147
11
5.5518288188976372
21
-3.7508938582677165
0
LINE
8
BLACK
6
CONTINUOUS
10
5.5518288188976372
20
-3.7508938582677165
11
5.4932855118110231
21
-3.6923505511811023
0
LINE
8
BLACK
6
CONTINUOUS
10
5.4932855118110231
20
-3.6923505511811023
11
5.4919459055118107
21
-3.6898973228346454
0
LINE
8
BLACK
6
CONTINUOUS
10
5.4919459055118107
20
-3.6898973228346454
11
5.4918325590551182
21
-3.688842874015748
0
LINE
8
BLACK
6
CONTINUOUS
10
5.4918325590551182
20
-3.688842874015748
11
5.4918325590551182
21
-3.6531670078740155
0
LINE
8
BLACK
6
CONTINUOUS
10
5.4918325590551182
20
-3.6531670078740155
11
5.4926200393700784
21
-3.6504850787401573
0
LINE
8
BLACK
6
CONTINUOUS
10
5.4926200393700784
20
-3.6504850787401573
11
5.4935035039370081
21
-3.6494540944881888
0
LINE
8
BLACK
6
CONTINUOUS
10
5.4935035039370081
20
-3.6494540944881888
11
5.4968594488188973
21
-3.6464810236220471
0
LINE
8
BLACK
6
CONTINUOUS
10
5.4968594488188973
20
-3.6464810236220471
11
5.500663976377953
21
-3.640969251968504
0
LINE
8
BLACK
6
CONTINUOUS
10
5.500663976377953
20
-3.640969251968504
11
5.5030388582677165
21
-3.6347071259842521
0
LINE
8
BLACK
6
CONTINUOUS
10
5.5030388582677165
20
-3.6347071259842521
11
5.503846141732283
21
-3.6280586220472442
0
LINE
8
BLACK
6
CONTINUOUS
10
5.503846141732283
20
-3.6280586220472442
11
5.5037948425196852
21
-3.6276362204724411
0
LINE
8
BLACK
6
CONTINUOUS
10
5.5037948425196852
20
-3.6276362204724411
11
5.5030388582677165
21
-3.6214101181102363
0
LINE
8
BLACK
6
CONTINUOUS
10
5.5030388582677165
20
-3.6214101181102363
11
5.5006640551181105
21
-3.6151481496062989
0
LINE
8
BLACK
6
CONTINUOUS
10
5.5006640551181105
20
-3.6151481496062989
11
5.500663976377953
21
-3.6151479921259844
0
LINE
8
BLACK
6
CONTINUOUS
10
5.500663976377953
20
-3.6151479921259844
11
5.4968594488188973
21
-3.6096362204724408
0
LINE
8
BLACK
6
CONTINUOUS
10
5.4968594488188973
20
-3.6096362204724408
11
5.4968593700787398
21
-3.6096361417322833
0
LINE
8
BLACK
6
CONTINUOUS
10
5.4968593700787398
20
-3.6096361417322833
11
5.4918466141732285
21
-3.6051952362204722
0
LINE
8
BLACK
6
CONTINUOUS
10
5.4918466141732285
20
-3.6051952362204722
11
5.491846377952756
21
-3.6051950393700785
0
LINE
8
BLACK
6
CONTINUOUS
10
5.491846377952756
20
-3.6051950393700785
11
5.4859162204724408
21
-3.6020826377952755
0
LINE
8
BLACK
6
CONTINUOUS
10
5.4859162204724408
20
-3.6020826377952755
11
5.4859160629921258
21
-3.602082559055118
0
LINE
8
BLACK
6
CONTINUOUS
10
5.4859160629921258
20
-3.602082559055118
11
5.479413622047244
21
-3.6004798818897639
0
LINE
8
BLACK
6
CONTINUOUS
10
5.479413622047244
20
-3.6004798818897639
11
5.4794135039370078
21
-3.6004798818897639
0
LINE
8
BLACK
6
CONTINUOUS
10
5.4794135039370078
20
-3.6004798818897639
11
5.4727161811023617
21
-3.6004798818897639
0
LINE
8
BLACK
6
CONTINUOUS
10
5.4727161811023617
20
-3.6004798818897639
11
5.4727160236220467
21
-3.6004798818897639
0
LINE
8
BLACK
6
CONTINUOUS
10
5.4727160236220467
20
-3.6004798818897639
11
5.466213582677165
21
-3.602082559055118
0
LINE
8
BLACK
6
CONTINUOUS
10
5.466213582677165
20
-3.602082559055118
11
5.4662134251968499
21
-3.6020826377952755
0
LINE
8
BLACK
6
CONTINUOUS
10
5.4662134251968499
20
-3.6020826377952755
11
5.4602832677165356
21
-3.6051950393700785
0
LINE
8
BLACK
6
CONTINUOUS
10
5.4602832677165356
20
-3.6051950393700785
11
5.4602830314960631
21
-3.6051952362204722
0
LINE
8
BLACK
6
CONTINUOUS
10
5.4602830314960631
20
-3.6051952362204722
11
5.4552702755905509
21
-3.6096361417322833
0
LINE
8
BLACK
6
CONTINUOUS
10
5.4552702755905509
20
-3.6096361417322833
11
5.4552701968503934
21
-3.6096362204724408
0
LINE
8
BLACK
6
CONTINUOUS
10
5.4552701968503934
20
-3.6096362204724408
11
5.4514656692913386
21
-3.6151479921259844
0
LINE
8
BLACK
6
CONTINUOUS
10
5.4514656692913386
20
-3.6151479921259844
11
5.4514655905511811
21
-3.6151481496062989
0
LINE
8
BLACK
6
CONTINUOUS
10
5.4514655905511811
20
-3.6151481496062989
11
5.449090787401575
21
-3.6214101181102363
0
LINE
8
BLACK
6
CONTINUOUS
10
5.449090787401575
20
-3.6214101181102363
11
5.4482835433070864
21
-3.6280585039370079
0
LINE
8
BLACK
6
CONTINUOUS
10
5.4482835433070864
20
-3.6280585039370079
11
5.4482835433070864
21
-3.6280586220472442
0
LINE
8
BLACK
6
CONTINUOUS
10
4.8760648425196846
20
-3.888058622047244
11
4.8760648425196846
21
-3.9099718897637796
0
LINE
8
BLACK
6
CONTINUOUS
10
4.8760648425196846
20
-3.9099718897637796
11
4.8763209448818898
21
-3.9123536220472439
0
LINE
8
BLACK
6
CONTINUOUS
10
4.8763209448818898
20
-3.9123536220472439
11
4.8783307874015751
21
-3.9177422440944882
0
LINE
8
BLACK
6
CONTINUOUS
10
4.8783307874015751
20
-3.9177422440944882
11
4.8783307874015751
21
-3.917742283464567
0
LINE
8
BLACK
6
CONTINUOUS
10
4.8783307874015751
20
-3.917742283464567
11
4.8817772440944882
21
-3.9223461811023621
0
LINE
8
BLACK
6
CONTINUOUS
10
4.8817772440944882
20
-3.9223461811023621
11
4.8863811417322838
21
-3.9257926377952757
0
LINE
8
BLACK
6
CONTINUOUS
10
4.8863811417322838
20
-3.9257926377952757
11
4.8917698031496064
21
-3.9278024803149605
0
LINE
8
BLACK
6
CONTINUOUS
10
4.8917698031496064
20
-3.9278024803149605
11
4.8941515354330711
21
-3.9280585826771652
0
LINE
8
BLACK
6
CONTINUOUS
10
4.8941515354330711
20
-3.9280585826771652
11
4.894152047244094
21
-3.928058622047244
0
LINE
8
BLACK
6
CONTINUOUS
10
4.894152047244094
20
-3.928058622047244
11
4.9160648425196847
21
-3.928058622047244
0
LINE
8
BLACK
6
CONTINUOUS
10
4.9160648425196847
20
-3.928058622047244
11
4.9160648425196847
21
-3.908058622047244
0
LINE
8
BLACK
6
CONTINUOUS
10
4.9160648425196847
20
-3.908058622047244
11
4.8960648425196851
21
-3.908058622047244
0
LINE
8
BLACK
6
CONTINUOUS
10
4.8960648425196851
20
-3.908058622047244
11
4.8960648425196851
21
-3.888058622047244
0
LINE
8
BLACK
6
CONTINUOUS
10
4.8960648425196851
20
-3.888058622047244
11
4.8760648425196846
21
-3.888058622047244
0
LINE
8
BLACK
6
CONTINUOUS
10
4.9560648425196847
20
-3.888058622047244
11
4.9560648425196847
21
-3.908058622047244
0
LINE
8
BLACK
6
CONTINUOUS
10
4.9560648425196847
20
-3.908058622047244
11
4.9360648425196851
21
-3.908058622047244
0
LINE
8
BLACK
6
CONTINUOUS
10
4.9360648425196851
20
-3.908058622047244
11
4.9360648425196851
21
-3.928058622047244
0
LINE
8
BLACK
6
CONTINUOUS
10
4.9360648425196851
20
-3.928058622047244
11
4.9579776377952758
21
-3.928058622047244
0
LINE
8
BLACK
6
CONTINUOUS
10
4.9579776377952758
20
-3.928058622047244
11
4.9579781102362199
21
-3.9280585826771652
0
LINE
8
BLACK
6
CONTINUOUS
10
4.9579781102362199
20
-3.9280585826771652
11
4.9603598425196846
21
-3.9278024803149605
0
LINE
8
BLACK
6
CONTINUOUS
10
4.9603598425196846
20
-3.9278024803149605
11
4.9657484645669294
21
-3.9257926377952757
0
LINE
8
BLACK
6
CONTINUOUS
10
4.9657484645669294
20
-3.9257926377952757
11
4.9657485039370082
21
-3.9257926377952757
0
LINE
8
BLACK
6
CONTINUOUS
10
4.9657485039370082
20
-3.9257926377952757
11
4.9703524015748028
21
-3.9223461811023621
0
LINE
8
BLACK
6
CONTINUOUS
10
4.9703524015748028
20
-3.9223461811023621
11
4.9720936614173228
21
-3.9200201574803151
0
LINE
8
BLACK
6
CONTINUOUS
10
4.9720936614173228
20
-3.9200201574803151
11
4.9743312992125981
21
-3.9183450787401575
0
LINE
8
BLACK
6
CONTINUOUS
10
4.9743312992125981
20
-3.9183450787401575
11
4.9771192913385827
21
-3.9181457086614171
0
LINE
8
BLACK
6
CONTINUOUS
10
4.9771192913385827
20
-3.9181457086614171
11
4.9795725590551179
21
-3.9194852755905512
0
LINE
8
BLACK
6
CONTINUOUS
10
4.9795725590551179
20
-3.9194852755905512
11
4.9800360236220476
21
-3.9200201574803151
0
LINE
8
BLACK
6
CONTINUOUS
10
4.9800360236220476
20
-3.9200201574803151
11
4.9817772440944879
21
-3.9223461811023621
0
LINE
8
BLACK
6
CONTINUOUS
10
4.9817772440944879
20
-3.9223461811023621
11
4.9863811417322834
21
-3.9257926377952757
0
LINE
8
BLACK
6
CONTINUOUS
10
4.9863811417322834
20
-3.9257926377952757
11
4.9917698031496061
21
-3.9278024803149605
0
LINE
8
BLACK
6
CONTINUOUS
10
4.9917698031496061
20
-3.9278024803149605
11
4.9941515354330708
21
-3.9280585826771652
0
LINE
8
BLACK
6
CONTINUOUS
10
4.9941515354330708
20
-3.9280585826771652
11
4.9941520472440946
21
-3.928058622047244
0
LINE
8
BLACK
6
CONTINUOUS
10
4.9941520472440946
20
-3.928058622047244
11
5.0160648425196852
21
-3.928058622047244
0
LINE
8
BLACK
6
CONTINUOUS
10
5.0160648425196852
20
-3.928058622047244
11
5.0160648425196852
21
-3.908058622047244
0
LINE
8
BLACK
6
CONTINUOUS
10
5.0160648425196852
20
-3.908058622047244
11
4.9960648425196847
21
-3.908058622047244
0
LINE
8
BLACK
6
CONTINUOUS
10
4.9960648425196847
20
-3.908058622047244
11
4.9960648425196847
21
-3.888058622047244
0
LINE
8
BLACK
6
CONTINUOUS
10
4.9960648425196847
20
-3.888058622047244
11
4.9560648425196847
21
-3.888058622047244
0
LINE
8
BLACK
6
CONTINUOUS
10
5.0560648425196852
20
-3.908058622047244
11
5.0360648425196848
21
-3.908058622047244
0
LINE
8
BLACK
6
CONTINUOUS
10
5.0360648425196848
20
-3.908058622047244
11
5.0360648425196848
21
-3.928058622047244
0
LINE
8
BLACK
6
CONTINUOUS
10
5.0360648425196848
20
-3.928058622047244
11
5.0579776377952754
21
-3.928058622047244
0
LINE
8
BLACK
6
CONTINUOUS
10
5.0579776377952754
20
-3.928058622047244
11
5.0579781102362205
21
-3.9280585826771652
0
LINE
8
BLACK
6
CONTINUOUS
10
5.0579781102362205
20
-3.9280585826771652
11
5.0603598425196852
21
-3.9278024803149605
0
LINE
8
BLACK
6
CONTINUOUS
10
5.0603598425196852
20
-3.9278024803149605
11
5.0657484645669291
21
-3.9257926377952757
0
LINE
8
BLACK
6
CONTINUOUS
10
5.0657484645669291
20
-3.9257926377952757
11
5.0657485039370078
21
-3.9257926377952757
0
LINE
8
BLACK
6
CONTINUOUS
10
5.0657485039370078
20
-3.9257926377952757
11
5.0703524015748034
21
-3.9223461811023621
0
LINE
8
BLACK
6
CONTINUOUS
10
5.0703524015748034
20
-3.9223461811023621
11
5.0737988582677165
21
-3.917742283464567
0
LINE
8
BLACK
6
CONTINUOUS
10
5.0737988582677165
20
-3.917742283464567
11
5.0737988582677165
21
-3.9177422440944882
0
LINE
8
BLACK
6
CONTINUOUS
10
5.0737988582677165
20
-3.9177422440944882
11
5.0758087007874018
21
-3.9123536220472439
0
LINE
8
BLACK
6
CONTINUOUS
10
5.0758087007874018
20
-3.9123536220472439
11
5.0760648031496061
21
-3.9099718897637796
0
LINE
8
BLACK
6
CONTINUOUS
10
5.0760648031496061
20
-3.9099718897637796
11
5.0760648425196848
21
-3.9099714173228346
0
LINE
8
BLACK
6
CONTINUOUS
10
5.0760648425196848
20
-3.9099714173228346
11
5.0760648425196848
21
-3.888058622047244
0
LINE
8
BLACK
6
CONTINUOUS
10
5.0760648425196848
20
-3.888058622047244
11
5.0560648425196852
21
-3.888058622047244
0
LINE
8
BLACK
6
CONTINUOUS
10
5.0560648425196852
20
-3.888058622047244
11
5.0560648425196852
21
-3.908058622047244
0
LINE
8
BLACK
6
CONTINUOUS
10
6.8677539370078735
20
-3.8338898818897635
11
6.8643702755905514
21
-3.8384099212598426
0
LINE
8
BLACK
6
CONTINUOUS
10
6.8643702755905514
20
-3.8384099212598426
11
6.8593556692913387
21
-3.8475934645669292
0
LINE
8
BLACK
6
CONTINUOUS
10
6.8593556692913387
20
-3.8475934645669292
11
6.855698976377953
21
-3.8573974409448817
0
LINE
8
BLACK
6
CONTINUOUS
10
6.855698976377953
20
-3.8573974409448817
11
6.8534748031496058
21
-3.8676218897637793
0
LINE
8
BLACK
6
CONTINUOUS
10
6.8534748031496058
20
-3.8676218897637793
11
6.8527283858267714
21
-3.8780586220472442
0
LINE
8
BLACK
6
CONTINUOUS
10
6.8527283858267714
20
-3.8780586220472442
11
6.8534748031496058
21
-3.8884953149606298
0
LINE
8
BLACK
6
CONTINUOUS
10
6.8534748031496058
20
-3.8884953149606298
11
6.855698976377953
21
-3.8987197637795274
0
LINE
8
BLACK
6
CONTINUOUS
10
6.855698976377953
20
-3.8987197637795274
11
6.8593556692913387
21
-3.9085237401574804
0
LINE
8
BLACK
6
CONTINUOUS
10
6.8593556692913387
20
-3.9085237401574804
11
6.8643702755905514
21
-3.917707283464567
0
LINE
8
BLACK
6
CONTINUOUS
10
6.8643702755905514
20
-3.917707283464567
11
6.8677539370078735
21
-3.9222272834645668
0
LINE
8
BLACK
6
CONTINUOUS
10
6.8677539370078735
20
-3.9222272834645668
11
6.8677539370078735
21
-3.9222273228346456
0
LINE
8
BLACK
6
CONTINUOUS
10
6.8677539370078735
20
-3.9222273228346456
11
6.8822235433070862
21
-3.9077576377952754
0
LINE
8
BLACK
6
CONTINUOUS
10
6.8822235433070862
20
-3.9077576377952754
11
6.8800359448818895
21
-3.9046334251968502
0
LINE
8
BLACK
6
CONTINUOUS
10
6.8800359448818895
20
-3.9046334251968502
11
6.8761205511811019
21
-3.8962368503937008
0
LINE
8
BLACK
6
CONTINUOUS
10
6.8761205511811019
20
-3.8962368503937008
11
6.8737227165354327
21
-3.8872879527559054
0
LINE
8
BLACK
6
CONTINUOUS
10
6.8737227165354327
20
-3.8872879527559054
11
6.8729152362204724
21
-3.8780586220472442
0
LINE
8
BLACK
6
CONTINUOUS
10
6.8729152362204724
20
-3.8780586220472442
11
6.8737227165354327
21
-3.8688292913385824
0
LINE
8
BLACK
6
CONTINUOUS
10
6.8737227165354327
20
-3.8688292913385824
11
6.8761205511811019
21
-3.8598803937007875
0
LINE
8
BLACK
6
CONTINUOUS
10
6.8761205511811019
20
-3.8598803937007875
11
6.8800359448818895
21
-3.8514838188976377
0
LINE
8
BLACK
6
CONTINUOUS
10
6.8800359448818895
20
-3.8514838188976377
11
6.8822235826771649
21
-3.8483594881889762
0
LINE
8
BLACK
6
CONTINUOUS
10
6.8822235826771649
20
-3.8483594881889762
11
6.8677539370078735
21
-3.8338898425196848
0
LINE
8
BLACK
6
CONTINUOUS
10
6.8677539370078735
20
-3.8338898425196848
11
6.8677539370078735
21
-3.8338898818897635
0
LINE
8
BLACK
6
CONTINUOUS
10
7.0677539370078737
20
-3.6338898818897638
11
7.0643702755905506
21
-3.6384099212598424
0
LINE
8
BLACK
6
CONTINUOUS
10
7.0643702755905506
20
-3.6384099212598424
11
7.0593556692913388
21
-3.647593464566929
0
LINE
8
BLACK
6
CONTINUOUS
10
7.0593556692913388
20
-3.647593464566929
11
7.0556989763779523
21
-3.657397440944882
0
LINE
8
BLACK
6
CONTINUOUS
10
7.0556989763779523
20
-3.657397440944882
11
7.053474803149606
21
-3.6676218897637796
0
LINE
8
BLACK
6
CONTINUOUS
10
7.053474803149606
20
-3.6676218897637796
11
7.0527283858267715
21
-3.678058622047244
0
LINE
8
BLACK
6
CONTINUOUS
10
7.0527283858267715
20
-3.678058622047244
11
7.053474803149606
21
-3.6884953149606297
0
LINE
8
BLACK
6
CONTINUOUS
10
7.053474803149606
20
-3.6884953149606297
11
7.0556989763779523
21
-3.6987197637795273
0
LINE
8
BLACK
6
CONTINUOUS
10
7.0556989763779523
20
-3.6987197637795273
11
7.0593556692913388
21
-3.7085237401574802
0
LINE
8
BLACK
6
CONTINUOUS
10
7.0593556692913388
20
-3.7085237401574802
11
7.0643703543307081
21
-3.7177074409448818
0
LINE
8
BLACK
6
CONTINUOUS
10
7.0643703543307081
20
-3.7177074409448818
11
7.0657634251968506
21
-3.7195683858267716
0
LINE
8
BLACK
6
CONTINUOUS
10
7.0657634251968506
20
-3.7195683858267716
11
7.0667402362204719
21
-3.7221872834645668
0
LINE
8
BLACK
6
CONTINUOUS
10
7.0667402362204719
20
-3.7221872834645668
11
7.0661461023622048
21
-3.7249185433070866
0
LINE
8
BLACK
6
CONTINUOUS
10
7.0661461023622048
20
-3.7249185433070866
11
7.0641696062992123
21
-3.7268950393700786
0
LINE
8
BLACK
6
CONTINUOUS
10
7.0641696062992123
20
-3.7268950393700786
11
7.0614383464566925
21
-3.7274891732283462
0
LINE
8
BLACK
6
CONTINUOUS
10
7.0614383464566925
20
-3.7274891732283462
11
7.0592003543307085
21
-3.7267708267716535
0
LINE
8
BLACK
6
CONTINUOUS
10
7.0592003543307085
20
-3.7267708267716535
11
7.0538636220472437
21
-3.7235004724409446
0
LINE
8
BLACK
6
CONTINUOUS
10
7.0538636220472437
20
-3.7235004724409446
11
7.0449865748031497
21
-3.719823503937008
0
LINE
8
BLACK
6
CONTINUOUS
10
7.0449865748031497
20
-3.719823503937008
11
7.0449864960629922
21
-3.7198234645669292
0
LINE
8
BLACK
6
CONTINUOUS
10
7.0449864960629922
20
-3.7198234645669292
11
7.0449864566929135
21
-3.7198234645669292
0
LINE
8
BLACK
6
CONTINUOUS
10
7.0449864566929135
20
-3.7198234645669292
11
7.0379981496062989
21
-3.7181457086614174
0
LINE
8
BLACK
6
CONTINUOUS
10
7.0379981496062989
20
-3.7181457086614174
11
7.035643661417323
21
-3.7175804330708662
0
LINE
8
BLACK
6
CONTINUOUS
10
7.035643661417323
20
-3.7175804330708662
11
7.0356437007874018
21
-3.7175804330708662
0
LINE
8
BLACK
6
CONTINUOUS
10
7.0356437007874018
20
-3.7175804330708662
11
7.026064842519685
21
-3.7168265748031497
0
LINE
8
BLACK
6
CONTINUOUS
10
7.026064842519685
20
-3.7168265748031497
11
7.0164859842519682
21
-3.7175804330708662
0
LINE
8
BLACK
6
CONTINUOUS
10
7.0164859842519682
20
-3.7175804330708662
11
7.0071431889763778
21
-3.7198234645669292
0
LINE
8
BLACK
6
CONTINUOUS
10
7.0071431889763778
20
-3.7198234645669292
11
6.99826594488189
21
-3.7235005118110234
0
LINE
8
BLACK
6
CONTINUOUS
10
6.99826594488189
20
-3.7235005118110234
11
6.9929292913385828
21
-3.7267708267716535
0
LINE
8
BLACK
6
CONTINUOUS
10
6.9929292913385828
20
-3.7267708267716535
11
6.9902311417322833
21
-3.7275006692913384
0
LINE
8
BLACK
6
CONTINUOUS
10
6.9902311417322833
20
-3.7275006692913384
11
6.9875666929133855
21
-3.7266559055118109
0
LINE
8
BLACK
6
CONTINUOUS
10
6.9875666929133855
20
-3.7266559055118109
11
6.9857819291338581
21
-3.7245047637795277
0
LINE
8
BLACK
6
CONTINUOUS
10
6.9857819291338581
20
-3.7245047637795277
11
6.9854435039370077
21
-3.7217301968503937
0
LINE
8
BLACK
6
CONTINUOUS
10
6.9854435039370077
20
-3.7217301968503937
11
6.9863662598425194
21
-3.7195683464566929
0
LINE
8
BLACK
6
CONTINUOUS
10
6.9863662598425194
20
-3.7195683464566929
11
6.9877592913385822
21
-3.7177074803149606
0
LINE
8
BLACK
6
CONTINUOUS
10
6.9877592913385822
20
-3.7177074803149606
11
6.9927739763779524
21
-3.7085237401574802
0
LINE
8
BLACK
6
CONTINUOUS
10
6.9927739763779524
20
-3.7085237401574802
11
6.9964306692913381
21
-3.6987197637795273
0
LINE
8
BLACK
6
CONTINUOUS
10
6.9964306692913381
20
-3.6987197637795273
11
6.9986548425196853
21
-3.6884953149606297
0
LINE
8
BLACK
6
CONTINUOUS
10
6.9986548425196853
20
-3.6884953149606297
11
6.9994012598425197
21
-3.678058622047244
0
LINE
8
BLACK
6
CONTINUOUS
10
6.9994012598425197
20
-3.678058622047244
11
6.9986548425196853
21
-3.6676218897637796
0
LINE
8
BLACK
6
CONTINUOUS
10
6.9986548425196853
20
-3.6676218897637796
11
6.9964306692913381
21
-3.657397440944882
0
LINE
8
BLACK
6
CONTINUOUS
10
6.9964306692913381
20
-3.657397440944882
11
6.9927739763779524
21
-3.647593464566929
0
LINE
8
BLACK
6
CONTINUOUS
10
6.9927739763779524
20
-3.647593464566929
11
6.9877594094488185
21
-3.6384099212598424
0
LINE
8
BLACK
6
CONTINUOUS
10
6.9877594094488185
20
-3.6384099212598424
11
6.9843756692913388
21
-3.6338898818897638
0
LINE
8
BLACK
6
CONTINUOUS
10
6.9843756692913388
20
-3.6338898818897638
11
6.9843756692913388
21
-3.6338898425196851
0
LINE
8
BLACK
6
CONTINUOUS
10
6.9843756692913388
20
-3.6338898425196851
11
6.9699060236220474
21
-3.6483594488188977
0
LINE
8
BLACK
6
CONTINUOUS
10
6.9699060236220474
20
-3.6483594488188977
11
6.9720937401574803
21
-3.6514838188976375
0
LINE
8
BLACK
6
CONTINUOUS
10
6.9720937401574803
20
-3.6514838188976375
11
6.9760091338582679
21
-3.6598803937007873
0
LINE
8
BLACK
6
CONTINUOUS
10
6.9760091338582679
20
-3.6598803937007873
11
6.9784069685039372
21
-3.6688292913385827
0
LINE
8
BLACK
6
CONTINUOUS
10
6.9784069685039372
20
-3.6688292913385827
11
6.9792144488188974
21
-3.678058622047244
0
LINE
8
BLACK
6
CONTINUOUS
10
6.9792144488188974
20
-3.678058622047244
11
6.9784069685039372
21
-3.6872879527559053
0
LINE
8
BLACK
6
CONTINUOUS
10
6.9784069685039372
20
-3.6872879527559053
11
6.9760091338582679
21
-3.6962368503937006
0
LINE
8
BLACK
6
CONTINUOUS
10
6.9760091338582679
20
-3.6962368503937006
11
6.9720937401574803
21
-3.7046334251968505
0
LINE
8
BLACK
6
CONTINUOUS
10
6.9720937401574803
20
-3.7046334251968505
11
6.9667798031496062
21
-3.7122225196850391
0
LINE
8
BLACK
6
CONTINUOUS
10
6.9667798031496062
20
-3.7122225196850391
11
6.9602287401574801
21
-3.7187735826771653
0
LINE
8
BLACK
6
CONTINUOUS
10
6.9602287401574801
20
-3.7187735826771653
11
6.9526396456692909
21
-3.7240875196850394
0
LINE
8
BLACK
6
CONTINUOUS
10
6.9526396456692909
20
-3.7240875196850394
11
6.9442430708661416
21
-3.7280029133858266
0
LINE
8
BLACK
6
CONTINUOUS
10
6.9442430708661416
20
-3.7280029133858266
11
6.9352941732283462
21
-3.7304007480314958
0
LINE
8
BLACK
6
CONTINUOUS
10
6.9352941732283462
20
-3.7304007480314958
11
6.9260648425196845
21
-3.7312082283464565
0
LINE
8
BLACK
6
CONTINUOUS
10
6.9260648425196845
20
-3.7312082283464565
11
6.9168355118110236
21
-3.7304007480314958
0
LINE
8
BLACK
6
CONTINUOUS
10
6.9168355118110236
20
-3.7304007480314958
11
6.9078866141732282
21
-3.7280029133858266
0
LINE
8
BLACK
6
CONTINUOUS
10
6.9078866141732282
20
-3.7280029133858266
11
6.8994900393700789
21
-3.7240875196850394
0
LINE
8
BLACK
6
CONTINUOUS
10
6.8994900393700789
20
-3.7240875196850394
11
6.8963656692913382
21
-3.721899803149606
0
LINE
8
BLACK
6
CONTINUOUS
10
6.8963656692913382
20
-3.721899803149606
11
6.8818960629921255
21
-3.7363694488188974
0
LINE
8
BLACK
6
CONTINUOUS
10
6.8818960629921255
20
-3.7363694488188974
11
6.8864161417322833
21
-3.739753188976378
0
LINE
8
BLACK
6
CONTINUOUS
10
6.8864161417322833
20
-3.739753188976378
11
6.8955996850393699
21
-3.7447677559055119
0
LINE
8
BLACK
6
CONTINUOUS
10
6.8955996850393699
20
-3.7447677559055119
11
6.9054036614173224
21
-3.7484244488188976
0
LINE
8
BLACK
6
CONTINUOUS
10
6.9054036614173224
20
-3.7484244488188976
11
6.91562811023622
21
-3.7506486220472439
0
LINE
8
BLACK
6
CONTINUOUS
10
6.91562811023622
20
-3.7506486220472439
11
6.9260648425196845
21
-3.7513950393700788
0
LINE
8
BLACK
6
CONTINUOUS
10
6.9260648425196845
20
-3.7513950393700788
11
6.936501535433071
21
-3.7506486220472439
0
LINE
8
BLACK
6
CONTINUOUS
10
6.936501535433071
20
-3.7506486220472439
11
6.9467259842519686
21
-3.7484244488188976
0
LINE
8
BLACK
6
CONTINUOUS
10
6.9467259842519686
20
-3.7484244488188976
11
6.9565299606299211
21
-3.7447677559055119
0
LINE
8
BLACK
6
CONTINUOUS
10
6.9565299606299211
20
-3.7447677559055119
11
6.9657137007874015
21
-3.7397530708661417
0
LINE
8
BLACK
6
CONTINUOUS
10
6.9657137007874015
20
-3.7397530708661417
11
6.9675745669291338
21
-3.7383600393700784
0
LINE
8
BLACK
6
CONTINUOUS
10
6.9675745669291338
20
-3.7383600393700784
11
6.970193464566929
21
-3.737383188976378
0
LINE
8
BLACK
6
CONTINUOUS
10
6.970193464566929
20
-3.737383188976378
11
6.9729247244094488
21
-3.7379773228346456
0
LINE
8
BLACK
6
CONTINUOUS
10
6.9729247244094488
20
-3.7379773228346456
11
6.9749012204724412
21
-3.7399537401574801
0
LINE
8
BLACK
6
CONTINUOUS
10
6.9749012204724412
20
-3.7399537401574801
11
6.9754953937007871
21
-3.7426849999999998
0
LINE
8
BLACK
6
CONTINUOUS
10
6.9754953937007871
20
-3.7426849999999998
11
6.9747770472440944
21
-3.7449230708661418
0
LINE
8
BLACK
6
CONTINUOUS
10
6.9747770472440944
20
-3.7449230708661418
11
6.9715067322834647
21
-3.7502597244094487
0
LINE
8
BLACK
6
CONTINUOUS
10
6.9715067322834647
20
-3.7502597244094487
11
6.9678296850393702
21
-3.7591369685039369
0
LINE
8
BLACK
6
CONTINUOUS
10
6.9678296850393702
20
-3.7591369685039369
11
6.9672044094488186
21
-3.7617414173228347
0
LINE
8
BLACK
6
CONTINUOUS
10
6.9672044094488186
20
-3.7617414173228347
11
6.9655866535433066
21
-3.7684798031496061
0
LINE
8
BLACK
6
CONTINUOUS
10
6.9655866535433066
20
-3.7684798031496061
11
6.9648327952755906
21
-3.7780586220472441
0
LINE
8
BLACK
6
CONTINUOUS
10
6.9648327952755906
20
-3.7780586220472441
11
6.9655866535433066
21
-3.7876374409448816
0
LINE
8
BLACK
6
CONTINUOUS
10
6.9655866535433066
20
-3.7876374409448816
11
6.9678297244094489
21
-3.7969803543307088
0
LINE
8
BLACK
6
CONTINUOUS
10
6.9678297244094489
20
-3.7969803543307088
11
6.971506692913386
21
-3.8058574015748032
0
LINE
8
BLACK
6
CONTINUOUS
10
6.971506692913386
20
-3.8058574015748032
11
6.9745441732283462
21
-3.8108141338582677
0
LINE
8
BLACK
6
CONTINUOUS
10
6.9745441732283462
20
-3.8108141338582677
11
6.9747770472440944
21
-3.8111940944881888
0
LINE
8
BLACK
6
CONTINUOUS
10
6.9747770472440944
20
-3.8111940944881888
11
6.9755068897637793
21
-3.813892283464567
0
LINE
8
BLACK
6
CONTINUOUS
10
6.9755068897637793
20
-3.813892283464567
11
6.9746621653543306
21
-3.8165566929133856
0
LINE
8
BLACK
6
CONTINUOUS
10
6.9746621653543306
20
-3.8165566929133856
11
6.9725109842519686
21
-3.8183414566929135
0
LINE
8
BLACK
6
CONTINUOUS
10
6.9725109842519686
20
-3.8183414566929135
11
6.9697364173228342
21
-3.8186799212598426
0
LINE
8
BLACK
6
CONTINUOUS
10
6.9697364173228342
20
-3.8186799212598426
11
6.9675746062992125
21
-3.8177572047244093
0
LINE
8
BLACK
6
CONTINUOUS
10
6.9675746062992125
20
-3.8177572047244093
11
6.9657136614173227
21
-3.8163641338582677
0
LINE
8
BLACK
6
CONTINUOUS
10
6.9657136614173227
20
-3.8163641338582677
11
6.9565299606299211
21
-3.8113494488188975
0
LINE
8
BLACK
6
CONTINUOUS
10
6.9565299606299211
20
-3.8113494488188975
11
6.9467259842519686
21
-3.8076927559055118
0
LINE
8
BLACK
6
CONTINUOUS
10
6.9467259842519686
20
-3.8076927559055118
11
6.936501535433071
21
-3.8054685826771655
0
LINE
8
BLACK
6
CONTINUOUS
10
6.936501535433071
20
-3.8054685826771655
11
6.9260648425196845
21
-3.8047221653543306
0
LINE
8
BLACK
6
CONTINUOUS
10
6.9260648425196845
20
-3.8047221653543306
11
6.91562811023622
21
-3.8054685826771655
0
LINE
8
BLACK
6
CONTINUOUS
10
6.91562811023622
20
-3.8054685826771655
11
6.9054036614173224
21
-3.8076927559055118
0
LINE
8
BLACK
6
CONTINUOUS
10
6.9054036614173224
20
-3.8076927559055118
11
6.8955996850393699
21
-3.8113494488188975
0
LINE
8
BLACK
6
CONTINUOUS
10
6.8955996850393699
20
-3.8113494488188975
11
6.8864161417322833
21
-3.8163640551181102
0
LINE
8
BLACK
6
CONTINUOUS
10
6.8864161417322833
20
-3.8163640551181102
11
6.8818961023622043
21
-3.8197477165354328
0
LINE
8
BLACK
6
CONTINUOUS
10
6.8818961023622043
20
-3.8197477165354328
11
6.8818960629921255
21
-3.8197477165354328
0
LINE
8
BLACK
6
CONTINUOUS
10
6.8818960629921255
20
-3.8197477165354328
11
6.896365708661417
21
-3.8342173622047242
0
LINE
8
BLACK
6
CONTINUOUS
10
6.896365708661417
20
-3.8342173622047242
11
6.8994900393700789
21
-3.8320297244094488
0
LINE
8
BLACK
6
CONTINUOUS
10
6.8994900393700789
20
-3.8320297244094488
11
6.9078866141732282
21
-3.8281143307086611
0
LINE
8
BLACK
6
CONTINUOUS
10
6.9078866141732282
20
-3.8281143307086611
11
6.9168355118110236
21
-3.8257164960629919
0
LINE
8
BLACK
6
CONTINUOUS
10
6.9168355118110236
20
-3.8257164960629919
11
6.9260648425196845
21
-3.8249090157480312
0
LINE
8
BLACK
6
CONTINUOUS
10
6.9260648425196845
20
-3.8249090157480312
11
6.9352941732283462
21
-3.8257164960629919
0
LINE
8
BLACK
6
CONTINUOUS
10
6.9352941732283462
20
-3.8257164960629919
11
6.9442430708661416
21
-3.8281143307086611
0
LINE
8
BLACK
6
CONTINUOUS
10
6.9442430708661416
20
-3.8281143307086611
11
6.9526396456692909
21
-3.8320297244094488
0
LINE
8
BLACK
6
CONTINUOUS
10
6.9526396456692909
20
-3.8320297244094488
11
6.9602287401574801
21
-3.8373436614173229
0
LINE
8
BLACK
6
CONTINUOUS
10
6.9602287401574801
20
-3.8373436614173229
11
6.9667798031496062
21
-3.8438947244094486
0
LINE
8
BLACK
6
CONTINUOUS
10
6.9667798031496062
20
-3.8438947244094486
11
6.9720937401574803
21
-3.8514838188976377
0
LINE
8
BLACK
6
CONTINUOUS
10
6.9720937401574803
20
-3.8514838188976377
11
6.9760091338582679
21
-3.8598803937007875
0
LINE
8
BLACK
6
CONTINUOUS
10
6.9760091338582679
20
-3.8598803937007875
11
6.9784069685039372
21
-3.8688292913385824
0
LINE
8
BLACK
6
CONTINUOUS
10
6.9784069685039372
20
-3.8688292913385824
11
6.9792144488188974
21
-3.8780586220472442
0
LINE
8
BLACK
6
CONTINUOUS
10
6.9792144488188974
20
-3.8780586220472442
11
6.9784069685039372
21
-3.8872879527559054
0
LINE
8
BLACK
6
CONTINUOUS
10
6.9784069685039372
20
-3.8872879527559054
11
6.9760091338582679
21
-3.8962368503937008
0
LINE
8
BLACK
6
CONTINUOUS
10
6.9760091338582679
20
-3.8962368503937008
11
6.9720937401574803
21
-3.9046334251968502
0
LINE
8
BLACK
6
CONTINUOUS
10
6.9720937401574803
20
-3.9046334251968502
11
6.9699060629921261
21
-3.9077577165354329
0
LINE
8
BLACK
6
CONTINUOUS
10
6.9699060629921261
20
-3.9077577165354329
11
6.9843756692913388
21
-3.9222273228346456
0
LINE
8
BLACK
6
CONTINUOUS
10
6.9843756692913388
20
-3.9222273228346456
11
6.9843757086614175
21
-3.9222272834645668
0
LINE
8
BLACK
6
CONTINUOUS
10
6.9843757086614175
20
-3.9222272834645668
11
6.9877592913385822
21
-3.9177074803149607
0
LINE
8
BLACK
6
CONTINUOUS
10
6.9877592913385822
20
-3.9177074803149607
11
6.9927739763779524
21
-3.9085237401574804
0
LINE
8
BLACK
6
CONTINUOUS
10
6.9927739763779524
20
-3.9085237401574804
11
6.9964306692913381
21
-3.8987197637795274
0
LINE
8
BLACK
6
CONTINUOUS
10
6.9964306692913381
20
-3.8987197637795274
11
6.9986548425196853
21
-3.8884953149606298
0
LINE
8
BLACK
6
CONTINUOUS
10
6.9986548425196853
20
-3.8884953149606298
11
6.9994012598425197
21
-3.8780586220472442
0
LINE
8
BLACK
6
CONTINUOUS
10
6.9994012598425197
20
-3.8780586220472442
11
6.9986548425196853
21
-3.8676218897637793
0
LINE
8
BLACK
6
CONTINUOUS
10
6.9986548425196853
20
-3.8676218897637793
11
6.9964306692913381
21
-3.8573974409448817
0
LINE
8
BLACK
6
CONTINUOUS
10
6.9964306692913381
20
-3.8573974409448817
11
6.9927739763779524
21
-3.8475934645669292
0
LINE
8
BLACK
6
CONTINUOUS
10
6.9927739763779524
20
-3.8475934645669292
11
6.9877592913385822
21
-3.8384097637795276
0
LINE
8
BLACK
6
CONTINUOUS
10
6.9877592913385822
20
-3.8384097637795276
11
6.9863662204724406
21
-3.8365488188976378
0
LINE
8
BLACK
6
CONTINUOUS
10
6.9863662204724406
20
-3.8365488188976378
11
6.9853894094488185
21
-3.8339299212598426
0
LINE
8
BLACK
6
CONTINUOUS
10
6.9853894094488185
20
-3.8339299212598426
11
6.9859835433070865
21
-3.8311986614173228
0
LINE
8
BLACK
6
CONTINUOUS
10
6.9859835433070865
20
-3.8311986614173228
11
6.9879600000000002
21
-3.8292222047244096
0
LINE
8
BLACK
6
CONTINUOUS
10
6.9879600000000002
20
-3.8292222047244096
11
6.9906912598425199
21
-3.8286280314960628
0
LINE
8
BLACK
6
CONTINUOUS
10
6.9906912598425199
20
-3.8286280314960628
11
6.9929292125984253
21
-3.8293463385826771
0
LINE
8
BLACK
6
CONTINUOUS
10
6.9929292125984253
20
-3.8293463385826771
11
6.9982660629921254
21
-3.8326167716535431
0
LINE
8
BLACK
6
CONTINUOUS
10
6.9982660629921254
20
-3.8326167716535431
11
7.0071431102362203
21
-3.8362937401574801
0
LINE
8
BLACK
6
CONTINUOUS
10
7.0071431102362203
20
-3.8362937401574801
11
7.016486023622047
21
-3.838536811023622
0
LINE
8
BLACK
6
CONTINUOUS
10
7.016486023622047
20
-3.838536811023622
11
7.026064842519685
21
-3.8392906692913384
0
LINE
8
BLACK
6
CONTINUOUS
10
7.026064842519685
20
-3.8392906692913384
11
7.035643661417323
21
-3.838536811023622
0
LINE
8
BLACK
6
CONTINUOUS
10
7.035643661417323
20
-3.838536811023622
11
7.0449865748031497
21
-3.8362937401574801
0
LINE
8
BLACK
6
CONTINUOUS
10
7.0449865748031497
20
-3.8362937401574801
11
7.0538636220472437
21
-3.8326167716535431
0
LINE
8
BLACK
6
CONTINUOUS
10
7.0538636220472437
20
-3.8326167716535431
11
7.0592003543307085
21
-3.8293463779527559
0
LINE
8
BLACK
6
CONTINUOUS
10
7.0592003543307085
20
-3.8293463779527559
11
7.0618984645669292
21
-3.8286165354330706
0
LINE
8
BLACK
6
CONTINUOUS
10
7.0618984645669292
20
-3.8286165354330706
11
7.064562913385827
21
-3.8294612598425197
0
LINE
8
BLACK
6
CONTINUOUS
10
7.064562913385827
20
-3.8294612598425197
11
7.0663476771653544
21
-3.831612401574803
0
LINE
8
BLACK
6
CONTINUOUS
10
7.0663476771653544
20
-3.831612401574803
11
7.0666861417322835
21
-3.8343869685039369
0
LINE
8
BLACK
6
CONTINUOUS
10
7.0666861417322835
20
-3.8343869685039369
11
7.0657634645669294
21
-3.836548779527559
0
LINE
8
BLACK
6
CONTINUOUS
10
7.0657634645669294
20
-3.836548779527559
11
7.0643703149606294
21
-3.8384098031496063
0
LINE
8
BLACK
6
CONTINUOUS
10
7.0643703149606294
20
-3.8384098031496063
11
7.0593556692913388
21
-3.8475934645669292
0
LINE
8
BLACK
6
CONTINUOUS
10
7.0593556692913388
20
-3.8475934645669292
11
7.0556989763779523
21
-3.8573974409448817
0
LINE
8
BLACK
6
CONTINUOUS
10
7.0556989763779523
20
-3.8573974409448817
11
7.053474803149606
21
-3.8676218897637793
0
LINE
8
BLACK
6
CONTINUOUS
10
7.053474803149606
20
-3.8676218897637793
11
7.0527283858267715
21
-3.8780586220472442
0
LINE
8
BLACK
6
CONTINUOUS
10
7.0527283858267715
20
-3.8780586220472442
11
7.053474803149606
21
-3.8884953149606298
0
LINE
8
BLACK
6
CONTINUOUS
10
7.053474803149606
20
-3.8884953149606298
11
7.0556989763779523
21
-3.8987197637795274
0
LINE
8
BLACK
6
CONTINUOUS
10
7.0556989763779523
20
-3.8987197637795274
11
7.0593556692913388
21
-3.9085237401574804
0
LINE
8
BLACK
6
CONTINUOUS
10
7.0593556692913388
20
-3.9085237401574804
11
7.0643702755905506
21
-3.917707283464567
0
LINE
8
BLACK
6
CONTINUOUS
10
7.0643702755905506
20
-3.917707283464567
11
7.0677539370078737
21
-3.9222272834645668
0
LINE
8
BLACK
6
CONTINUOUS
10
7.0677539370078737
20
-3.9222272834645668
11
7.0677539370078737
21
-3.9222273228346456
0
LINE
8
BLACK
6
CONTINUOUS
10
7.0677539370078737
20
-3.9222273228346456
11
7.0822235433070864
21
-3.9077576771653542
0
LINE
8
BLACK
6
CONTINUOUS
10
7.0822235433070864
20
-3.9077576771653542
11
7.0800359448818897
21
-3.9046334251968502
0
LINE
8
BLACK
6
CONTINUOUS
10
7.0800359448818897
20
-3.9046334251968502
11
7.0761205511811021
21
-3.8962368503937008
0
LINE
8
BLACK
6
CONTINUOUS
10
7.0761205511811021
20
-3.8962368503937008
11
7.0737227165354328
21
-3.8872879527559054
0
LINE
8
BLACK
6
CONTINUOUS
10
7.0737227165354328
20
-3.8872879527559054
11
7.0729152362204726
21
-3.8780586220472442
0
LINE
8
BLACK
6
CONTINUOUS
10
7.0729152362204726
20
-3.8780586220472442
11
7.0737227165354328
21
-3.8688292913385824
0
LINE
8
BLACK
6
CONTINUOUS
10
7.0737227165354328
20
-3.8688292913385824
11
7.0761205511811021
21
-3.8598803937007875
0
LINE
8
BLACK
6
CONTINUOUS
10
7.0761205511811021
20
-3.8598803937007875
11
7.0800359448818897
21
-3.8514838188976377
0
LINE
8
BLACK
6
CONTINUOUS
10
7.0800359448818897
20
-3.8514838188976377
11
7.0853498818897638
21
-3.8438947244094486
0
LINE
8
BLACK
6
CONTINUOUS
10
7.0853498818897638
20
-3.8438947244094486
11
7.0919009448818899
21
-3.8373436614173229
0
LINE
8
BLACK
6
CONTINUOUS
10
7.0919009448818899
20
-3.8373436614173229
11
7.0994900393700782
21
-3.8320297244094488
0
LINE
8
BLACK
6
CONTINUOUS
10
7.0994900393700782
20
-3.8320297244094488
11
7.1078866141732284
21
-3.8281143307086611
0
LINE
8
BLACK
6
CONTINUOUS
10
7.1078866141732284
20
-3.8281143307086611
11
7.1168355118110238
21
-3.8257164960629919
0
LINE
8
BLACK
6
CONTINUOUS
10
7.1168355118110238
20
-3.8257164960629919
11
7.1260648425196846
21
-3.8249090157480312
0
LINE
8
BLACK
6
CONTINUOUS
10
7.1260648425196846
20
-3.8249090157480312
11
7.1352941732283464
21
-3.8257164960629919
0
LINE
8
BLACK
6
CONTINUOUS
10
7.1352941732283464
20
-3.8257164960629919
11
7.1442430708661417
21
-3.8281143307086611
0
LINE
8
BLACK
6
CONTINUOUS
10
7.1442430708661417
20
-3.8281143307086611
11
7.1526396456692911
21
-3.8320297244094488
0
LINE
8
BLACK
6
CONTINUOUS
10
7.1526396456692911
20
-3.8320297244094488
11
7.1557638976377955
21
-3.8342173228346454
0
LINE
8
BLACK
6
CONTINUOUS
10
7.1557638976377955
20
-3.8342173228346454
11
7.1702335433070861
21
-3.8197477165354328
0
LINE
8
BLACK
6
CONTINUOUS
10
7.1702335433070861
20
-3.8197477165354328
11
7.1657135039370079
21
-3.8163640551181102
0
LINE
8
BLACK
6
CONTINUOUS
10
7.1657135039370079
20
-3.8163640551181102
11
7.1565299606299213
21
-3.8113494488188975
0
LINE
8
BLACK
6
CONTINUOUS
10
7.1565299606299213
20
-3.8113494488188975
11
7.1467259842519679
21
-3.8076927559055118
0
LINE
8
BLACK
6
CONTINUOUS
10
7.1467259842519679
20
-3.8076927559055118
11
7.1365015354330703
21
-3.8054685826771655
0
LINE
8
BLACK
6
CONTINUOUS
10
7.1365015354330703
20
-3.8054685826771655
11
7.1260648425196846
21
-3.8047221653543306
0
LINE
8
BLACK
6
CONTINUOUS
10
7.1260648425196846
20
-3.8047221653543306
11
7.1156281102362202
21
-3.8054685826771655
0
LINE
8
BLACK
6
CONTINUOUS
10
7.1156281102362202
20
-3.8054685826771655
11
7.1054036614173226
21
-3.8076927559055118
0
LINE
8
BLACK
6
CONTINUOUS
10
7.1054036614173226
20
-3.8076927559055118
11
7.0955996850393701
21
-3.8113494488188975
0
LINE
8
BLACK
6
CONTINUOUS
10
7.0955996850393701
20
-3.8113494488188975
11
7.0864160236220473
21
-3.8163640944881889
0
LINE
8
BLACK
6
CONTINUOUS
10
7.0864160236220473
20
-3.8163640944881889
11
7.0845549999999999
21
-3.817757244094488
0
LINE
8
BLACK
6
CONTINUOUS
10
7.0845549999999999
20
-3.817757244094488
11
7.081936062992126
21
-3.8187340157480314
0
LINE
8
BLACK
6
CONTINUOUS
10
7.081936062992126
20
-3.8187340157480314
11
7.079204842519685
21
-3.8181398425196851
0
LINE
8
BLACK
6
CONTINUOUS
10
7.079204842519685
20
-3.8181398425196851
11
7.0772283858267713
21
-3.8161633464566926
0
LINE
8
BLACK
6
CONTINUOUS
10
7.0772283858267713
20
-3.8161633464566926
11
7.0766342519685042
21
-3.8134320866141733
0
LINE
8
BLACK
6
CONTINUOUS
10
7.0766342519685042
20
-3.8134320866141733
11
7.0773526377952756
21
-3.8111940944881888
0
LINE
8
BLACK
6
CONTINUOUS
10
7.0773526377952756
20
-3.8111940944881888
11
7.0775855118110238
21
-3.8108141338582677
0
LINE
8
BLACK
6
CONTINUOUS
10
7.0775855118110238
20
-3.8108141338582677
11
7.080622992125984
21
-3.8058574015748032
0
LINE
8
BLACK
6
CONTINUOUS
10
7.080622992125984
20
-3.8058574015748032
11
7.0842999606299211
21
-3.7969803543307088
0
LINE
8
BLACK
6
CONTINUOUS
10
7.0842999606299211
20
-3.7969803543307088
11
7.0865430314960625
21
-3.7876374409448816
0
LINE
8
BLACK
6
CONTINUOUS
10
7.0865430314960625
20
-3.7876374409448816
11
7.0872968897637794
21
-3.7780586220472441
0
LINE
8
BLACK
6
CONTINUOUS
10
7.0872968897637794
20
-3.7780586220472441
11
7.0865430314960625
21
-3.7684798031496061
0
LINE
8
BLACK
6
CONTINUOUS
10
7.0865430314960625
20
-3.7684798031496061
11
7.0842999606299211
21
-3.7591368897637794
0
LINE
8
BLACK
6
CONTINUOUS
10
7.0842999606299211
20
-3.7591368897637794
11
7.080622992125984
21
-3.7502598425196849
0
LINE
8
BLACK
6
CONTINUOUS
10
7.080622992125984
20
-3.7502598425196849
11
7.0773525590551181
21
-3.7449229921259843
0
LINE
8
BLACK
6
CONTINUOUS
10
7.0773525590551181
20
-3.7449229921259843
11
7.0766227559055119
21
-3.7422249606299212
0
LINE
8
BLACK
6
CONTINUOUS
10
7.0766227559055119
20
-3.7422249606299212
11
7.0774674803149606
21
-3.7395605118110233
0
LINE
8
BLACK
6
CONTINUOUS
10
7.0774674803149606
20
-3.7395605118110233
11
7.0796186220472439
21
-3.7377757480314959
0
LINE
8
BLACK
6
CONTINUOUS
10
7.0796186220472439
20
-3.7377757480314959
11
7.0823932283464561
21
-3.7374372834645668
0
LINE
8
BLACK
6
CONTINUOUS
10
7.0823932283464561
20
-3.7374372834645668
11
7.0845550393700787
21
-3.7383600000000001
0
LINE
8
BLACK
6
CONTINUOUS
10
7.0845550393700787
20
-3.7383600000000001
11
7.0864159842519685
21
-3.7397530708661417
0
LINE
8
BLACK
6
CONTINUOUS
10
7.0864159842519685
20
-3.7397530708661417
11
7.0955996850393701
21
-3.7447677559055119
0
LINE
8
BLACK
6
CONTINUOUS
10
7.0955996850393701
20
-3.7447677559055119
11
7.1054036614173226
21
-3.7484244488188976
0
LINE
8
BLACK
6
CONTINUOUS
10
7.1054036614173226
20
-3.7484244488188976
11
7.1156281102362202
21
-3.7506486220472439
0
LINE
8
BLACK
6
CONTINUOUS
10
7.1156281102362202
20
-3.7506486220472439
11
7.1260648425196846
21
-3.7513950393700788
0
LINE
8
BLACK
6
CONTINUOUS
10
7.1260648425196846
20
-3.7513950393700788
11
7.1365015354330703
21
-3.7506486220472439
0
LINE
8
BLACK
6
CONTINUOUS
10
7.1365015354330703
20
-3.7506486220472439
11
7.1467259842519679
21
-3.7484244488188976
0
LINE
8
BLACK
6
CONTINUOUS
10
7.1467259842519679
20
-3.7484244488188976
11
7.1565299606299213
21
-3.7447677559055119
0
LINE
8
BLACK
6
CONTINUOUS
10
7.1565299606299213
20
-3.7447677559055119
11
7.1657137007874017
21
-3.7397530708661417
0
LINE
8
BLACK
6
CONTINUOUS
10
7.1657137007874017
20
-3.7397530708661417
11
7.1702335039370073
21
-3.7363694881889762
0
LINE
8
BLACK
6
CONTINUOUS
10
7.1702335039370073
20
-3.7363694881889762
11
7.1702335433070861
21
-3.7363694488188974
0
LINE
8
BLACK
6
CONTINUOUS
10
7.1702335433070861
20
-3.7363694488188974
11
7.1557639370078743
21
-3.7218998425196848
0
LINE
8
BLACK
6
CONTINUOUS
10
7.1557639370078743
20
-3.7218998425196848
11
7.1526396456692911
21
-3.7240875196850394
0
LINE
8
BLACK
6
CONTINUOUS
10
7.1526396456692911
20
-3.7240875196850394
11
7.1442430708661417
21
-3.7280029133858266
0
LINE
8
BLACK
6
CONTINUOUS
10
7.1442430708661417
20
-3.7280029133858266
11
7.1352941732283464
21
-3.7304007480314958
0
LINE
8
BLACK
6
CONTINUOUS
10
7.1352941732283464
20
-3.7304007480314958
11
7.1260648425196846
21
-3.7312082283464565
0
LINE
8
BLACK
6
CONTINUOUS
10
7.1260648425196846
20
-3.7312082283464565
11
7.1168355118110238
21
-3.7304007480314958
0
LINE
8
BLACK
6
CONTINUOUS
10
7.1168355118110238
20
-3.7304007480314958
11
7.1078866141732284
21
-3.7280029133858266
0
LINE
8
BLACK
6
CONTINUOUS
10
7.1078866141732284
20
-3.7280029133858266
11
7.0994900393700782
21
-3.7240875196850394
0
LINE
8
BLACK
6
CONTINUOUS
10
7.0994900393700782
20
-3.7240875196850394
11
7.0919009448818899
21
-3.7187735826771653
0
LINE
8
BLACK
6
CONTINUOUS
10
7.0919009448818899
20
-3.7187735826771653
11
7.0853498818897638
21
-3.7122225196850391
0
LINE
8
BLACK
6
CONTINUOUS
10
7.0853498818897638
20
-3.7122225196850391
11
7.0800359448818897
21
-3.7046334251968505
0
LINE
8
BLACK
6
CONTINUOUS
10
7.0800359448818897
20
-3.7046334251968505
11
7.0761205511811021
21
-3.6962368503937006
0
LINE
8
BLACK
6
CONTINUOUS
10
7.0761205511811021
20
-3.6962368503937006
11
7.0737227165354328
21
-3.6872879527559053
0
LINE
8
BLACK
6
CONTINUOUS
10
7.0737227165354328
20
-3.6872879527559053
11
7.0729152362204726
21
-3.678058622047244
0
LINE
8
BLACK
6
CONTINUOUS
10
7.0729152362204726
20
-3.678058622047244
11
7.0737227165354328
21
-3.6688292913385827
0
LINE
8
BLACK
6
CONTINUOUS
10
7.0737227165354328
20
-3.6688292913385827
11
7.0761205511811021
21
-3.6598803937007873
0
LINE
8
BLACK
6
CONTINUOUS
10
7.0761205511811021
20
-3.6598803937007873
11
7.0800359448818897
21
-3.6514838188976375
0
LINE
8
BLACK
6
CONTINUOUS
10
7.0800359448818897
20
-3.6514838188976375
11
7.0822235826771651
21
-3.6483594881889765
0
LINE
8
BLACK
6
CONTINUOUS
10
7.0822235826771651
20
-3.6483594881889765
11
7.0677539370078737
21
-3.6338898425196851
0
LINE
8
BLACK
6
CONTINUOUS
10
7.0677539370078737
20
-3.6338898425196851
11
7.0677539370078737
21
-3.6338898818897638
0
LINE
8
BLACK
6
CONTINUOUS
10
4.9560648425196847
20
-3.6880586220472442
11
4.9560648425196847
21
-3.7080586220472438
0
LINE
8
BLACK
6
CONTINUOUS
10
4.9560648425196847
20
-3.7080586220472438
11
4.8960648425196851
21
-3.7080586220472438
0
LINE
8
BLACK
6
CONTINUOUS
10
4.8960648425196851
20
-3.7080586220472438
11
4.8960648425196851
21
-3.6880586220472442
0
LINE
8
BLACK
6
CONTINUOUS
10
4.8960648425196851
20
-3.6880586220472442
11
4.8760648425196846
21
-3.6880586220472442
0
LINE
8
BLACK
6
CONTINUOUS
10
4.8760648425196846
20
-3.6880586220472442
11
4.8760648425196846
21
-3.7099718897637795
0
LINE
8
BLACK
6
CONTINUOUS
10
4.8760648425196846
20
-3.7099718897637795
11
4.8763209448818898
21
-3.7123536220472442
0
LINE
8
BLACK
6
CONTINUOUS
10
4.8763209448818898
20
-3.7123536220472442
11
4.8783307874015751
21
-3.7177422440944881
0
LINE
8
BLACK
6
CONTINUOUS
10
4.8783307874015751
20
-3.7177422440944881
11
4.8783307874015751
21
-3.7177422834645668
0
LINE
8
BLACK
6
CONTINUOUS
10
4.8783307874015751
20
-3.7177422834645668
11
4.8817772440944882
21
-3.7223461811023619
0
LINE
8
BLACK
6
CONTINUOUS
10
4.8817772440944882
20
-3.7223461811023619
11
4.8863811417322838
21
-3.7257926377952755
0
LINE
8
BLACK
6
CONTINUOUS
10
4.8863811417322838
20
-3.7257926377952755
11
4.8916651968503935
21
-3.7277634645669289
0
LINE
8
BLACK
6
CONTINUOUS
10
4.8916651968503935
20
-3.7277634645669289
11
4.8939028346456688
21
-3.7294385433070865
0
LINE
8
BLACK
6
CONTINUOUS
10
4.8939028346456688
20
-3.7294385433070865
11
4.8948796456692909
21
-3.7320574409448817
0
LINE
8
BLACK
6
CONTINUOUS
10
4.8948796456692909
20
-3.7320574409448817
11
4.8942855118110238
21
-3.7347887007874014
0
LINE
8
BLACK
6
CONTINUOUS
10
4.8942855118110238
20
-3.7347887007874014
11
4.8923090551181101
21
-3.7367651574803147
0
LINE
8
BLACK
6
CONTINUOUS
10
4.8923090551181101
20
-3.7367651574803147
11
4.8919353937007877
21
-3.7369492913385827
0
LINE
8
BLACK
6
CONTINUOUS
10
4.8919353937007877
20
-3.7369492913385827
11
4.8892629921259845
21
-3.7381292519685037
0
LINE
8
BLACK
6
CONTINUOUS
10
4.8892629921259845
20
-3.7381292519685037
11
4.8861355118110232
21
-3.7412567322834644
0
LINE
8
BLACK
6
CONTINUOUS
10
4.8861355118110232
20
-3.7412567322834644
11
4.8861354724409445
21
-3.741256811023622
0
LINE
8
BLACK
6
CONTINUOUS
10
4.8861354724409445
20
-3.741256811023622
11
4.8843488582677166
21
-3.7453030708661417
0
LINE
8
BLACK
6
CONTINUOUS
10
4.8843488582677166
20
-3.7453030708661417
11
4.8842341338582678
21
-3.7462920472440944
0
LINE
8
BLACK
6
CONTINUOUS
10
4.8842341338582678
20
-3.7462920472440944
11
4.8842341338582678
21
-3.8098247244094487
0
LINE
8
BLACK
6
CONTINUOUS
10
4.8842341338582678
20
-3.8098247244094487
11
4.8842341732283465
21
-3.809825
0
LINE
8
BLACK
6
CONTINUOUS
10
4.8842341732283465
20
-3.809825
11
4.8843488582677166
21
-3.8108141338582677
0
LINE
8
BLACK
6
CONTINUOUS
10
4.8843488582677166
20
-3.8108141338582677
11
4.8843489370078741
21
-3.8108142913385827
0
LINE
8
BLACK
6
CONTINUOUS
10
4.8843489370078741
20
-3.8108142913385827
11
4.8861354330708657
21
-3.8148603937007874
0
LINE
8
BLACK
6
CONTINUOUS
10
4.8861354330708657
20
-3.8148603937007874
11
4.8892629527559057
21
-3.8179879133858265
0
LINE
8
BLACK
6
CONTINUOUS
10
4.8892629527559057
20
-3.8179879133858265
11
4.8892630314960632
21
-3.8179879527559053
0
LINE
8
BLACK
6
CONTINUOUS
10
4.8892630314960632
20
-3.8179879527559053
11
4.889263070866142
21
-3.8179879921259841
0
LINE
8
BLACK
6
CONTINUOUS
10
4.889263070866142
20
-3.8179879921259841
11
4.8901512598425194
21
-3.8183801574803149
0
LINE
8
BLACK
6
CONTINUOUS
10
4.8901512598425194
20
-3.8183801574803149
11
4.8919353543307089
21
-3.8191679133858267
0
LINE
8
BLACK
6
CONTINUOUS
10
4.8919353543307089
20
-3.8191679133858267
11
4.894070669291338
21
-3.8209715748031496
0
LINE
8
BLACK
6
CONTINUOUS
10
4.894070669291338
20
-3.8209715748031496
11
4.8948918897637794
21
-3.8236433464566928
0
LINE
8
BLACK
6
CONTINUOUS
10
4.8948918897637794
20
-3.8236433464566928
11
4.894138267716535
21
-3.8263349606299211
0
LINE
8
BLACK
6
CONTINUOUS
10
4.894138267716535
20
-3.8263349606299211
11
4.8920490944881889
21
-3.8281918897637794
0
LINE
8
BLACK
6
CONTINUOUS
10
4.8920490944881889
20
-3.8281918897637794
11
4.8916652362204722
21
-3.8283537401574801
0
LINE
8
BLACK
6
CONTINUOUS
10
4.8916652362204722
20
-3.8283537401574801
11
4.886381102362205
21
-3.8303246062992127
0
LINE
8
BLACK
6
CONTINUOUS
10
4.886381102362205
20
-3.8303246062992127
11
4.8817772440944882
21
-3.833771023622047
0
LINE
8
BLACK
6
CONTINUOUS
10
4.8817772440944882
20
-3.833771023622047
11
4.8783307874015751
21
-3.8383749212598426
0
LINE
8
BLACK
6
CONTINUOUS
10
4.8783307874015751
20
-3.8383749212598426
11
4.8783307874015751
21
-3.8383749606299213
0
LINE
8
BLACK
6
CONTINUOUS
10
4.8783307874015751
20
-3.8383749606299213
11
4.8763209448818898
21
-3.8437635826771652
0
LINE
8
BLACK
6
CONTINUOUS
10
4.8763209448818898
20
-3.8437635826771652
11
4.8760648425196846
21
-3.8461453149606299
0
LINE
8
BLACK
6
CONTINUOUS
10
4.8760648425196846
20
-3.8461453149606299
11
4.8760648425196846
21
-3.8680586220472439
0
LINE
8
BLACK
6
CONTINUOUS
10
4.8760648425196846
20
-3.8680586220472439
11
4.8960648425196851
21
-3.8680586220472439
0
LINE
8
BLACK
6
CONTINUOUS
10
4.8960648425196851
20
-3.8680586220472439
11
4.8960648425196851
21
-3.8480586220472439
0
LINE
8
BLACK
6
CONTINUOUS
10
4.8960648425196851
20
-3.8480586220472439
11
4.9560648425196847
21
-3.8480586220472439
0
LINE
8
BLACK
6
CONTINUOUS
10
4.9560648425196847
20
-3.8480586220472439
11
4.9560648425196847
21
-3.8680586220472439
0
LINE
8
BLACK
6
CONTINUOUS
10
4.9560648425196847
20
-3.8680586220472439
11
4.9960648425196847
21
-3.8680586220472439
0
LINE
8
BLACK
6
CONTINUOUS
10
4.9960648425196847
20
-3.8680586220472439
11
4.9960648425196847
21
-3.8480586220472439
0
LINE
8
BLACK
6
CONTINUOUS
10
4.9960648425196847
20
-3.8480586220472439
11
5.0560648425196852
21
-3.8480586220472439
0
LINE
8
BLACK
6
CONTINUOUS
10
5.0560648425196852
20
-3.8480586220472439
11
5.0560648425196852
21
-3.8680586220472439
0
LINE
8
BLACK
6
CONTINUOUS
10
5.0560648425196852
20
-3.8680586220472439
11
5.0760648425196848
21
-3.8680586220472439
0
LINE
8
BLACK
6
CONTINUOUS
10
5.0760648425196848
20
-3.8680586220472439
11
5.0760648425196848
21
-3.8461457874015745
0
LINE
8
BLACK
6
CONTINUOUS
10
5.0760648425196848
20
-3.8461457874015745
11
5.0760648031496061
21
-3.8461453149606299
0
LINE
8
BLACK
6
CONTINUOUS
10
5.0760648031496061
20
-3.8461453149606299
11
5.0758087007874018
21
-3.8437635826771652
0
LINE
8
BLACK
6
CONTINUOUS
10
5.0758087007874018
20
-3.8437635826771652
11
5.0737988582677165
21
-3.8383749606299213
0
LINE
8
BLACK
6
CONTINUOUS
10
5.0737988582677165
20
-3.8383749606299213
11
5.0737988582677165
21
-3.8383749212598426
0
LINE
8
BLACK
6
CONTINUOUS
10
5.0737988582677165
20
-3.8383749212598426
11
5.0703524015748034
21
-3.833771023622047
0
LINE
8
BLACK
6
CONTINUOUS
10
5.0703524015748034
20
-3.833771023622047
11
5.0657485433070866
21
-3.8303246062992127
0
LINE
8
BLACK
6
CONTINUOUS
10
5.0657485433070866
20
-3.8303246062992127
11
5.0604644094488185
21
-3.8283537401574801
0
LINE
8
BLACK
6
CONTINUOUS
10
5.0604644094488185
20
-3.8283537401574801
11
5.0582268110236219
21
-3.8266786614173229
0
LINE
8
BLACK
6
CONTINUOUS
10
5.0582268110236219
20
-3.8266786614173229
11
5.0572499999999998
21
-3.8240597637795273
0
LINE
8
BLACK
6
CONTINUOUS
10
5.0572499999999998
20
-3.8240597637795273
11
5.0578441338582678
21
-3.821328503937008
0
LINE
8
BLACK
6
CONTINUOUS
10
5.0578441338582678
20
-3.821328503937008
11
5.0598206299212594
21
-3.8193520078740155
0
LINE
8
BLACK
6
CONTINUOUS
10
5.0598206299212594
20
-3.8193520078740155
11
5.0601943307086614
21
-3.8191679133858267
0
LINE
8
BLACK
6
CONTINUOUS
10
5.0601943307086614
20
-3.8191679133858267
11
5.0628665354330709
21
-3.8179880314960628
0
LINE
8
BLACK
6
CONTINUOUS
10
5.0628665354330709
20
-3.8179880314960628
11
5.0628665354330709
21
-3.8179879921259841
0
LINE
8
BLACK
6
CONTINUOUS
10
5.0628665354330709
20
-3.8179879921259841
11
5.0628666141732284
21
-3.8179879921259841
0
LINE
8
BLACK
6
CONTINUOUS
10
5.0628666141732284
20
-3.8179879921259841
11
5.065994212598425
21
-3.8148603937007874
0
LINE
8
BLACK
6
CONTINUOUS
10
5.065994212598425
20
-3.8148603937007874
11
5.067780787401575
21
-3.8108141732283465
0
LINE
8
BLACK
6
CONTINUOUS
10
5.067780787401575
20
-3.8108141732283465
11
5.0678955511811026
21
-3.8098249606299213
0
LINE
8
BLACK
6
CONTINUOUS
10
5.0678955511811026
20
-3.8098249606299213
11
5.0678955118110238
21
-3.7462923228346456
0
LINE
8
BLACK
6
CONTINUOUS
10
5.0678955118110238
20
-3.7462923228346456
11
5.067780787401575
21
-3.7453030708661417
0
LINE
8
BLACK
6
CONTINUOUS
10
5.067780787401575
20
-3.7453030708661417
11
5.065994212598425
21
-3.7412568503937007
0
LINE
8
BLACK
6
CONTINUOUS
10
5.065994212598425
20
-3.7412568503937007
11
5.065994212598425
21
-3.741256811023622
0
LINE
8
BLACK
6
CONTINUOUS
10
5.065994212598425
20
-3.741256811023622
11
5.0628666141732284
21
-3.7381292125984249
0
LINE
8
BLACK
6
CONTINUOUS
10
5.0628666141732284
20
-3.7381292125984249
11
5.0601942913385827
21
-3.7369492913385827
0
LINE
8
BLACK
6
CONTINUOUS
10
5.0601942913385827
20
-3.7369492913385827
11
5.0580589763779527
21
-3.7351456299212598
0
LINE
8
BLACK
6
CONTINUOUS
10
5.0580589763779527
20
-3.7351456299212598
11
5.0572377559055113
21
-3.7324738188976379
0
LINE
8
BLACK
6
CONTINUOUS
10
5.0572377559055113
20
-3.7324738188976379
11
5.0579913779527557
21
-3.7297822047244096
0
LINE
8
BLACK
6
CONTINUOUS
10
5.0579913779527557
20
-3.7297822047244096
11
5.0600805905511814
21
-3.72792531496063
0
LINE
8
BLACK
6
CONTINUOUS
10
5.0600805905511814
20
-3.72792531496063
11
5.0604644488188972
21
-3.7277634645669289
0
LINE
8
BLACK
6
CONTINUOUS
10
5.0604644488188972
20
-3.7277634645669289
11
5.0657485039370078
21
-3.7257926377952755
0
LINE
8
BLACK
6
CONTINUOUS
10
5.0657485039370078
20
-3.7257926377952755
11
5.0703524015748034
21
-3.7223461811023619
0
LINE
8
BLACK
6
CONTINUOUS
10
5.0703524015748034
20
-3.7223461811023619
11
5.0737988582677165
21
-3.7177422834645668
0
LINE
8
BLACK
6
CONTINUOUS
10
5.0737988582677165
20
-3.7177422834645668
11
5.0737988582677165
21
-3.7177422440944881
0
LINE
8
BLACK
6
CONTINUOUS
10
5.0737988582677165
20
-3.7177422440944881
11
5.0758087007874018
21
-3.7123536220472442
0
LINE
8
BLACK
6
CONTINUOUS
10
5.0758087007874018
20
-3.7123536220472442
11
5.0760648031496061
21
-3.7099718897637795
0
LINE
8
BLACK
6
CONTINUOUS
10
5.0760648031496061
20
-3.7099718897637795
11
5.0760648425196848
21
-3.7099714173228344
0
LINE
8
BLACK
6
CONTINUOUS
10
5.0760648425196848
20
-3.7099714173228344
11
5.0760648425196848
21
-3.6880586220472442
0
LINE
8
BLACK
6
CONTINUOUS
10
5.0760648425196848
20
-3.6880586220472442
11
5.0560648425196852
21
-3.6880586220472442
0
LINE
8
BLACK
6
CONTINUOUS
10
5.0560648425196852
20
-3.6880586220472442
11
5.0560648425196852
21
-3.7080586220472438
0
LINE
8
BLACK
6
CONTINUOUS
10
5.0560648425196852
20
-3.7080586220472438
11
4.9960648425196847
21
-3.7080586220472438
0
LINE
8
BLACK
6
CONTINUOUS
10
4.9960648425196847
20
-3.7080586220472438
11
4.9960648425196847
21
-3.6880586220472442
0
LINE
8
BLACK
6
CONTINUOUS
10
4.9960648425196847
20
-3.6880586220472442
11
4.9560648425196847
21
-3.6880586220472442
0
LINE
8
BLACK
6
CONTINUOUS
10
6.8677539370078735
20
-3.6338898818897638
11
6.8643702755905514
21
-3.6384099212598424
0
LINE
8
BLACK
6
CONTINUOUS
10
6.8643702755905514
20
-3.6384099212598424
11
6.8593556692913387
21
-3.647593464566929
0
LINE
8
BLACK
6
CONTINUOUS
10
6.8593556692913387
20
-3.647593464566929
11
6.855698976377953
21
-3.657397440944882
0
LINE
8
BLACK
6
CONTINUOUS
10
6.855698976377953
20
-3.657397440944882
11
6.8534748031496058
21
-3.6676218897637796
0
LINE
8
BLACK
6
CONTINUOUS
10
6.8534748031496058
20
-3.6676218897637796
11
6.8527283858267714
21
-3.678058622047244
0
LINE
8
BLACK
6
CONTINUOUS
10
6.8527283858267714
20
-3.678058622047244
11
6.8534748031496058
21
-3.6884953149606297
0
LINE
8
BLACK
6
CONTINUOUS
10
6.8534748031496058
20
-3.6884953149606297
11
6.855698976377953
21
-3.6987197637795273
0
LINE
8
BLACK
6
CONTINUOUS
10
6.855698976377953
20
-3.6987197637795273
11
6.8593556692913387
21
-3.7085237401574802
0
LINE
8
BLACK
6
CONTINUOUS
10
6.8593556692913387
20
-3.7085237401574802
11
6.8643702755905514
21
-3.7177072834645668
0
LINE
8
BLACK
6
CONTINUOUS
10
6.8643702755905514
20
-3.7177072834645668
11
6.8677539370078735
21
-3.7222272834645667
0
LINE
8
BLACK
6
CONTINUOUS
10
6.8677539370078735
20
-3.7222272834645667
11
6.8677539370078735
21
-3.7222273228346454
0
LINE
8
BLACK
6
CONTINUOUS
10
6.8677539370078735
20
-3.7222273228346454
11
6.8822235433070862
21
-3.7077576377952757
0
LINE
8
BLACK
6
CONTINUOUS
10
6.8822235433070862
20
-3.7077576377952757
11
6.8800359448818895
21
-3.7046334251968505
0
LINE
8
BLACK
6
CONTINUOUS
10
6.8800359448818895
20
-3.7046334251968505
11
6.8761205511811019
21
-3.6962368503937006
0
LINE
8
BLACK
6
CONTINUOUS
10
6.8761205511811019
20
-3.6962368503937006
11
6.8737227165354327
21
-3.6872879527559053
0
LINE
8
BLACK
6
CONTINUOUS
10
6.8737227165354327
20
-3.6872879527559053
11
6.8729152362204724
21
-3.678058622047244
0
LINE
8
BLACK
6
CONTINUOUS
10
6.8729152362204724
20
-3.678058622047244
11
6.8737227165354327
21
-3.6688292913385827
0
LINE
8
BLACK
6
CONTINUOUS
10
6.8737227165354327
20
-3.6688292913385827
11
6.8761205511811019
21
-3.6598803937007873
0
LINE
8
BLACK
6
CONTINUOUS
10
6.8761205511811019
20
-3.6598803937007873
11
6.8800359448818895
21
-3.6514838188976375
0
LINE
8
BLACK
6
CONTINUOUS
10
6.8800359448818895
20
-3.6514838188976375
11
6.8822235826771649
21
-3.6483594881889765
0
LINE
8
BLACK
6
CONTINUOUS
10
6.8822235826771649
20
-3.6483594881889765
11
6.8677539370078735
21
-3.6338898425196851
0
LINE
8
BLACK
6
CONTINUOUS
10
6.8677539370078735
20
-3.6338898425196851
11
6.8677539370078735
21
-3.6338898818897638
0
LINE
8
BLACK
6
CONTINUOUS
10
5.0360648425196848
20
-3.6480586220472442
11
5.0560648425196852
21
-3.6480586220472442
0
LINE
8
BLACK
6
CONTINUOUS
10
5.0560648425196852
20
-3.6480586220472442
11
5.0560648425196852
21
-3.6680586220472442
0
LINE
8
BLACK
6
CONTINUOUS
10
5.0560648425196852
20
-3.6680586220472442
11
5.0760648425196848
21
-3.6680586220472442
0
LINE
8
BLACK
6
CONTINUOUS
10
5.0760648425196848
20
-3.6680586220472442
11
5.0760648425196848
21
-3.6461457874015748
0
LINE
8
BLACK
6
CONTINUOUS
10
5.0760648425196848
20
-3.6461457874015748
11
5.0760648031496061
21
-3.6461453149606298
0
LINE
8
BLACK
6
CONTINUOUS
10
5.0760648031496061
20
-3.6461453149606298
11
5.0758087007874018
21
-3.6437635826771655
0
LINE
8
BLACK
6
CONTINUOUS
10
5.0758087007874018
20
-3.6437635826771655
11
5.0737988582677165
21
-3.6383749606299212
0
LINE
8
BLACK
6
CONTINUOUS
10
5.0737988582677165
20
-3.6383749606299212
11
5.0737988582677165
21
-3.6383749212598424
0
LINE
8
BLACK
6
CONTINUOUS
10
5.0737988582677165
20
-3.6383749212598424
11
5.0703524015748034
21
-3.6337710236220473
0
LINE
8
BLACK
6
CONTINUOUS
10
5.0703524015748034
20
-3.6337710236220473
11
5.0657485039370078
21
-3.6303245669291337
0
LINE
8
BLACK
6
CONTINUOUS
10
5.0657485039370078
20
-3.6303245669291337
11
5.0603598425196852
21
-3.6283147244094489
0
LINE
8
BLACK
6
CONTINUOUS
10
5.0603598425196852
20
-3.6283147244094489
11
5.0579781102362205
21
-3.6280586220472442
0
LINE
8
BLACK
6
CONTINUOUS
10
5.0579781102362205
20
-3.6280586220472442
11
5.0360648425196848
21
-3.6280586220472442
0
LINE
8
BLACK
6
CONTINUOUS
10
5.0360648425196848
20
-3.6280586220472442
11
5.0360648425196848
21
-3.6480586220472442
0
LINE
8
BLACK
6
CONTINUOUS
10
4.9360648425196851
20
-3.6480586220472442
11
4.9560648425196847
21
-3.6480586220472442
0
LINE
8
BLACK
6
CONTINUOUS
10
4.9560648425196847
20
-3.6480586220472442
11
4.9560648425196847
21
-3.6680586220472442
0
LINE
8
BLACK
6
CONTINUOUS
10
4.9560648425196847
20
-3.6680586220472442
11
4.9960648425196847
21
-3.6680586220472442
0
LINE
8
BLACK
6
CONTINUOUS
10
4.9960648425196847
20
-3.6680586220472442
11
4.9960648425196847
21
-3.6480586220472442
0
LINE
8
BLACK
6
CONTINUOUS
10
4.9960648425196847
20
-3.6480586220472442
11
5.0160648425196852
21
-3.6480586220472442
0
LINE
8
BLACK
6
CONTINUOUS
10
5.0160648425196852
20
-3.6480586220472442
11
5.0160648425196852
21
-3.6280586220472442
0
LINE
8
BLACK
6
CONTINUOUS
10
5.0160648425196852
20
-3.6280586220472442
11
4.9941515354330708
21
-3.6280586220472442
0
LINE
8
BLACK
6
CONTINUOUS
10
4.9941515354330708
20
-3.6280586220472442
11
4.9917698031496061
21
-3.6283147244094489
0
LINE
8
BLACK
6
CONTINUOUS
10
4.9917698031496061
20
-3.6283147244094489
11
4.9863811811023622
21
-3.6303245669291337
0
LINE
8
BLACK
6
CONTINUOUS
10
4.9863811811023622
20
-3.6303245669291337
11
4.9863811417322834
21
-3.6303245669291337
0
LINE
8
BLACK
6
CONTINUOUS
10
4.9863811417322834
20
-3.6303245669291337
11
4.9817773228346454
21
-3.6337709842519685
0
LINE
8
BLACK
6
CONTINUOUS
10
4.9817773228346454
20
-3.6337709842519685
11
4.9800360236220476
21
-3.6360970866141731
0
LINE
8
BLACK
6
CONTINUOUS
10
4.9800360236220476
20
-3.6360970866141731
11
4.9777983464566926
21
-3.6377721259842519
0
LINE
8
BLACK
6
CONTINUOUS
10
4.9777983464566926
20
-3.6377721259842519
11
4.9750103543307089
21
-3.6379714960629919
0
LINE
8
BLACK
6
CONTINUOUS
10
4.9750103543307089
20
-3.6379714960629919
11
4.9725571259842516
21
-3.6366319291338582
0
LINE
8
BLACK
6
CONTINUOUS
10
4.9725571259842516
20
-3.6366319291338582
11
4.9720936614173228
21
-3.6360970866141731
0
LINE
8
BLACK
6
CONTINUOUS
10
4.9720936614173228
20
-3.6360970866141731
11
4.9703523228346453
21
-3.6337709842519685
0
LINE
8
BLACK
6
CONTINUOUS
10
4.9703523228346453
20
-3.6337709842519685
11
4.9657485039370082
21
-3.6303245669291337
0
LINE
8
BLACK
6
CONTINUOUS
10
4.9657485039370082
20
-3.6303245669291337
11
4.9603598425196846
21
-3.6283147244094489
0
LINE
8
BLACK
6
CONTINUOUS
10
4.9603598425196846
20
-3.6283147244094489
11
4.9579781102362199
21
-3.6280586220472442
0
LINE
8
BLACK
6
CONTINUOUS
10
4.9579781102362199
20
-3.6280586220472442
11
4.9360648425196851
21
-3.6280586220472442
0
LINE
8
BLACK
6
CONTINUOUS
10
4.9360648425196851
20
-3.6280586220472442
11
4.9360648425196851
21
-3.6480586220472442
0
LINE
8
BLACK
6
CONTINUOUS
10
6.91562811023622
20
-3.6054685826771653
11
6.9054036614173224
21
-3.6076927559055116
0
LINE
8
BLACK
6
CONTINUOUS
10
6.9054036614173224
20
-3.6076927559055116
11
6.8955996850393699
21
-3.6113494488188977
0
LINE
8
BLACK
6
CONTINUOUS
10
6.8955996850393699
20
-3.6113494488188977
11
6.8864161417322833
21
-3.61636405511811
0
LINE
8
BLACK
6
CONTINUOUS
10
6.8864161417322833
20
-3.61636405511811
11
6.8818961023622043
21
-3.619747716535433
0
LINE
8
BLACK
6
CONTINUOUS
10
6.8818961023622043
20
-3.619747716535433
11
6.8818960629921255
21
-3.619747716535433
0
LINE
8
BLACK
6
CONTINUOUS
10
6.8818960629921255
20
-3.619747716535433
11
6.896365708661417
21
-3.6342173622047245
0
LINE
8
BLACK
6
CONTINUOUS
10
6.896365708661417
20
-3.6342173622047245
11
6.8994900393700789
21
-3.6320297244094486
0
LINE
8
BLACK
6
CONTINUOUS
10
6.8994900393700789
20
-3.6320297244094486
11
6.9078866141732282
21
-3.6281143307086614
0
LINE
8
BLACK
6
CONTINUOUS
10
6.9078866141732282
20
-3.6281143307086614
11
6.9168355118110236
21
-3.6257164960629922
0
LINE
8
BLACK
6
CONTINUOUS
10
6.9168355118110236
20
-3.6257164960629922
11
6.9260648425196845
21
-3.6249090157480315
0
LINE
8
BLACK
6
CONTINUOUS
10
6.9260648425196845
20
-3.6249090157480315
11
6.9352941732283462
21
-3.6257164960629922
0
LINE
8
BLACK
6
CONTINUOUS
10
6.9352941732283462
20
-3.6257164960629922
11
6.9442430708661416
21
-3.6281143307086614
0
LINE
8
BLACK
6
CONTINUOUS
10
6.9442430708661416
20
-3.6281143307086614
11
6.9526396456692909
21
-3.6320297244094486
0
LINE
8
BLACK
6
CONTINUOUS
10
6.9526396456692909
20
-3.6320297244094486
11
6.9557638976377953
21
-3.6342173228346457
0
LINE
8
BLACK
6
CONTINUOUS
10
6.9557638976377953
20
-3.6342173228346457
11
6.9702335433070868
21
-3.619747716535433
0
LINE
8
BLACK
6
CONTINUOUS
10
6.9702335433070868
20
-3.619747716535433
11
6.9657135039370077
21
-3.61636405511811
0
LINE
8
BLACK
6
CONTINUOUS
10
6.9657135039370077
20
-3.61636405511811
11
6.9565299606299211
21
-3.6113494488188977
0
LINE
8
BLACK
6
CONTINUOUS
10
6.9565299606299211
20
-3.6113494488188977
11
6.9467259842519686
21
-3.6076927559055116
0
LINE
8
BLACK
6
CONTINUOUS
10
6.9467259842519686
20
-3.6076927559055116
11
6.936501535433071
21
-3.6054685826771653
0
LINE
8
BLACK
6
CONTINUOUS
10
6.936501535433071
20
-3.6054685826771653
11
6.9260648425196845
21
-3.6047221653543304
0
LINE
8
BLACK
6
CONTINUOUS
10
6.9260648425196845
20
-3.6047221653543304
11
6.91562811023622
21
-3.6054685826771653
0
LINE
8
BLACK
6
CONTINUOUS
10
7.1156281102362202
20
-3.6054685826771653
11
7.1054036614173226
21
-3.6076927559055116
0
LINE
8
BLACK
6
CONTINUOUS
10
7.1054036614173226
20
-3.6076927559055116
11
7.0955996850393701
21
-3.6113494488188977
0
LINE
8
BLACK
6
CONTINUOUS
10
7.0955996850393701
20
-3.6113494488188977
11
7.0864161417322835
21
-3.61636405511811
0
LINE
8
BLACK
6
CONTINUOUS
10
7.0864161417322835
20
-3.61636405511811
11
7.0818961023622045
21
-3.619747716535433
0
LINE
8
BLACK
6
CONTINUOUS
10
7.0818961023622045
20
-3.619747716535433
11
7.0818960629921257
21
-3.619747716535433
0
LINE
8
BLACK
6
CONTINUOUS
10
7.0818960629921257
20
-3.619747716535433
11
7.0963657086614171
21
-3.6342173622047245
0
LINE
8
BLACK
6
CONTINUOUS
10
7.0963657086614171
20
-3.6342173622047245
11
7.0994900393700782
21
-3.6320297244094486
0
LINE
8
BLACK
6
CONTINUOUS
10
7.0994900393700782
20
-3.6320297244094486
11
7.1078866141732284
21
-3.6281143307086614
0
LINE
8
BLACK
6
CONTINUOUS
10
7.1078866141732284
20
-3.6281143307086614
11
7.1168355118110238
21
-3.6257164960629922
0
LINE
8
BLACK
6
CONTINUOUS
10
7.1168355118110238
20
-3.6257164960629922
11
7.1260648425196846
21
-3.6249090157480315
0
LINE
8
BLACK
6
CONTINUOUS
10
7.1260648425196846
20
-3.6249090157480315
11
7.1352941732283464
21
-3.6257164960629922
0
LINE
8
BLACK
6
CONTINUOUS
10
7.1352941732283464
20
-3.6257164960629922
11
7.1442430708661417
21
-3.6281143307086614
0
LINE
8
BLACK
6
CONTINUOUS
10
7.1442430708661417
20
-3.6281143307086614
11
7.1526396456692911
21
-3.6320297244094486
0
LINE
8
BLACK
6
CONTINUOUS
10
7.1526396456692911
20
-3.6320297244094486
11
7.1557638976377955
21
-3.6342173228346457
0
LINE
8
BLACK
6
CONTINUOUS
10
7.1557638976377955
20
-3.6342173228346457
11
7.1702335433070861
21
-3.619747716535433
0
LINE
8
BLACK
6
CONTINUOUS
10
7.1702335433070861
20
-3.619747716535433
11
7.1657135039370079
21
-3.61636405511811
0
LINE
8
BLACK
6
CONTINUOUS
10
7.1657135039370079
20
-3.61636405511811
11
7.1565299606299213
21
-3.6113494488188977
0
LINE
8
BLACK
6
CONTINUOUS
10
7.1565299606299213
20
-3.6113494488188977
11
7.1467259842519679
21
-3.6076927559055116
0
LINE
8
BLACK
6
CONTINUOUS
10
7.1467259842519679
20
-3.6076927559055116
11
7.1365015354330703
21
-3.6054685826771653
0
LINE
8
BLACK
6
CONTINUOUS
10
7.1365015354330703
20
-3.6054685826771653
11
7.1260648425196846
21
-3.6047221653543304
0
LINE
8
BLACK
6
CONTINUOUS
10
7.1260648425196846
20
-3.6047221653543304
11
7.1156281102362202
21
-3.6054685826771653
0
LINE
8
BLACK
6
CONTINUOUS
10
5.2442984251968499
20
-3.3862279527559056
11
5.2433092913385826
21
-3.3863426377952757
0
LINE
8
BLACK
6
CONTINUOUS
10
5.2433092913385826
20
-3.3863426377952757
11
5.2433091338582676
21
-3.3863427165354332
0
LINE
8
BLACK
6
CONTINUOUS
10
5.2433091338582676
20
-3.3863427165354332
11
5.2392630314960629
21
-3.3881292125984253
0
LINE
8
BLACK
6
CONTINUOUS
10
5.2392630314960629
20
-3.3881292125984253
11
5.2361355118110238
21
-3.3912567322834644
0
LINE
8
BLACK
6
CONTINUOUS
10
5.2361355118110238
20
-3.3912567322834644
11
5.236135472440945
21
-3.3912568110236219
0
LINE
8
BLACK
6
CONTINUOUS
10
5.236135472440945
20
-3.3912568110236219
11
5.2343488582677162
21
-3.3953030708661416
0
LINE
8
BLACK
6
CONTINUOUS
10
5.2343488582677162
20
-3.3953030708661416
11
5.2342341338582674
21
-3.3962920472440943
0
LINE
8
BLACK
6
CONTINUOUS
10
5.2342341338582674
20
-3.3962920472440943
11
5.2342341338582674
21
-3.4598247244094487
0
LINE
8
BLACK
6
CONTINUOUS
10
5.2342341338582674
20
-3.4598247244094487
11
5.2342341732283462
21
-3.4598249999999999
0
LINE
8
BLACK
6
CONTINUOUS
10
5.2342341732283462
20
-3.4598249999999999
11
5.2343488582677162
21
-3.4608141338582676
0
LINE
8
BLACK
6
CONTINUOUS
10
5.2343488582677162
20
-3.4608141338582676
11
5.2343489370078737
21
-3.4608142913385826
0
LINE
8
BLACK
6
CONTINUOUS
10
5.2343489370078737
20
-3.4608142913385826
11
5.2361354330708663
21
-3.4648603937007874
0
LINE
8
BLACK
6
CONTINUOUS
10
5.2361354330708663
20
-3.4648603937007874
11
5.2392629527559054
21
-3.4679879133858269
0
LINE
8
BLACK
6
CONTINUOUS
10
5.2392629527559054
20
-3.4679879133858269
11
5.2392630314960629
21
-3.4679879527559052
0
LINE
8
BLACK
6
CONTINUOUS
10
5.2392630314960629
20
-3.4679879527559052
11
5.2392630708661416
21
-3.467987992125984
0
LINE
8
BLACK
6
CONTINUOUS
10
5.2392630708661416
20
-3.467987992125984
11
5.2433092913385826
21
-3.469774566929134
0
LINE
8
BLACK
6
CONTINUOUS
10
5.2433092913385826
20
-3.469774566929134
11
5.2442985039370074
21
-3.4698893307086611
0
LINE
8
BLACK
6
CONTINUOUS
10
5.2442985039370074
20
-3.4698893307086611
11
5.307831141732283
21
-3.4698892913385828
0
LINE
8
BLACK
6
CONTINUOUS
10
5.307831141732283
20
-3.4698892913385828
11
5.3088203937007874
21
-3.469774566929134
0
LINE
8
BLACK
6
CONTINUOUS
10
5.3088203937007874
20
-3.469774566929134
11
5.3128666141732284
21
-3.467987992125984
0
LINE
8
BLACK
6
CONTINUOUS
10
5.3128666141732284
20
-3.467987992125984
11
5.315994212598425
21
-3.4648603937007874
0
LINE
8
BLACK
6
CONTINUOUS
10
5.315994212598425
20
-3.4648603937007874
11
5.317780787401575
21
-3.4608141732283464
0
LINE
8
BLACK
6
CONTINUOUS
10
5.317780787401575
20
-3.4608141732283464
11
5.3178955511811026
21
-3.4598249606299212
0
LINE
8
BLACK
6
CONTINUOUS
10
5.3178955511811026
20
-3.4598249606299212
11
5.3178955118110238
21
-3.3962923228346455
0
LINE
8
BLACK
6
CONTINUOUS
10
5.3178955118110238
20
-3.3962923228346455
11
5.3178954724409451
21
-3.3962920472440943
0
LINE
8
BLACK
6
CONTINUOUS
10
5.3178954724409451
20
-3.3962920472440943
11
5.317780787401575
21
-3.3953030708661416
0
LINE
8
BLACK
6
CONTINUOUS
10
5.317780787401575
20
-3.3953030708661416
11
5.315994212598425
21
-3.3912568503937006
0
LINE
8
BLACK
6
CONTINUOUS
10
5.315994212598425
20
-3.3912568503937006
11
5.315994212598425
21
-3.3912568110236219
0
LINE
8
BLACK
6
CONTINUOUS
10
5.315994212598425
20
-3.3912568110236219
11
5.3128666929133859
21
-3.3881292913385828
0
LINE
8
BLACK
6
CONTINUOUS
10
5.3128666929133859
20
-3.3881292913385828
11
5.3128666141732284
21
-3.388129251968504
0
LINE
8
BLACK
6
CONTINUOUS
10
5.3128666141732284
20
-3.388129251968504
11
5.3088203149606299
21
-3.3863426377952757
0
LINE
8
BLACK
6
CONTINUOUS
10
5.3088203149606299
20
-3.3863426377952757
11
5.3088203543307086
21
-3.3863426377952757
0
LINE
8
BLACK
6
CONTINUOUS
10
5.3088203543307086
20
-3.3863426377952757
11
5.307831299212598
21
-3.3862279133858268
0
LINE
8
BLACK
6
CONTINUOUS
10
5.307831299212598
20
-3.3862279133858268
11
5.2442987007874011
21
-3.3862279133858268
0
LINE
8
BLACK
6
CONTINUOUS
10
5.2442987007874011
20
-3.3862279133858268
11
5.2442984251968499
21
-3.3862279527559056
0
LINE
8
BLACK
6
CONTINUOUS
10
5.3342341338582679
20
-3.4598247244094487
11
5.3342341732283467
21
-3.4598249999999999
0
LINE
8
BLACK
6
CONTINUOUS
10
5.3342341732283467
20
-3.4598249999999999
11
5.3343488582677168
21
-3.4608141338582676
0
LINE
8
BLACK
6
CONTINUOUS
10
5.3343488582677168
20
-3.4608141338582676
11
5.3343489370078743
21
-3.4608142913385826
0
LINE
8
BLACK
6
CONTINUOUS
10
5.3343489370078743
20
-3.4608142913385826
11
5.3361354330708659
21
-3.4648603937007874
0
LINE
8
BLACK
6
CONTINUOUS
10
5.3361354330708659
20
-3.4648603937007874
11
5.339262952755905
21
-3.4679879133858269
0
LINE
8
BLACK
6
CONTINUOUS
10
5.339262952755905
20
-3.4679879133858269
11
5.3392630314960625
21
-3.4679879527559052
0
LINE
8
BLACK
6
CONTINUOUS
10
5.3392630314960625
20
-3.4679879527559052
11
5.3392630708661413
21
-3.467987992125984
0
LINE
8
BLACK
6
CONTINUOUS
10
5.3392630708661413
20
-3.467987992125984
11
5.3433092913385822
21
-3.469774566929134
0
LINE
8
BLACK
6
CONTINUOUS
10
5.3433092913385822
20
-3.469774566929134
11
5.3442985039370079
21
-3.4698893307086611
0
LINE
8
BLACK
6
CONTINUOUS
10
5.3442985039370079
20
-3.4698893307086611
11
5.4078311417322835
21
-3.4698892913385828
0
LINE
8
BLACK
6
CONTINUOUS
10
5.4078311417322835
20
-3.4698892913385828
11
5.408820393700787
21
-3.469774566929134
0
LINE
8
BLACK
6
CONTINUOUS
10
5.408820393700787
20
-3.469774566929134
11
5.412866614173228
21
-3.467987992125984
0
LINE
8
BLACK
6
CONTINUOUS
10
5.412866614173228
20
-3.467987992125984
11
5.4159942125984255
21
-3.4648603937007874
0
LINE
8
BLACK
6
CONTINUOUS
10
5.4159942125984255
20
-3.4648603937007874
11
5.4177807874015746
21
-3.4608141732283464
0
LINE
8
BLACK
6
CONTINUOUS
10
5.4177807874015746
20
-3.4608141732283464
11
5.4178955511811022
21
-3.4598249606299212
0
LINE
8
BLACK
6
CONTINUOUS
10
5.4178955511811022
20
-3.4598249606299212
11
5.4178955118110235
21
-3.3962923228346455
0
LINE
8
BLACK
6
CONTINUOUS
10
5.4178955118110235
20
-3.3962923228346455
11
5.4178954724409447
21
-3.3962920472440943
0
LINE
8
BLACK
6
CONTINUOUS
10
5.4178954724409447
20
-3.3962920472440943
11
5.4177807874015746
21
-3.3953030708661416
0
LINE
8
BLACK
6
CONTINUOUS
10
5.4177807874015746
20
-3.3953030708661416
11
5.4159942125984255
21
-3.3912568503937006
0
LINE
8
BLACK
6
CONTINUOUS
10
5.4159942125984255
20
-3.3912568503937006
11
5.4159942125984255
21
-3.3912568110236219
0
LINE
8
BLACK
6
CONTINUOUS
10
5.4159942125984255
20
-3.3912568110236219
11
5.4128666929133855
21
-3.3881292913385828
0
LINE
8
BLACK
6
CONTINUOUS
10
5.4128666929133855
20
-3.3881292913385828
11
5.412866614173228
21
-3.388129251968504
0
LINE
8
BLACK
6
CONTINUOUS
10
5.412866614173228
20
-3.388129251968504
11
5.4088203149606295
21
-3.3863426377952757
0
LINE
8
BLACK
6
CONTINUOUS
10
5.4088203149606295
20
-3.3863426377952757
11
5.4088203543307083
21
-3.3863426377952757
0
LINE
8
BLACK
6
CONTINUOUS
10
5.4088203543307083
20
-3.3863426377952757
11
5.4078312992125985
21
-3.3862279133858268
0
LINE
8
BLACK
6
CONTINUOUS
10
5.4078312992125985
20
-3.3862279133858268
11
5.3442987007874017
21
-3.3862279133858268
0
LINE
8
BLACK
6
CONTINUOUS
10
5.3442987007874017
20
-3.3862279133858268
11
5.3442984251968504
21
-3.3862279527559056
0
LINE
8
BLACK
6
CONTINUOUS
10
5.3442984251968504
20
-3.3862279527559056
11
5.3433092913385822
21
-3.3863426377952757
0
LINE
8
BLACK
6
CONTINUOUS
10
5.3433092913385822
20
-3.3863426377952757
11
5.3433091338582672
21
-3.3863427165354332
0
LINE
8
BLACK
6
CONTINUOUS
10
5.3433091338582672
20
-3.3863427165354332
11
5.3392630314960625
21
-3.3881292125984253
0
LINE
8
BLACK
6
CONTINUOUS
10
5.3392630314960625
20
-3.3881292125984253
11
5.3361355118110234
21
-3.3912567322834644
0
LINE
8
BLACK
6
CONTINUOUS
10
5.3361355118110234
20
-3.3912567322834644
11
5.3361354724409447
21
-3.3912568110236219
0
LINE
8
BLACK
6
CONTINUOUS
10
5.3361354724409447
20
-3.3912568110236219
11
5.3343488582677168
21
-3.3953030708661416
0
LINE
8
BLACK
6
CONTINUOUS
10
5.3343488582677168
20
-3.3953030708661416
11
5.3342341338582679
21
-3.3962920472440943
0
LINE
8
BLACK
6
CONTINUOUS
10
5.3342341338582679
20
-3.3962920472440943
11
5.3342341338582679
21
-3.4598247244094487
0
LINE
8
BLACK
6
CONTINUOUS
10
5.4342341338582676
20
-3.4598247244094487
11
5.4342341732283463
21
-3.4598249999999999
0
LINE
8
BLACK
6
CONTINUOUS
10
5.4342341732283463
20
-3.4598249999999999
11
5.4343488582677164
21
-3.4608141338582676
0
LINE
8
BLACK
6
CONTINUOUS
10
5.4343488582677164
20
-3.4608141338582676
11
5.4343489370078739
21
-3.4608142913385826
0
LINE
8
BLACK
6
CONTINUOUS
10
5.4343489370078739
20
-3.4608142913385826
11
5.4361354330708664
21
-3.4648603937007874
0
LINE
8
BLACK
6
CONTINUOUS
10
5.4361354330708664
20
-3.4648603937007874
11
5.4392629527559055
21
-3.4679879133858269
0
LINE
8
BLACK
6
CONTINUOUS
10
5.4392629527559055
20
-3.4679879133858269
11
5.439263031496063
21
-3.4679879527559052
0
LINE
8
BLACK
6
CONTINUOUS
10
5.439263031496063
20
-3.4679879527559052
11
5.4392630708661418
21
-3.467987992125984
0
LINE
8
BLACK
6
CONTINUOUS
10
5.4392630708661418
20
-3.467987992125984
11
5.4433092913385828
21
-3.469774566929134
0
LINE
8
BLACK
6
CONTINUOUS
10
5.4433092913385828
20
-3.469774566929134
11
5.4442985039370075
21
-3.4698893307086611
0
LINE
8
BLACK
6
CONTINUOUS
10
5.4442985039370075
20
-3.4698893307086611
11
5.5078311417322832
21
-3.4698892913385828
0
LINE
8
BLACK
6
CONTINUOUS
10
5.5078311417322832
20
-3.4698892913385828
11
5.5088203937007876
21
-3.469774566929134
0
LINE
8
BLACK
6
CONTINUOUS
10
5.5088203937007876
20
-3.469774566929134
11
5.5128666141732285
21
-3.467987992125984
0
LINE
8
BLACK
6
CONTINUOUS
10
5.5128666141732285
20
-3.467987992125984
11
5.5159942125984252
21
-3.4648603937007874
0
LINE
8
BLACK
6
CONTINUOUS
10
5.5159942125984252
20
-3.4648603937007874
11
5.5177807874015743
21
-3.4608141732283464
0
LINE
8
BLACK
6
CONTINUOUS
10
5.5177807874015743
20
-3.4608141732283464
11
5.5178955511811019
21
-3.4598249606299212
0
LINE
8
BLACK
6
CONTINUOUS
10
5.5178955511811019
20
-3.4598249606299212
11
5.5178955118110231
21
-3.3962923228346455
0
LINE
8
BLACK
6
CONTINUOUS
10
5.5178955118110231
20
-3.3962923228346455
11
5.5178954724409444
21
-3.3962920472440943
0
LINE
8
BLACK
6
CONTINUOUS
10
5.5178954724409444
20
-3.3962920472440943
11
5.5177807874015743
21
-3.3953030708661416
0
LINE
8
BLACK
6
CONTINUOUS
10
5.5177807874015743
20
-3.3953030708661416
11
5.5159942125984252
21
-3.3912568503937006
0
LINE
8
BLACK
6
CONTINUOUS
10
5.5159942125984252
20
-3.3912568503937006
11
5.5159942125984252
21
-3.3912568110236219
0
LINE
8
BLACK
6
CONTINUOUS
10
5.5159942125984252
20
-3.3912568110236219
11
5.512866692913386
21
-3.3881292913385828
0
LINE
8
BLACK
6
CONTINUOUS
10
5.512866692913386
20
-3.3881292913385828
11
5.5128666141732285
21
-3.388129251968504
0
LINE
8
BLACK
6
CONTINUOUS
10
5.5128666141732285
20
-3.388129251968504
11
5.5088203149606301
21
-3.3863426377952757
0
LINE
8
BLACK
6
CONTINUOUS
10
5.5088203149606301
20
-3.3863426377952757
11
5.5088203543307088
21
-3.3863426377952757
0
LINE
8
BLACK
6
CONTINUOUS
10
5.5088203543307088
20
-3.3863426377952757
11
5.5078312992125982
21
-3.3862279133858268
0
LINE
8
BLACK
6
CONTINUOUS
10
5.5078312992125982
20
-3.3862279133858268
11
5.4442987007874013
21
-3.3862279133858268
0
LINE
8
BLACK
6
CONTINUOUS
10
5.4442987007874013
20
-3.3862279133858268
11
5.44429842519685
21
-3.3862279527559056
0
LINE
8
BLACK
6
CONTINUOUS
10
5.44429842519685
20
-3.3862279527559056
11
5.4433092913385828
21
-3.3863426377952757
0
LINE
8
BLACK
6
CONTINUOUS
10
5.4433092913385828
20
-3.3863426377952757
11
5.4433091338582678
21
-3.3863427165354332
0
LINE
8
BLACK
6
CONTINUOUS
10
5.4433091338582678
20
-3.3863427165354332
11
5.439263031496063
21
-3.3881292125984253
0
LINE
8
BLACK
6
CONTINUOUS
10
5.439263031496063
20
-3.3881292125984253
11
5.4361355118110231
21
-3.3912567322834644
0
LINE
8
BLACK
6
CONTINUOUS
10
5.4361355118110231
20
-3.3912567322834644
11
5.4361354724409452
21
-3.3912568110236219
0
LINE
8
BLACK
6
CONTINUOUS
10
5.4361354724409452
20
-3.3912568110236219
11
5.4343488582677164
21
-3.3953030708661416
0
LINE
8
BLACK
6
CONTINUOUS
10
5.4343488582677164
20
-3.3953030708661416
11
5.4342341338582676
21
-3.3962920472440943
0
LINE
8
BLACK
6
CONTINUOUS
10
5.4342341338582676
20
-3.3962920472440943
11
5.4342341338582676
21
-3.4598247244094487
0
LINE
8
BLACK
6
CONTINUOUS
10
5.5342341338582672
20
-3.4598247244094487
11
5.534234173228346
21
-3.4598249999999999
0
LINE
8
BLACK
6
CONTINUOUS
10
5.534234173228346
20
-3.4598249999999999
11
5.5343488582677161
21
-3.4608141338582676
0
LINE
8
BLACK
6
CONTINUOUS
10
5.5343488582677161
20
-3.4608141338582676
11
5.5343489370078736
21
-3.4608142913385826
0
LINE
8
BLACK
6
CONTINUOUS
10
5.5343489370078736
20
-3.4608142913385826
11
5.5361354330708661
21
-3.4648603937007874
0
LINE
8
BLACK
6
CONTINUOUS
10
5.5361354330708661
20
-3.4648603937007874
11
5.5392629527559052
21
-3.4679879133858269
0
LINE
8
BLACK
6
CONTINUOUS
10
5.5392629527559052
20
-3.4679879133858269
11
5.5392630314960627
21
-3.4679879527559052
0
LINE
8
BLACK
6
CONTINUOUS
10
5.5392630314960627
20
-3.4679879527559052
11
5.5392630708661414
21
-3.467987992125984
0
LINE
8
BLACK
6
CONTINUOUS
10
5.5392630708661414
20
-3.467987992125984
11
5.5433092913385824
21
-3.469774566929134
0
LINE
8
BLACK
6
CONTINUOUS
10
5.5433092913385824
20
-3.469774566929134
11
5.5442985039370081
21
-3.4698893307086611
0
LINE
8
BLACK
6
CONTINUOUS
10
5.5442985039370081
20
-3.4698893307086611
11
5.6078311417322837
21
-3.4698892913385828
0
LINE
8
BLACK
6
CONTINUOUS
10
5.6078311417322837
20
-3.4698892913385828
11
5.6088203937007872
21
-3.469774566929134
0
LINE
8
BLACK
6
CONTINUOUS
10
5.6088203937007872
20
-3.469774566929134
11
5.6128666141732282
21
-3.467987992125984
0
LINE
8
BLACK
6
CONTINUOUS
10
5.6128666141732282
20
-3.467987992125984
11
5.6159942125984248
21
-3.4648603937007874
0
LINE
8
BLACK
6
CONTINUOUS
10
5.6159942125984248
20
-3.4648603937007874
11
5.6177807874015748
21
-3.4608141732283464
0
LINE
8
BLACK
6
CONTINUOUS
10
5.6177807874015748
20
-3.4608141732283464
11
5.6178955511811024
21
-3.4598249606299212
0
LINE
8
BLACK
6
CONTINUOUS
10
5.6178955511811024
20
-3.4598249606299212
11
5.6178955118110236
21
-3.3962923228346455
0
LINE
8
BLACK
6
CONTINUOUS
10
5.6178955118110236
20
-3.3962923228346455
11
5.6178954724409449
21
-3.3962920472440943
0
LINE
8
BLACK
6
CONTINUOUS
10
5.6178954724409449
20
-3.3962920472440943
11
5.6177807874015748
21
-3.3953030708661416
0
LINE
8
BLACK
6
CONTINUOUS
10
5.6177807874015748
20
-3.3953030708661416
11
5.6159942125984248
21
-3.3912568503937006
0
LINE
8
BLACK
6
CONTINUOUS
10
5.6159942125984248
20
-3.3912568503937006
11
5.6159942125984248
21
-3.3912568110236219
0
LINE
8
BLACK
6
CONTINUOUS
10
5.6159942125984248
20
-3.3912568110236219
11
5.6128666929133857
21
-3.3881292913385828
0
LINE
8
BLACK
6
CONTINUOUS
10
5.6128666929133857
20
-3.3881292913385828
11
5.6128666141732282
21
-3.388129251968504
0
LINE
8
BLACK
6
CONTINUOUS
10
5.6128666141732282
20
-3.388129251968504
11
5.6088203149606297
21
-3.3863426377952757
0
LINE
8
BLACK
6
CONTINUOUS
10
5.6088203149606297
20
-3.3863426377952757
11
5.6088203543307085
21
-3.3863426377952757
0
LINE
8
BLACK
6
CONTINUOUS
10
5.6088203543307085
20
-3.3863426377952757
11
5.6078312992125987
21
-3.3862279133858268
0
LINE
8
BLACK
6
CONTINUOUS
10
5.6078312992125987
20
-3.3862279133858268
11
5.5442987007874018
21
-3.3862279133858268
0
LINE
8
BLACK
6
CONTINUOUS
10
5.5442987007874018
20
-3.3862279133858268
11
5.5442984251968506
21
-3.3862279527559056
0
LINE
8
BLACK
6
CONTINUOUS
10
5.5442984251968506
20
-3.3862279527559056
11
5.5433092913385824
21
-3.3863426377952757
0
LINE
8
BLACK
6
CONTINUOUS
10
5.5433092913385824
20
-3.3863426377952757
11
5.5433091338582674
21
-3.3863427165354332
0
LINE
8
BLACK
6
CONTINUOUS
10
5.5433091338582674
20
-3.3863427165354332
11
5.5392630314960627
21
-3.3881292125984253
0
LINE
8
BLACK
6
CONTINUOUS
10
5.5392630314960627
20
-3.3881292125984253
11
5.5361355118110236
21
-3.3912567322834644
0
LINE
8
BLACK
6
CONTINUOUS
10
5.5361355118110236
20
-3.3912567322834644
11
5.5361354724409448
21
-3.3912568110236219
0
LINE
8
BLACK
6
CONTINUOUS
10
5.5361354724409448
20
-3.3912568110236219
11
5.5343488582677161
21
-3.3953030708661416
0
LINE
8
BLACK
6
CONTINUOUS
10
5.5343488582677161
20
-3.3953030708661416
11
5.5342341338582672
21
-3.3962920472440943
0
LINE
8
BLACK
6
CONTINUOUS
10
5.5342341338582672
20
-3.3962920472440943
11
5.5342341338582672
21
-3.4598247244094487
0
LINE
8
BLACK
6
CONTINUOUS
10
5.6342341338582678
20
-3.4598247244094487
11
5.6342341732283465
21
-3.4598249999999999
0
LINE
8
BLACK
6
CONTINUOUS
10
5.6342341732283465
20
-3.4598249999999999
11
5.6343488582677166
21
-3.4608141338582676
0
LINE
8
BLACK
6
CONTINUOUS
10
5.6343488582677166
20
-3.4608141338582676
11
5.6343489370078741
21
-3.4608142913385826
0
LINE
8
BLACK
6
CONTINUOUS
10
5.6343489370078741
20
-3.4608142913385826
11
5.6361354330708657
21
-3.4648603937007874
0
LINE
8
BLACK
6
CONTINUOUS
10
5.6361354330708657
20
-3.4648603937007874
11
5.6392629527559057
21
-3.4679879133858269
0
LINE
8
BLACK
6
CONTINUOUS
10
5.6392629527559057
20
-3.4679879133858269
11
5.6392630314960632
21
-3.4679879527559052
0
LINE
8
BLACK
6
CONTINUOUS
10
5.6392630314960632
20
-3.4679879527559052
11
5.639263070866142
21
-3.467987992125984
0
LINE
8
BLACK
6
CONTINUOUS
10
5.639263070866142
20
-3.467987992125984
11
5.6433092913385829
21
-3.469774566929134
0
LINE
8
BLACK
6
CONTINUOUS
10
5.6433092913385829
20
-3.469774566929134
11
5.6442985039370077
21
-3.4698893307086611
0
LINE
8
BLACK
6
CONTINUOUS
10
5.6442985039370077
20
-3.4698893307086611
11
5.7078311417322833
21
-3.4698892913385828
0
LINE
8
BLACK
6
CONTINUOUS
10
5.7078311417322833
20
-3.4698892913385828
11
5.7088203937007869
21
-3.469774566929134
0
LINE
8
BLACK
6
CONTINUOUS
10
5.7088203937007869
20
-3.469774566929134
11
5.7128666141732278
21
-3.467987992125984
0
LINE
8
BLACK
6
CONTINUOUS
10
5.7128666141732278
20
-3.467987992125984
11
5.7159942125984253
21
-3.4648603937007874
0
LINE
8
BLACK
6
CONTINUOUS
10
5.7159942125984253
20
-3.4648603937007874
11
5.7177807874015745
21
-3.4608141732283464
0
LINE
8
BLACK
6
CONTINUOUS
10
5.7177807874015745
20
-3.4608141732283464
11
5.717895551181102
21
-3.4598249606299212
0
LINE
8
BLACK
6
CONTINUOUS
10
5.717895551181102
20
-3.4598249606299212
11
5.7178955118110233
21
-3.3962923228346455
0
LINE
8
BLACK
6
CONTINUOUS
10
5.7178955118110233
20
-3.3962923228346455
11
5.7177807874015745
21
-3.3953030708661416
0
LINE
8
BLACK
6
CONTINUOUS
10
5.7177807874015745
20
-3.3953030708661416
11
5.7159942125984253
21
-3.3912568503937006
0
LINE
8
BLACK
6
CONTINUOUS
10
5.7159942125984253
20
-3.3912568503937006
11
5.7159942125984253
21
-3.3912568110236219
0
LINE
8
BLACK
6
CONTINUOUS
10
5.7159942125984253
20
-3.3912568110236219
11
5.7128666929133853
21
-3.3881292913385828
0
LINE
8
BLACK
6
CONTINUOUS
10
5.7128666929133853
20
-3.3881292913385828
11
5.7128666141732278
21
-3.388129251968504
0
LINE
8
BLACK
6
CONTINUOUS
10
5.7128666141732278
20
-3.388129251968504
11
5.7088203149606294
21
-3.3863426377952757
0
LINE
8
BLACK
6
CONTINUOUS
10
5.7088203149606294
20
-3.3863426377952757
11
5.7088203543307081
21
-3.3863426377952757
0
LINE
8
BLACK
6
CONTINUOUS
10
5.7088203543307081
20
-3.3863426377952757
11
5.7078312992125984
21
-3.3862279133858268
0
LINE
8
BLACK
6
CONTINUOUS
10
5.7078312992125984
20
-3.3862279133858268
11
5.6442987007874015
21
-3.3862279133858268
0
LINE
8
BLACK
6
CONTINUOUS
10
5.6442987007874015
20
-3.3862279133858268
11
5.6442984251968502
21
-3.3862279527559056
0
LINE
8
BLACK
6
CONTINUOUS
10
5.6442984251968502
20
-3.3862279527559056
11
5.6433092913385829
21
-3.3863426377952757
0
LINE
8
BLACK
6
CONTINUOUS
10
5.6433092913385829
20
-3.3863426377952757
11
5.6433091338582679
21
-3.3863427165354332
0
LINE
8
BLACK
6
CONTINUOUS
10
5.6433091338582679
20
-3.3863427165354332
11
5.6392630314960632
21
-3.3881292125984253
0
LINE
8
BLACK
6
CONTINUOUS
10
5.6392630314960632
20
-3.3881292125984253
11
5.6361355118110232
21
-3.3912567322834644
0
LINE
8
BLACK
6
CONTINUOUS
10
5.6361355118110232
20
-3.3912567322834644
11
5.6361354724409445
21
-3.3912568110236219
0
LINE
8
BLACK
6
CONTINUOUS
10
5.6361354724409445
20
-3.3912568110236219
11
5.6343488582677166
21
-3.3953030708661416
0
LINE
8
BLACK
6
CONTINUOUS
10
5.6343488582677166
20
-3.3953030708661416
11
5.6342341338582678
21
-3.3962920472440943
0
LINE
8
BLACK
6
CONTINUOUS
10
5.6342341338582678
20
-3.3962920472440943
11
5.6342341338582678
21
-3.4598247244094487
0
LINE
8
BLACK
6
CONTINUOUS
10
5.9342341338582676
20
-3.4598247244094487
11
5.9342341732283463
21
-3.4598249999999999
0
LINE
8
BLACK
6
CONTINUOUS
10
5.9342341732283463
20
-3.4598249999999999
11
5.9343488582677164
21
-3.4608141338582676
0
LINE
8
BLACK
6
CONTINUOUS
10
5.9343488582677164
20
-3.4608141338582676
11
5.9343489370078739
21
-3.4608142913385826
0
LINE
8
BLACK
6
CONTINUOUS
10
5.9343489370078739
20
-3.4608142913385826
11
5.9361354330708664
21
-3.4648603937007874
0
LINE
8
BLACK
6
CONTINUOUS
10
5.9361354330708664
20
-3.4648603937007874
11
5.9392629527559055
21
-3.4679879133858269
0
LINE
8
BLACK
6
CONTINUOUS
10
5.9392629527559055
20
-3.4679879133858269
11
5.939263031496063
21
-3.4679879527559052
0
LINE
8
BLACK
6
CONTINUOUS
10
5.939263031496063
20
-3.4679879527559052
11
5.9392630708661418
21
-3.467987992125984
0
LINE
8
BLACK
6
CONTINUOUS
10
5.9392630708661418
20
-3.467987992125984
11
5.9433092913385828
21
-3.469774566929134
0
LINE
8
BLACK
6
CONTINUOUS
10
5.9433092913385828
20
-3.469774566929134
11
5.9442985039370075
21
-3.4698893307086611
0
LINE
8
BLACK
6
CONTINUOUS
10
5.9442985039370075
20
-3.4698893307086611
11
6.0078311417322832
21
-3.4698892913385828
0
LINE
8
BLACK
6
CONTINUOUS
10
6.0078311417322832
20
-3.4698892913385828
11
6.0088203937007876
21
-3.469774566929134
0
LINE
8
BLACK
6
CONTINUOUS
10
6.0088203937007876
20
-3.469774566929134
11
6.0128666141732285
21
-3.467987992125984
0
LINE
8
BLACK
6
CONTINUOUS
10
6.0128666141732285
20
-3.467987992125984
11
6.0159942125984252
21
-3.4648603937007874
0
LINE
8
BLACK
6
CONTINUOUS
10
6.0159942125984252
20
-3.4648603937007874
11
6.0177807874015743
21
-3.4608141732283464
0
LINE
8
BLACK
6
CONTINUOUS
10
6.0177807874015743
20
-3.4608141732283464
11
6.0178955511811019
21
-3.4598249606299212
0
LINE
8
BLACK
6
CONTINUOUS
10
6.0178955511811019
20
-3.4598249606299212
11
6.0178955118110231
21
-3.3962923228346455
0
LINE
8
BLACK
6
CONTINUOUS
10
6.0178955118110231
20
-3.3962923228346455
11
6.0178954724409444
21
-3.3962920472440943
0
LINE
8
BLACK
6
CONTINUOUS
10
6.0178954724409444
20
-3.3962920472440943
11
6.0177807874015743
21
-3.3953030708661416
0
LINE
8
BLACK
6
CONTINUOUS
10
6.0177807874015743
20
-3.3953030708661416
11
6.0159942125984252
21
-3.3912568503937006
0
LINE
8
BLACK
6
CONTINUOUS
10
6.0159942125984252
20
-3.3912568503937006
11
6.0159942125984252
21
-3.3912568110236219
0
LINE
8
BLACK
6
CONTINUOUS
10
6.0159942125984252
20
-3.3912568110236219
11
6.012866692913386
21
-3.3881292913385828
0
LINE
8
BLACK
6
CONTINUOUS
10
6.012866692913386
20
-3.3881292913385828
11
6.0128666141732285
21
-3.388129251968504
0
LINE
8
BLACK
6
CONTINUOUS
10
6.0128666141732285
20
-3.388129251968504
11
6.0088203149606301
21
-3.3863426377952757
0
LINE
8
BLACK
6
CONTINUOUS
10
6.0088203149606301
20
-3.3863426377952757
11
6.0088203543307088
21
-3.3863426377952757
0
LINE
8
BLACK
6
CONTINUOUS
10
6.0088203543307088
20
-3.3863426377952757
11
6.0078312992125982
21
-3.3862279133858268
0
LINE
8
BLACK
6
CONTINUOUS
10
6.0078312992125982
20
-3.3862279133858268
11
5.9442987007874013
21
-3.3862279133858268
0
LINE
8
BLACK
6
CONTINUOUS
10
5.9442987007874013
20
-3.3862279133858268
11
5.94429842519685
21
-3.3862279527559056
0
LINE
8
BLACK
6
CONTINUOUS
10
5.94429842519685
20
-3.3862279527559056
11
5.9433092913385828
21
-3.3863426377952757
0
LINE
8
BLACK
6
CONTINUOUS
10
5.9433092913385828
20
-3.3863426377952757
11
5.9433091338582678
21
-3.3863427165354332
0
LINE
8
BLACK
6
CONTINUOUS
10
5.9433091338582678
20
-3.3863427165354332
11
5.939263031496063
21
-3.3881292125984253
0
LINE
8
BLACK
6
CONTINUOUS
10
5.939263031496063
20
-3.3881292125984253
11
5.9361355118110231
21
-3.3912567322834644
0
LINE
8
BLACK
6
CONTINUOUS
10
5.9361355118110231
20
-3.3912567322834644
11
5.9361354724409443
21
-3.3912568110236219
0
LINE
8
BLACK
6
CONTINUOUS
10
5.9361354724409443
20
-3.3912568110236219
11
5.9343488582677164
21
-3.3953030708661416
0
LINE
8
BLACK
6
CONTINUOUS
10
5.9343488582677164
20
-3.3953030708661416
11
5.9342341338582676
21
-3.3962920472440943
0
LINE
8
BLACK
6
CONTINUOUS
10
5.9342341338582676
20
-3.3962920472440943
11
5.9342341338582676
21
-3.4598247244094487
0
LINE
8
BLACK
6
CONTINUOUS
10
6.0342341338582672
20
-3.4598247244094487
11
6.034234173228346
21
-3.4598249999999999
0
LINE
8
BLACK
6
CONTINUOUS
10
6.034234173228346
20
-3.4598249999999999
11
6.0343488582677161
21
-3.4608141338582676
0
LINE
8
BLACK
6
CONTINUOUS
10
6.0343488582677161
20
-3.4608141338582676
11
6.0343489370078736
21
-3.4608142913385826
0
LINE
8
BLACK
6
CONTINUOUS
10
6.0343489370078736
20
-3.4608142913385826
11
6.0361354330708661
21
-3.4648603937007874
0
LINE
8
BLACK
6
CONTINUOUS
10
6.0361354330708661
20
-3.4648603937007874
11
6.0392629527559052
21
-3.4679879133858269
0
LINE
8
BLACK
6
CONTINUOUS
10
6.0392629527559052
20
-3.4679879133858269
11
6.0392630314960627
21
-3.4679879527559052
0
LINE
8
BLACK
6
CONTINUOUS
10
6.0392630314960627
20
-3.4679879527559052
11
6.0392630708661414
21
-3.467987992125984
0
LINE
8
BLACK
6
CONTINUOUS
10
6.0392630708661414
20
-3.467987992125984
11
6.0433092913385824
21
-3.469774566929134
0
LINE
8
BLACK
6
CONTINUOUS
10
6.0433092913385824
20
-3.469774566929134
11
6.0442985039370081
21
-3.4698893307086611
0
LINE
8
BLACK
6
CONTINUOUS
10
6.0442985039370081
20
-3.4698893307086611
11
6.1078311417322837
21
-3.4698892913385828
0
LINE
8
BLACK
6
CONTINUOUS
10
6.1078311417322837
20
-3.4698892913385828
11
6.1088203937007872
21
-3.469774566929134
0
LINE
8
BLACK
6
CONTINUOUS
10
6.1088203937007872
20
-3.469774566929134
11
6.1128666141732282
21
-3.467987992125984
0
LINE
8
BLACK
6
CONTINUOUS
10
6.1128666141732282
20
-3.467987992125984
11
6.1159942125984248
21
-3.4648603937007874
0
LINE
8
BLACK
6
CONTINUOUS
10
6.1159942125984248
20
-3.4648603937007874
11
6.1177807874015748
21
-3.4608141732283464
0
LINE
8
BLACK
6
CONTINUOUS
10
6.1177807874015748
20
-3.4608141732283464
11
6.1178955511811024
21
-3.4598249606299212
0
LINE
8
BLACK
6
CONTINUOUS
10
6.1178955511811024
20
-3.4598249606299212
11
6.1178955118110236
21
-3.3962923228346455
0
LINE
8
BLACK
6
CONTINUOUS
10
6.1178955118110236
20
-3.3962923228346455
11
6.1177807874015748
21
-3.3953030708661416
0
LINE
8
BLACK
6
CONTINUOUS
10
6.1177807874015748
20
-3.3953030708661416
11
6.1159942125984248
21
-3.3912568503937006
0
LINE
8
BLACK
6
CONTINUOUS
10
6.1159942125984248
20
-3.3912568503937006
11
6.1159942125984248
21
-3.3912568110236219
0
LINE
8
BLACK
6
CONTINUOUS
10
6.1159942125984248
20
-3.3912568110236219
11
6.1128666929133857
21
-3.3881292913385828
0
LINE
8
BLACK
6
CONTINUOUS
10
6.1128666929133857
20
-3.3881292913385828
11
6.1128666141732282
21
-3.388129251968504
0
LINE
8
BLACK
6
CONTINUOUS
10
6.1128666141732282
20
-3.388129251968504
11
6.1088203149606297
21
-3.3863426377952757
0
LINE
8
BLACK
6
CONTINUOUS
10
6.1088203149606297
20
-3.3863426377952757
11
6.1088203543307085
21
-3.3863426377952757
0
LINE
8
BLACK
6
CONTINUOUS
10
6.1088203543307085
20
-3.3863426377952757
11
6.1078312992125987
21
-3.3862279133858268
0
LINE
8
BLACK
6
CONTINUOUS
10
6.1078312992125987
20
-3.3862279133858268
11
6.0442987007874018
21
-3.3862279133858268
0
LINE
8
BLACK
6
CONTINUOUS
10
6.0442987007874018
20
-3.3862279133858268
11
6.0442984251968506
21
-3.3862279527559056
0
LINE
8
BLACK
6
CONTINUOUS
10
6.0442984251968506
20
-3.3862279527559056
11
6.0433092913385824
21
-3.3863426377952757
0
LINE
8
BLACK
6
CONTINUOUS
10
6.0433092913385824
20
-3.3863426377952757
11
6.0433091338582674
21
-3.3863427165354332
0
LINE
8
BLACK
6
CONTINUOUS
10
6.0433091338582674
20
-3.3863427165354332
11
6.0392630314960627
21
-3.3881292125984253
0
LINE
8
BLACK
6
CONTINUOUS
10
6.0392630314960627
20
-3.3881292125984253
11
6.0361355118110236
21
-3.3912567322834644
0
LINE
8
BLACK
6
CONTINUOUS
10
6.0361355118110236
20
-3.3912567322834644
11
6.0361354724409448
21
-3.3912568110236219
0
LINE
8
BLACK
6
CONTINUOUS
10
6.0361354724409448
20
-3.3912568110236219
11
6.0343488582677161
21
-3.3953030708661416
0
LINE
8
BLACK
6
CONTINUOUS
10
6.0343488582677161
20
-3.3953030708661416
11
6.0342341338582672
21
-3.3962920472440943
0
LINE
8
BLACK
6
CONTINUOUS
10
6.0342341338582672
20
-3.3962920472440943
11
6.0342341338582672
21
-3.4598247244094487
0
LINE
8
BLACK
6
CONTINUOUS
10
5.2342341338582674
20
-3.3598247244094486
11
5.2342341732283462
21
-3.3598249999999998
0
LINE
8
BLACK
6
CONTINUOUS
10
5.2342341732283462
20
-3.3598249999999998
11
5.2343488582677162
21
-3.3608141338582675
0
LINE
8
BLACK
6
CONTINUOUS
10
5.2343488582677162
20
-3.3608141338582675
11
5.2343489370078737
21
-3.3608142913385826
0
LINE
8
BLACK
6
CONTINUOUS
10
5.2343489370078737
20
-3.3608142913385826
11
5.2361354330708663
21
-3.3648603937007873
0
LINE
8
BLACK
6
CONTINUOUS
10
5.2361354330708663
20
-3.3648603937007873
11
5.2392629527559054
21
-3.3679879133858268
0
LINE
8
BLACK
6
CONTINUOUS
10
5.2392629527559054
20
-3.3679879133858268
11
5.2392630314960629
21
-3.3679879527559056
0
LINE
8
BLACK
6
CONTINUOUS
10
5.2392630314960629
20
-3.3679879527559056
11
5.2392630708661416
21
-3.3679879921259843
0
LINE
8
BLACK
6
CONTINUOUS
10
5.2392630708661416
20
-3.3679879921259843
11
5.2433092913385826
21
-3.3697745669291339
0
LINE
8
BLACK
6
CONTINUOUS
10
5.2433092913385826
20
-3.3697745669291339
11
5.2442985039370074
21
-3.3698893307086615
0
LINE
8
BLACK
6
CONTINUOUS
10
5.2442985039370074
20
-3.3698893307086615
11
5.307831141732283
21
-3.3698892913385827
0
LINE
8
BLACK
6
CONTINUOUS
10
5.307831141732283
20
-3.3698892913385827
11
5.3088203937007874
21
-3.3697745669291339
0
LINE
8
BLACK
6
CONTINUOUS
10
5.3088203937007874
20
-3.3697745669291339
11
5.3128666141732284
21
-3.3679879921259843
0
LINE
8
BLACK
6
CONTINUOUS
10
5.3128666141732284
20
-3.3679879921259843
11
5.315994212598425
21
-3.3648603937007873
0
LINE
8
BLACK
6
CONTINUOUS
10
5.315994212598425
20
-3.3648603937007873
11
5.317780787401575
21
-3.3608141732283463
0
LINE
8
BLACK
6
CONTINUOUS
10
5.317780787401575
20
-3.3608141732283463
11
5.3178955511811026
21
-3.3598249606299211
0
LINE
8
BLACK
6
CONTINUOUS
10
5.3178955511811026
20
-3.3598249606299211
11
5.3178955118110238
21
-3.2962923228346455
0
LINE
8
BLACK
6
CONTINUOUS
10
5.3178955118110238
20
-3.2962923228346455
11
5.3178954724409451
21
-3.2962920472440942
0
LINE
8
BLACK
6
CONTINUOUS
10
5.3178954724409451
20
-3.2962920472440942
11
5.317780787401575
21
-3.2953030708661415
0
LINE
8
BLACK
6
CONTINUOUS
10
5.317780787401575
20
-3.2953030708661415
11
5.315994212598425
21
-3.2912568503937005
0
LINE
8
BLACK
6
CONTINUOUS
10
5.315994212598425
20
-3.2912568503937005
11
5.315994212598425
21
-3.2912568110236218
0
LINE
8
BLACK
6
CONTINUOUS
10
5.315994212598425
20
-3.2912568110236218
11
5.3128666929133859
21
-3.2881292913385827
0
LINE
8
BLACK
6
CONTINUOUS
10
5.3128666929133859
20
-3.2881292913385827
11
5.3128666141732284
21
-3.2881292519685039
0
LINE
8
BLACK
6
CONTINUOUS
10
5.3128666141732284
20
-3.2881292519685039
11
5.3088203149606299
21
-3.2863426377952756
0
LINE
8
BLACK
6
CONTINUOUS
10
5.3088203149606299
20
-3.2863426377952756
11
5.3088203543307086
21
-3.2863426377952756
0
LINE
8
BLACK
6
CONTINUOUS
10
5.3088203543307086
20
-3.2863426377952756
11
5.307831299212598
21
-3.2862279133858268
0
LINE
8
BLACK
6
CONTINUOUS
10
5.307831299212598
20
-3.2862279133858268
11
5.2442987007874011
21
-3.2862279133858268
0
LINE
8
BLACK
6
CONTINUOUS
10
5.2442987007874011
20
-3.2862279133858268
11
5.2442984251968499
21
-3.2862279527559055
0
LINE
8
BLACK
6
CONTINUOUS
10
5.2442984251968499
20
-3.2862279527559055
11
5.2433092913385826
21
-3.2863426377952756
0
LINE
8
BLACK
6
CONTINUOUS
10
5.2433092913385826
20
-3.2863426377952756
11
5.2433091338582676
21
-3.2863427165354331
0
LINE
8
BLACK
6
CONTINUOUS
10
5.2433091338582676
20
-3.2863427165354331
11
5.2392630314960629
21
-3.2881292125984252
0
LINE
8
BLACK
6
CONTINUOUS
10
5.2392630314960629
20
-3.2881292125984252
11
5.2361355118110238
21
-3.2912567322834643
0
LINE
8
BLACK
6
CONTINUOUS
10
5.2361355118110238
20
-3.2912567322834643
11
5.236135472440945
21
-3.2912568110236218
0
LINE
8
BLACK
6
CONTINUOUS
10
5.236135472440945
20
-3.2912568110236218
11
5.2343488582677162
21
-3.2953030708661415
0
LINE
8
BLACK
6
CONTINUOUS
10
5.2343488582677162
20
-3.2953030708661415
11
5.2342341338582674
21
-3.2962920472440942
0
LINE
8
BLACK
6
CONTINUOUS
10
5.2342341338582674
20
-3.2962920472440942
11
5.2342341338582674
21
-3.3598247244094486
0
LINE
8
BLACK
6
CONTINUOUS
10
5.3342341338582679
20
-3.3598247244094486
11
5.3342341732283467
21
-3.3598249999999998
0
LINE
8
BLACK
6
CONTINUOUS
10
5.3342341732283467
20
-3.3598249999999998
11
5.3343488582677168
21
-3.3608141338582675
0
LINE
8
BLACK
6
CONTINUOUS
10
5.3343488582677168
20
-3.3608141338582675
11
5.3343489370078743
21
-3.3608142913385826
0
LINE
8
BLACK
6
CONTINUOUS
10
5.3343489370078743
20
-3.3608142913385826
11
5.3361354330708659
21
-3.3648603937007873
0
LINE
8
BLACK
6
CONTINUOUS
10
5.3361354330708659
20
-3.3648603937007873
11
5.339262952755905
21
-3.3679879133858268
0
LINE
8
BLACK
6
CONTINUOUS
10
5.339262952755905
20
-3.3679879133858268
11
5.3392630314960625
21
-3.3679879527559056
0
LINE
8
BLACK
6
CONTINUOUS
10
5.3392630314960625
20
-3.3679879527559056
11
5.3392630708661413
21
-3.3679879921259843
0
LINE
8
BLACK
6
CONTINUOUS
10
5.3392630708661413
20
-3.3679879921259843
11
5.3433092913385822
21
-3.3697745669291339
0
LINE
8
BLACK
6
CONTINUOUS
10
5.3433092913385822
20
-3.3697745669291339
11
5.3442985039370079
21
-3.3698893307086615
0
LINE
8
BLACK
6
CONTINUOUS
10
5.3442985039370079
20
-3.3698893307086615
11
5.4078311417322835
21
-3.3698892913385827
0
LINE
8
BLACK
6
CONTINUOUS
10
5.4078311417322835
20
-3.3698892913385827
11
5.408820393700787
21
-3.3697745669291339
0
LINE
8
BLACK
6
CONTINUOUS
10
5.408820393700787
20
-3.3697745669291339
11
5.412866614173228
21
-3.3679879921259843
0
LINE
8
BLACK
6
CONTINUOUS
10
5.412866614173228
20
-3.3679879921259843
11
5.4159942125984255
21
-3.3648603937007873
0
LINE
8
BLACK
6
CONTINUOUS
10
5.4159942125984255
20
-3.3648603937007873
11
5.4177807874015746
21
-3.3608141732283463
0
LINE
8
BLACK
6
CONTINUOUS
10
5.4177807874015746
20
-3.3608141732283463
11
5.4178955511811022
21
-3.3598249606299211
0
LINE
8
BLACK
6
CONTINUOUS
10
5.4178955511811022
20
-3.3598249606299211
11
5.4178955118110235
21
-3.2962923228346455
0
LINE
8
BLACK
6
CONTINUOUS
10
5.4178955118110235
20
-3.2962923228346455
11
5.4178954724409447
21
-3.2962920472440942
0
LINE
8
BLACK
6
CONTINUOUS
10
5.4178954724409447
20
-3.2962920472440942
11
5.4177807874015746
21
-3.2953030708661415
0
LINE
8
BLACK
6
CONTINUOUS
10
5.4177807874015746
20
-3.2953030708661415
11
5.4159942125984255
21
-3.2912568503937005
0
LINE
8
BLACK
6
CONTINUOUS
10
5.4159942125984255
20
-3.2912568503937005
11
5.4159942125984255
21
-3.2912568110236218
0
LINE
8
BLACK
6
CONTINUOUS
10
5.4159942125984255
20
-3.2912568110236218
11
5.4128666929133855
21
-3.2881292913385827
0
LINE
8
BLACK
6
CONTINUOUS
10
5.4128666929133855
20
-3.2881292913385827
11
5.412866614173228
21
-3.2881292519685039
0
LINE
8
BLACK
6
CONTINUOUS
10
5.412866614173228
20
-3.2881292519685039
11
5.4088203149606295
21
-3.2863426377952756
0
LINE
8
BLACK
6
CONTINUOUS
10
5.4088203149606295
20
-3.2863426377952756
11
5.4088203543307083
21
-3.2863426377952756
0
LINE
8
BLACK
6
CONTINUOUS
10
5.4088203543307083
20
-3.2863426377952756
11
5.4078312992125985
21
-3.2862279133858268
0
LINE
8
BLACK
6
CONTINUOUS
10
5.4078312992125985
20
-3.2862279133858268
11
5.3442987007874017
21
-3.2862279133858268
0
LINE
8
BLACK
6
CONTINUOUS
10
5.3442987007874017
20
-3.2862279133858268
11
5.3442984251968504
21
-3.2862279527559055
0
LINE
8
BLACK
6
CONTINUOUS
10
5.3442984251968504
20
-3.2862279527559055
11
5.3433092913385822
21
-3.2863426377952756
0
LINE
8
BLACK
6
CONTINUOUS
10
5.3433092913385822
20
-3.2863426377952756
11
5.3433091338582672
21
-3.2863427165354331
0
LINE
8
BLACK
6
CONTINUOUS
10
5.3433091338582672
20
-3.2863427165354331
11
5.3392630314960625
21
-3.2881292125984252
0
LINE
8
BLACK
6
CONTINUOUS
10
5.3392630314960625
20
-3.2881292125984252
11
5.3361355118110234
21
-3.2912567322834643
0
LINE
8
BLACK
6
CONTINUOUS
10
5.3361355118110234
20
-3.2912567322834643
11
5.3361354724409447
21
-3.2912568110236218
0
LINE
8
BLACK
6
CONTINUOUS
10
5.3361354724409447
20
-3.2912568110236218
11
5.3343488582677168
21
-3.2953030708661415
0
LINE
8
BLACK
6
CONTINUOUS
10
5.3343488582677168
20
-3.2953030708661415
11
5.3342341338582679
21
-3.2962920472440942
0
LINE
8
BLACK
6
CONTINUOUS
10
5.3342341338582679
20
-3.2962920472440942
11
5.3342341338582679
21
-3.3598247244094486
0
LINE
8
BLACK
6
CONTINUOUS
10
5.4342341338582676
20
-3.3598247244094486
11
5.4342341732283463
21
-3.3598249999999998
0
LINE
8
BLACK
6
CONTINUOUS
10
5.4342341732283463
20
-3.3598249999999998
11
5.4343488582677164
21
-3.3608141338582675
0
LINE
8
BLACK
6
CONTINUOUS
10
5.4343488582677164
20
-3.3608141338582675
11
5.4343489370078739
21
-3.3608142913385826
0
LINE
8
BLACK
6
CONTINUOUS
10
5.4343489370078739
20
-3.3608142913385826
11
5.4361354330708664
21
-3.3648603937007873
0
LINE
8
BLACK
6
CONTINUOUS
10
5.4361354330708664
20
-3.3648603937007873
11
5.4392629527559055
21
-3.3679879133858268
0
LINE
8
BLACK
6
CONTINUOUS
10
5.4392629527559055
20
-3.3679879133858268
11
5.439263031496063
21
-3.3679879527559056
0
LINE
8
BLACK
6
CONTINUOUS
10
5.439263031496063
20
-3.3679879527559056
11
5.4392630708661418
21
-3.3679879921259843
0
LINE
8
BLACK
6
CONTINUOUS
10
5.4392630708661418
20
-3.3679879921259843
11
5.4433092913385828
21
-3.3697745669291339
0
LINE
8
BLACK
6
CONTINUOUS
10
5.4433092913385828
20
-3.3697745669291339
11
5.4442985039370075
21
-3.3698893307086615
0
LINE
8
BLACK
6
CONTINUOUS
10
5.4442985039370075
20
-3.3698893307086615
11
5.5078311417322832
21
-3.3698892913385827
0
LINE
8
BLACK
6
CONTINUOUS
10
5.5078311417322832
20
-3.3698892913385827
11
5.5088203937007876
21
-3.3697745669291339
0
LINE
8
BLACK
6
CONTINUOUS
10
5.5088203937007876
20
-3.3697745669291339
11
5.5128666141732285
21
-3.3679879921259843
0
LINE
8
BLACK
6
CONTINUOUS
10
5.5128666141732285
20
-3.3679879921259843
11
5.5159942125984252
21
-3.3648603937007873
0
LINE
8
BLACK
6
CONTINUOUS
10
5.5159942125984252
20
-3.3648603937007873
11
5.5177807874015743
21
-3.3608141732283463
0
LINE
8
BLACK
6
CONTINUOUS
10
5.5177807874015743
20
-3.3608141732283463
11
5.5178955511811019
21
-3.3598249606299211
0
LINE
8
BLACK
6
CONTINUOUS
10
5.5178955511811019
20
-3.3598249606299211
11
5.5178955118110231
21
-3.2962923228346455
0
LINE
8
BLACK
6
CONTINUOUS
10
5.5178955118110231
20
-3.2962923228346455
11
5.5178954724409444
21
-3.2962920472440942
0
LINE
8
BLACK
6
CONTINUOUS
10
5.5178954724409444
20
-3.2962920472440942
11
5.5177807874015743
21
-3.2953030708661415
0
LINE
8
BLACK
6
CONTINUOUS
10
5.5177807874015743
20
-3.2953030708661415
11
5.5159942125984252
21
-3.2912568503937005
0
LINE
8
BLACK
6
CONTINUOUS
10
5.5159942125984252
20
-3.2912568503937005
11
5.5159942125984252
21
-3.2912568110236218
0
LINE
8
BLACK
6
CONTINUOUS
10
5.5159942125984252
20
-3.2912568110236218
11
5.512866692913386
21
-3.2881292913385827
0
LINE
8
BLACK
6
CONTINUOUS
10
5.512866692913386
20
-3.2881292913385827
11
5.5128666141732285
21
-3.2881292519685039
0
LINE
8
BLACK
6
CONTINUOUS
10
5.5128666141732285
20
-3.2881292519685039
11
5.5088203149606301
21
-3.2863426377952756
0
LINE
8
BLACK
6
CONTINUOUS
10
5.5088203149606301
20
-3.2863426377952756
11
5.5088203543307088
21
-3.2863426377952756
0
LINE
8
BLACK
6
CONTINUOUS
10
5.5088203543307088
20
-3.2863426377952756
11
5.5078312992125982
21
-3.2862279133858268
0
LINE
8
BLACK
6
CONTINUOUS
10
5.5078312992125982
20
-3.2862279133858268
11
5.4442987007874013
21
-3.2862279133858268
0
LINE
8
BLACK
6
CONTINUOUS
10
5.4442987007874013
20
-3.2862279133858268
11
5.44429842519685
21
-3.2862279527559055
0
LINE
8
BLACK
6
CONTINUOUS
10
5.44429842519685
20
-3.2862279527559055
11
5.4433092913385828
21
-3.2863426377952756
0
LINE
8
BLACK
6
CONTINUOUS
10
5.4433092913385828
20
-3.2863426377952756
11
5.4433091338582678
21
-3.2863427165354331
0
LINE
8
BLACK
6
CONTINUOUS
10
5.4433091338582678
20
-3.2863427165354331
11
5.439263031496063
21
-3.2881292125984252
0
LINE
8
BLACK
6
CONTINUOUS
10
5.439263031496063
20
-3.2881292125984252
11
5.4361355118110231
21
-3.2912567322834643
0
LINE
8
BLACK
6
CONTINUOUS
10
5.4361355118110231
20
-3.2912567322834643
11
5.4361354724409452
21
-3.2912568110236218
0
LINE
8
BLACK
6
CONTINUOUS
10
5.4361354724409452
20
-3.2912568110236218
11
5.4343488582677164
21
-3.2953030708661415
0
LINE
8
BLACK
6
CONTINUOUS
10
5.4343488582677164
20
-3.2953030708661415
11
5.4342341338582676
21
-3.2962920472440942
0
LINE
8
BLACK
6
CONTINUOUS
10
5.4342341338582676
20
-3.2962920472440942
11
5.4342341338582676
21
-3.3598247244094486
0
LINE
8
BLACK
6
CONTINUOUS
10
5.5342341338582672
20
-3.3598247244094486
11
5.534234173228346
21
-3.3598249999999998
0
LINE
8
BLACK
6
CONTINUOUS
10
5.534234173228346
20
-3.3598249999999998
11
5.5343488582677161
21
-3.3608141338582675
0
LINE
8
BLACK
6
CONTINUOUS
10
5.5343488582677161
20
-3.3608141338582675
11
5.5343489370078736
21
-3.3608142913385826
0
LINE
8
BLACK
6
CONTINUOUS
10
5.5343489370078736
20
-3.3608142913385826
11
5.5361354330708661
21
-3.3648603937007873
0
LINE
8
BLACK
6
CONTINUOUS
10
5.5361354330708661
20
-3.3648603937007873
11
5.5392629527559052
21
-3.3679879133858268
0
LINE
8
BLACK
6
CONTINUOUS
10
5.5392629527559052
20
-3.3679879133858268
11
5.5392630314960627
21
-3.3679879527559056
0
LINE
8
BLACK
6
CONTINUOUS
10
5.5392630314960627
20
-3.3679879527559056
11
5.5392630708661414
21
-3.3679879921259843
0
LINE
8
BLACK
6
CONTINUOUS
10
5.5392630708661414
20
-3.3679879921259843
11
5.5433092913385824
21
-3.3697745669291339
0
LINE
8
BLACK
6
CONTINUOUS
10
5.5433092913385824
20
-3.3697745669291339
11
5.5442985039370081
21
-3.3698893307086615
0
LINE
8
BLACK
6
CONTINUOUS
10
5.5442985039370081
20
-3.3698893307086615
11
5.6078311417322837
21
-3.3698892913385827
0
LINE
8
BLACK
6
CONTINUOUS
10
5.6078311417322837
20
-3.3698892913385827
11
5.6088203937007872
21
-3.3697745669291339
0
LINE
8
BLACK
6
CONTINUOUS
10
5.6088203937007872
20
-3.3697745669291339
11
5.6128666141732282
21
-3.3679879921259843
0
LINE
8
BLACK
6
CONTINUOUS
10
5.6128666141732282
20
-3.3679879921259843
11
5.6159942125984248
21
-3.3648603937007873
0
LINE
8
BLACK
6
CONTINUOUS
10
5.6159942125984248
20
-3.3648603937007873
11
5.6177807874015748
21
-3.3608141732283463
0
LINE
8
BLACK
6
CONTINUOUS
10
5.6177807874015748
20
-3.3608141732283463
11
5.6178955511811024
21
-3.3598249606299211
0
LINE
8
BLACK
6
CONTINUOUS
10
5.6178955511811024
20
-3.3598249606299211
11
5.6178955118110236
21
-3.2962923228346455
0
LINE
8
BLACK
6
CONTINUOUS
10
5.6178955118110236
20
-3.2962923228346455
11
5.6178954724409449
21
-3.2962920472440942
0
LINE
8
BLACK
6
CONTINUOUS
10
5.6178954724409449
20
-3.2962920472440942
11
5.6177807874015748
21
-3.2953030708661415
0
LINE
8
BLACK
6
CONTINUOUS
10
5.6177807874015748
20
-3.2953030708661415
11
5.6159942125984248
21
-3.2912568503937005
0
LINE
8
BLACK
6
CONTINUOUS
10
5.6159942125984248
20
-3.2912568503937005
11
5.6159942125984248
21
-3.2912568110236218
0
LINE
8
BLACK
6
CONTINUOUS
10
5.6159942125984248
20
-3.2912568110236218
11
5.6128666929133857
21
-3.2881292913385827
0
LINE
8
BLACK
6
CONTINUOUS
10
5.6128666929133857
20
-3.2881292913385827
11
5.6128666141732282
21
-3.2881292519685039
0
LINE
8
BLACK
6
CONTINUOUS
10
5.6128666141732282
20
-3.2881292519685039
11
5.6088203149606297
21
-3.2863426377952756
0
LINE
8
BLACK
6
CONTINUOUS
10
5.6088203149606297
20
-3.2863426377952756
11
5.6088203543307085
21
-3.2863426377952756
0
LINE
8
BLACK
6
CONTINUOUS
10
5.6088203543307085
20
-3.2863426377952756
11
5.6078312992125987
21
-3.2862279133858268
0
LINE
8
BLACK
6
CONTINUOUS
10
5.6078312992125987
20
-3.2862279133858268
11
5.5442987007874018
21
-3.2862279133858268
0
LINE
8
BLACK
6
CONTINUOUS
10
5.5442987007874018
20
-3.2862279133858268
11
5.5442984251968506
21
-3.2862279527559055
0
LINE
8
BLACK
6
CONTINUOUS
10
5.5442984251968506
20
-3.2862279527559055
11
5.5433092913385824
21
-3.2863426377952756
0
LINE
8
BLACK
6
CONTINUOUS
10
5.5433092913385824
20
-3.2863426377952756
11
5.5433091338582674
21
-3.2863427165354331
0
LINE
8
BLACK
6
CONTINUOUS
10
5.5433091338582674
20
-3.2863427165354331
11
5.5392630314960627
21
-3.2881292125984252
0
LINE
8
BLACK
6
CONTINUOUS
10
5.5392630314960627
20
-3.2881292125984252
11
5.5361355118110236
21
-3.2912567322834643
0
LINE
8
BLACK
6
CONTINUOUS
10
5.5361355118110236
20
-3.2912567322834643
11
5.5361354724409448
21
-3.2912568110236218
0
LINE
8
BLACK
6
CONTINUOUS
10
5.5361354724409448
20
-3.2912568110236218
11
5.5343488582677161
21
-3.2953030708661415
0
LINE
8
BLACK
6
CONTINUOUS
10
5.5343488582677161
20
-3.2953030708661415
11
5.5342341338582672
21
-3.2962920472440942
0
LINE
8
BLACK
6
CONTINUOUS
10
5.5342341338582672
20
-3.2962920472440942
11
5.5342341338582672
21
-3.3598247244094486
0
LINE
8
BLACK
6
CONTINUOUS
10
5.6342341338582678
20
-3.3598247244094486
11
5.6342341732283465
21
-3.3598249999999998
0
LINE
8
BLACK
6
CONTINUOUS
10
5.6342341732283465
20
-3.3598249999999998
11
5.6343488582677166
21
-3.3608141338582675
0
LINE
8
BLACK
6
CONTINUOUS
10
5.6343488582677166
20
-3.3608141338582675
11
5.6343489370078741
21
-3.3608142913385826
0
LINE
8
BLACK
6
CONTINUOUS
10
5.6343489370078741
20
-3.3608142913385826
11
5.6361354330708657
21
-3.3648603937007873
0
LINE
8
BLACK
6
CONTINUOUS
10
5.6361354330708657
20
-3.3648603937007873
11
5.6392629527559057
21
-3.3679879133858268
0
LINE
8
BLACK
6
CONTINUOUS
10
5.6392629527559057
20
-3.3679879133858268
11
5.6392630314960632
21
-3.3679879527559056
0
LINE
8
BLACK
6
CONTINUOUS
10
5.6392630314960632
20
-3.3679879527559056
11
5.639263070866142
21
-3.3679879921259843
0
LINE
8
BLACK
6
CONTINUOUS
10
5.639263070866142
20
-3.3679879921259843
11
5.6433092913385829
21
-3.3697745669291339
0
LINE
8
BLACK
6
CONTINUOUS
10
5.6433092913385829
20
-3.3697745669291339
11
5.6442985039370077
21
-3.3698893307086615
0
LINE
8
BLACK
6
CONTINUOUS
10
5.6442985039370077
20
-3.3698893307086615
11
5.7078311417322833
21
-3.3698892913385827
0
LINE
8
BLACK
6
CONTINUOUS
10
5.7078311417322833
20
-3.3698892913385827
11
5.7088203937007869
21
-3.3697745669291339
0
LINE
8
BLACK
6
CONTINUOUS
10
5.7088203937007869
20
-3.3697745669291339
11
5.7128666141732278
21
-3.3679879921259843
0
LINE
8
BLACK
6
CONTINUOUS
10
5.7128666141732278
20
-3.3679879921259843
11
5.7159942125984253
21
-3.3648603937007873
0
LINE
8
BLACK
6
CONTINUOUS
10
5.7159942125984253
20
-3.3648603937007873
11
5.7177807874015745
21
-3.3608141732283463
0
LINE
8
BLACK
6
CONTINUOUS
10
5.7177807874015745
20
-3.3608141732283463
11
5.717895551181102
21
-3.3598249606299211
0
LINE
8
BLACK
6
CONTINUOUS
10
5.717895551181102
20
-3.3598249606299211
11
5.7178955118110233
21
-3.2962923228346455
0
LINE
8
BLACK
6
CONTINUOUS
10
5.7178955118110233
20
-3.2962923228346455
11
5.7178954724409445
21
-3.2962920472440942
0
LINE
8
BLACK
6
CONTINUOUS
10
5.7178954724409445
20
-3.2962920472440942
11
5.7177807874015745
21
-3.2953030708661415
0
LINE
8
BLACK
6
CONTINUOUS
10
5.7177807874015745
20
-3.2953030708661415
11
5.7159942125984253
21
-3.2912568503937005
0
LINE
8
BLACK
6
CONTINUOUS
10
5.7159942125984253
20
-3.2912568503937005
11
5.7159942125984253
21
-3.2912568110236218
0
LINE
8
BLACK
6
CONTINUOUS
10
5.7159942125984253
20
-3.2912568110236218
11
5.7128666929133853
21
-3.2881292913385827
0
LINE
8
BLACK
6
CONTINUOUS
10
5.7128666929133853
20
-3.2881292913385827
11
5.7128666141732278
21
-3.2881292519685039
0
LINE
8
BLACK
6
CONTINUOUS
10
5.7128666141732278
20
-3.2881292519685039
11
5.7088203149606294
21
-3.2863426377952756
0
LINE
8
BLACK
6
CONTINUOUS
10
5.7088203149606294
20
-3.2863426377952756
11
5.7088203543307081
21
-3.2863426377952756
0
LINE
8
BLACK
6
CONTINUOUS
10
5.7088203543307081
20
-3.2863426377952756
11
5.7078312992125984
21
-3.2862279133858268
0
LINE
8
BLACK
6
CONTINUOUS
10
5.7078312992125984
20
-3.2862279133858268
11
5.6442987007874015
21
-3.2862279133858268
0
LINE
8
BLACK
6
CONTINUOUS
10
5.6442987007874015
20
-3.2862279133858268
11
5.6442984251968502
21
-3.2862279527559055
0
LINE
8
BLACK
6
CONTINUOUS
10
5.6442984251968502
20
-3.2862279527559055
11
5.6433092913385829
21
-3.2863426377952756
0
LINE
8
BLACK
6
CONTINUOUS
10
5.6433092913385829
20
-3.2863426377952756
11
5.6433091338582679
21
-3.2863427165354331
0
LINE
8
BLACK
6
CONTINUOUS
10
5.6433091338582679
20
-3.2863427165354331
11
5.6392630314960632
21
-3.2881292125984252
0
LINE
8
BLACK
6
CONTINUOUS
10
5.6392630314960632
20
-3.2881292125984252
11
5.6361355118110232
21
-3.2912567322834643
0
LINE
8
BLACK
6
CONTINUOUS
10
5.6361355118110232
20
-3.2912567322834643
11
5.6361354724409445
21
-3.2912568110236218
0
LINE
8
BLACK
6
CONTINUOUS
10
5.6361354724409445
20
-3.2912568110236218
11
5.6343488582677166
21
-3.2953030708661415
0
LINE
8
BLACK
6
CONTINUOUS
10
5.6343488582677166
20
-3.2953030708661415
11
5.6342341338582678
21
-3.2962920472440942
0
LINE
8
BLACK
6
CONTINUOUS
10
5.6342341338582678
20
-3.2962920472440942
11
5.6342341338582678
21
-3.3598247244094486
0
LINE
8
BLACK
6
CONTINUOUS
10
5.7342341338582674
20
-3.3598247244094486
11
5.7342341732283462
21
-3.3598249999999998
0
LINE
8
BLACK
6
CONTINUOUS
10
5.7342341732283462
20
-3.3598249999999998
11
5.7343488582677162
21
-3.3608141338582675
0
LINE
8
BLACK
6
CONTINUOUS
10
5.7343488582677162
20
-3.3608141338582675
11
5.7343489370078737
21
-3.3608142913385826
0
LINE
8
BLACK
6
CONTINUOUS
10
5.7343489370078737
20
-3.3608142913385826
11
5.7361354330708663
21
-3.3648603937007873
0
LINE
8
BLACK
6
CONTINUOUS
10
5.7361354330708663
20
-3.3648603937007873
11
5.7392629527559054
21
-3.3679879133858268
0
LINE
8
BLACK
6
CONTINUOUS
10
5.7392629527559054
20
-3.3679879133858268
11
5.7392630314960629
21
-3.3679879527559056
0
LINE
8
BLACK
6
CONTINUOUS
10
5.7392630314960629
20
-3.3679879527559056
11
5.7392630708661416
21
-3.3679879921259843
0
LINE
8
BLACK
6
CONTINUOUS
10
5.7392630708661416
20
-3.3679879921259843
11
5.7433092913385826
21
-3.3697745669291339
0
LINE
8
BLACK
6
CONTINUOUS
10
5.7433092913385826
20
-3.3697745669291339
11
5.7442985039370074
21
-3.3698893307086615
0
LINE
8
BLACK
6
CONTINUOUS
10
5.7442985039370074
20
-3.3698893307086615
11
5.807831141732283
21
-3.3698892913385827
0
LINE
8
BLACK
6
CONTINUOUS
10
5.807831141732283
20
-3.3698892913385827
11
5.8088203937007874
21
-3.3697745669291339
0
LINE
8
BLACK
6
CONTINUOUS
10
5.8088203937007874
20
-3.3697745669291339
11
5.8128666141732284
21
-3.3679879921259843
0
LINE
8
BLACK
6
CONTINUOUS
10
5.8128666141732284
20
-3.3679879921259843
11
5.815994212598425
21
-3.3648603937007873
0
LINE
8
BLACK
6
CONTINUOUS
10
5.815994212598425
20
-3.3648603937007873
11
5.817780787401575
21
-3.3608141732283463
0
LINE
8
BLACK
6
CONTINUOUS
10
5.817780787401575
20
-3.3608141732283463
11
5.8178955511811026
21
-3.3598249606299211
0
LINE
8
BLACK
6
CONTINUOUS
10
5.8178955511811026
20
-3.3598249606299211
11
5.8178955118110238
21
-3.2962923228346455
0
LINE
8
BLACK
6
CONTINUOUS
10
5.8178955118110238
20
-3.2962923228346455
11
5.8178954724409451
21
-3.2962920472440942
0
LINE
8
BLACK
6
CONTINUOUS
10
5.8178954724409451
20
-3.2962920472440942
11
5.817780787401575
21
-3.2953030708661415
0
LINE
8
BLACK
6
CONTINUOUS
10
5.817780787401575
20
-3.2953030708661415
11
5.815994212598425
21
-3.2912568503937005
0
LINE
8
BLACK
6
CONTINUOUS
10
5.815994212598425
20
-3.2912568503937005
11
5.815994212598425
21
-3.2912568110236218
0
LINE
8
BLACK
6
CONTINUOUS
10
5.815994212598425
20
-3.2912568110236218
11
5.8128666929133859
21
-3.2881292913385827
0
LINE
8
BLACK
6
CONTINUOUS
10
5.8128666929133859
20
-3.2881292913385827
11
5.8128666141732284
21
-3.2881292519685039
0
LINE
8
BLACK
6
CONTINUOUS
10
5.8128666141732284
20
-3.2881292519685039
11
5.8088203149606299
21
-3.2863426377952756
0
LINE
8
BLACK
6
CONTINUOUS
10
5.8088203149606299
20
-3.2863426377952756
11
5.8088203543307086
21
-3.2863426377952756
0
LINE
8
BLACK
6
CONTINUOUS
10
5.8088203543307086
20
-3.2863426377952756
11
5.807831299212598
21
-3.2862279133858268
0
LINE
8
BLACK
6
CONTINUOUS
10
5.807831299212598
20
-3.2862279133858268
11
5.7442987007874011
21
-3.2862279133858268
0
LINE
8
BLACK
6
CONTINUOUS
10
5.7442987007874011
20
-3.2862279133858268
11
5.7442984251968499
21
-3.2862279527559055
0
LINE
8
BLACK
6
CONTINUOUS
10
5.7442984251968499
20
-3.2862279527559055
11
5.7433092913385826
21
-3.2863426377952756
0
LINE
8
BLACK
6
CONTINUOUS
10
5.7433092913385826
20
-3.2863426377952756
11
5.7433091338582676
21
-3.2863427165354331
0
LINE
8
BLACK
6
CONTINUOUS
10
5.7433091338582676
20
-3.2863427165354331
11
5.7392630314960629
21
-3.2881292125984252
0
LINE
8
BLACK
6
CONTINUOUS
10
5.7392630314960629
20
-3.2881292125984252
11
5.7361355118110238
21
-3.2912567322834643
0
LINE
8
BLACK
6
CONTINUOUS
10
5.7361355118110238
20
-3.2912567322834643
11
5.736135472440945
21
-3.2912568110236218
0
LINE
8
BLACK
6
CONTINUOUS
10
5.736135472440945
20
-3.2912568110236218
11
5.7343488582677162
21
-3.2953030708661415
0
LINE
8
BLACK
6
CONTINUOUS
10
5.7343488582677162
20
-3.2953030708661415
11
5.7342341338582674
21
-3.2962920472440942
0
LINE
8
BLACK
6
CONTINUOUS
10
5.7342341338582674
20
-3.2962920472440942
11
5.7342341338582674
21
-3.3598247244094486
0
LINE
8
BLACK
6
CONTINUOUS
10
5.8342341338582679
20
-3.3598247244094486
11
5.8342341732283467
21
-3.3598249999999998
0
LINE
8
BLACK
6
CONTINUOUS
10
5.8342341732283467
20
-3.3598249999999998
11
5.8343488582677168
21
-3.3608141338582675
0
LINE
8
BLACK
6
CONTINUOUS
10
5.8343488582677168
20
-3.3608141338582675
11
5.8343489370078743
21
-3.3608142913385826
0
LINE
8
BLACK
6
CONTINUOUS
10
5.8343489370078743
20
-3.3608142913385826
11
5.8361354330708659
21
-3.3648603937007873
0
LINE
8
BLACK
6
CONTINUOUS
10
5.8361354330708659
20
-3.3648603937007873
11
5.839262952755905
21
-3.3679879133858268
0
LINE
8
BLACK
6
CONTINUOUS
10
5.839262952755905
20
-3.3679879133858268
11
5.8392630314960625
21
-3.3679879527559056
0
LINE
8
BLACK
6
CONTINUOUS
10
5.8392630314960625
20
-3.3679879527559056
11
5.8392630708661413
21
-3.3679879921259843
0
LINE
8
BLACK
6
CONTINUOUS
10
5.8392630708661413
20
-3.3679879921259843
11
5.8433092913385822
21
-3.3697745669291339
0
LINE
8
BLACK
6
CONTINUOUS
10
5.8433092913385822
20
-3.3697745669291339
11
5.8442985039370079
21
-3.3698893307086615
0
LINE
8
BLACK
6
CONTINUOUS
10
5.8442985039370079
20
-3.3698893307086615
11
5.9078311417322835
21
-3.3698892913385827
0
LINE
8
BLACK
6
CONTINUOUS
10
5.9078311417322835
20
-3.3698892913385827
11
5.908820393700787
21
-3.3697745669291339
0
LINE
8
BLACK
6
CONTINUOUS
10
5.908820393700787
20
-3.3697745669291339
11
5.912866614173228
21
-3.3679879921259843
0
LINE
8
BLACK
6
CONTINUOUS
10
5.912866614173228
20
-3.3679879921259843
11
5.9159942125984255
21
-3.3648603937007873
0
LINE
8
BLACK
6
CONTINUOUS
10
5.9159942125984255
20
-3.3648603937007873
11
5.9177807874015746
21
-3.3608141732283463
0
LINE
8
BLACK
6
CONTINUOUS
10
5.9177807874015746
20
-3.3608141732283463
11
5.9178955511811022
21
-3.3598249606299211
0
LINE
8
BLACK
6
CONTINUOUS
10
5.9178955511811022
20
-3.3598249606299211
11
5.9178955118110235
21
-3.2962923228346455
0
LINE
8
BLACK
6
CONTINUOUS
10
5.9178955118110235
20
-3.2962923228346455
11
5.9178954724409447
21
-3.2962920472440942
0
LINE
8
BLACK
6
CONTINUOUS
10
5.9178954724409447
20
-3.2962920472440942
11
5.9177807874015746
21
-3.2953030708661415
0
LINE
8
BLACK
6
CONTINUOUS
10
5.9177807874015746
20
-3.2953030708661415
11
5.9159942125984255
21
-3.2912568503937005
0
LINE
8
BLACK
6
CONTINUOUS
10
5.9159942125984255
20
-3.2912568503937005
11
5.9159942125984255
21
-3.2912568110236218
0
LINE
8
BLACK
6
CONTINUOUS
10
5.9159942125984255
20
-3.2912568110236218
11
5.9128666929133855
21
-3.2881292913385827
0
LINE
8
BLACK
6
CONTINUOUS
10
5.9128666929133855
20
-3.2881292913385827
11
5.912866614173228
21
-3.2881292519685039
0
LINE
8
BLACK
6
CONTINUOUS
10
5.912866614173228
20
-3.2881292519685039
11
5.9088203149606295
21
-3.2863426377952756
0
LINE
8
BLACK
6
CONTINUOUS
10
5.9088203149606295
20
-3.2863426377952756
11
5.9088203543307083
21
-3.2863426377952756
0
LINE
8
BLACK
6
CONTINUOUS
10
5.9088203543307083
20
-3.2863426377952756
11
5.9078312992125985
21
-3.2862279133858268
0
LINE
8
BLACK
6
CONTINUOUS
10
5.9078312992125985
20
-3.2862279133858268
11
5.8442987007874017
21
-3.2862279133858268
0
LINE
8
BLACK
6
CONTINUOUS
10
5.8442987007874017
20
-3.2862279133858268
11
5.8442984251968504
21
-3.2862279527559055
0
LINE
8
BLACK
6
CONTINUOUS
10
5.8442984251968504
20
-3.2862279527559055
11
5.8433092913385822
21
-3.2863426377952756
0
LINE
8
BLACK
6
CONTINUOUS
10
5.8433092913385822
20
-3.2863426377952756
11
5.8433091338582672
21
-3.2863427165354331
0
LINE
8
BLACK
6
CONTINUOUS
10
5.8433091338582672
20
-3.2863427165354331
11
5.8392630314960625
21
-3.2881292125984252
0
LINE
8
BLACK
6
CONTINUOUS
10
5.8392630314960625
20
-3.2881292125984252
11
5.8361355118110234
21
-3.2912567322834643
0
LINE
8
BLACK
6
CONTINUOUS
10
5.8361355118110234
20
-3.2912567322834643
11
5.8361354724409447
21
-3.2912568110236218
0
LINE
8
BLACK
6
CONTINUOUS
10
5.8361354724409447
20
-3.2912568110236218
11
5.8343488582677168
21
-3.2953030708661415
0
LINE
8
BLACK
6
CONTINUOUS
10
5.8343488582677168
20
-3.2953030708661415
11
5.8342341338582679
21
-3.2962920472440942
0
LINE
8
BLACK
6
CONTINUOUS
10
5.8342341338582679
20
-3.2962920472440942
11
5.8342341338582679
21
-3.3598247244094486
0
LINE
8
BLACK
6
CONTINUOUS
10
5.9342341338582676
20
-3.3598247244094486
11
5.9342341732283463
21
-3.3598249999999998
0
LINE
8
BLACK
6
CONTINUOUS
10
5.9342341732283463
20
-3.3598249999999998
11
5.9343488582677164
21
-3.3608141338582675
0
LINE
8
BLACK
6
CONTINUOUS
10
5.9343488582677164
20
-3.3608141338582675
11
5.9343489370078739
21
-3.3608142913385826
0
LINE
8
BLACK
6
CONTINUOUS
10
5.9343489370078739
20
-3.3608142913385826
11
5.9361354330708664
21
-3.3648603937007873
0
LINE
8
BLACK
6
CONTINUOUS
10
5.9361354330708664
20
-3.3648603937007873
11
5.9392629527559055
21
-3.3679879133858268
0
LINE
8
BLACK
6
CONTINUOUS
10
5.9392629527559055
20
-3.3679879133858268
11
5.939263031496063
21
-3.3679879527559056
0
LINE
8
BLACK
6
CONTINUOUS
10
5.939263031496063
20
-3.3679879527559056
11
5.9392630708661418
21
-3.3679879921259843
0
LINE
8
BLACK
6
CONTINUOUS
10
5.9392630708661418
20
-3.3679879921259843
11
5.9433092913385828
21
-3.3697745669291339
0
LINE
8
BLACK
6
CONTINUOUS
10
5.9433092913385828
20
-3.3697745669291339
11
5.9442985039370075
21
-3.3698893307086615
0
LINE
8
BLACK
6
CONTINUOUS
10
5.9442985039370075
20
-3.3698893307086615
11
6.0078311417322832
21
-3.3698892913385827
0
LINE
8
BLACK
6
CONTINUOUS
10
6.0078311417322832
20
-3.3698892913385827
11
6.0088203937007876
21
-3.3697745669291339
0
LINE
8
BLACK
6
CONTINUOUS
10
6.0088203937007876
20
-3.3697745669291339
11
6.0128666141732285
21
-3.3679879921259843
0
LINE
8
BLACK
6
CONTINUOUS
10
6.0128666141732285
20
-3.3679879921259843
11
6.0159942125984252
21
-3.3648603937007873
0
LINE
8
BLACK
6
CONTINUOUS
10
6.0159942125984252
20
-3.3648603937007873
11
6.0177807874015743
21
-3.3608141732283463
0
LINE
8
BLACK
6
CONTINUOUS
10
6.0177807874015743
20
-3.3608141732283463
11
6.0178955511811019
21
-3.3598249606299211
0
LINE
8
BLACK
6
CONTINUOUS
10
6.0178955511811019
20
-3.3598249606299211
11
6.0178955118110231
21
-3.2962923228346455
0
LINE
8
BLACK
6
CONTINUOUS
10
6.0178955118110231
20
-3.2962923228346455
11
6.0178954724409444
21
-3.2962920472440942
0
LINE
8
BLACK
6
CONTINUOUS
10
6.0178954724409444
20
-3.2962920472440942
11
6.0177807874015743
21
-3.2953030708661415
0
LINE
8
BLACK
6
CONTINUOUS
10
6.0177807874015743
20
-3.2953030708661415
11
6.0159942125984252
21
-3.2912568503937005
0
LINE
8
BLACK
6
CONTINUOUS
10
6.0159942125984252
20
-3.2912568503937005
11
6.0159942125984252
21
-3.2912568110236218
0
LINE
8
BLACK
6
CONTINUOUS
10
6.0159942125984252
20
-3.2912568110236218
11
6.012866692913386
21
-3.2881292913385827
0
LINE
8
BLACK
6
CONTINUOUS
10
6.012866692913386
20
-3.2881292913385827
11
6.0128666141732285
21
-3.2881292519685039
0
LINE
8
BLACK
6
CONTINUOUS
10
6.0128666141732285
20
-3.2881292519685039
11
6.0088203149606301
21
-3.2863426377952756
0
LINE
8
BLACK
6
CONTINUOUS
10
6.0088203149606301
20
-3.2863426377952756
11
6.0088203543307088
21
-3.2863426377952756
0
LINE
8
BLACK
6
CONTINUOUS
10
6.0088203543307088
20
-3.2863426377952756
11
6.0078312992125982
21
-3.2862279133858268
0
LINE
8
BLACK
6
CONTINUOUS
10
6.0078312992125982
20
-3.2862279133858268
11
5.9442987007874013
21
-3.2862279133858268
0
LINE
8
BLACK
6
CONTINUOUS
10
5.9442987007874013
20
-3.2862279133858268
11
5.94429842519685
21
-3.2862279527559055
0
LINE
8
BLACK
6
CONTINUOUS
10
5.94429842519685
20
-3.2862279527559055
11
5.9433092913385828
21
-3.2863426377952756
0
LINE
8
BLACK
6
CONTINUOUS
10
5.9433092913385828
20
-3.2863426377952756
11
5.9433091338582678
21
-3.2863427165354331
0
LINE
8
BLACK
6
CONTINUOUS
10
5.9433091338582678
20
-3.2863427165354331
11
5.939263031496063
21
-3.2881292125984252
0
LINE
8
BLACK
6
CONTINUOUS
10
5.939263031496063
20
-3.2881292125984252
11
5.9361355118110231
21
-3.2912567322834643
0
LINE
8
BLACK
6
CONTINUOUS
10
5.9361355118110231
20
-3.2912567322834643
11
5.9361354724409443
21
-3.2912568110236218
0
LINE
8
BLACK
6
CONTINUOUS
10
5.9361354724409443
20
-3.2912568110236218
11
5.9343488582677164
21
-3.2953030708661415
0
LINE
8
BLACK
6
CONTINUOUS
10
5.9343488582677164
20
-3.2953030708661415
11
5.9342341338582676
21
-3.2962920472440942
0
LINE
8
BLACK
6
CONTINUOUS
10
5.9342341338582676
20
-3.2962920472440942
11
5.9342341338582676
21
-3.3598247244094486
0
LINE
8
BLACK
6
CONTINUOUS
10
6.0342341338582672
20
-3.3598247244094486
11
6.034234173228346
21
-3.3598249999999998
0
LINE
8
BLACK
6
CONTINUOUS
10
6.034234173228346
20
-3.3598249999999998
11
6.0343488582677161
21
-3.3608141338582675
0
LINE
8
BLACK
6
CONTINUOUS
10
6.0343488582677161
20
-3.3608141338582675
11
6.0343489370078736
21
-3.3608142913385826
0
LINE
8
BLACK
6
CONTINUOUS
10
6.0343489370078736
20
-3.3608142913385826
11
6.0361354330708661
21
-3.3648603937007873
0
LINE
8
BLACK
6
CONTINUOUS
10
6.0361354330708661
20
-3.3648603937007873
11
6.0392629527559052
21
-3.3679879133858268
0
LINE
8
BLACK
6
CONTINUOUS
10
6.0392629527559052
20
-3.3679879133858268
11
6.0392630314960627
21
-3.3679879527559056
0
LINE
8
BLACK
6
CONTINUOUS
10
6.0392630314960627
20
-3.3679879527559056
11
6.0392630708661414
21
-3.3679879921259843
0
LINE
8
BLACK
6
CONTINUOUS
10
6.0392630708661414
20
-3.3679879921259843
11
6.0433092913385824
21
-3.3697745669291339
0
LINE
8
BLACK
6
CONTINUOUS
10
6.0433092913385824
20
-3.3697745669291339
11
6.0442985039370081
21
-3.3698893307086615
0
LINE
8
BLACK
6
CONTINUOUS
10
6.0442985039370081
20
-3.3698893307086615
11
6.1078311417322837
21
-3.3698892913385827
0
LINE
8
BLACK
6
CONTINUOUS
10
6.1078311417322837
20
-3.3698892913385827
11
6.1088203937007872
21
-3.3697745669291339
0
LINE
8
BLACK
6
CONTINUOUS
10
6.1088203937007872
20
-3.3697745669291339
11
6.1128666141732282
21
-3.3679879921259843
0
LINE
8
BLACK
6
CONTINUOUS
10
6.1128666141732282
20
-3.3679879921259843
11
6.1159942125984248
21
-3.3648603937007873
0
LINE
8
BLACK
6
CONTINUOUS
10
6.1159942125984248
20
-3.3648603937007873
11
6.1177807874015748
21
-3.3608141732283463
0
LINE
8
BLACK
6
CONTINUOUS
10
6.1177807874015748
20
-3.3608141732283463
11
6.1178955511811024
21
-3.3598249606299211
0
LINE
8
BLACK
6
CONTINUOUS
10
6.1178955511811024
20
-3.3598249606299211
11
6.1178955118110236
21
-3.2962923228346455
0
LINE
8
BLACK
6
CONTINUOUS
10
6.1178955118110236
20
-3.2962923228346455
11
6.1177807874015748
21
-3.2953030708661415
0
LINE
8
BLACK
6
CONTINUOUS
10
6.1177807874015748
20
-3.2953030708661415
11
6.1159942125984248
21
-3.2912568503937005
0
LINE
8
BLACK
6
CONTINUOUS
10
6.1159942125984248
20
-3.2912568503937005
11
6.1159942125984248
21
-3.2912568110236218
0
LINE
8
BLACK
6
CONTINUOUS
10
6.1159942125984248
20
-3.2912568110236218
11
6.1128666929133857
21
-3.2881292913385827
0
LINE
8
BLACK
6
CONTINUOUS
10
6.1128666929133857
20
-3.2881292913385827
11
6.1128666141732282
21
-3.2881292519685039
0
LINE
8
BLACK
6
CONTINUOUS
10
6.1128666141732282
20
-3.2881292519685039
11
6.1088203149606297
21
-3.2863426377952756
0
LINE
8
BLACK
6
CONTINUOUS
10
6.1088203149606297
20
-3.2863426377952756
11
6.1088203543307085
21
-3.2863426377952756
0
LINE
8
BLACK
6
CONTINUOUS
10
6.1088203543307085
20
-3.2863426377952756
11
6.1078312992125987
21
-3.2862279133858268
0
LINE
8
BLACK
6
CONTINUOUS
10
6.1078312992125987
20
-3.2862279133858268
11
6.0442987007874018
21
-3.2862279133858268
0
LINE
8
BLACK
6
CONTINUOUS
10
6.0442987007874018
20
-3.2862279133858268
11
6.0442984251968506
21
-3.2862279527559055
0
LINE
8
BLACK
6
CONTINUOUS
10
6.0442984251968506
20
-3.2862279527559055
11
6.0433092913385824
21
-3.2863426377952756
0
LINE
8
BLACK
6
CONTINUOUS
10
6.0433092913385824
20
-3.2863426377952756
11
6.0433091338582674
21
-3.2863427165354331
0
LINE
8
BLACK
6
CONTINUOUS
10
6.0433091338582674
20
-3.2863427165354331
11
6.0392630314960627
21
-3.2881292125984252
0
LINE
8
BLACK
6
CONTINUOUS
10
6.0392630314960627
20
-3.2881292125984252
11
6.0361355118110236
21
-3.2912567322834643
0
LINE
8
BLACK
6
CONTINUOUS
10
6.0361355118110236
20
-3.2912567322834643
11
6.0361354724409448
21
-3.2912568110236218
0
LINE
8
BLACK
6
CONTINUOUS
10
6.0361354724409448
20
-3.2912568110236218
11
6.0343488582677161
21
-3.2953030708661415
0
LINE
8
BLACK
6
CONTINUOUS
10
6.0343488582677161
20
-3.2953030708661415
11
6.0342341338582672
21
-3.2962920472440942
0
LINE
8
BLACK
6
CONTINUOUS
10
6.0342341338582672
20
-3.2962920472440942
11
6.0342341338582672
21
-3.3598247244094486
0
LINE
8
BLACK
6
CONTINUOUS
10
6.673053031496063
20
-4.6630177559055115
11
6.6746046062992122
21
-4.6728139370078736
0
LINE
8
BLACK
6
CONTINUOUS
10
6.6746046062992122
20
-4.6728139370078736
11
6.6746046456692909
21
-4.6728141338582674
0
LINE
8
BLACK
6
CONTINUOUS
10
6.6746046456692909
20
-4.6728141338582674
11
6.6776694488188975
21
-4.6822465748031492
0
LINE
8
BLACK
6
CONTINUOUS
10
6.6776694488188975
20
-4.6822465748031492
11
6.677669527559055
21
-4.682246771653543
0
LINE
8
BLACK
6
CONTINUOUS
10
6.677669527559055
20
-4.682246771653543
11
6.6821723228346457
21
-4.6910840157480314
0
LINE
8
BLACK
6
CONTINUOUS
10
6.6821723228346457
20
-4.6910840157480314
11
6.6880021259842515
21
-4.6991080708661412
0
LINE
8
BLACK
6
CONTINUOUS
10
6.6880021259842515
20
-4.6991080708661412
11
6.688002204724409
21
-4.6991081496062987
0
LINE
8
BLACK
6
CONTINUOUS
10
6.688002204724409
20
-4.6991081496062987
11
6.6880022834645665
21
-4.699108267716535
0
LINE
8
BLACK
6
CONTINUOUS
10
6.6880022834645665
20
-4.699108267716535
11
6.6950151574803147
21
-4.7061211417322832
0
LINE
8
BLACK
6
CONTINUOUS
10
6.6950151574803147
20
-4.7061211417322832
11
6.695015275590551
21
-4.7061212204724407
0
LINE
8
BLACK
6
CONTINUOUS
10
6.695015275590551
20
-4.7061212204724407
11
6.6950153937007872
21
-4.706121338582677
0
LINE
8
BLACK
6
CONTINUOUS
10
6.6950153937007872
20
-4.706121338582677
11
6.7030394488188971
21
-4.7119511417322837
0
LINE
8
BLACK
6
CONTINUOUS
10
6.7030394488188971
20
-4.7119511417322837
11
6.7118766929133855
21
-4.7164539370078735
0
LINE
8
BLACK
6
CONTINUOUS
10
6.7118766929133855
20
-4.7164539370078735
11
6.7213095275590549
21
-4.7195188582677163
0
LINE
8
BLACK
6
CONTINUOUS
10
6.7213095275590549
20
-4.7195188582677163
11
6.731105708661417
21
-4.7210704330708664
0
LINE
8
BLACK
6
CONTINUOUS
10
6.731105708661417
20
-4.7210704330708664
11
6.7311058267716533
21
-4.7210704330708664
0
LINE
8
BLACK
6
CONTINUOUS
10
6.7311058267716533
20
-4.7210704330708664
11
6.7410238582677167
21
-4.7210704330708664
0
LINE
8
BLACK
6
CONTINUOUS
10
6.7410238582677167
20
-4.7210704330708664
11
6.7410239763779529
21
-4.7210704330708664
0
LINE
8
BLACK
6
CONTINUOUS
10
6.7410239763779529
20
-4.7210704330708664
11
6.7508201574803151
21
-4.7195188582677163
0
LINE
8
BLACK
6
CONTINUOUS
10
6.7508201574803151
20
-4.7195188582677163
11
6.7602529921259844
21
-4.7164539370078735
0
LINE
8
BLACK
6
CONTINUOUS
10
6.7602529921259844
20
-4.7164539370078735
11
6.7690902362204719
21
-4.7119511417322837
0
LINE
8
BLACK
6
CONTINUOUS
10
6.7690902362204719
20
-4.7119511417322837
11
6.7771142913385827
21
-4.706121338582677
0
LINE
8
BLACK
6
CONTINUOUS
10
6.7771142913385827
20
-4.706121338582677
11
6.7841275590551176
21
-4.6991080708661412
0
LINE
8
BLACK
6
CONTINUOUS
10
6.7841275590551176
20
-4.6991080708661412
11
6.7899573622047242
21
-4.6910840157480314
0
LINE
8
BLACK
6
CONTINUOUS
10
6.7899573622047242
20
-4.6910840157480314
11
6.794460157480315
21
-4.682246771653543
0
LINE
8
BLACK
6
CONTINUOUS
10
6.794460157480315
20
-4.682246771653543
11
6.7975250787401578
21
-4.6728139370078736
0
LINE
8
BLACK
6
CONTINUOUS
10
6.7975250787401578
20
-4.6728139370078736
11
6.7990766535433069
21
-4.6630177559055115
0
LINE
8
BLACK
6
CONTINUOUS
10
6.7990766535433069
20
-4.6630177559055115
11
6.7990766535433069
21
-4.6530994881889765
0
LINE
8
BLACK
6
CONTINUOUS
10
6.7990766535433069
20
-4.6530994881889765
11
6.7975250787401578
21
-4.6433033070866143
0
LINE
8
BLACK
6
CONTINUOUS
10
6.7975250787401578
20
-4.6433033070866143
11
6.794460157480315
21
-4.633870472440945
0
LINE
8
BLACK
6
CONTINUOUS
10
6.794460157480315
20
-4.633870472440945
11
6.7899573622047242
21
-4.6250332283464566
0
LINE
8
BLACK
6
CONTINUOUS
10
6.7899573622047242
20
-4.6250332283464566
11
6.7841275590551176
21
-4.6170091732283467
0
LINE
8
BLACK
6
CONTINUOUS
10
6.7841275590551176
20
-4.6170091732283467
11
6.7841274409448813
21
-4.6170090551181104
0
LINE
8
BLACK
6
CONTINUOUS
10
6.7841274409448813
20
-4.6170090551181104
11
6.7841273622047247
21
-4.6170089370078742
0
LINE
8
BLACK
6
CONTINUOUS
10
6.7841273622047247
20
-4.6170089370078742
11
6.7771144881889764
21
-4.6099960629921259
0
LINE
8
BLACK
6
CONTINUOUS
10
6.7771144881889764
20
-4.6099960629921259
11
6.7771143700787402
21
-4.6099959842519684
0
LINE
8
BLACK
6
CONTINUOUS
10
6.7771143700787402
20
-4.6099959842519684
11
6.7771142913385827
21
-4.6099959055118109
0
LINE
8
BLACK
6
CONTINUOUS
10
6.7771142913385827
20
-4.6099959055118109
11
6.7690902362204719
21
-4.6041661023622042
0
LINE
8
BLACK
6
CONTINUOUS
10
6.7690902362204719
20
-4.6041661023622042
11
6.7602529921259844
21
-4.5996633070866144
0
LINE
8
BLACK
6
CONTINUOUS
10
6.7602529921259844
20
-4.5996633070866144
11
6.7602528740157481
21
-4.5996632677165357
0
LINE
8
BLACK
6
CONTINUOUS
10
6.7602528740157481
20
-4.5996632677165357
11
6.7602527952755906
21
-4.5996632283464569
0
LINE
8
BLACK
6
CONTINUOUS
10
6.7602527952755906
20
-4.5996632283464569
11
6.7508203543307088
21
-4.5965984251968504
0
LINE
8
BLACK
6
CONTINUOUS
10
6.7508203543307088
20
-4.5965984251968504
11
6.7508201968503938
21
-4.5965983858267716
0
LINE
8
BLACK
6
CONTINUOUS
10
6.7508201968503938
20
-4.5965983858267716
11
6.7508201574803151
21
-4.5965983858267716
0
LINE
8
BLACK
6
CONTINUOUS
10
6.7508201574803151
20
-4.5965983858267716
11
6.7410239763779529
21
-4.5950468110236216
0
LINE
8
BLACK
6
CONTINUOUS
10
6.7410239763779529
20
-4.5950468110236216
11
6.731105708661417
21
-4.5950468110236216
0
LINE
8
BLACK
6
CONTINUOUS
10
6.731105708661417
20
-4.5950468110236216
11
6.7213095275590549
21
-4.5965983858267716
0
LINE
8
BLACK
6
CONTINUOUS
10
6.7213095275590549
20
-4.5965983858267716
11
6.7213092913385823
21
-4.5965984251968504
0
LINE
8
BLACK
6
CONTINUOUS
10
6.7213092913385823
20
-4.5965984251968504
11
6.7118768503937005
21
-4.5996632283464569
0
LINE
8
BLACK
6
CONTINUOUS
10
6.7118768503937005
20
-4.5996632283464569
11
6.711876614173228
21
-4.5996633464566932
0
LINE
8
BLACK
6
CONTINUOUS
10
6.711876614173228
20
-4.5996633464566932
11
6.7030392913385821
21
-4.6041661811023618
0
LINE
8
BLACK
6
CONTINUOUS
10
6.7030392913385821
20
-4.6041661811023618
11
6.695015275590551
21
-4.6099959842519684
0
LINE
8
BLACK
6
CONTINUOUS
10
6.695015275590551
20
-4.6099959842519684
11
6.6950151574803147
21
-4.6099960629921259
0
LINE
8
BLACK
6
CONTINUOUS
10
6.6950151574803147
20
-4.6099960629921259
11
6.6880022834645665
21
-4.6170089370078742
0
LINE
8
BLACK
6
CONTINUOUS
10
6.6880022834645665
20
-4.6170089370078742
11
6.688002204724409
21
-4.6170090551181104
0
LINE
8
BLACK
6
CONTINUOUS
10
6.688002204724409
20
-4.6170090551181104
11
6.6821724015748032
21
-4.6250330708661416
0
LINE
8
BLACK
6
CONTINUOUS
10
6.6821724015748032
20
-4.6250330708661416
11
6.6776695669291337
21
-4.6338703937007875
0
LINE
8
BLACK
6
CONTINUOUS
10
6.6776695669291337
20
-4.6338703937007875
11
6.6776694488188975
21
-4.63387062992126
0
LINE
8
BLACK
6
CONTINUOUS
10
6.6776694488188975
20
-4.63387062992126
11
6.6746046456692909
21
-4.6433030708661418
0
LINE
8
BLACK
6
CONTINUOUS
10
6.6746046456692909
20
-4.6433030708661418
11
6.6746046062992122
21
-4.6433032677165356
0
LINE
8
BLACK
6
CONTINUOUS
10
6.6746046062992122
20
-4.6433032677165356
11
6.6746046062992122
21
-4.6433033070866143
0
LINE
8
BLACK
6
CONTINUOUS
10
6.6746046062992122
20
-4.6433033070866143
11
6.673053031496063
21
-4.6530994881889765
0
LINE
8
BLACK
6
CONTINUOUS
10
6.673053031496063
20
-4.6530994881889765
11
6.673053031496063
21
-4.6630177559055115
0
LINE
8
BLACK
6
CONTINUOUS
10
4.8760648425196846
20
-4.1830586220472439
11
4.8960648425196851
21
-4.1830586220472439
0
LINE
8
BLACK
6
CONTINUOUS
10
4.8960648425196851
20
-4.1830586220472439
11
4.8960648425196851
21
-4.1630586220472443
0
LINE
8
BLACK
6
CONTINUOUS
10
4.8960648425196851
20
-4.1630586220472443
11
4.9160648425196847
21
-4.1630586220472443
0
LINE
8
BLACK
6
CONTINUOUS
10
4.9160648425196847
20
-4.1630586220472443
11
4.9160648425196847
21
-4.1430586220472438
0
LINE
8
BLACK
6
CONTINUOUS
10
4.9160648425196847
20
-4.1430586220472438
11
4.8941515354330711
21
-4.1430586220472438
0
LINE
8
BLACK
6
CONTINUOUS
10
4.8941515354330711
20
-4.1430586220472438
11
4.8917698031496064
21
-4.143314724409449
0
LINE
8
BLACK
6
CONTINUOUS
10
4.8917698031496064
20
-4.143314724409449
11
4.8863811811023625
21
-4.1453245669291334
0
LINE
8
BLACK
6
CONTINUOUS
10
4.8863811811023625
20
-4.1453245669291334
11
4.8863811417322838
21
-4.1453245669291334
0
LINE
8
BLACK
6
CONTINUOUS
10
4.8863811417322838
20
-4.1453245669291334
11
4.8817772440944882
21
-4.1487710236220474
0
LINE
8
BLACK
6
CONTINUOUS
10
4.8817772440944882
20
-4.1487710236220474
11
4.8783307874015751
21
-4.1533749212598421
0
LINE
8
BLACK
6
CONTINUOUS
10
4.8783307874015751
20
-4.1533749212598421
11
4.8783307874015751
21
-4.1533749606299208
0
LINE
8
BLACK
6
CONTINUOUS
10
4.8783307874015751
20
-4.1533749606299208
11
4.8763209448818898
21
-4.1587635826771656
0
LINE
8
BLACK
6
CONTINUOUS
10
4.8763209448818898
20
-4.1587635826771656
11
4.8760648425196846
21
-4.1611453149606294
0
LINE
8
BLACK
6
CONTINUOUS
10
4.8760648425196846
20
-4.1611453149606294
11
4.8760648425196846
21
-4.1830586220472439
0
LINE
8
BLACK
6
CONTINUOUS
10
4.8760648425196846
20
-3.6680586220472442
11
4.8960648425196851
21
-3.6680586220472442
0
LINE
8
BLACK
6
CONTINUOUS
10
4.8960648425196851
20
-3.6680586220472442
11
4.8960648425196851
21
-3.6480586220472442
0
LINE
8
BLACK
6
CONTINUOUS
10
4.8960648425196851
20
-3.6480586220472442
11
4.9160648425196847
21
-3.6480586220472442
0
LINE
8
BLACK
6
CONTINUOUS
10
4.9160648425196847
20
-3.6480586220472442
11
4.9160648425196847
21
-3.6280586220472442
0
LINE
8
BLACK
6
CONTINUOUS
10
4.9160648425196847
20
-3.6280586220472442
11
4.8941515354330711
21
-3.6280586220472442
0
LINE
8
BLACK
6
CONTINUOUS
10
4.8941515354330711
20
-3.6280586220472442
11
4.8917698031496064
21
-3.6283147244094489
0
LINE
8
BLACK
6
CONTINUOUS
10
4.8917698031496064
20
-3.6283147244094489
11
4.8863811811023625
21
-3.6303245669291337
0
LINE
8
BLACK
6
CONTINUOUS
10
4.8863811811023625
20
-3.6303245669291337
11
4.8863811417322838
21
-3.6303245669291337
0
LINE
8
BLACK
6
CONTINUOUS
10
4.8863811417322838
20
-3.6303245669291337
11
4.8817772440944882
21
-3.6337710236220473
0
LINE
8
BLACK
6
CONTINUOUS
10
4.8817772440944882
20
-3.6337710236220473
11
4.8783307874015751
21
-3.6383749212598424
0
LINE
8
BLACK
6
CONTINUOUS
10
4.8783307874015751
20
-3.6383749212598424
11
4.8783307874015751
21
-3.6383749606299212
0
LINE
8
BLACK
6
CONTINUOUS
10
4.8783307874015751
20
-3.6383749606299212
11
4.8763209448818898
21
-3.6437635826771655
0
LINE
8
BLACK
6
CONTINUOUS
10
4.8763209448818898
20
-3.6437635826771655
11
4.8760648425196846
21
-3.6461453149606298
0
LINE
8
BLACK
6
CONTINUOUS
10
4.8760648425196846
20
-3.6461453149606298
11
4.8760648425196846
21
-3.6680586220472442
0
CIRCLE
8
BLACK
10
6.2010648425196848
20
-4.5780586220472443
40
0.0068897637795276
0
CIRCLE
8
BLACK
10
6.2010648425196848
20
-4.4780586220472438
40
0.0068897637795276
0
CIRCLE
8
BLACK
10
6.4460648425196849
20
-4.6680586220472442
40
0.0068897637795276
0
CIRCLE
8
BLACK
10
6.4460648425196849
20
-4.5680586220472437
40
0.0068897637795276
0
CIRCLE
8
BLACK
10
6.3460648425196853
20
-4.6680586220472442
40
0.0068897637795276
0
CIRCLE
8
BLACK
10
6.3460648425196853
20
-4.5680586220472437
40
0.0068897637795276
0
CIRCLE
8
BLACK
10
4.9260648425196853
20
-3.678058622047244
40
0.0068897637795276
0
CIRCLE
8
BLACK
10
5.026064842519685
20
-3.678058622047244
40
0.0068897637795276
0
CIRCLE
8
BLACK
10
4.9260648425196853
20
-3.7780586220472441
40
0.0068897637795276
0
CIRCLE
8
BLACK
10
5.026064842519685
20
-3.7780586220472441
40
0.0068897637795276
0
CIRCLE
8
BLACK
10
4.9260648425196853
20
-3.8780586220472442
40
0.0068897637795276
0
CIRCLE
8
BLACK
10
5.026064842519685
20
-3.8780586220472442
40
0.0068897637795276
0
CIRCLE
8
BLACK
10
4.9260648425196853
20
-4.1930586220472437
40
0.0068897637795276
0
CIRCLE
8
BLACK
10
5.026064842519685
20
-4.1930586220472437
40
0.0068897637795276
0
CIRCLE
8
BLACK
10
4.9260648425196853
20
-4.2930586220472442
40
0.0068897637795276
0
CIRCLE
8
BLACK
10
5.026064842519685
20
-4.2930586220472442
40
0.0068897637795276
0
CIRCLE
8
BLACK
10
4.9260648425196853
20
-4.3930586220472438
40
0.0068897637795276
0
CIRCLE
8
BLACK
10
5.026064842519685
20
-4.3930586220472438
40
0.0068897637795276
0
CIRCLE
8
BLACK
10
5.8010648425196853
20
-4.5780586220472443
40
0.0068897637795276
0
CIRCLE
8
BLACK
10
5.8010648425196853
20
-4.4780586220472438
40
0.0068897637795276
0
CIRCLE
8
BLACK
10
5.6010648425196852
20
-4.4780586220472438
40
0.0068897637795276
0
CIRCLE
8
BLACK
10
5.6010648425196852
20
-4.5780586220472443
40
0.0068897637795276
0
CIRCLE
8
BLACK
10
5.5010648425196846
20
-4.5780586220472443
40
0.0068897637795276
0
CIRCLE
8
BLACK
10
5.5010648425196846
20
-4.4780586220472438
40
0.0068897637795276
0
CIRCLE
8
BLACK
10
5.401064842519685
20
-4.4780586220472438
40
0.0068897637795276
0
CIRCLE
8
BLACK
10
5.401064842519685
20
-4.5780586220472443
40
0.0068897637795276
0
CIRCLE
8
BLACK
10
5.3010648425196853
20
-4.4780586220472438
40
0.0068897637795276
0
CIRCLE
8
BLACK
10
5.3010648425196853
20
-4.5780586220472443
40
0.0068897637795276
0
CIRCLE
8
BLACK
10
5.901064842519685
20
-4.5780586220472443
40
0.0068897637795276
0
CIRCLE
8
BLACK
10
5.901064842519685
20
-4.4780586220472438
40
0.0068897637795276
0
CIRCLE
8
BLACK
10
6.1010648425196852
20
-4.5780586220472443
40
0.0068897637795276
0
CIRCLE
8
BLACK
10
6.1010648425196852
20
-4.4780586220472438
40
0.0068897637795276
0
CIRCLE
8
BLACK
10
6.0010648425196846
20
-4.5780586220472443
40
0.0068897637795276
0
CIRCLE
8
BLACK
10
6.0010648425196846
20
-4.4780586220472438
40
0.0068897637795276
0
CIRCLE
8
BLACK
10
5.026064842519685
20
-3.428058622047244
40
0.0068897637795276
0
CIRCLE
8
BLACK
10
7.026064842519685
20
-4.6280586220472442
40
0.0068897637795276
0
CIRCLE
8
BLACK
10
5.026064842519685
20
-4.6280586220472442
40
0.0068897637795276
0
CIRCLE
8
BLACK
10
7.026064842519685
20
-3.428058622047244
40
0.0068897637795276
0
CIRCLE
8
BLACK
10
7.026064842519685
20
-3.7780586220472441
40
0.0068897637795276
0
CIRCLE
8
BLACK
10
6.9260648425196845
20
-3.678058622047244
40
0.0068897637795276
0
CIRCLE
8
BLACK
10
6.9260648425196845
20
-3.8780586220472442
40
0.0068897637795276
0
CIRCLE
8
BLACK
10
7.1260648425196846
20
-3.678058622047244
40
0.0068897637795276
0
CIRCLE
8
BLACK
10
7.1260648425196846
20
-3.8780586220472442
40
0.0068897637795276
0
CIRCLE
8
BLACK
10
5.7010648425196848
20
-4.5780586220472443
40
0.0068897637795276
0
CIRCLE
8
BLACK
10
5.7010648425196848
20
-4.4780586220472438
40
0.0068897637795276
0
CIRCLE
8
BLACK
10
5.776064842519685
20
-3.428058622047244
40
0.0068897637795276
0
CIRCLE
8
BLACK
10
5.776064842519685
20
-3.3280586220472439
40
0.0068897637795276
0
CIRCLE
8
BLACK
10
5.6760648425196853
20
-3.428058622047244
40
0.0068897637795276
0
CIRCLE
8
BLACK
10
5.6760648425196853
20
-3.3280586220472439
40
0.0068897637795276
0
CIRCLE
8
BLACK
10
5.5760648425196848
20
-3.428058622047244
40
0.0068897637795276
0
CIRCLE
8
BLACK
10
5.5760648425196848
20
-3.3280586220472439
40
0.0068897637795276
0
CIRCLE
8
BLACK
10
5.8760648425196846
20
-3.428058622047244
40
0.0068897637795276
0
CIRCLE
8
BLACK
10
5.8760648425196846
20
-3.3280586220472439
40
0.0068897637795276
0
CIRCLE
8
BLACK
10
5.4760648425196852
20
-3.428058622047244
40
0.0068897637795276
0
CIRCLE
8
BLACK
10
5.4760648425196852
20
-3.3280586220472439
40
0.0068897637795276
0
CIRCLE
8
BLACK
10
5.9760648425196852
20
-3.428058622047244
40
0.0068897637795276
0
CIRCLE
8
BLACK
10
5.9760648425196852
20
-3.3280586220472439
40
0.0068897637795276
0
CIRCLE
8
BLACK
10
5.3760648425196846
20
-3.428058622047244
40
0.0068897637795276
0
CIRCLE
8
BLACK
10
5.3760648425196846
20
-3.3280586220472439
40
0.0068897637795276
0
CIRCLE
8
BLACK
10
5.276064842519685
20
-3.428058622047244
40
0.0068897637795276
0
CIRCLE
8
BLACK
10
5.276064842519685
20
-3.3280586220472439
40
0.0068897637795276
0
CIRCLE
8
BLACK
10
6.0760648425196848
20
-3.428058622047244
40
0.0068897637795276
0
CIRCLE
8
BLACK
10
6.0760648425196848
20
-3.3280586220472439
40
0.0068897637795276
0
CIRCLE
8
BLACK
10
7.026064842519685
20
-4.2030586220472443
40
0.0068897637795276
0
CIRCLE
8
BLACK
10
6.9260648425196845
20
-4.1030586220472438
40
0.0068897637795276
0
CIRCLE
8
BLACK
10
6.9260648425196845
20
-4.303058622047244
40
0.0068897637795276
0
CIRCLE
8
BLACK
10
7.1260648425196846
20
-4.1030586220472438
40
0.0068897637795276
0
CIRCLE
8
BLACK
10
7.1260648425196846
20
-4.303058622047244
40
0.0068897637795276
0
CIRCLE
8
BLACK
10
6.5960648425196853
20
-4.6580586220472444
40
0.0068897637795276
0
CIRCLE
8
BLACK
10
6.736064842519685
20
-4.6580586220472444
40
0.0068897637795276
0
CIRCLE
8
BLACK
10
5.9719309842519683
20
-3.9420349999999997
40
0.0039370078740157
0
CIRCLE
8
BLACK
10
5.9246868897637794
20
-3.9420349999999997
40
0.0039370078740157
0
CIRCLE
8
BLACK
10
5.8774427952755905
20
-3.9420349999999997
40
0.0039370078740157
0
CIRCLE
8
BLACK
10
5.8301987007874017
20
-3.9420349999999997
40
0.0039370078740157
0
CIRCLE
8
BLACK
10
5.9719309842519683
20
-4.0030586220472442
40
0.0039370078740157
0
CIRCLE
8
BLACK
10
5.9246868897637794
20
-4.0030586220472442
40
0.0039370078740157
0
CIRCLE
8
BLACK
10
5.8774427952755905
20
-4.0030586220472442
40
0.0039370078740157
0
CIRCLE
8
BLACK
10
5.8301987007874017
20
-4.0030586220472442
40
0.0039370078740157
0
CIRCLE
8
BLACK
10
5.9719309842519683
20
-4.0640822440944877
40
0.0039370078740157
0
CIRCLE
8
BLACK
10
5.9246868897637794
20
-4.0640822440944877
40
0.0039370078740157
0
CIRCLE
8
BLACK
10
5.8774427952755905
20
-4.0640822440944877
40
0.0039370078740157
0
CIRCLE
8
BLACK
10
5.8301987007874017
20
-4.0640822440944877
40
0.0039370078740157
0
CIRCLE
8
BLACK
10
5.2960648425196846
20
-4.6580586220472444
40
0.0078740157480315
0
CIRCLE
8
BLACK
10
5.2060648425196847
20
-4.4180586220472442
40
0.0078740157480315
0
CIRCLE
8
BLACK
10
6.8760648425196846
20
-3.5680586220472441
40
0.0078740157480315
0
CIRCLE
8
BLACK
10
6.816064842519685
20
-4.0480586220472441
40
0.0078740157480315
0
CIRCLE
8
BLACK
10
6.1960648425196849
20
-4.7380586220472436
40
0.0078740157480315
0
CIRCLE
8
BLACK
10
6.4060648425196849
20
-3.5480586220472441
40
0.0078740157480315
0
CIRCLE
8
BLACK
10
7.1560648425196849
20
-4.4180586220472442
40
0.0078740157480315
0
CIRCLE
8
BLACK
10
6.2460648425196847
20
-4.2680586220472438
40
0.0078740157480315
0
CIRCLE
8
BLACK
10
6.9960648425196847
20
-4.4180586220472442
40
0.0078740157480315
0
CIRCLE
8
BLACK
10
6.2660648425196852
20
-3.4380586220472442
40
0.0078740157480315
0
CIRCLE
8
BLACK
10
6.3460648425196853
20
-3.5480586220472441
40
0.0078740157480315
0
CIRCLE
8
BLACK
10
6.6060648425196851
20
-3.5480586220472441
40
0.0078740157480315
0
CIRCLE
8
BLACK
10
5.236064842519685
20
-4.6480586220472437
40
0.0078740157480315
0
CIRCLE
8
BLACK
10
5.6460648425196851
20
-4.7480586220472443
40
0.0078740157480315
0
CIRCLE
8
BLACK
10
6.1760648425196845
20
-3.5880586220472441
40
0.0078740157480315
0
CIRCLE
8
BLACK
10
5.4260648425196853
20
-3.6480586220472442
40
0.0078740157480315
0
CIRCLE
8
BLACK
10
6.2660648425196852
20
-3.3680586220472439
40
0.0078740157480315
0
CIRCLE
8
BLACK
10
5.5060648425196845
20
-4.1580586220472444
40
0.0078740157480315
0
CIRCLE
8
BLACK
10
6.1360648425196853
20
-3.988058622047244
40
0.0078740157480315
0
CIRCLE
8
BLACK
10
6.776064842519685
20
-3.8480586220472439
40
0.0078740157480315
0
CIRCLE
8
BLACK
10
6.0860648425196846
20
-4.060145236220472
40
0.0078740157480315
0
CIRCLE
8
BLACK
10
6.4460648425196849
20
-3.8480586220472439
40
0.0078740157480315
0
CIRCLE
8
BLACK
10
5.3865776377952752
20
-3.8075458267716535
40
0.0078740157480315
0
CIRCLE
8
BLACK
10
5.2160648425196845
20
-4.1480586220472437
40
0.0078740157480315
0
CIRCLE
8
BLACK
10
6.8460648425196853
20
-4.4780586220472438
40
0.0078740157480315
0
CIRCLE
8
BLACK
10
6.8360648425196846
20
-3.7080586220472438
40
0.0078740157480315
0
CIRCLE
8
BLACK
10
5.526064842519685
20
-3.9580586220472438
40
0.0078740157480315
0
CIRCLE
8
BLACK
10
5.2160648425196845
20
-4.5680586220472437
40
0.0078740157480315
0
CIRCLE
8
BLACK
10
6.816064842519685
20
-4.1680586220472442
40
0.0078740157480315
0
CIRCLE
8
BLACK
10
6.6860648425196851
20
-4.178058622047244
40
0.0078740157480315
0
CIRCLE
8
BLACK
10
6.6560648425196849
20
-3.8480586220472439
40
0.0078740157480315
0
CIRCLE
8
BLACK
10
6.8260648425196848
20
-3.6280586220472442
40
0.0078740157480315
0
CIRCLE
8
BLACK
10
5.6360648425196853
20
-3.698058622047244
40
0.0078740157480315
0
CIRCLE
8
BLACK
10
6.9060648425196849
20
-4.4180586220472442
40
0.0078740157480315
0
CIRCLE
8
BLACK
10
6.816064842519685
20
-4.3180586220472437
40
0.0078740157480315
0
CIRCLE
8
BLACK
10
6.4725648425196853
20
-4.0815586220472442
40
0.0078740157480315
0
CIRCLE
8
BLACK
10
6.276064842519685
20
-4.6580586220472444
40
0.0078740157480315
0
CIRCLE
8
BLACK
10
6.3860648425196853
20
-3.8480586220472439
40
0.0078740157480315
0
CIRCLE
8
BLACK
10
5.3860648425196853
20
-3.8580586220472441
40
0.0078740157480315
0
CIRCLE
8
BLACK
10
5.5860648425196846
20
-4.1580586220472444
40
0.0078740157480315
0
CIRCLE
8
BLACK
10
5.1460648425196851
20
-3.5980586220472439
40
0.0078740157480315
0
CIRCLE
8
BLACK
10
5.3560648425196851
20
-4.0880586220472441
40
0.0078740157480315
0
CIRCLE
8
BLACK
10
6.5160648425196852
20
-3.8480586220472439
40
0.0078740157480315
0
CIRCLE
8
BLACK
10
7.0860648425196846
20
-4.4180586220472442
40
0.0078740157480315
0
CIRCLE
8
BLACK
10
6.0860648425196846
20
-4.0980586220472439
40
0.0078740157480315
0
CIRCLE
8
BLACK
10
6.7560648425196845
20
-3.6080586220472441
40
0.0078740157480315
0
CIRCLE
8
BLACK
10
6.6260648425196846
20
-4.178058622047244
40
0.0078740157480315
0
CIRCLE
8
BLACK
10
6.1460648425196851
20
-4.0780586220472443
40
0.0078740157480315
0
CIRCLE
8
BLACK
10
6.0954870472440943
20
-3.9574808267716532
40
0.0078740157480315
0
CIRCLE
8
BLACK
10
6.1260648425196846
20
-3.638058622047244
40
0.0078740157480315
0
CIRCLE
8
BLACK
10
6.1760648425196845
20
-3.5480586220472441
40
0.0078740157480315
0
CIRCLE
8
BLACK
10
5.7260648425196852
20
-3.698058622047244
40
0.0078740157480315
0
CIRCLE
8
BLACK
10
6.7560648425196845
20
-3.7080586220472438
40
0.0078740157480315
0
CIRCLE
8
BLACK
10
6.6760648425196845
20
-3.5480586220472441
40
0.0078740157480315
0
CIRCLE
8
BLACK
10
5.4160648425196847
20
-4.1580586220472444
40
0.0078740157480315
0
CIRCLE
8
BLACK
10
5.8460648425196853
20
-4.6880586220472438
40
0.0078740157480315
0
CIRCLE
8
BLACK
10
6.5360648425196848
20
-3.5480586220472441
40
0.0078740157480315
0
CIRCLE
8
BLACK
10
4.9260648425196853
20
-4.0680586220472437
40
0.0078740157480315
0
CIRCLE
8
BLACK
10
6.1860648425196851
20
-3.2980586220472441
40
0.0078740157480315
0
CIRCLE
8
BLACK
10
6.2710648425196851
20
-3.843058622047244
40
0.0078740157480315
0
CIRCLE
8
BLACK
10
5.2060648425196847
20
-4.3480586220472439
40
0.0078740157480315
0
CIRCLE
8
BLACK
10
6.7560648425196845
20
-3.6680586220472442
40
0.0078740157480315
0
CIRCLE
8
BLACK
10
5.3360648425196846
20
-3.678058622047244
40
0.0078740157480315
0
CIRCLE
8
BLACK
10
6.3360648425196846
20
-3.4380586220472442
40
0.0078740157480315
0
CIRCLE
8
BLACK
10
6.566064842519685
20
-4.178058622047244
40
0.0078740157480315
0
CIRCLE
8
BLACK
10
6.7560648425196845
20
-3.5480586220472441
40
0.0078740157480315
0
CIRCLE
8
BLACK
10
6.276064842519685
20
-4.5680586220472437
40
0.0078740157480315
0
CIRCLE
8
BLACK
10
4.9260648425196853
20
-3.988058622047244
40
0.0078740157480315
0
CIRCLE
8
BLACK
10
6.816064842519685
20
-4.0980586220472439
40
0.0078740157480315
0
CIRCLE
8
BLACK
10
6.816064842519685
20
-4.2280586220472438
40
0.0078740157480315
0
CIRCLE
8
BLACK
10
6.7160648425196845
20
-3.8480586220472439
40
0.0078740157480315
0
CIRCLE
8
BLACK
10
6.0760648425196848
20
-3.8680586220472439
40
0.0078740157480315
0
CIRCLE
8
BLACK
10
6.026064842519685
20
-3.6280586220472442
40
0.0078740157480315
0
CIRCLE
8
BLACK
10
6.2260648425196852
20
-4.0980586220472439
40
0.0078740157480315
0
CIRCLE
8
BLACK
10
6.8260648425196848
20
-4.3980586220472437
40
0.0078740157480315
0
CIRCLE
8
BLACK
10
6.4660648425196845
20
-3.5480586220472441
40
0.0078740157480315
0
CIRCLE
8
BLACK
10
7.0860648425196846
20
-3.988058622047244
40
0.0078740157480315
0
CIRCLE
8
BLACK
10
5.5460648425196846
20
-3.718058622047244
40
0.0078740157480315
0
CIRCLE
8
BLACK
10
5.1360648425196853
20
-4.3480586220472439
40
0.0078740157480315
0
CIRCLE
8
BLACK
10
7.1660648425196847
20
-3.988058622047244
40
0.0078740157480315
0
CIRCLE
8
BLACK
10
6.2660648425196852
20
-3.2980586220472441
40
0.0078740157480315
0
CIRCLE
8
BLACK
10
5.2060648425196847
20
-4.4880586220472436
40
0.0078740157480315
0
CIRCLE
8
BLACK
10
5.9960648425196847
20
-4.2480586220472443
40
0.0078740157480315
0
CIRCLE
8
BLACK
10
5.4260648425196853
20
-4.7380586220472436
40
0.0078740157480315
0
CIRCLE
8
BLACK
10
5.6960648425196849
20
-4.6880586220472438
40
0.0078740157480315
0
CIRCLE
8
BLACK
10
5.7660648425196852
20
-4.6880586220472438
40
0.0078740157480315
0
CIRCLE
8
BLACK
10
5.9160648425196847
20
-4.6880586220472438
40
0.0078740157480315
0
CIRCLE
8
BLACK
10
6.3460648425196853
20
-3.4980586220472438
40
0.0078740157480315
0
CIRCLE
8
BLACK
10
6.7460648425196847
20
-4.178058622047244
40
0.0078740157480315
0
CIRCLE
8
BLACK
10
5.3960648425196851
20
-4.6580586220472444
40
0.0078740157480315
0
CIRCLE
8
BLACK
10
6.2260648425196852
20
-4.0580586220472439
40
0.0078740157480315
0
CIRCLE
8
BLACK
10
5.9836151968503932
20
-4.2137385039370079
40
0.0078740157480315
0
CIRCLE
8
BLACK
10
6.4760648425196852
20
-4.0180586220472438
40
0.0078740157480315
0
CIRCLE
8
BLACK
10
5.2960648425196846
20
-4.2580586220472441
40
0.0078740157480315
0
CIRCLE
8
BLACK
10
5.316064842519685
20
-3.968058622047244
40
0.0078740157480315
0
CIRCLE
8
BLACK
10
6.5860648425196846
20
-3.8480586220472439
40
0.0078740157480315
0
CIRCLE
8
BLACK
10
6.1860648425196851
20
-3.4980586220472438
40
0.0078740157480315
0
CIRCLE
8
BLACK
10
5.6460648425196851
20
-4.1580586220472444
40
0.0078740157480315
0
CIRCLE
8
BLACK
10
6.276064842519685
20
-4.4980586220472443
40
0.0078740157480315
0
CIRCLE
8
BLACK
10
6.816064842519685
20
-3.8480586220472439
40
0.0078740157480315
0
CIRCLE
8
BLACK
10
6.2104870472440945
20
-3.8424808267716535
40
0.0078740157480315
0
CIRCLE
8
BLACK
10
6.3260648425196848
20
-3.843058622047244
40
0.0078740157480315
0
CIRCLE
8
BLACK
10
6.1960648425196849
20
-4.6680586220472442
40
0.0078740157480315
0
CIRCLE
8
BLACK
10
5.7260648425196852
20
-4.2880586220472443
40
0.0078740157480315
0
CIRCLE
8
BLACK
10
5.2660648425196852
20
-3.698058622047244
40
0.0078740157480315
0
CIRCLE
8
BLACK
10
6.5360648425196848
20
-4.7380586220472436
40
0.0078740157480315
0
CIRCLE
8
BLACK
10
6.2630007086614174
20
-4.4041868897637793
40
0.0078740157480315
0
CIRCLE
8
BLACK
10
6.4560652362204722
20
-4.1980586220472436
40
0.0078740157480315
0
CIRCLE
8
BLACK
10
6.4691335826771654
20
-4.4011283858267713
40
0.0078740157480315
0
CIRCLE
8
BLACK
10
5.2906015354330709
20
-4.2035219291338581
40
0.0078740157480315
0
CIRCLE
8
BLACK
10
5.6960648425196849
20
-3.8780586220472442
40
0.0078740157480315
0
CIRCLE
8
BLACK
10
5.5760648425196848
20
-3.6480586220472442
40
0.0078740157480315
0
CIRCLE
8
BLACK
10
5.84186874015748
20
-3.8250286614173228
40
0.0078740157480315
0
CIRCLE
8
BLACK
10
5.6800648425196849
20
-3.6430586220472438
40
0.0078740157480315
0
CIRCLE
8
BLACK
10
5.8886693700787403
20
-3.8323616141732284
40
0.0078740157480315
0
CIRCLE
8
BLACK
10
5.7780648425196848
20
-3.646058622047244
40
0.0078740157480315
0
CIRCLE
8
BLACK
10
5.877064842519685
20
-3.5566807480314959
40
0.0078740157480315
0
CIRCLE
8
BLACK
10
5.9279783070866143
20
-3.8345562598425196
40
0.0078740157480315
0
CIRCLE
8
BLACK
10
5.3760648425196846
20
-3.6280586220472442
40
0.0078740157480315
0
CIRCLE
8
BLACK
10
5.736064842519685
20
-4.0380586220472443
40
0.0078740157480315
0
CIRCLE
8
BLACK
10
5.9975215354330711
20
-4.1480586220472437
40
0.0078740157480315
0
CIRCLE
8
BLACK
10
6.1560648425196849
20
-4.2880586220472443
40
0.0078740157480315
0
CIRCLE
8
BLACK
10
6.0010648425196846
20
-3.8530586220472438
40
0.0078740157480315
0
CIRCLE
8
BLACK
10
5.9510648425196848
20
-3.6280586220472442
40
0.0078740157480315
0
CIRCLE
8
BLACK
10
5.276064842519685
20
-3.638058622047244
40
0.0078740157480315
0
CIRCLE
8
BLACK
10
5.776064842519685
20
-4.2380586220472436
40
0.0078740157480315
0
CIRCLE
8
BLACK
10
5.736064842519685
20
-4.0780586220472443
40
0.0078740157480315
0
CIRCLE
8
BLACK
10
5.6960648425196849
20
-3.9174288188976378
40
0.0078740157480315
0
CIRCLE
8
BLACK
10
5.4760648425196852
20
-3.6280586220472442
40
0.0078740157480315
  0
ENDSEC
  0
EOF
