  0
SECTION
  2
HEADER
  9
$ANGBASE
  50
0.0
  9
$ANGDIR
  70
1
  9
$MEASUREMENT
  70
0
  0
ENDSEC
  0
SECTION
  2
TABLES
  0
TABLE
  2
LTYPE
  70
4
  0
LTYPE
  5
40F
  2
CONTINUOUS
  70
0
  3
Solid line
  72
65
  73
0
  40
0.0
  0
LTYPE
  5
410
  2
DASHDOT
 70
0
  3
Dash Dot ____ _ ____ _
 72
65
 73
4
 40
2.0
 49
1.25
 49
-0.25
 49
0.25
 49
-0.25
  0
LTYPE
  5
411
  2
DASHED
 70
0
  3
Dashed __ __ __ __ __
 72
65
 73
2
 40
0.75
 49
0.5
 49
-0.25
  0
LTYPE
  5
43B
  2
DOTTED
 70
0
  3
Dotted .  .  .  .
 72
65
 73
2
 40
0.2
 49
0.0
 49
-0.2
  0
ENDTAB
  0
TABLE
  2
STYLE
  70
4
  0
STYLE
  2
KICAD
  70
0
  40
0
  41
1
  42
1
  50
0
  71
0
  3
isocp.shx
  0
STYLE
  2
KICADB
  70
0
  40
0
  41
1
  42
1
  50
0
  71
0
  3
isocp.shx
  0
STYLE
  2
KICADI
  70
0
  40
0
  41
1
  42
1
  50
15
  71
0
  3
isocp.shx
  0
STYLE
  2
KICADBI
  70
0
  40
0
  41
1
  42
1
  50
15
  71
0
  3
isocp.shx
  0
ENDTAB
  0
TABLE
  2
LAYER
  70
1
  0
LAYER
  2
BLACK
  70
0
  62
7
  6
CONTINUOUS
  0
ENDTAB
  0
ENDSEC
  0
SECTION
  2
ENTITIES
0
LINE
8
BLACK
6
CONTINUOUS
10
5.5285648425196845
20
-4.7830586220472444
11
5.4735648425196848
21
-4.7830586220472444
0
LINE
8
BLACK
6
CONTINUOUS
10
5.4735648425196848
20
-4.7830586220472444
11
5.4735648425196848
21
-4.7480586220472443
0
LINE
8
BLACK
6
CONTINUOUS
10
5.4735648425196848
20
-4.7480586220472443
11
5.5285648425196845
21
-4.7480586220472443
0
LINE
8
BLACK
6
CONTINUOUS
10
5.5285648425196845
20
-4.7480586220472443
11
5.5285648425196845
21
-4.7830586220472444
0
LINE
8
BLACK
6
CONTINUOUS
10
5.628564842519685
20
-4.7830586220472444
11
5.5735648425196853
21
-4.7830586220472444
0
LINE
8
BLACK
6
CONTINUOUS
10
5.5735648425196853
20
-4.7830586220472444
11
5.5735648425196853
21
-4.7480586220472443
0
LINE
8
BLACK
6
CONTINUOUS
10
5.5735648425196853
20
-4.7480586220472443
11
5.628564842519685
21
-4.7480586220472443
0
LINE
8
BLACK
6
CONTINUOUS
10
5.628564842519685
20
-4.7480586220472443
11
5.628564842519685
21
-4.7830586220472444
0
LINE
8
BLACK
6
CONTINUOUS
10
6.0285648425196845
20
-4.7830586220472444
11
5.9735648425196848
21
-4.7830586220472444
0
LINE
8
BLACK
6
CONTINUOUS
10
5.9735648425196848
20
-4.7830586220472444
11
5.9735648425196848
21
-4.7480586220472443
0
LINE
8
BLACK
6
CONTINUOUS
10
5.9735648425196848
20
-4.7480586220472443
11
6.0285648425196845
21
-4.7480586220472443
0
LINE
8
BLACK
6
CONTINUOUS
10
6.0285648425196845
20
-4.7480586220472443
11
6.0285648425196845
21
-4.7830586220472444
0
LINE
8
BLACK
6
CONTINUOUS
10
6.128564842519685
20
-4.7830586220472444
11
6.0735648425196853
21
-4.7830586220472444
0
LINE
8
BLACK
6
CONTINUOUS
10
6.0735648425196853
20
-4.7830586220472444
11
6.0735648425196853
21
-4.7480586220472443
0
LINE
8
BLACK
6
CONTINUOUS
10
6.0735648425196853
20
-4.7480586220472443
11
6.128564842519685
21
-4.7480586220472443
0
LINE
8
BLACK
6
CONTINUOUS
10
6.128564842519685
20
-4.7480586220472443
11
6.128564842519685
21
-4.7830586220472444
0
LINE
8
BLACK
6
CONTINUOUS
10
6.6255924015748029
20
-4.7584523228346454
11
6.5665372834645668
21
-4.7584523228346454
0
LINE
8
BLACK
6
CONTINUOUS
10
6.5665372834645668
20
-4.7584523228346454
11
6.5665372834645668
21
-4.7210507480314963
0
LINE
8
BLACK
6
CONTINUOUS
10
6.5665372834645668
20
-4.7210507480314963
11
6.6255924015748029
21
-4.7210507480314963
0
LINE
8
BLACK
6
CONTINUOUS
10
6.6255924015748029
20
-4.7210507480314963
11
6.6255924015748029
21
-4.7584523228346454
0
LINE
8
BLACK
6
CONTINUOUS
10
6.7655924015748026
20
-4.7584523228346454
11
6.7065372834645665
21
-4.7584523228346454
0
LINE
8
BLACK
6
CONTINUOUS
10
6.7065372834645665
20
-4.7584523228346454
11
6.7065372834645665
21
-4.7210507480314963
0
LINE
8
BLACK
6
CONTINUOUS
10
6.7065372834645665
20
-4.7210507480314963
11
6.7655924015748026
21
-4.7210507480314963
0
LINE
8
BLACK
6
CONTINUOUS
10
6.7655924015748026
20
-4.7210507480314963
11
6.7655924015748026
21
-4.7584523228346454
0
LINE
8
BLACK
6
CONTINUOUS
10
5.046574488188976
20
-4.5117427559055114
11
5.0599392519685038
21
-4.5149102362204721
0
LINE
8
BLACK
6
CONTINUOUS
10
5.0599392519685038
20
-4.5149102362204721
11
5.0728459055118105
21
-4.5196079133858262
0
LINE
8
BLACK
6
CONTINUOUS
10
5.0728459055118105
20
-4.5196079133858262
11
5.0851199606299211
21
-4.525772165354331
0
LINE
8
BLACK
6
CONTINUOUS
10
5.0851199606299211
20
-4.525772165354331
11
5.0965953937007873
21
-4.533319645669291
0
LINE
8
BLACK
6
CONTINUOUS
10
5.0965953937007873
20
-4.533319645669291
11
5.1071170078740158
21
-4.5421483464566927
0
LINE
8
BLACK
6
CONTINUOUS
10
5.1071170078740158
20
-4.5421483464566927
11
5.1165425196850389
21
-4.5521388188976379
0
LINE
8
BLACK
6
CONTINUOUS
10
5.1165425196850389
20
-4.5521388188976379
11
5.1247444881889761
21
-4.563155984251968
0
LINE
8
BLACK
6
CONTINUOUS
10
5.1247444881889761
20
-4.563155984251968
11
5.1316120078740157
21
-4.5750508267716539
0
LINE
8
BLACK
6
CONTINUOUS
10
5.1316120078740157
20
-4.5750508267716539
11
5.1370521653543308
21
-4.5876625590551177
0
LINE
8
BLACK
6
CONTINUOUS
10
5.1370521653543308
20
-4.5876625590551177
11
5.1409914173228346
21
-4.6008205118110235
0
LINE
8
BLACK
6
CONTINUOUS
10
5.1409914173228346
20
-4.6008205118110235
11
5.1433764566929137
21
-4.6143468503937006
0
LINE
8
BLACK
6
CONTINUOUS
10
5.1433764566929137
20
-4.6143468503937006
11
5.1441750787401572
21
-4.6280586220472442
0
LINE
8
BLACK
6
CONTINUOUS
10
5.1441750787401572
20
-4.6280586220472442
11
5.1433764566929137
21
-4.6417703937007877
0
LINE
8
BLACK
6
CONTINUOUS
10
5.1433764566929137
20
-4.6417703937007877
11
5.1409914173228346
21
-4.6552967322834649
0
LINE
8
BLACK
6
CONTINUOUS
10
5.1409914173228346
20
-4.6552967322834649
11
5.1370521653543308
21
-4.6684546850393698
0
LINE
8
BLACK
6
CONTINUOUS
10
5.1370521653543308
20
-4.6684546850393698
11
5.1316120078740157
21
-4.6810664173228345
0
LINE
8
BLACK
6
CONTINUOUS
10
5.1316120078740157
20
-4.6810664173228345
11
5.1247444881889761
21
-4.6929612598425194
0
LINE
8
BLACK
6
CONTINUOUS
10
5.1247444881889761
20
-4.6929612598425194
11
5.1165425196850389
21
-4.7039784251968504
0
LINE
8
BLACK
6
CONTINUOUS
10
5.1165425196850389
20
-4.7039784251968504
11
5.1071170078740158
21
-4.7139688976377956
0
LINE
8
BLACK
6
CONTINUOUS
10
5.1071170078740158
20
-4.7139688976377956
11
5.0965953937007873
21
-4.7227975984251964
0
LINE
8
BLACK
6
CONTINUOUS
10
5.0965953937007873
20
-4.7227975984251964
11
5.0851199606299211
21
-4.7303450787401573
0
LINE
8
BLACK
6
CONTINUOUS
10
5.0851199606299211
20
-4.7303450787401573
11
5.0728459055118105
21
-4.7365093307086612
0
LINE
8
BLACK
6
CONTINUOUS
10
5.0728459055118105
20
-4.7365093307086612
11
5.0599392519685038
21
-4.7412070078740154
0
LINE
8
BLACK
6
CONTINUOUS
10
5.0599392519685038
20
-4.7412070078740154
11
5.046574488188976
21
-4.744374488188976
0
LINE
8
BLACK
6
CONTINUOUS
10
5.046574488188976
20
-4.744374488188976
11
5.0329323228346459
21
-4.745969015748031
0
LINE
8
BLACK
6
CONTINUOUS
10
5.0329323228346459
20
-4.745969015748031
11
5.0191973622047241
21
-4.745969015748031
0
LINE
8
BLACK
6
CONTINUOUS
10
5.0191973622047241
20
-4.745969015748031
11
5.005555196850394
21
-4.744374488188976
0
LINE
8
BLACK
6
CONTINUOUS
10
5.005555196850394
20
-4.744374488188976
11
4.9921904330708662
21
-4.7412070078740154
0
LINE
8
BLACK
6
CONTINUOUS
10
4.9921904330708662
20
-4.7412070078740154
11
4.9792837795275586
21
-4.7365093307086612
0
LINE
8
BLACK
6
CONTINUOUS
10
4.9792837795275586
20
-4.7365093307086612
11
4.9670097244094489
21
-4.7303450787401573
0
LINE
8
BLACK
6
CONTINUOUS
10
4.9670097244094489
20
-4.7303450787401573
11
4.9555342913385827
21
-4.7227975984251964
0
LINE
8
BLACK
6
CONTINUOUS
10
4.9555342913385827
20
-4.7227975984251964
11
4.9450126771653542
21
-4.7139688976377956
0
LINE
8
BLACK
6
CONTINUOUS
10
4.9450126771653542
20
-4.7139688976377956
11
4.9355871653543302
21
-4.7039784251968504
0
LINE
8
BLACK
6
CONTINUOUS
10
4.9355871653543302
20
-4.7039784251968504
11
4.9273851968503939
21
-4.6929612598425194
0
LINE
8
BLACK
6
CONTINUOUS
10
4.9273851968503939
20
-4.6929612598425194
11
4.9205176771653543
21
-4.6810664173228345
0
LINE
8
BLACK
6
CONTINUOUS
10
4.9205176771653543
20
-4.6810664173228345
11
4.9150775196850391
21
-4.6684546850393698
0
LINE
8
BLACK
6
CONTINUOUS
10
4.9150775196850391
20
-4.6684546850393698
11
4.9111382677165354
21
-4.6552967322834649
0
LINE
8
BLACK
6
CONTINUOUS
10
4.9111382677165354
20
-4.6552967322834649
11
4.9087532283464563
21
-4.6417703937007877
0
LINE
8
BLACK
6
CONTINUOUS
10
4.9087532283464563
20
-4.6417703937007877
11
4.9079546062992128
21
-4.6280586220472442
0
LINE
8
BLACK
6
CONTINUOUS
10
4.9079546062992128
20
-4.6280586220472442
11
4.9087532283464563
21
-4.6143468503937006
0
LINE
8
BLACK
6
CONTINUOUS
10
4.9087532283464563
20
-4.6143468503937006
11
4.9111382677165354
21
-4.6008205118110235
0
LINE
8
BLACK
6
CONTINUOUS
10
4.9111382677165354
20
-4.6008205118110235
11
4.9150775196850391
21
-4.5876625590551177
0
LINE
8
BLACK
6
CONTINUOUS
10
4.9150775196850391
20
-4.5876625590551177
11
4.9205176771653543
21
-4.5750508267716539
0
LINE
8
BLACK
6
CONTINUOUS
10
4.9205176771653543
20
-4.5750508267716539
11
4.9273851968503939
21
-4.563155984251968
0
LINE
8
BLACK
6
CONTINUOUS
10
4.9273851968503939
20
-4.563155984251968
11
4.9355871653543302
21
-4.5521388188976379
0
LINE
8
BLACK
6
CONTINUOUS
10
4.9355871653543302
20
-4.5521388188976379
11
4.9450126771653542
21
-4.5421483464566927
0
LINE
8
BLACK
6
CONTINUOUS
10
4.9450126771653542
20
-4.5421483464566927
11
4.9555342913385827
21
-4.533319645669291
0
LINE
8
BLACK
6
CONTINUOUS
10
4.9555342913385827
20
-4.533319645669291
11
4.9670097244094489
21
-4.525772165354331
0
LINE
8
BLACK
6
CONTINUOUS
10
4.9670097244094489
20
-4.525772165354331
11
4.9792837795275586
21
-4.5196079133858262
0
LINE
8
BLACK
6
CONTINUOUS
10
4.9792837795275586
20
-4.5196079133858262
11
4.9921904330708662
21
-4.5149102362204721
0
LINE
8
BLACK
6
CONTINUOUS
10
4.9921904330708662
20
-4.5149102362204721
11
5.005555196850394
21
-4.5117427559055114
0
LINE
8
BLACK
6
CONTINUOUS
10
5.005555196850394
20
-4.5117427559055114
11
5.0191973622047241
21
-4.5101482283464565
0
LINE
8
BLACK
6
CONTINUOUS
10
5.0191973622047241
20
-4.5101482283464565
11
5.0329323228346459
21
-4.5101482283464565
0
LINE
8
BLACK
6
CONTINUOUS
10
5.0329323228346459
20
-4.5101482283464565
11
5.046574488188976
21
-4.5117427559055114
0
LINE
8
BLACK
6
CONTINUOUS
10
7.046574488188976
20
-4.5117427559055114
11
7.0599392519685038
21
-4.5149102362204721
0
LINE
8
BLACK
6
CONTINUOUS
10
7.0599392519685038
20
-4.5149102362204721
11
7.0728459055118105
21
-4.5196079133858262
0
LINE
8
BLACK
6
CONTINUOUS
10
7.0728459055118105
20
-4.5196079133858262
11
7.0851199606299211
21
-4.525772165354331
0
LINE
8
BLACK
6
CONTINUOUS
10
7.0851199606299211
20
-4.525772165354331
11
7.0965953937007873
21
-4.533319645669291
0
LINE
8
BLACK
6
CONTINUOUS
10
7.0965953937007873
20
-4.533319645669291
11
7.1071170078740158
21
-4.5421483464566927
0
LINE
8
BLACK
6
CONTINUOUS
10
7.1071170078740158
20
-4.5421483464566927
11
7.1165425196850389
21
-4.5521388188976379
0
LINE
8
BLACK
6
CONTINUOUS
10
7.1165425196850389
20
-4.5521388188976379
11
7.1247444881889761
21
-4.563155984251968
0
LINE
8
BLACK
6
CONTINUOUS
10
7.1247444881889761
20
-4.563155984251968
11
7.1316120078740157
21
-4.5750508267716539
0
LINE
8
BLACK
6
CONTINUOUS
10
7.1316120078740157
20
-4.5750508267716539
11
7.1370521653543308
21
-4.5876625590551177
0
LINE
8
BLACK
6
CONTINUOUS
10
7.1370521653543308
20
-4.5876625590551177
11
7.1409914173228346
21
-4.6008205118110235
0
LINE
8
BLACK
6
CONTINUOUS
10
7.1409914173228346
20
-4.6008205118110235
11
7.1433764566929137
21
-4.6143468503937006
0
LINE
8
BLACK
6
CONTINUOUS
10
7.1433764566929137
20
-4.6143468503937006
11
7.1441750787401572
21
-4.6280586220472442
0
LINE
8
BLACK
6
CONTINUOUS
10
7.1441750787401572
20
-4.6280586220472442
11
7.1433764566929137
21
-4.6417703937007877
0
LINE
8
BLACK
6
CONTINUOUS
10
7.1433764566929137
20
-4.6417703937007877
11
7.1409914173228346
21
-4.6552967322834649
0
LINE
8
BLACK
6
CONTINUOUS
10
7.1409914173228346
20
-4.6552967322834649
11
7.1370521653543308
21
-4.6684546850393698
0
LINE
8
BLACK
6
CONTINUOUS
10
7.1370521653543308
20
-4.6684546850393698
11
7.1316120078740157
21
-4.6810664173228345
0
LINE
8
BLACK
6
CONTINUOUS
10
7.1316120078740157
20
-4.6810664173228345
11
7.1247444881889761
21
-4.6929612598425194
0
LINE
8
BLACK
6
CONTINUOUS
10
7.1247444881889761
20
-4.6929612598425194
11
7.1165425196850389
21
-4.7039784251968504
0
LINE
8
BLACK
6
CONTINUOUS
10
7.1165425196850389
20
-4.7039784251968504
11
7.1071170078740158
21
-4.7139688976377956
0
LINE
8
BLACK
6
CONTINUOUS
10
7.1071170078740158
20
-4.7139688976377956
11
7.0965953937007873
21
-4.7227975984251964
0
LINE
8
BLACK
6
CONTINUOUS
10
7.0965953937007873
20
-4.7227975984251964
11
7.0851199606299211
21
-4.7303450787401573
0
LINE
8
BLACK
6
CONTINUOUS
10
7.0851199606299211
20
-4.7303450787401573
11
7.0728459055118105
21
-4.7365093307086612
0
LINE
8
BLACK
6
CONTINUOUS
10
7.0728459055118105
20
-4.7365093307086612
11
7.0599392519685038
21
-4.7412070078740154
0
LINE
8
BLACK
6
CONTINUOUS
10
7.0599392519685038
20
-4.7412070078740154
11
7.046574488188976
21
-4.744374488188976
0
LINE
8
BLACK
6
CONTINUOUS
10
7.046574488188976
20
-4.744374488188976
11
7.0329323228346459
21
-4.745969015748031
0
LINE
8
BLACK
6
CONTINUOUS
10
7.0329323228346459
20
-4.745969015748031
11
7.0191973622047241
21
-4.745969015748031
0
LINE
8
BLACK
6
CONTINUOUS
10
7.0191973622047241
20
-4.745969015748031
11
7.005555196850394
21
-4.744374488188976
0
LINE
8
BLACK
6
CONTINUOUS
10
7.005555196850394
20
-4.744374488188976
11
6.9921904330708662
21
-4.7412070078740154
0
LINE
8
BLACK
6
CONTINUOUS
10
6.9921904330708662
20
-4.7412070078740154
11
6.9792837795275586
21
-4.7365093307086612
0
LINE
8
BLACK
6
CONTINUOUS
10
6.9792837795275586
20
-4.7365093307086612
11
6.9670097244094489
21
-4.7303450787401573
0
LINE
8
BLACK
6
CONTINUOUS
10
6.9670097244094489
20
-4.7303450787401573
11
6.9555342913385827
21
-4.7227975984251964
0
LINE
8
BLACK
6
CONTINUOUS
10
6.9555342913385827
20
-4.7227975984251964
11
6.9450126771653542
21
-4.7139688976377956
0
LINE
8
BLACK
6
CONTINUOUS
10
6.9450126771653542
20
-4.7139688976377956
11
6.9355871653543302
21
-4.7039784251968504
0
LINE
8
BLACK
6
CONTINUOUS
10
6.9355871653543302
20
-4.7039784251968504
11
6.9273851968503939
21
-4.6929612598425194
0
LINE
8
BLACK
6
CONTINUOUS
10
6.9273851968503939
20
-4.6929612598425194
11
6.9205176771653543
21
-4.6810664173228345
0
LINE
8
BLACK
6
CONTINUOUS
10
6.9205176771653543
20
-4.6810664173228345
11
6.9150775196850391
21
-4.6684546850393698
0
LINE
8
BLACK
6
CONTINUOUS
10
6.9150775196850391
20
-4.6684546850393698
11
6.9111382677165354
21
-4.6552967322834649
0
LINE
8
BLACK
6
CONTINUOUS
10
6.9111382677165354
20
-4.6552967322834649
11
6.9087532283464563
21
-4.6417703937007877
0
LINE
8
BLACK
6
CONTINUOUS
10
6.9087532283464563
20
-4.6417703937007877
11
6.9079546062992128
21
-4.6280586220472442
0
LINE
8
BLACK
6
CONTINUOUS
10
6.9079546062992128
20
-4.6280586220472442
11
6.9087532283464563
21
-4.6143468503937006
0
LINE
8
BLACK
6
CONTINUOUS
10
6.9087532283464563
20
-4.6143468503937006
11
6.9111382677165354
21
-4.6008205118110235
0
LINE
8
BLACK
6
CONTINUOUS
10
6.9111382677165354
20
-4.6008205118110235
11
6.9150775196850391
21
-4.5876625590551177
0
LINE
8
BLACK
6
CONTINUOUS
10
6.9150775196850391
20
-4.5876625590551177
11
6.9205176771653543
21
-4.5750508267716539
0
LINE
8
BLACK
6
CONTINUOUS
10
6.9205176771653543
20
-4.5750508267716539
11
6.9273851968503939
21
-4.563155984251968
0
LINE
8
BLACK
6
CONTINUOUS
10
6.9273851968503939
20
-4.563155984251968
11
6.9355871653543302
21
-4.5521388188976379
0
LINE
8
BLACK
6
CONTINUOUS
10
6.9355871653543302
20
-4.5521388188976379
11
6.9450126771653542
21
-4.5421483464566927
0
LINE
8
BLACK
6
CONTINUOUS
10
6.9450126771653542
20
-4.5421483464566927
11
6.9555342913385827
21
-4.533319645669291
0
LINE
8
BLACK
6
CONTINUOUS
10
6.9555342913385827
20
-4.533319645669291
11
6.9670097244094489
21
-4.525772165354331
0
LINE
8
BLACK
6
CONTINUOUS
10
6.9670097244094489
20
-4.525772165354331
11
6.9792837795275586
21
-4.5196079133858262
0
LINE
8
BLACK
6
CONTINUOUS
10
6.9792837795275586
20
-4.5196079133858262
11
6.9921904330708662
21
-4.5149102362204721
0
LINE
8
BLACK
6
CONTINUOUS
10
6.9921904330708662
20
-4.5149102362204721
11
7.005555196850394
21
-4.5117427559055114
0
LINE
8
BLACK
6
CONTINUOUS
10
7.005555196850394
20
-4.5117427559055114
11
7.0191973622047241
21
-4.5101482283464565
0
LINE
8
BLACK
6
CONTINUOUS
10
7.0191973622047241
20
-4.5101482283464565
11
7.0329323228346459
21
-4.5101482283464565
0
LINE
8
BLACK
6
CONTINUOUS
10
7.0329323228346459
20
-4.5101482283464565
11
7.046574488188976
21
-4.5117427559055114
0
LINE
8
BLACK
6
CONTINUOUS
10
6.6052941732283461
20
-4.6057164960629917
11
6.6142430708661415
21
-4.6081143307086609
0
LINE
8
BLACK
6
CONTINUOUS
10
6.6142430708661415
20
-4.6081143307086609
11
6.6226396456692909
21
-4.6120297244094486
0
LINE
8
BLACK
6
CONTINUOUS
10
6.6226396456692909
20
-4.6120297244094486
11
6.63022874015748
21
-4.6173436614173227
0
LINE
8
BLACK
6
CONTINUOUS
10
6.63022874015748
20
-4.6173436614173227
11
6.6367798031496061
21
-4.6238947244094488
0
LINE
8
BLACK
6
CONTINUOUS
10
6.6367798031496061
20
-4.6238947244094488
11
6.6420937401574802
21
-4.6314838188976379
0
LINE
8
BLACK
6
CONTINUOUS
10
6.6420937401574802
20
-4.6314838188976379
11
6.6460091338582679
21
-4.6398803937007873
0
LINE
8
BLACK
6
CONTINUOUS
10
6.6460091338582679
20
-4.6398803937007873
11
6.6484069685039371
21
-4.6488292913385827
0
LINE
8
BLACK
6
CONTINUOUS
10
6.6484069685039371
20
-4.6488292913385827
11
6.6492144488188973
21
-4.6580586220472444
0
LINE
8
BLACK
6
CONTINUOUS
10
6.6492144488188973
20
-4.6580586220472444
11
6.6484069685039371
21
-4.6672879527559052
0
LINE
8
BLACK
6
CONTINUOUS
10
6.6484069685039371
20
-4.6672879527559052
11
6.6460091338582679
21
-4.6762368503937006
0
LINE
8
BLACK
6
CONTINUOUS
10
6.6460091338582679
20
-4.6762368503937006
11
6.6420937401574802
21
-4.68463342519685
0
LINE
8
BLACK
6
CONTINUOUS
10
6.6420937401574802
20
-4.68463342519685
11
6.6367798031496061
21
-4.6922225196850391
0
LINE
8
BLACK
6
CONTINUOUS
10
6.6367798031496061
20
-4.6922225196850391
11
6.63022874015748
21
-4.6987735826771653
0
LINE
8
BLACK
6
CONTINUOUS
10
6.63022874015748
20
-4.6987735826771653
11
6.6226396456692909
21
-4.7040875196850394
0
LINE
8
BLACK
6
CONTINUOUS
10
6.6226396456692909
20
-4.7040875196850394
11
6.6142430708661415
21
-4.708002913385827
0
LINE
8
BLACK
6
CONTINUOUS
10
6.6142430708661415
20
-4.708002913385827
11
6.6052941732283461
21
-4.7104007480314962
0
LINE
8
BLACK
6
CONTINUOUS
10
6.6052941732283461
20
-4.7104007480314962
11
6.5960648425196853
21
-4.7112082283464565
0
LINE
8
BLACK
6
CONTINUOUS
10
6.5960648425196853
20
-4.7112082283464565
11
6.5868355118110236
21
-4.7104007480314962
0
LINE
8
BLACK
6
CONTINUOUS
10
6.5868355118110236
20
-4.7104007480314962
11
6.5778866141732282
21
-4.708002913385827
0
LINE
8
BLACK
6
CONTINUOUS
10
6.5778866141732282
20
-4.708002913385827
11
6.5694900393700788
21
-4.7040875196850394
0
LINE
8
BLACK
6
CONTINUOUS
10
6.5694900393700788
20
-4.7040875196850394
11
6.5619009448818897
21
-4.6987735826771653
0
LINE
8
BLACK
6
CONTINUOUS
10
6.5619009448818897
20
-4.6987735826771653
11
6.5553498818897635
21
-4.6922225196850391
0
LINE
8
BLACK
6
CONTINUOUS
10
6.5553498818897635
20
-4.6922225196850391
11
6.5500359448818894
21
-4.68463342519685
0
LINE
8
BLACK
6
CONTINUOUS
10
6.5500359448818894
20
-4.68463342519685
11
6.5461205511811018
21
-4.6762368503937006
0
LINE
8
BLACK
6
CONTINUOUS
10
6.5461205511811018
20
-4.6762368503937006
11
6.5437227165354326
21
-4.6672879527559052
0
LINE
8
BLACK
6
CONTINUOUS
10
6.5437227165354326
20
-4.6672879527559052
11
6.5429152362204723
21
-4.6580586220472444
0
LINE
8
BLACK
6
CONTINUOUS
10
6.5429152362204723
20
-4.6580586220472444
11
6.5437227165354326
21
-4.6488292913385827
0
LINE
8
BLACK
6
CONTINUOUS
10
6.5437227165354326
20
-4.6488292913385827
11
6.5461205511811018
21
-4.6398803937007873
0
LINE
8
BLACK
6
CONTINUOUS
10
6.5461205511811018
20
-4.6398803937007873
11
6.5500359448818894
21
-4.6314838188976379
0
LINE
8
BLACK
6
CONTINUOUS
10
6.5500359448818894
20
-4.6314838188976379
11
6.5553498818897635
21
-4.6238947244094488
0
LINE
8
BLACK
6
CONTINUOUS
10
6.5553498818897635
20
-4.6238947244094488
11
6.5619009448818897
21
-4.6173436614173227
0
LINE
8
BLACK
6
CONTINUOUS
10
6.5619009448818897
20
-4.6173436614173227
11
6.5694900393700788
21
-4.6120297244094486
0
LINE
8
BLACK
6
CONTINUOUS
10
6.5694900393700788
20
-4.6120297244094486
11
6.5778866141732282
21
-4.6081143307086609
0
LINE
8
BLACK
6
CONTINUOUS
10
6.5778866141732282
20
-4.6081143307086609
11
6.5868355118110236
21
-4.6057164960629917
0
LINE
8
BLACK
6
CONTINUOUS
10
6.5868355118110236
20
-4.6057164960629917
11
6.5960648425196853
21
-4.6049090157480315
0
LINE
8
BLACK
6
CONTINUOUS
10
6.5960648425196853
20
-4.6049090157480315
11
6.6052941732283461
21
-4.6057164960629917
0
LINE
8
BLACK
6
CONTINUOUS
10
6.7452941732283467
20
-4.6057164960629917
11
6.7542430708661412
21
-4.6081143307086609
0
LINE
8
BLACK
6
CONTINUOUS
10
6.7542430708661412
20
-4.6081143307086609
11
6.7626396456692914
21
-4.6120297244094486
0
LINE
8
BLACK
6
CONTINUOUS
10
6.7626396456692914
20
-4.6120297244094486
11
6.7702287401574806
21
-4.6173436614173227
0
LINE
8
BLACK
6
CONTINUOUS
10
6.7702287401574806
20
-4.6173436614173227
11
6.7767798031496058
21
-4.6238947244094488
0
LINE
8
BLACK
6
CONTINUOUS
10
6.7767798031496058
20
-4.6238947244094488
11
6.7820937401574799
21
-4.6314838188976379
0
LINE
8
BLACK
6
CONTINUOUS
10
6.7820937401574799
20
-4.6314838188976379
11
6.7860091338582675
21
-4.6398803937007873
0
LINE
8
BLACK
6
CONTINUOUS
10
6.7860091338582675
20
-4.6398803937007873
11
6.7884069685039368
21
-4.6488292913385827
0
LINE
8
BLACK
6
CONTINUOUS
10
6.7884069685039368
20
-4.6488292913385827
11
6.7892144488188979
21
-4.6580586220472444
0
LINE
8
BLACK
6
CONTINUOUS
10
6.7892144488188979
20
-4.6580586220472444
11
6.7884069685039368
21
-4.6672879527559052
0
LINE
8
BLACK
6
CONTINUOUS
10
6.7884069685039368
20
-4.6672879527559052
11
6.7860091338582675
21
-4.6762368503937006
0
LINE
8
BLACK
6
CONTINUOUS
10
6.7860091338582675
20
-4.6762368503937006
11
6.7820937401574799
21
-4.68463342519685
0
LINE
8
BLACK
6
CONTINUOUS
10
6.7820937401574799
20
-4.68463342519685
11
6.7767798031496058
21
-4.6922225196850391
0
LINE
8
BLACK
6
CONTINUOUS
10
6.7767798031496058
20
-4.6922225196850391
11
6.7702287401574806
21
-4.6987735826771653
0
LINE
8
BLACK
6
CONTINUOUS
10
6.7702287401574806
20
-4.6987735826771653
11
6.7626396456692914
21
-4.7040875196850394
0
LINE
8
BLACK
6
CONTINUOUS
10
6.7626396456692914
20
-4.7040875196850394
11
6.7542430708661412
21
-4.708002913385827
0
LINE
8
BLACK
6
CONTINUOUS
10
6.7542430708661412
20
-4.708002913385827
11
6.7452941732283467
21
-4.7104007480314962
0
LINE
8
BLACK
6
CONTINUOUS
10
6.7452941732283467
20
-4.7104007480314962
11
6.736064842519685
21
-4.7112082283464565
0
LINE
8
BLACK
6
CONTINUOUS
10
6.736064842519685
20
-4.7112082283464565
11
6.7268355118110232
21
-4.7104007480314962
0
LINE
8
BLACK
6
CONTINUOUS
10
6.7268355118110232
20
-4.7104007480314962
11
6.7178866141732279
21
-4.708002913385827
0
LINE
8
BLACK
6
CONTINUOUS
10
6.7178866141732279
20
-4.708002913385827
11
6.7094900393700785
21
-4.7040875196850394
0
LINE
8
BLACK
6
CONTINUOUS
10
6.7094900393700785
20
-4.7040875196850394
11
6.7019009448818894
21
-4.6987735826771653
0
LINE
8
BLACK
6
CONTINUOUS
10
6.7019009448818894
20
-4.6987735826771653
11
6.6953498818897632
21
-4.6922225196850391
0
LINE
8
BLACK
6
CONTINUOUS
10
6.6953498818897632
20
-4.6922225196850391
11
6.69003594488189
21
-4.68463342519685
0
LINE
8
BLACK
6
CONTINUOUS
10
6.69003594488189
20
-4.68463342519685
11
6.6861205511811024
21
-4.6762368503937006
0
LINE
8
BLACK
6
CONTINUOUS
10
6.6861205511811024
20
-4.6762368503937006
11
6.6837227165354332
21
-4.6672879527559052
0
LINE
8
BLACK
6
CONTINUOUS
10
6.6837227165354332
20
-4.6672879527559052
11
6.682915236220472
21
-4.6580586220472444
0
LINE
8
BLACK
6
CONTINUOUS
10
6.682915236220472
20
-4.6580586220472444
11
6.6837227165354332
21
-4.6488292913385827
0
LINE
8
BLACK
6
CONTINUOUS
10
6.6837227165354332
20
-4.6488292913385827
11
6.6861205511811024
21
-4.6398803937007873
0
LINE
8
BLACK
6
CONTINUOUS
10
6.6861205511811024
20
-4.6398803937007873
11
6.69003594488189
21
-4.6314838188976379
0
LINE
8
BLACK
6
CONTINUOUS
10
6.69003594488189
20
-4.6314838188976379
11
6.6953498818897632
21
-4.6238947244094488
0
LINE
8
BLACK
6
CONTINUOUS
10
6.6953498818897632
20
-4.6238947244094488
11
6.7019009448818894
21
-4.6173436614173227
0
LINE
8
BLACK
6
CONTINUOUS
10
6.7019009448818894
20
-4.6173436614173227
11
6.7094900393700785
21
-4.6120297244094486
0
LINE
8
BLACK
6
CONTINUOUS
10
6.7094900393700785
20
-4.6120297244094486
11
6.7178866141732279
21
-4.6081143307086609
0
LINE
8
BLACK
6
CONTINUOUS
10
6.7178866141732279
20
-4.6081143307086609
11
6.7268355118110232
21
-4.6057164960629917
0
LINE
8
BLACK
6
CONTINUOUS
10
6.7268355118110232
20
-4.6057164960629917
11
6.736064842519685
21
-4.6049090157480315
0
LINE
8
BLACK
6
CONTINUOUS
10
6.736064842519685
20
-4.6049090157480315
11
6.7452941732283467
21
-4.6057164960629917
0
LINE
8
BLACK
6
CONTINUOUS
10
5.5285648425196845
20
-4.7080586220472442
11
5.4735648425196848
21
-4.7080586220472442
0
LINE
8
BLACK
6
CONTINUOUS
10
5.4735648425196848
20
-4.7080586220472442
11
5.4735648425196848
21
-4.6730586220472441
0
LINE
8
BLACK
6
CONTINUOUS
10
5.4735648425196848
20
-4.6730586220472441
11
5.5285648425196845
21
-4.6730586220472441
0
LINE
8
BLACK
6
CONTINUOUS
10
5.5285648425196845
20
-4.6730586220472441
11
5.5285648425196845
21
-4.7080586220472442
0
LINE
8
BLACK
6
CONTINUOUS
10
5.628564842519685
20
-4.7080586220472442
11
5.5735648425196853
21
-4.7080586220472442
0
LINE
8
BLACK
6
CONTINUOUS
10
5.5735648425196853
20
-4.7080586220472442
11
5.5735648425196853
21
-4.6730586220472441
0
LINE
8
BLACK
6
CONTINUOUS
10
5.5735648425196853
20
-4.6730586220472441
11
5.628564842519685
21
-4.6730586220472441
0
LINE
8
BLACK
6
CONTINUOUS
10
5.628564842519685
20
-4.6730586220472441
11
5.628564842519685
21
-4.7080586220472442
0
LINE
8
BLACK
6
CONTINUOUS
10
6.0285648425196845
20
-4.7080586220472442
11
5.9735648425196848
21
-4.7080586220472442
0
LINE
8
BLACK
6
CONTINUOUS
10
5.9735648425196848
20
-4.7080586220472442
11
5.9735648425196848
21
-4.6730586220472441
0
LINE
8
BLACK
6
CONTINUOUS
10
5.9735648425196848
20
-4.6730586220472441
11
6.0285648425196845
21
-4.6730586220472441
0
LINE
8
BLACK
6
CONTINUOUS
10
6.0285648425196845
20
-4.6730586220472441
11
6.0285648425196845
21
-4.7080586220472442
0
LINE
8
BLACK
6
CONTINUOUS
10
6.128564842519685
20
-4.7080586220472442
11
6.0735648425196853
21
-4.7080586220472442
0
LINE
8
BLACK
6
CONTINUOUS
10
6.0735648425196853
20
-4.7080586220472442
11
6.0735648425196853
21
-4.6730586220472441
0
LINE
8
BLACK
6
CONTINUOUS
10
6.0735648425196853
20
-4.6730586220472441
11
6.128564842519685
21
-4.6730586220472441
0
LINE
8
BLACK
6
CONTINUOUS
10
6.128564842519685
20
-4.6730586220472441
11
6.128564842519685
21
-4.7080586220472442
0
LINE
8
BLACK
6
CONTINUOUS
10
6.3760648425196846
20
-4.6980586220472436
11
6.316064842519685
21
-4.6980586220472436
0
LINE
8
BLACK
6
CONTINUOUS
10
6.316064842519685
20
-4.6980586220472436
11
6.316064842519685
21
-4.638058622047244
0
LINE
8
BLACK
6
CONTINUOUS
10
6.316064842519685
20
-4.638058622047244
11
6.3760648425196846
21
-4.638058622047244
0
LINE
8
BLACK
6
CONTINUOUS
10
6.3760648425196846
20
-4.638058622047244
11
6.3760648425196846
21
-4.6980586220472436
0
LINE
8
BLACK
6
CONTINUOUS
10
6.4760648425196852
20
-4.6980586220472436
11
6.4160648425196847
21
-4.6980586220472436
0
LINE
8
BLACK
6
CONTINUOUS
10
6.4160648425196847
20
-4.6980586220472436
11
6.4160648425196847
21
-4.638058622047244
0
LINE
8
BLACK
6
CONTINUOUS
10
6.4160648425196847
20
-4.638058622047244
11
6.4760648425196852
21
-4.638058622047244
0
LINE
8
BLACK
6
CONTINUOUS
10
6.4760648425196852
20
-4.638058622047244
11
6.4760648425196852
21
-4.6980586220472436
0
LINE
8
BLACK
6
CONTINUOUS
10
5.3310648425196847
20
-4.6080586220472437
11
5.2710648425196851
21
-4.6080586220472437
0
LINE
8
BLACK
6
CONTINUOUS
10
5.2710648425196851
20
-4.6080586220472437
11
5.2710648425196851
21
-4.5480586220472441
0
LINE
8
BLACK
6
CONTINUOUS
10
5.2710648425196851
20
-4.5480586220472441
11
5.3310648425196847
21
-4.5480586220472441
0
LINE
8
BLACK
6
CONTINUOUS
10
5.3310648425196847
20
-4.5480586220472441
11
5.3310648425196847
21
-4.6080586220472437
0
LINE
8
BLACK
6
CONTINUOUS
10
5.4310648425196852
20
-4.6080586220472437
11
5.3710648425196847
21
-4.6080586220472437
0
LINE
8
BLACK
6
CONTINUOUS
10
5.3710648425196847
20
-4.6080586220472437
11
5.3710648425196847
21
-4.5480586220472441
0
LINE
8
BLACK
6
CONTINUOUS
10
5.3710648425196847
20
-4.5480586220472441
11
5.4310648425196852
21
-4.5480586220472441
0
LINE
8
BLACK
6
CONTINUOUS
10
5.4310648425196852
20
-4.5480586220472441
11
5.4310648425196852
21
-4.6080586220472437
0
LINE
8
BLACK
6
CONTINUOUS
10
5.5310648425196849
20
-4.6080586220472437
11
5.4710648425196853
21
-4.6080586220472437
0
LINE
8
BLACK
6
CONTINUOUS
10
5.4710648425196853
20
-4.6080586220472437
11
5.4710648425196853
21
-4.5480586220472441
0
LINE
8
BLACK
6
CONTINUOUS
10
5.4710648425196853
20
-4.5480586220472441
11
5.5310648425196849
21
-4.5480586220472441
0
LINE
8
BLACK
6
CONTINUOUS
10
5.5310648425196849
20
-4.5480586220472441
11
5.5310648425196849
21
-4.6080586220472437
0
LINE
8
BLACK
6
CONTINUOUS
10
5.6310648425196845
20
-4.6080586220472437
11
5.5710648425196849
21
-4.6080586220472437
0
LINE
8
BLACK
6
CONTINUOUS
10
5.5710648425196849
20
-4.6080586220472437
11
5.5710648425196849
21
-4.5480586220472441
0
LINE
8
BLACK
6
CONTINUOUS
10
5.5710648425196849
20
-4.5480586220472441
11
5.6310648425196845
21
-4.5480586220472441
0
LINE
8
BLACK
6
CONTINUOUS
10
5.6310648425196845
20
-4.5480586220472441
11
5.6310648425196845
21
-4.6080586220472437
0
LINE
8
BLACK
6
CONTINUOUS
10
5.7310648425196851
20
-4.6080586220472437
11
5.6710648425196846
21
-4.6080586220472437
0
LINE
8
BLACK
6
CONTINUOUS
10
5.6710648425196846
20
-4.6080586220472437
11
5.6710648425196846
21
-4.5480586220472441
0
LINE
8
BLACK
6
CONTINUOUS
10
5.6710648425196846
20
-4.5480586220472441
11
5.7310648425196851
21
-4.5480586220472441
0
LINE
8
BLACK
6
CONTINUOUS
10
5.7310648425196851
20
-4.5480586220472441
11
5.7310648425196851
21
-4.6080586220472437
0
LINE
8
BLACK
6
CONTINUOUS
10
5.8310648425196847
20
-4.6080586220472437
11
5.7710648425196851
21
-4.6080586220472437
0
LINE
8
BLACK
6
CONTINUOUS
10
5.7710648425196851
20
-4.6080586220472437
11
5.7710648425196851
21
-4.5480586220472441
0
LINE
8
BLACK
6
CONTINUOUS
10
5.7710648425196851
20
-4.5480586220472441
11
5.8310648425196847
21
-4.5480586220472441
0
LINE
8
BLACK
6
CONTINUOUS
10
5.8310648425196847
20
-4.5480586220472441
11
5.8310648425196847
21
-4.6080586220472437
0
LINE
8
BLACK
6
CONTINUOUS
10
5.9310648425196852
20
-4.6080586220472437
11
5.8710648425196847
21
-4.6080586220472437
0
LINE
8
BLACK
6
CONTINUOUS
10
5.8710648425196847
20
-4.6080586220472437
11
5.8710648425196847
21
-4.5480586220472441
0
LINE
8
BLACK
6
CONTINUOUS
10
5.8710648425196847
20
-4.5480586220472441
11
5.9310648425196852
21
-4.5480586220472441
0
LINE
8
BLACK
6
CONTINUOUS
10
5.9310648425196852
20
-4.5480586220472441
11
5.9310648425196852
21
-4.6080586220472437
0
LINE
8
BLACK
6
CONTINUOUS
10
6.0310648425196849
20
-4.6080586220472437
11
5.9710648425196853
21
-4.6080586220472437
0
LINE
8
BLACK
6
CONTINUOUS
10
5.9710648425196853
20
-4.6080586220472437
11
5.9710648425196853
21
-4.5480586220472441
0
LINE
8
BLACK
6
CONTINUOUS
10
5.9710648425196853
20
-4.5480586220472441
11
6.0310648425196849
21
-4.5480586220472441
0
LINE
8
BLACK
6
CONTINUOUS
10
6.0310648425196849
20
-4.5480586220472441
11
6.0310648425196849
21
-4.6080586220472437
0
LINE
8
BLACK
6
CONTINUOUS
10
6.1310648425196845
20
-4.6080586220472437
11
6.0710648425196849
21
-4.6080586220472437
0
LINE
8
BLACK
6
CONTINUOUS
10
6.0710648425196849
20
-4.6080586220472437
11
6.0710648425196849
21
-4.5480586220472441
0
LINE
8
BLACK
6
CONTINUOUS
10
6.0710648425196849
20
-4.5480586220472441
11
6.1310648425196845
21
-4.5480586220472441
0
LINE
8
BLACK
6
CONTINUOUS
10
6.1310648425196845
20
-4.5480586220472441
11
6.1310648425196845
21
-4.6080586220472437
0
LINE
8
BLACK
6
CONTINUOUS
10
6.2310648425196851
20
-4.6080586220472437
11
6.1710648425196846
21
-4.6080586220472437
0
LINE
8
BLACK
6
CONTINUOUS
10
6.1710648425196846
20
-4.6080586220472437
11
6.1710648425196846
21
-4.5480586220472441
0
LINE
8
BLACK
6
CONTINUOUS
10
6.1710648425196846
20
-4.5480586220472441
11
6.2310648425196851
21
-4.5480586220472441
0
LINE
8
BLACK
6
CONTINUOUS
10
6.2310648425196851
20
-4.5480586220472441
11
6.2310648425196851
21
-4.6080586220472437
0
LINE
8
BLACK
6
CONTINUOUS
10
6.3760648425196846
20
-4.5980586220472439
11
6.316064842519685
21
-4.5980586220472439
0
LINE
8
BLACK
6
CONTINUOUS
10
6.316064842519685
20
-4.5980586220472439
11
6.316064842519685
21
-4.5380586220472443
0
LINE
8
BLACK
6
CONTINUOUS
10
6.316064842519685
20
-4.5380586220472443
11
6.3760648425196846
21
-4.5380586220472443
0
LINE
8
BLACK
6
CONTINUOUS
10
6.3760648425196846
20
-4.5380586220472443
11
6.3760648425196846
21
-4.5980586220472439
0
LINE
8
BLACK
6
CONTINUOUS
10
6.4760648425196852
20
-4.5980586220472439
11
6.4160648425196847
21
-4.5980586220472439
0
LINE
8
BLACK
6
CONTINUOUS
10
6.4160648425196847
20
-4.5980586220472439
11
6.4160648425196847
21
-4.5380586220472443
0
LINE
8
BLACK
6
CONTINUOUS
10
6.4160648425196847
20
-4.5380586220472443
11
6.4760648425196852
21
-4.5380586220472443
0
LINE
8
BLACK
6
CONTINUOUS
10
6.4760648425196852
20
-4.5380586220472443
11
6.4760648425196852
21
-4.5980586220472439
0
LINE
8
BLACK
6
CONTINUOUS
10
6.6255924015748029
20
-4.5950664960629917
11
6.5665372834645668
21
-4.5950664960629917
0
LINE
8
BLACK
6
CONTINUOUS
10
6.5665372834645668
20
-4.5950664960629917
11
6.5665372834645668
21
-4.5576649212598426
0
LINE
8
BLACK
6
CONTINUOUS
10
6.5665372834645668
20
-4.5576649212598426
11
6.6255924015748029
21
-4.5576649212598426
0
LINE
8
BLACK
6
CONTINUOUS
10
6.6255924015748029
20
-4.5576649212598426
11
6.6255924015748029
21
-4.5950664960629917
0
LINE
8
BLACK
6
CONTINUOUS
10
6.7655924015748026
20
-4.5950664960629917
11
6.7065372834645665
21
-4.5950664960629917
0
LINE
8
BLACK
6
CONTINUOUS
10
6.7065372834645665
20
-4.5950664960629917
11
6.7065372834645665
21
-4.5576649212598426
0
LINE
8
BLACK
6
CONTINUOUS
10
6.7065372834645665
20
-4.5576649212598426
11
6.7655924015748026
21
-4.5576649212598426
0
LINE
8
BLACK
6
CONTINUOUS
10
6.7655924015748026
20
-4.5576649212598426
11
6.7655924015748026
21
-4.5950664960629917
0
LINE
8
BLACK
6
CONTINUOUS
10
6.7635648425196848
20
-4.5230586220472437
11
6.7085648425196851
21
-4.5230586220472437
0
LINE
8
BLACK
6
CONTINUOUS
10
6.7085648425196851
20
-4.5230586220472437
11
6.7085648425196851
21
-4.4880586220472436
0
LINE
8
BLACK
6
CONTINUOUS
10
6.7085648425196851
20
-4.4880586220472436
11
6.7635648425196848
21
-4.4880586220472436
0
LINE
8
BLACK
6
CONTINUOUS
10
6.7635648425196848
20
-4.4880586220472436
11
6.7635648425196848
21
-4.5230586220472437
0
LINE
8
BLACK
6
CONTINUOUS
10
6.6235648425196851
20
-4.5205586220472442
11
6.5685648425196845
21
-4.5205586220472442
0
LINE
8
BLACK
6
CONTINUOUS
10
6.5685648425196845
20
-4.5205586220472442
11
6.5685648425196845
21
-4.4855586220472441
0
LINE
8
BLACK
6
CONTINUOUS
10
6.5685648425196845
20
-4.4855586220472441
11
6.6235648425196851
21
-4.4855586220472441
0
LINE
8
BLACK
6
CONTINUOUS
10
6.6235648425196851
20
-4.4855586220472441
11
6.6235648425196851
21
-4.5205586220472442
0
LINE
8
BLACK
6
CONTINUOUS
10
5.3310648425196847
20
-4.5080586220472441
11
5.2710648425196851
21
-4.5080586220472441
0
LINE
8
BLACK
6
CONTINUOUS
10
5.2710648425196851
20
-4.5080586220472441
11
5.2710648425196851
21
-4.4480586220472436
0
LINE
8
BLACK
6
CONTINUOUS
10
5.2710648425196851
20
-4.4480586220472436
11
5.3310648425196847
21
-4.4480586220472436
0
LINE
8
BLACK
6
CONTINUOUS
10
5.3310648425196847
20
-4.4480586220472436
11
5.3310648425196847
21
-4.5080586220472441
0
LINE
8
BLACK
6
CONTINUOUS
10
5.4310648425196852
20
-4.5080586220472441
11
5.3710648425196847
21
-4.5080586220472441
0
LINE
8
BLACK
6
CONTINUOUS
10
5.3710648425196847
20
-4.5080586220472441
11
5.3710648425196847
21
-4.4480586220472436
0
LINE
8
BLACK
6
CONTINUOUS
10
5.3710648425196847
20
-4.4480586220472436
11
5.4310648425196852
21
-4.4480586220472436
0
LINE
8
BLACK
6
CONTINUOUS
10
5.4310648425196852
20
-4.4480586220472436
11
5.4310648425196852
21
-4.5080586220472441
0
LINE
8
BLACK
6
CONTINUOUS
10
5.5310648425196849
20
-4.5080586220472441
11
5.4710648425196853
21
-4.5080586220472441
0
LINE
8
BLACK
6
CONTINUOUS
10
5.4710648425196853
20
-4.5080586220472441
11
5.4710648425196853
21
-4.4480586220472436
0
LINE
8
BLACK
6
CONTINUOUS
10
5.4710648425196853
20
-4.4480586220472436
11
5.5310648425196849
21
-4.4480586220472436
0
LINE
8
BLACK
6
CONTINUOUS
10
5.5310648425196849
20
-4.4480586220472436
11
5.5310648425196849
21
-4.5080586220472441
0
LINE
8
BLACK
6
CONTINUOUS
10
5.6310648425196845
20
-4.5080586220472441
11
5.5710648425196849
21
-4.5080586220472441
0
LINE
8
BLACK
6
CONTINUOUS
10
5.5710648425196849
20
-4.5080586220472441
11
5.5710648425196849
21
-4.4480586220472436
0
LINE
8
BLACK
6
CONTINUOUS
10
5.5710648425196849
20
-4.4480586220472436
11
5.6310648425196845
21
-4.4480586220472436
0
LINE
8
BLACK
6
CONTINUOUS
10
5.6310648425196845
20
-4.4480586220472436
11
5.6310648425196845
21
-4.5080586220472441
0
LINE
8
BLACK
6
CONTINUOUS
10
5.7310648425196851
20
-4.5080586220472441
11
5.6710648425196846
21
-4.5080586220472441
0
LINE
8
BLACK
6
CONTINUOUS
10
5.6710648425196846
20
-4.5080586220472441
11
5.6710648425196846
21
-4.4480586220472436
0
LINE
8
BLACK
6
CONTINUOUS
10
5.6710648425196846
20
-4.4480586220472436
11
5.7310648425196851
21
-4.4480586220472436
0
LINE
8
BLACK
6
CONTINUOUS
10
5.7310648425196851
20
-4.4480586220472436
11
5.7310648425196851
21
-4.5080586220472441
0
LINE
8
BLACK
6
CONTINUOUS
10
5.8310648425196847
20
-4.5080586220472441
11
5.7710648425196851
21
-4.5080586220472441
0
LINE
8
BLACK
6
CONTINUOUS
10
5.7710648425196851
20
-4.5080586220472441
11
5.7710648425196851
21
-4.4480586220472436
0
LINE
8
BLACK
6
CONTINUOUS
10
5.7710648425196851
20
-4.4480586220472436
11
5.8310648425196847
21
-4.4480586220472436
0
LINE
8
BLACK
6
CONTINUOUS
10
5.8310648425196847
20
-4.4480586220472436
11
5.8310648425196847
21
-4.5080586220472441
0
LINE
8
BLACK
6
CONTINUOUS
10
5.9310648425196852
20
-4.5080586220472441
11
5.8710648425196847
21
-4.5080586220472441
0
LINE
8
BLACK
6
CONTINUOUS
10
5.8710648425196847
20
-4.5080586220472441
11
5.8710648425196847
21
-4.4480586220472436
0
LINE
8
BLACK
6
CONTINUOUS
10
5.8710648425196847
20
-4.4480586220472436
11
5.9310648425196852
21
-4.4480586220472436
0
LINE
8
BLACK
6
CONTINUOUS
10
5.9310648425196852
20
-4.4480586220472436
11
5.9310648425196852
21
-4.5080586220472441
0
LINE
8
BLACK
6
CONTINUOUS
10
6.0310648425196849
20
-4.5080586220472441
11
5.9710648425196853
21
-4.5080586220472441
0
LINE
8
BLACK
6
CONTINUOUS
10
5.9710648425196853
20
-4.5080586220472441
11
5.9710648425196853
21
-4.4480586220472436
0
LINE
8
BLACK
6
CONTINUOUS
10
5.9710648425196853
20
-4.4480586220472436
11
6.0310648425196849
21
-4.4480586220472436
0
LINE
8
BLACK
6
CONTINUOUS
10
6.0310648425196849
20
-4.4480586220472436
11
6.0310648425196849
21
-4.5080586220472441
0
LINE
8
BLACK
6
CONTINUOUS
10
6.1310648425196845
20
-4.5080586220472441
11
6.0710648425196849
21
-4.5080586220472441
0
LINE
8
BLACK
6
CONTINUOUS
10
6.0710648425196849
20
-4.5080586220472441
11
6.0710648425196849
21
-4.4480586220472436
0
LINE
8
BLACK
6
CONTINUOUS
10
6.0710648425196849
20
-4.4480586220472436
11
6.1310648425196845
21
-4.4480586220472436
0
LINE
8
BLACK
6
CONTINUOUS
10
6.1310648425196845
20
-4.4480586220472436
11
6.1310648425196845
21
-4.5080586220472441
0
LINE
8
BLACK
6
CONTINUOUS
10
6.2310648425196851
20
-4.5080586220472441
11
6.1710648425196846
21
-4.5080586220472441
0
LINE
8
BLACK
6
CONTINUOUS
10
6.1710648425196846
20
-4.5080586220472441
11
6.1710648425196846
21
-4.4480586220472436
0
LINE
8
BLACK
6
CONTINUOUS
10
6.1710648425196846
20
-4.4480586220472436
11
6.2310648425196851
21
-4.4480586220472436
0
LINE
8
BLACK
6
CONTINUOUS
10
6.2310648425196851
20
-4.4480586220472436
11
6.2310648425196851
21
-4.5080586220472441
0
LINE
8
BLACK
6
CONTINUOUS
10
6.7635648425196848
20
-4.4480586220472436
11
6.7085648425196851
21
-4.4480586220472436
0
LINE
8
BLACK
6
CONTINUOUS
10
6.7085648425196851
20
-4.4480586220472436
11
6.7085648425196851
21
-4.4130586220472443
0
LINE
8
BLACK
6
CONTINUOUS
10
6.7085648425196851
20
-4.4130586220472443
11
6.7635648425196848
21
-4.4130586220472443
0
LINE
8
BLACK
6
CONTINUOUS
10
6.7635648425196848
20
-4.4130586220472443
11
6.7635648425196848
21
-4.4480586220472436
0
LINE
8
BLACK
6
CONTINUOUS
10
6.6235648425196851
20
-4.4455586220472441
11
6.5685648425196845
21
-4.4455586220472441
0
LINE
8
BLACK
6
CONTINUOUS
10
6.5685648425196845
20
-4.4455586220472441
11
6.5685648425196845
21
-4.4105586220472439
0
LINE
8
BLACK
6
CONTINUOUS
10
6.5685648425196845
20
-4.4105586220472439
11
6.6235648425196851
21
-4.4105586220472439
0
LINE
8
BLACK
6
CONTINUOUS
10
6.6235648425196851
20
-4.4105586220472439
11
6.6235648425196851
21
-4.4455586220472441
0
LINE
8
BLACK
6
CONTINUOUS
10
6.4455924015748032
20
-4.4399483858267716
11
6.3865372834645671
21
-4.4399483858267716
0
LINE
8
BLACK
6
CONTINUOUS
10
6.3865372834645671
20
-4.4399483858267716
11
6.3865372834645671
21
-4.388767283464567
0
LINE
8
BLACK
6
CONTINUOUS
10
6.3865372834645671
20
-4.388767283464567
11
6.4455924015748032
21
-4.388767283464567
0
LINE
8
BLACK
6
CONTINUOUS
10
6.4455924015748032
20
-4.388767283464567
11
6.4455924015748032
21
-4.4399483858267716
0
LINE
8
BLACK
6
CONTINUOUS
10
4.9560648425196847
20
-4.4230586220472441
11
4.8960648425196851
21
-4.4230586220472441
0
LINE
8
BLACK
6
CONTINUOUS
10
4.8960648425196851
20
-4.4230586220472441
11
4.8960648425196851
21
-4.3630586220472436
0
LINE
8
BLACK
6
CONTINUOUS
10
4.8960648425196851
20
-4.3630586220472436
11
4.9560648425196847
21
-4.3630586220472436
0
LINE
8
BLACK
6
CONTINUOUS
10
4.9560648425196847
20
-4.3630586220472436
11
4.9560648425196847
21
-4.4230586220472441
0
LINE
8
BLACK
6
CONTINUOUS
10
5.0560648425196852
20
-4.4230586220472441
11
4.9960648425196847
21
-4.4230586220472441
0
LINE
8
BLACK
6
CONTINUOUS
10
4.9960648425196847
20
-4.4230586220472441
11
4.9960648425196847
21
-4.3630586220472436
0
LINE
8
BLACK
6
CONTINUOUS
10
4.9960648425196847
20
-4.3630586220472436
11
5.0560648425196852
21
-4.3630586220472436
0
LINE
8
BLACK
6
CONTINUOUS
10
5.0560648425196852
20
-4.3630586220472436
11
5.0560648425196852
21
-4.4230586220472441
0
LINE
8
BLACK
6
CONTINUOUS
10
5.3285648425196852
20
-4.4080586220472444
11
5.2735648425196846
21
-4.4080586220472444
0
LINE
8
BLACK
6
CONTINUOUS
10
5.2735648425196846
20
-4.4080586220472444
11
5.2735648425196846
21
-4.3730586220472443
0
LINE
8
BLACK
6
CONTINUOUS
10
5.2735648425196846
20
-4.3730586220472443
11
5.3285648425196852
21
-4.3730586220472443
0
LINE
8
BLACK
6
CONTINUOUS
10
5.3285648425196852
20
-4.3730586220472443
11
5.3285648425196852
21
-4.4080586220472444
0
LINE
8
BLACK
6
CONTINUOUS
10
5.4285648425196849
20
-4.4080586220472444
11
5.3735648425196851
21
-4.4080586220472444
0
LINE
8
BLACK
6
CONTINUOUS
10
5.3735648425196851
20
-4.4080586220472444
11
5.3735648425196851
21
-4.3730586220472443
0
LINE
8
BLACK
6
CONTINUOUS
10
5.3735648425196851
20
-4.3730586220472443
11
5.4285648425196849
21
-4.3730586220472443
0
LINE
8
BLACK
6
CONTINUOUS
10
5.4285648425196849
20
-4.3730586220472443
11
5.4285648425196849
21
-4.4080586220472444
0
LINE
8
BLACK
6
CONTINUOUS
10
5.5285648425196845
20
-4.4080586220472444
11
5.4735648425196848
21
-4.4080586220472444
0
LINE
8
BLACK
6
CONTINUOUS
10
5.4735648425196848
20
-4.4080586220472444
11
5.4735648425196848
21
-4.3730586220472443
0
LINE
8
BLACK
6
CONTINUOUS
10
5.4735648425196848
20
-4.3730586220472443
11
5.5285648425196845
21
-4.3730586220472443
0
LINE
8
BLACK
6
CONTINUOUS
10
5.5285648425196845
20
-4.3730586220472443
11
5.5285648425196845
21
-4.4080586220472444
0
LINE
8
BLACK
6
CONTINUOUS
10
5.628564842519685
20
-4.4080586220472444
11
5.5735648425196853
21
-4.4080586220472444
0
LINE
8
BLACK
6
CONTINUOUS
10
5.5735648425196853
20
-4.4080586220472444
11
5.5735648425196853
21
-4.3730586220472443
0
LINE
8
BLACK
6
CONTINUOUS
10
5.5735648425196853
20
-4.3730586220472443
11
5.628564842519685
21
-4.3730586220472443
0
LINE
8
BLACK
6
CONTINUOUS
10
5.628564842519685
20
-4.3730586220472443
11
5.628564842519685
21
-4.4080586220472444
0
LINE
8
BLACK
6
CONTINUOUS
10
5.8285648425196852
20
-4.4080586220472444
11
5.7735648425196846
21
-4.4080586220472444
0
LINE
8
BLACK
6
CONTINUOUS
10
5.7735648425196846
20
-4.4080586220472444
11
5.7735648425196846
21
-4.3730586220472443
0
LINE
8
BLACK
6
CONTINUOUS
10
5.7735648425196846
20
-4.3730586220472443
11
5.8285648425196852
21
-4.3730586220472443
0
LINE
8
BLACK
6
CONTINUOUS
10
5.8285648425196852
20
-4.3730586220472443
11
5.8285648425196852
21
-4.4080586220472444
0
LINE
8
BLACK
6
CONTINUOUS
10
5.9285648425196849
20
-4.4080586220472444
11
5.8735648425196851
21
-4.4080586220472444
0
LINE
8
BLACK
6
CONTINUOUS
10
5.8735648425196851
20
-4.4080586220472444
11
5.8735648425196851
21
-4.3730586220472443
0
LINE
8
BLACK
6
CONTINUOUS
10
5.8735648425196851
20
-4.3730586220472443
11
5.9285648425196849
21
-4.3730586220472443
0
LINE
8
BLACK
6
CONTINUOUS
10
5.9285648425196849
20
-4.3730586220472443
11
5.9285648425196849
21
-4.4080586220472444
0
LINE
8
BLACK
6
CONTINUOUS
10
6.0285648425196845
20
-4.4080586220472444
11
5.9735648425196848
21
-4.4080586220472444
0
LINE
8
BLACK
6
CONTINUOUS
10
5.9735648425196848
20
-4.4080586220472444
11
5.9735648425196848
21
-4.3730586220472443
0
LINE
8
BLACK
6
CONTINUOUS
10
5.9735648425196848
20
-4.3730586220472443
11
6.0285648425196845
21
-4.3730586220472443
0
LINE
8
BLACK
6
CONTINUOUS
10
6.0285648425196845
20
-4.3730586220472443
11
6.0285648425196845
21
-4.4080586220472444
0
LINE
8
BLACK
6
CONTINUOUS
10
6.128564842519685
20
-4.4080586220472444
11
6.0735648425196853
21
-4.4080586220472444
0
LINE
8
BLACK
6
CONTINUOUS
10
6.0735648425196853
20
-4.4080586220472444
11
6.0735648425196853
21
-4.3730586220472443
0
LINE
8
BLACK
6
CONTINUOUS
10
6.0735648425196853
20
-4.3730586220472443
11
6.128564842519685
21
-4.3730586220472443
0
LINE
8
BLACK
6
CONTINUOUS
10
6.128564842519685
20
-4.3730586220472443
11
6.128564842519685
21
-4.4080586220472444
0
LINE
8
BLACK
6
CONTINUOUS
10
6.2285648425196847
20
-4.4080586220472444
11
6.173564842519685
21
-4.4080586220472444
0
LINE
8
BLACK
6
CONTINUOUS
10
6.173564842519685
20
-4.4080586220472444
11
6.173564842519685
21
-4.3730586220472443
0
LINE
8
BLACK
6
CONTINUOUS
10
6.173564842519685
20
-4.3730586220472443
11
6.2285648425196847
21
-4.3730586220472443
0
LINE
8
BLACK
6
CONTINUOUS
10
6.2285648425196847
20
-4.3730586220472443
11
6.2285648425196847
21
-4.4080586220472444
0
LINE
8
BLACK
6
CONTINUOUS
10
6.3285648425196852
20
-4.3830586220472441
11
6.2735648425196846
21
-4.3830586220472441
0
LINE
8
BLACK
6
CONTINUOUS
10
6.2735648425196846
20
-4.3830586220472441
11
6.2735648425196846
21
-4.3480586220472439
0
LINE
8
BLACK
6
CONTINUOUS
10
6.2735648425196846
20
-4.3480586220472439
11
6.3285648425196852
21
-4.3480586220472439
0
LINE
8
BLACK
6
CONTINUOUS
10
6.3285648425196852
20
-4.3480586220472439
11
6.3285648425196852
21
-4.3830586220472441
0
LINE
8
BLACK
6
CONTINUOUS
10
6.4751199606299208
20
-4.3749877559055115
11
6.3570097244094486
21
-4.3749877559055115
0
LINE
8
BLACK
6
CONTINUOUS
10
6.3570097244094486
20
-4.3749877559055115
11
6.3570097244094486
21
-4.3474287007874013
0
LINE
8
BLACK
6
CONTINUOUS
10
6.3570097244094486
20
-4.3474287007874013
11
6.4751199606299208
21
-4.3474287007874013
0
LINE
8
BLACK
6
CONTINUOUS
10
6.4751199606299208
20
-4.3474287007874013
11
6.4751199606299208
21
-4.3749877559055115
0
LINE
8
BLACK
6
CONTINUOUS
10
6.544411299212598
20
-4.3712082283464566
11
6.5089782283464563
21
-4.3712082283464566
0
LINE
8
BLACK
6
CONTINUOUS
10
6.5089782283464563
20
-4.3712082283464566
11
6.5089782283464563
21
-4.3397121653543307
0
LINE
8
BLACK
6
CONTINUOUS
10
6.5089782283464563
20
-4.3397121653543307
11
6.544411299212598
21
-4.3397121653543307
0
LINE
8
BLACK
6
CONTINUOUS
10
6.544411299212598
20
-4.3397121653543307
11
6.544411299212598
21
-4.3712082283464566
0
LINE
8
BLACK
6
CONTINUOUS
10
6.6944112992125984
20
-4.3712082283464566
11
6.6589782283464567
21
-4.3712082283464566
0
LINE
8
BLACK
6
CONTINUOUS
10
6.6589782283464567
20
-4.3712082283464566
11
6.6589782283464567
21
-4.3397121653543307
0
LINE
8
BLACK
6
CONTINUOUS
10
6.6589782283464567
20
-4.3397121653543307
11
6.6944112992125984
21
-4.3397121653543307
0
LINE
8
BLACK
6
CONTINUOUS
10
6.6944112992125984
20
-4.3397121653543307
11
6.6944112992125984
21
-4.3712082283464566
0
LINE
8
BLACK
6
CONTINUOUS
10
6.9352941732283462
20
-4.2507164960629922
11
6.9442430708661416
21
-4.2531143307086614
0
LINE
8
BLACK
6
CONTINUOUS
10
6.9442430708661416
20
-4.2531143307086614
11
6.9526396456692909
21
-4.257029724409449
0
LINE
8
BLACK
6
CONTINUOUS
10
6.9526396456692909
20
-4.257029724409449
11
6.9602287401574801
21
-4.2623436614173231
0
LINE
8
BLACK
6
CONTINUOUS
10
6.9602287401574801
20
-4.2623436614173231
11
6.9667798031496062
21
-4.2688947244094484
0
LINE
8
BLACK
6
CONTINUOUS
10
6.9667798031496062
20
-4.2688947244094484
11
6.9720937401574803
21
-4.2764838188976375
0
LINE
8
BLACK
6
CONTINUOUS
10
6.9720937401574803
20
-4.2764838188976375
11
6.9760091338582679
21
-4.2848803937007869
0
LINE
8
BLACK
6
CONTINUOUS
10
6.9760091338582679
20
-4.2848803937007869
11
6.9784069685039372
21
-4.2938292913385823
0
LINE
8
BLACK
6
CONTINUOUS
10
6.9784069685039372
20
-4.2938292913385823
11
6.9792144488188974
21
-4.303058622047244
0
LINE
8
BLACK
6
CONTINUOUS
10
6.9792144488188974
20
-4.303058622047244
11
6.9784069685039372
21
-4.3122879527559057
0
LINE
8
BLACK
6
CONTINUOUS
10
6.9784069685039372
20
-4.3122879527559057
11
6.9760091338582679
21
-4.3212368503937011
0
LINE
8
BLACK
6
CONTINUOUS
10
6.9760091338582679
20
-4.3212368503937011
11
6.9720937401574803
21
-4.3296334251968505
0
LINE
8
BLACK
6
CONTINUOUS
10
6.9720937401574803
20
-4.3296334251968505
11
6.9667798031496062
21
-4.3372225196850396
0
LINE
8
BLACK
6
CONTINUOUS
10
6.9667798031496062
20
-4.3372225196850396
11
6.9602287401574801
21
-4.3437735826771648
0
LINE
8
BLACK
6
CONTINUOUS
10
6.9602287401574801
20
-4.3437735826771648
11
6.9526396456692909
21
-4.3490875196850389
0
LINE
8
BLACK
6
CONTINUOUS
10
6.9526396456692909
20
-4.3490875196850389
11
6.9442430708661416
21
-4.3530029133858266
0
LINE
8
BLACK
6
CONTINUOUS
10
6.9442430708661416
20
-4.3530029133858266
11
6.9352941732283462
21
-4.3554007480314958
0
LINE
8
BLACK
6
CONTINUOUS
10
6.9352941732283462
20
-4.3554007480314958
11
6.9260648425196845
21
-4.3562082283464569
0
LINE
8
BLACK
6
CONTINUOUS
10
6.9260648425196845
20
-4.3562082283464569
11
6.9168355118110236
21
-4.3554007480314958
0
LINE
8
BLACK
6
CONTINUOUS
10
6.9168355118110236
20
-4.3554007480314958
11
6.9078866141732282
21
-4.3530029133858266
0
LINE
8
BLACK
6
CONTINUOUS
10
6.9078866141732282
20
-4.3530029133858266
11
6.8994900393700789
21
-4.3490875196850389
0
LINE
8
BLACK
6
CONTINUOUS
10
6.8994900393700789
20
-4.3490875196850389
11
6.8919009448818898
21
-4.3437735826771648
0
LINE
8
BLACK
6
CONTINUOUS
10
6.8919009448818898
20
-4.3437735826771648
11
6.8853498818897636
21
-4.3372225196850396
0
LINE
8
BLACK
6
CONTINUOUS
10
6.8853498818897636
20
-4.3372225196850396
11
6.8800359448818895
21
-4.3296334251968505
0
LINE
8
BLACK
6
CONTINUOUS
10
6.8800359448818895
20
-4.3296334251968505
11
6.8761205511811019
21
-4.3212368503937011
0
LINE
8
BLACK
6
CONTINUOUS
10
6.8761205511811019
20
-4.3212368503937011
11
6.8737227165354327
21
-4.3122879527559057
0
LINE
8
BLACK
6
CONTINUOUS
10
6.8737227165354327
20
-4.3122879527559057
11
6.8729152362204724
21
-4.303058622047244
0
LINE
8
BLACK
6
CONTINUOUS
10
6.8729152362204724
20
-4.303058622047244
11
6.8737227165354327
21
-4.2938292913385823
0
LINE
8
BLACK
6
CONTINUOUS
10
6.8737227165354327
20
-4.2938292913385823
11
6.8761205511811019
21
-4.2848803937007869
0
LINE
8
BLACK
6
CONTINUOUS
10
6.8761205511811019
20
-4.2848803937007869
11
6.8800359448818895
21
-4.2764838188976375
0
LINE
8
BLACK
6
CONTINUOUS
10
6.8800359448818895
20
-4.2764838188976375
11
6.8853498818897636
21
-4.2688947244094484
0
LINE
8
BLACK
6
CONTINUOUS
10
6.8853498818897636
20
-4.2688947244094484
11
6.8919009448818898
21
-4.2623436614173231
0
LINE
8
BLACK
6
CONTINUOUS
10
6.8919009448818898
20
-4.2623436614173231
11
6.8994900393700789
21
-4.257029724409449
0
LINE
8
BLACK
6
CONTINUOUS
10
6.8994900393700789
20
-4.257029724409449
11
6.9078866141732282
21
-4.2531143307086614
0
LINE
8
BLACK
6
CONTINUOUS
10
6.9078866141732282
20
-4.2531143307086614
11
6.9168355118110236
21
-4.2507164960629922
0
LINE
8
BLACK
6
CONTINUOUS
10
6.9168355118110236
20
-4.2507164960629922
11
6.9260648425196845
21
-4.249909015748031
0
LINE
8
BLACK
6
CONTINUOUS
10
6.9260648425196845
20
-4.249909015748031
11
6.9352941732283462
21
-4.2507164960629922
0
LINE
8
BLACK
6
CONTINUOUS
10
7.1352941732283464
20
-4.2507164960629922
11
7.1442430708661417
21
-4.2531143307086614
0
LINE
8
BLACK
6
CONTINUOUS
10
7.1442430708661417
20
-4.2531143307086614
11
7.1526396456692911
21
-4.257029724409449
0
LINE
8
BLACK
6
CONTINUOUS
10
7.1526396456692911
20
-4.257029724409449
11
7.1602287401574802
21
-4.2623436614173231
0
LINE
8
BLACK
6
CONTINUOUS
10
7.1602287401574802
20
-4.2623436614173231
11
7.1667798031496064
21
-4.2688947244094484
0
LINE
8
BLACK
6
CONTINUOUS
10
7.1667798031496064
20
-4.2688947244094484
11
7.1720937401574805
21
-4.2764838188976375
0
LINE
8
BLACK
6
CONTINUOUS
10
7.1720937401574805
20
-4.2764838188976375
11
7.1760091338582672
21
-4.2848803937007869
0
LINE
8
BLACK
6
CONTINUOUS
10
7.1760091338582672
20
-4.2848803937007869
11
7.1784069685039364
21
-4.2938292913385823
0
LINE
8
BLACK
6
CONTINUOUS
10
7.1784069685039364
20
-4.2938292913385823
11
7.1792144488188976
21
-4.303058622047244
0
LINE
8
BLACK
6
CONTINUOUS
10
7.1792144488188976
20
-4.303058622047244
11
7.1784069685039364
21
-4.3122879527559057
0
LINE
8
BLACK
6
CONTINUOUS
10
7.1784069685039364
20
-4.3122879527559057
11
7.1760091338582672
21
-4.3212368503937011
0
LINE
8
BLACK
6
CONTINUOUS
10
7.1760091338582672
20
-4.3212368503937011
11
7.1720937401574805
21
-4.3296334251968505
0
LINE
8
BLACK
6
CONTINUOUS
10
7.1720937401574805
20
-4.3296334251968505
11
7.1667798031496064
21
-4.3372225196850396
0
LINE
8
BLACK
6
CONTINUOUS
10
7.1667798031496064
20
-4.3372225196850396
11
7.1602287401574802
21
-4.3437735826771648
0
LINE
8
BLACK
6
CONTINUOUS
10
7.1602287401574802
20
-4.3437735826771648
11
7.1526396456692911
21
-4.3490875196850389
0
LINE
8
BLACK
6
CONTINUOUS
10
7.1526396456692911
20
-4.3490875196850389
11
7.1442430708661417
21
-4.3530029133858266
0
LINE
8
BLACK
6
CONTINUOUS
10
7.1442430708661417
20
-4.3530029133858266
11
7.1352941732283464
21
-4.3554007480314958
0
LINE
8
BLACK
6
CONTINUOUS
10
7.1352941732283464
20
-4.3554007480314958
11
7.1260648425196846
21
-4.3562082283464569
0
LINE
8
BLACK
6
CONTINUOUS
10
7.1260648425196846
20
-4.3562082283464569
11
7.1168355118110238
21
-4.3554007480314958
0
LINE
8
BLACK
6
CONTINUOUS
10
7.1168355118110238
20
-4.3554007480314958
11
7.1078866141732284
21
-4.3530029133858266
0
LINE
8
BLACK
6
CONTINUOUS
10
7.1078866141732284
20
-4.3530029133858266
11
7.0994900393700782
21
-4.3490875196850389
0
LINE
8
BLACK
6
CONTINUOUS
10
7.0994900393700782
20
-4.3490875196850389
11
7.0919009448818899
21
-4.3437735826771648
0
LINE
8
BLACK
6
CONTINUOUS
10
7.0919009448818899
20
-4.3437735826771648
11
7.0853498818897638
21
-4.3372225196850396
0
LINE
8
BLACK
6
CONTINUOUS
10
7.0853498818897638
20
-4.3372225196850396
11
7.0800359448818897
21
-4.3296334251968505
0
LINE
8
BLACK
6
CONTINUOUS
10
7.0800359448818897
20
-4.3296334251968505
11
7.0761205511811021
21
-4.3212368503937011
0
LINE
8
BLACK
6
CONTINUOUS
10
7.0761205511811021
20
-4.3212368503937011
11
7.0737227165354328
21
-4.3122879527559057
0
LINE
8
BLACK
6
CONTINUOUS
10
7.0737227165354328
20
-4.3122879527559057
11
7.0729152362204726
21
-4.303058622047244
0
LINE
8
BLACK
6
CONTINUOUS
10
7.0729152362204726
20
-4.303058622047244
11
7.0737227165354328
21
-4.2938292913385823
0
LINE
8
BLACK
6
CONTINUOUS
10
7.0737227165354328
20
-4.2938292913385823
11
7.0761205511811021
21
-4.2848803937007869
0
LINE
8
BLACK
6
CONTINUOUS
10
7.0761205511811021
20
-4.2848803937007869
11
7.0800359448818897
21
-4.2764838188976375
0
LINE
8
BLACK
6
CONTINUOUS
10
7.0800359448818897
20
-4.2764838188976375
11
7.0853498818897638
21
-4.2688947244094484
0
LINE
8
BLACK
6
CONTINUOUS
10
7.0853498818897638
20
-4.2688947244094484
11
7.0919009448818899
21
-4.2623436614173231
0
LINE
8
BLACK
6
CONTINUOUS
10
7.0919009448818899
20
-4.2623436614173231
11
7.0994900393700782
21
-4.257029724409449
0
LINE
8
BLACK
6
CONTINUOUS
10
7.0994900393700782
20
-4.257029724409449
11
7.1078866141732284
21
-4.2531143307086614
0
LINE
8
BLACK
6
CONTINUOUS
10
7.1078866141732284
20
-4.2531143307086614
11
7.1168355118110238
21
-4.2507164960629922
0
LINE
8
BLACK
6
CONTINUOUS
10
7.1168355118110238
20
-4.2507164960629922
11
7.1260648425196846
21
-4.249909015748031
0
LINE
8
BLACK
6
CONTINUOUS
10
7.1260648425196846
20
-4.249909015748031
11
7.1352941732283464
21
-4.2507164960629922
0
LINE
8
BLACK
6
CONTINUOUS
10
6.6231514566929128
20
-4.3338066535433066
11
6.5877183858267712
21
-4.3338066535433066
0
LINE
8
BLACK
6
CONTINUOUS
10
6.5877183858267712
20
-4.3338066535433066
11
6.5877183858267712
21
-4.3023105905511807
0
LINE
8
BLACK
6
CONTINUOUS
10
6.5877183858267712
20
-4.3023105905511807
11
6.6231514566929128
21
-4.3023105905511807
0
LINE
8
BLACK
6
CONTINUOUS
10
6.6231514566929128
20
-4.3023105905511807
11
6.6231514566929128
21
-4.3338066535433066
0
LINE
8
BLACK
6
CONTINUOUS
10
6.7731514566929132
20
-4.3338066535433066
11
6.7377183858267715
21
-4.3338066535433066
0
LINE
8
BLACK
6
CONTINUOUS
10
6.7377183858267715
20
-4.3338066535433066
11
6.7377183858267715
21
-4.3023105905511807
0
LINE
8
BLACK
6
CONTINUOUS
10
6.7377183858267715
20
-4.3023105905511807
11
6.7731514566929132
21
-4.3023105905511807
0
LINE
8
BLACK
6
CONTINUOUS
10
6.7731514566929132
20
-4.3023105905511807
11
6.7731514566929132
21
-4.3338066535433066
0
LINE
8
BLACK
6
CONTINUOUS
10
6.4455924015748032
20
-4.3336491732283466
11
6.3865372834645671
21
-4.3336491732283466
0
LINE
8
BLACK
6
CONTINUOUS
10
6.3865372834645671
20
-4.3336491732283466
11
6.3865372834645671
21
-4.282468070866142
0
LINE
8
BLACK
6
CONTINUOUS
10
6.3865372834645671
20
-4.282468070866142
11
6.4455924015748032
21
-4.282468070866142
0
LINE
8
BLACK
6
CONTINUOUS
10
6.4455924015748032
20
-4.282468070866142
11
6.4455924015748032
21
-4.3336491732283466
0
LINE
8
BLACK
6
CONTINUOUS
10
5.3285648425196852
20
-4.3330586220472442
11
5.2735648425196846
21
-4.3330586220472442
0
LINE
8
BLACK
6
CONTINUOUS
10
5.2735648425196846
20
-4.3330586220472442
11
5.2735648425196846
21
-4.2980586220472441
0
LINE
8
BLACK
6
CONTINUOUS
10
5.2735648425196846
20
-4.2980586220472441
11
5.3285648425196852
21
-4.2980586220472441
0
LINE
8
BLACK
6
CONTINUOUS
10
5.3285648425196852
20
-4.2980586220472441
11
5.3285648425196852
21
-4.3330586220472442
0
LINE
8
BLACK
6
CONTINUOUS
10
5.4285648425196849
20
-4.3330586220472442
11
5.3735648425196851
21
-4.3330586220472442
0
LINE
8
BLACK
6
CONTINUOUS
10
5.3735648425196851
20
-4.3330586220472442
11
5.3735648425196851
21
-4.2980586220472441
0
LINE
8
BLACK
6
CONTINUOUS
10
5.3735648425196851
20
-4.2980586220472441
11
5.4285648425196849
21
-4.2980586220472441
0
LINE
8
BLACK
6
CONTINUOUS
10
5.4285648425196849
20
-4.2980586220472441
11
5.4285648425196849
21
-4.3330586220472442
0
LINE
8
BLACK
6
CONTINUOUS
10
5.5285648425196845
20
-4.3330586220472442
11
5.4735648425196848
21
-4.3330586220472442
0
LINE
8
BLACK
6
CONTINUOUS
10
5.4735648425196848
20
-4.3330586220472442
11
5.4735648425196848
21
-4.2980586220472441
0
LINE
8
BLACK
6
CONTINUOUS
10
5.4735648425196848
20
-4.2980586220472441
11
5.5285648425196845
21
-4.2980586220472441
0
LINE
8
BLACK
6
CONTINUOUS
10
5.5285648425196845
20
-4.2980586220472441
11
5.5285648425196845
21
-4.3330586220472442
0
LINE
8
BLACK
6
CONTINUOUS
10
5.628564842519685
20
-4.3330586220472442
11
5.5735648425196853
21
-4.3330586220472442
0
LINE
8
BLACK
6
CONTINUOUS
10
5.5735648425196853
20
-4.3330586220472442
11
5.5735648425196853
21
-4.2980586220472441
0
LINE
8
BLACK
6
CONTINUOUS
10
5.5735648425196853
20
-4.2980586220472441
11
5.628564842519685
21
-4.2980586220472441
0
LINE
8
BLACK
6
CONTINUOUS
10
5.628564842519685
20
-4.2980586220472441
11
5.628564842519685
21
-4.3330586220472442
0
LINE
8
BLACK
6
CONTINUOUS
10
5.8285648425196852
20
-4.3330586220472442
11
5.7735648425196846
21
-4.3330586220472442
0
LINE
8
BLACK
6
CONTINUOUS
10
5.7735648425196846
20
-4.3330586220472442
11
5.7735648425196846
21
-4.2980586220472441
0
LINE
8
BLACK
6
CONTINUOUS
10
5.7735648425196846
20
-4.2980586220472441
11
5.8285648425196852
21
-4.2980586220472441
0
LINE
8
BLACK
6
CONTINUOUS
10
5.8285648425196852
20
-4.2980586220472441
11
5.8285648425196852
21
-4.3330586220472442
0
LINE
8
BLACK
6
CONTINUOUS
10
5.9285648425196849
20
-4.3330586220472442
11
5.8735648425196851
21
-4.3330586220472442
0
LINE
8
BLACK
6
CONTINUOUS
10
5.8735648425196851
20
-4.3330586220472442
11
5.8735648425196851
21
-4.2980586220472441
0
LINE
8
BLACK
6
CONTINUOUS
10
5.8735648425196851
20
-4.2980586220472441
11
5.9285648425196849
21
-4.2980586220472441
0
LINE
8
BLACK
6
CONTINUOUS
10
5.9285648425196849
20
-4.2980586220472441
11
5.9285648425196849
21
-4.3330586220472442
0
LINE
8
BLACK
6
CONTINUOUS
10
6.0285648425196845
20
-4.3330586220472442
11
5.9735648425196848
21
-4.3330586220472442
0
LINE
8
BLACK
6
CONTINUOUS
10
5.9735648425196848
20
-4.3330586220472442
11
5.9735648425196848
21
-4.2980586220472441
0
LINE
8
BLACK
6
CONTINUOUS
10
5.9735648425196848
20
-4.2980586220472441
11
6.0285648425196845
21
-4.2980586220472441
0
LINE
8
BLACK
6
CONTINUOUS
10
6.0285648425196845
20
-4.2980586220472441
11
6.0285648425196845
21
-4.3330586220472442
0
LINE
8
BLACK
6
CONTINUOUS
10
6.128564842519685
20
-4.3330586220472442
11
6.0735648425196853
21
-4.3330586220472442
0
LINE
8
BLACK
6
CONTINUOUS
10
6.0735648425196853
20
-4.3330586220472442
11
6.0735648425196853
21
-4.2980586220472441
0
LINE
8
BLACK
6
CONTINUOUS
10
6.0735648425196853
20
-4.2980586220472441
11
6.128564842519685
21
-4.2980586220472441
0
LINE
8
BLACK
6
CONTINUOUS
10
6.128564842519685
20
-4.2980586220472441
11
6.128564842519685
21
-4.3330586220472442
0
LINE
8
BLACK
6
CONTINUOUS
10
6.2285648425196847
20
-4.3330586220472442
11
6.173564842519685
21
-4.3330586220472442
0
LINE
8
BLACK
6
CONTINUOUS
10
6.173564842519685
20
-4.3330586220472442
11
6.173564842519685
21
-4.2980586220472441
0
LINE
8
BLACK
6
CONTINUOUS
10
6.173564842519685
20
-4.2980586220472441
11
6.2285648425196847
21
-4.2980586220472441
0
LINE
8
BLACK
6
CONTINUOUS
10
6.2285648425196847
20
-4.2980586220472441
11
6.2285648425196847
21
-4.3330586220472442
0
LINE
8
BLACK
6
CONTINUOUS
10
4.9560648425196847
20
-4.3230586220472436
11
4.8960648425196851
21
-4.3230586220472436
0
LINE
8
BLACK
6
CONTINUOUS
10
4.8960648425196851
20
-4.3230586220472436
11
4.8960648425196851
21
-4.263058622047244
0
LINE
8
BLACK
6
CONTINUOUS
10
4.8960648425196851
20
-4.263058622047244
11
4.9560648425196847
21
-4.263058622047244
0
LINE
8
BLACK
6
CONTINUOUS
10
4.9560648425196847
20
-4.263058622047244
11
4.9560648425196847
21
-4.3230586220472436
0
LINE
8
BLACK
6
CONTINUOUS
10
5.0560648425196852
20
-4.3230586220472436
11
4.9960648425196847
21
-4.3230586220472436
0
LINE
8
BLACK
6
CONTINUOUS
10
4.9960648425196847
20
-4.3230586220472436
11
4.9960648425196847
21
-4.263058622047244
0
LINE
8
BLACK
6
CONTINUOUS
10
4.9960648425196847
20
-4.263058622047244
11
5.0560648425196852
21
-4.263058622047244
0
LINE
8
BLACK
6
CONTINUOUS
10
5.0560648425196852
20
-4.263058622047244
11
5.0560648425196852
21
-4.3230586220472436
0
LINE
8
BLACK
6
CONTINUOUS
10
6.3285648425196852
20
-4.3080586220472439
11
6.2735648425196846
21
-4.3080586220472439
0
LINE
8
BLACK
6
CONTINUOUS
10
6.2735648425196846
20
-4.3080586220472439
11
6.2735648425196846
21
-4.2730586220472437
0
LINE
8
BLACK
6
CONTINUOUS
10
6.2735648425196846
20
-4.2730586220472437
11
6.3285648425196852
21
-4.2730586220472437
0
LINE
8
BLACK
6
CONTINUOUS
10
6.3285648425196852
20
-4.2730586220472437
11
6.3285648425196852
21
-4.3080586220472439
0
LINE
8
BLACK
6
CONTINUOUS
10
6.544411299212598
20
-4.2964050787401575
11
6.5089782283464563
21
-4.2964050787401575
0
LINE
8
BLACK
6
CONTINUOUS
10
6.5089782283464563
20
-4.2964050787401575
11
6.5089782283464563
21
-4.2649090157480316
0
LINE
8
BLACK
6
CONTINUOUS
10
6.5089782283464563
20
-4.2649090157480316
11
6.544411299212598
21
-4.2649090157480316
0
LINE
8
BLACK
6
CONTINUOUS
10
6.544411299212598
20
-4.2649090157480316
11
6.544411299212598
21
-4.2964050787401575
0
LINE
8
BLACK
6
CONTINUOUS
10
6.6944112992125984
20
-4.2964050787401575
11
6.6589782283464567
21
-4.2964050787401575
0
LINE
8
BLACK
6
CONTINUOUS
10
6.6589782283464567
20
-4.2964050787401575
11
6.6589782283464567
21
-4.2649090157480316
0
LINE
8
BLACK
6
CONTINUOUS
10
6.6589782283464567
20
-4.2649090157480316
11
6.6944112992125984
21
-4.2649090157480316
0
LINE
8
BLACK
6
CONTINUOUS
10
6.6944112992125984
20
-4.2649090157480316
11
6.6944112992125984
21
-4.2964050787401575
0
LINE
8
BLACK
6
CONTINUOUS
10
5.838564842519685
20
-4.2655586220472443
11
5.8035648425196849
21
-4.2655586220472443
0
LINE
8
BLACK
6
CONTINUOUS
10
5.8035648425196849
20
-4.2655586220472443
11
5.8035648425196849
21
-4.2105586220472437
0
LINE
8
BLACK
6
CONTINUOUS
10
5.8035648425196849
20
-4.2105586220472437
11
5.838564842519685
21
-4.2105586220472437
0
LINE
8
BLACK
6
CONTINUOUS
10
5.838564842519685
20
-4.2105586220472437
11
5.838564842519685
21
-4.2655586220472443
0
LINE
8
BLACK
6
CONTINUOUS
10
5.9135648425196852
20
-4.2655586220472443
11
5.878564842519685
21
-4.2655586220472443
0
LINE
8
BLACK
6
CONTINUOUS
10
5.878564842519685
20
-4.2655586220472443
11
5.878564842519685
21
-4.2105586220472437
0
LINE
8
BLACK
6
CONTINUOUS
10
5.878564842519685
20
-4.2105586220472437
11
5.9135648425196852
21
-4.2105586220472437
0
LINE
8
BLACK
6
CONTINUOUS
10
5.9135648425196852
20
-4.2105586220472437
11
5.9135648425196852
21
-4.2655586220472443
0
LINE
8
BLACK
6
CONTINUOUS
10
6.1635648425196852
20
-4.2580586220472441
11
6.1085648425196846
21
-4.2580586220472441
0
LINE
8
BLACK
6
CONTINUOUS
10
6.1085648425196846
20
-4.2580586220472441
11
6.1085648425196846
21
-4.2230586220472439
0
LINE
8
BLACK
6
CONTINUOUS
10
6.1085648425196846
20
-4.2230586220472439
11
6.1635648425196852
21
-4.2230586220472439
0
LINE
8
BLACK
6
CONTINUOUS
10
6.1635648425196852
20
-4.2230586220472439
11
6.1635648425196852
21
-4.2580586220472441
0
LINE
8
BLACK
6
CONTINUOUS
10
6.2435648425196852
20
-4.2580586220472441
11
6.1885648425196846
21
-4.2580586220472441
0
LINE
8
BLACK
6
CONTINUOUS
10
6.1885648425196846
20
-4.2580586220472441
11
6.1885648425196846
21
-4.2230586220472439
0
LINE
8
BLACK
6
CONTINUOUS
10
6.1885648425196846
20
-4.2230586220472439
11
6.2435648425196852
21
-4.2230586220472439
0
LINE
8
BLACK
6
CONTINUOUS
10
6.2435648425196852
20
-4.2230586220472439
11
6.2435648425196852
21
-4.2580586220472441
0
LINE
8
BLACK
6
CONTINUOUS
10
6.0835648425196851
20
-4.2555586220472437
11
6.0285648425196845
21
-4.2555586220472437
0
LINE
8
BLACK
6
CONTINUOUS
10
6.0285648425196845
20
-4.2555586220472437
11
6.0285648425196845
21
-4.2205586220472444
0
LINE
8
BLACK
6
CONTINUOUS
10
6.0285648425196845
20
-4.2205586220472444
11
6.0835648425196851
21
-4.2205586220472444
0
LINE
8
BLACK
6
CONTINUOUS
10
6.0835648425196851
20
-4.2205586220472444
11
6.0835648425196851
21
-4.2555586220472437
0
LINE
8
BLACK
6
CONTINUOUS
10
7.0346105118110236
20
-4.1545936614173229
11
7.042896535433071
21
-4.1568138976377949
0
LINE
8
BLACK
6
CONTINUOUS
10
7.042896535433071
20
-4.1568138976377949
11
7.0506711417322832
21
-4.1604392519685041
0
LINE
8
BLACK
6
CONTINUOUS
10
7.0506711417322832
20
-4.1604392519685041
11
7.0576981102362204
21
-4.1653595669291335
0
LINE
8
BLACK
6
CONTINUOUS
10
7.0576981102362204
20
-4.1653595669291335
11
7.063763897637795
21
-4.1714253543307089
0
LINE
8
BLACK
6
CONTINUOUS
10
7.063763897637795
20
-4.1714253543307089
11
7.0686842125984253
21
-4.1784523228346453
0
LINE
8
BLACK
6
CONTINUOUS
10
7.0686842125984253
20
-4.1784523228346453
11
7.0723095669291336
21
-4.1862269291338583
0
LINE
8
BLACK
6
CONTINUOUS
10
7.0723095669291336
20
-4.1862269291338583
11
7.0745298031496064
21
-4.1945129527559057
0
LINE
8
BLACK
6
CONTINUOUS
10
7.0745298031496064
20
-4.1945129527559057
11
7.0752774409448813
21
-4.2030586220472443
0
LINE
8
BLACK
6
CONTINUOUS
10
7.0752774409448813
20
-4.2030586220472443
11
7.0745298031496064
21
-4.2116042913385829
0
LINE
8
BLACK
6
CONTINUOUS
10
7.0745298031496064
20
-4.2116042913385829
11
7.0723095669291336
21
-4.2198903149606295
0
LINE
8
BLACK
6
CONTINUOUS
10
7.0723095669291336
20
-4.2198903149606295
11
7.0686842125984253
21
-4.2276649212598425
0
LINE
8
BLACK
6
CONTINUOUS
10
7.0686842125984253
20
-4.2276649212598425
11
7.063763897637795
21
-4.2346918897637797
0
LINE
8
BLACK
6
CONTINUOUS
10
7.063763897637795
20
-4.2346918897637797
11
7.0576981102362204
21
-4.2407576771653543
0
LINE
8
BLACK
6
CONTINUOUS
10
7.0576981102362204
20
-4.2407576771653543
11
7.0506711417322832
21
-4.2456779921259837
0
LINE
8
BLACK
6
CONTINUOUS
10
7.0506711417322832
20
-4.2456779921259837
11
7.042896535433071
21
-4.2493033464566929
0
LINE
8
BLACK
6
CONTINUOUS
10
7.042896535433071
20
-4.2493033464566929
11
7.0346105118110236
21
-4.2515235826771649
0
LINE
8
BLACK
6
CONTINUOUS
10
7.0346105118110236
20
-4.2515235826771649
11
7.026064842519685
21
-4.2522712204724407
0
LINE
8
BLACK
6
CONTINUOUS
10
7.026064842519685
20
-4.2522712204724407
11
7.0175191732283464
21
-4.2515235826771649
0
LINE
8
BLACK
6
CONTINUOUS
10
7.0175191732283464
20
-4.2515235826771649
11
7.009233149606299
21
-4.2493033464566929
0
LINE
8
BLACK
6
CONTINUOUS
10
7.009233149606299
20
-4.2493033464566929
11
7.0014585433070868
21
-4.2456779921259837
0
LINE
8
BLACK
6
CONTINUOUS
10
7.0014585433070868
20
-4.2456779921259837
11
6.9944315748031496
21
-4.2407576771653543
0
LINE
8
BLACK
6
CONTINUOUS
10
6.9944315748031496
20
-4.2407576771653543
11
6.988365787401575
21
-4.2346918897637797
0
LINE
8
BLACK
6
CONTINUOUS
10
6.988365787401575
20
-4.2346918897637797
11
6.9834454724409447
21
-4.2276649212598425
0
LINE
8
BLACK
6
CONTINUOUS
10
6.9834454724409447
20
-4.2276649212598425
11
6.9798201181102364
21
-4.2198903149606295
0
LINE
8
BLACK
6
CONTINUOUS
10
6.9798201181102364
20
-4.2198903149606295
11
6.9775998818897635
21
-4.2116042913385829
0
LINE
8
BLACK
6
CONTINUOUS
10
6.9775998818897635
20
-4.2116042913385829
11
6.9768522440944878
21
-4.2030586220472443
0
LINE
8
BLACK
6
CONTINUOUS
10
6.9768522440944878
20
-4.2030586220472443
11
6.9775998818897635
21
-4.1945129527559057
0
LINE
8
BLACK
6
CONTINUOUS
10
6.9775998818897635
20
-4.1945129527559057
11
6.9798201181102364
21
-4.1862269291338583
0
LINE
8
BLACK
6
CONTINUOUS
10
6.9798201181102364
20
-4.1862269291338583
11
6.9834454724409447
21
-4.1784523228346453
0
LINE
8
BLACK
6
CONTINUOUS
10
6.9834454724409447
20
-4.1784523228346453
11
6.988365787401575
21
-4.1714253543307089
0
LINE
8
BLACK
6
CONTINUOUS
10
6.988365787401575
20
-4.1714253543307089
11
6.9944315748031496
21
-4.1653595669291335
0
LINE
8
BLACK
6
CONTINUOUS
10
6.9944315748031496
20
-4.1653595669291335
11
7.0014585433070868
21
-4.1604392519685041
0
LINE
8
BLACK
6
CONTINUOUS
10
7.0014585433070868
20
-4.1604392519685041
11
7.009233149606299
21
-4.1568138976377949
0
LINE
8
BLACK
6
CONTINUOUS
10
7.009233149606299
20
-4.1568138976377949
11
7.0175191732283464
21
-4.1545936614173229
0
LINE
8
BLACK
6
CONTINUOUS
10
7.0175191732283464
20
-4.1545936614173229
11
7.026064842519685
21
-4.1538460236220471
0
LINE
8
BLACK
6
CONTINUOUS
10
7.026064842519685
20
-4.1538460236220471
11
7.0346105118110236
21
-4.1545936614173229
0
LINE
8
BLACK
6
CONTINUOUS
10
4.9560648425196847
20
-4.2230586220472439
11
4.8960648425196851
21
-4.2230586220472439
0
LINE
8
BLACK
6
CONTINUOUS
10
4.8960648425196851
20
-4.2230586220472439
11
4.8960648425196851
21
-4.1630586220472443
0
LINE
8
BLACK
6
CONTINUOUS
10
4.8960648425196851
20
-4.1630586220472443
11
4.9560648425196847
21
-4.1630586220472443
0
LINE
8
BLACK
6
CONTINUOUS
10
4.9560648425196847
20
-4.1630586220472443
11
4.9560648425196847
21
-4.2230586220472439
0
LINE
8
BLACK
6
CONTINUOUS
10
5.0560648425196852
20
-4.2230586220472439
11
4.9960648425196847
21
-4.2230586220472439
0
LINE
8
BLACK
6
CONTINUOUS
10
4.9960648425196847
20
-4.2230586220472439
11
4.9960648425196847
21
-4.1630586220472443
0
LINE
8
BLACK
6
CONTINUOUS
10
4.9960648425196847
20
-4.1630586220472443
11
5.0560648425196852
21
-4.1630586220472443
0
LINE
8
BLACK
6
CONTINUOUS
10
5.0560648425196852
20
-4.1630586220472443
11
5.0560648425196852
21
-4.2230586220472439
0
LINE
8
BLACK
6
CONTINUOUS
10
6.3585648425196846
20
-4.2125393700787397
11
6.3235648425196853
21
-4.2125393700787397
0
LINE
8
BLACK
6
CONTINUOUS
10
6.3235648425196853
20
-4.2125393700787397
11
6.3235648425196853
21
-4.15753937007874
0
LINE
8
BLACK
6
CONTINUOUS
10
6.3235648425196853
20
-4.15753937007874
11
6.3585648425196846
21
-4.15753937007874
0
LINE
8
BLACK
6
CONTINUOUS
10
6.3585648425196846
20
-4.15753937007874
11
6.3585648425196846
21
-4.2125393700787397
0
LINE
8
BLACK
6
CONTINUOUS
10
6.4335648425196847
20
-4.2125393700787397
11
6.3985648425196846
21
-4.2125393700787397
0
LINE
8
BLACK
6
CONTINUOUS
10
6.3985648425196846
20
-4.2125393700787397
11
6.3985648425196846
21
-4.15753937007874
0
LINE
8
BLACK
6
CONTINUOUS
10
6.3985648425196846
20
-4.15753937007874
11
6.4335648425196847
21
-4.15753937007874
0
LINE
8
BLACK
6
CONTINUOUS
10
6.4335648425196847
20
-4.15753937007874
11
6.4335648425196847
21
-4.2125393700787397
0
LINE
8
BLACK
6
CONTINUOUS
10
6.1635648425196852
20
-4.1830586220472439
11
6.1085648425196846
21
-4.1830586220472439
0
LINE
8
BLACK
6
CONTINUOUS
10
6.1085648425196846
20
-4.1830586220472439
11
6.1085648425196846
21
-4.1480586220472437
0
LINE
8
BLACK
6
CONTINUOUS
10
6.1085648425196846
20
-4.1480586220472437
11
6.1635648425196852
21
-4.1480586220472437
0
LINE
8
BLACK
6
CONTINUOUS
10
6.1635648425196852
20
-4.1480586220472437
11
6.1635648425196852
21
-4.1830586220472439
0
LINE
8
BLACK
6
CONTINUOUS
10
6.2435648425196852
20
-4.1830586220472439
11
6.1885648425196846
21
-4.1830586220472439
0
LINE
8
BLACK
6
CONTINUOUS
10
6.1885648425196846
20
-4.1830586220472439
11
6.1885648425196846
21
-4.1480586220472437
0
LINE
8
BLACK
6
CONTINUOUS
10
6.1885648425196846
20
-4.1480586220472437
11
6.2435648425196852
21
-4.1480586220472437
0
LINE
8
BLACK
6
CONTINUOUS
10
6.2435648425196852
20
-4.1480586220472437
11
6.2435648425196852
21
-4.1830586220472439
0
LINE
8
BLACK
6
CONTINUOUS
10
6.0835648425196851
20
-4.1805586220472444
11
6.0285648425196845
21
-4.1805586220472444
0
LINE
8
BLACK
6
CONTINUOUS
10
6.0285648425196845
20
-4.1805586220472444
11
6.0285648425196845
21
-4.1455586220472442
0
LINE
8
BLACK
6
CONTINUOUS
10
6.0285648425196845
20
-4.1455586220472442
11
6.0835648425196851
21
-4.1455586220472442
0
LINE
8
BLACK
6
CONTINUOUS
10
6.0835648425196851
20
-4.1455586220472442
11
6.0835648425196851
21
-4.1805586220472444
0
LINE
8
BLACK
6
CONTINUOUS
10
5.2110648425196846
20
-4.1630586220472443
11
5.1310648425196845
21
-4.1630586220472443
0
LINE
8
BLACK
6
CONTINUOUS
10
5.1310648425196845
20
-4.1630586220472443
11
5.1310648425196845
21
-4.1230586220472443
0
LINE
8
BLACK
6
CONTINUOUS
10
5.1310648425196845
20
-4.1230586220472443
11
5.2110648425196846
21
-4.1230586220472443
0
LINE
8
BLACK
6
CONTINUOUS
10
5.2110648425196846
20
-4.1230586220472443
11
5.2110648425196846
21
-4.1630586220472443
0
LINE
8
BLACK
6
CONTINUOUS
10
6.9352941732283462
20
-4.050716496062992
11
6.9442430708661416
21
-4.0531143307086612
0
LINE
8
BLACK
6
CONTINUOUS
10
6.9442430708661416
20
-4.0531143307086612
11
6.9526396456692909
21
-4.0570297244094489
0
LINE
8
BLACK
6
CONTINUOUS
10
6.9526396456692909
20
-4.0570297244094489
11
6.9602287401574801
21
-4.0623436614173229
0
LINE
8
BLACK
6
CONTINUOUS
10
6.9602287401574801
20
-4.0623436614173229
11
6.9667798031496062
21
-4.0688947244094491
0
LINE
8
BLACK
6
CONTINUOUS
10
6.9667798031496062
20
-4.0688947244094491
11
6.9720937401574803
21
-4.0764838188976373
0
LINE
8
BLACK
6
CONTINUOUS
10
6.9720937401574803
20
-4.0764838188976373
11
6.9760091338582679
21
-4.0848803937007876
0
LINE
8
BLACK
6
CONTINUOUS
10
6.9760091338582679
20
-4.0848803937007876
11
6.9784069685039372
21
-4.093829291338583
0
LINE
8
BLACK
6
CONTINUOUS
10
6.9784069685039372
20
-4.093829291338583
11
6.9792144488188974
21
-4.1030586220472438
0
LINE
8
BLACK
6
CONTINUOUS
10
6.9792144488188974
20
-4.1030586220472438
11
6.9784069685039372
21
-4.1122879527559055
0
LINE
8
BLACK
6
CONTINUOUS
10
6.9784069685039372
20
-4.1122879527559055
11
6.9760091338582679
21
-4.1212368503937009
0
LINE
8
BLACK
6
CONTINUOUS
10
6.9760091338582679
20
-4.1212368503937009
11
6.9720937401574803
21
-4.1296334251968503
0
LINE
8
BLACK
6
CONTINUOUS
10
6.9720937401574803
20
-4.1296334251968503
11
6.9667798031496062
21
-4.1372225196850394
0
LINE
8
BLACK
6
CONTINUOUS
10
6.9667798031496062
20
-4.1372225196850394
11
6.9602287401574801
21
-4.1437735826771656
0
LINE
8
BLACK
6
CONTINUOUS
10
6.9602287401574801
20
-4.1437735826771656
11
6.9526396456692909
21
-4.1490875196850396
0
LINE
8
BLACK
6
CONTINUOUS
10
6.9526396456692909
20
-4.1490875196850396
11
6.9442430708661416
21
-4.1530029133858264
0
LINE
8
BLACK
6
CONTINUOUS
10
6.9442430708661416
20
-4.1530029133858264
11
6.9352941732283462
21
-4.1554007480314956
0
LINE
8
BLACK
6
CONTINUOUS
10
6.9352941732283462
20
-4.1554007480314956
11
6.9260648425196845
21
-4.1562082283464568
0
LINE
8
BLACK
6
CONTINUOUS
10
6.9260648425196845
20
-4.1562082283464568
11
6.9168355118110236
21
-4.1554007480314956
0
LINE
8
BLACK
6
CONTINUOUS
10
6.9168355118110236
20
-4.1554007480314956
11
6.9078866141732282
21
-4.1530029133858264
0
LINE
8
BLACK
6
CONTINUOUS
10
6.9078866141732282
20
-4.1530029133858264
11
6.8994900393700789
21
-4.1490875196850396
0
LINE
8
BLACK
6
CONTINUOUS
10
6.8994900393700789
20
-4.1490875196850396
11
6.8919009448818898
21
-4.1437735826771656
0
LINE
8
BLACK
6
CONTINUOUS
10
6.8919009448818898
20
-4.1437735826771656
11
6.8853498818897636
21
-4.1372225196850394
0
LINE
8
BLACK
6
CONTINUOUS
10
6.8853498818897636
20
-4.1372225196850394
11
6.8800359448818895
21
-4.1296334251968503
0
LINE
8
BLACK
6
CONTINUOUS
10
6.8800359448818895
20
-4.1296334251968503
11
6.8761205511811019
21
-4.1212368503937009
0
LINE
8
BLACK
6
CONTINUOUS
10
6.8761205511811019
20
-4.1212368503937009
11
6.8737227165354327
21
-4.1122879527559055
0
LINE
8
BLACK
6
CONTINUOUS
10
6.8737227165354327
20
-4.1122879527559055
11
6.8729152362204724
21
-4.1030586220472438
0
LINE
8
BLACK
6
CONTINUOUS
10
6.8729152362204724
20
-4.1030586220472438
11
6.8737227165354327
21
-4.093829291338583
0
LINE
8
BLACK
6
CONTINUOUS
10
6.8737227165354327
20
-4.093829291338583
11
6.8761205511811019
21
-4.0848803937007876
0
LINE
8
BLACK
6
CONTINUOUS
10
6.8761205511811019
20
-4.0848803937007876
11
6.8800359448818895
21
-4.0764838188976373
0
LINE
8
BLACK
6
CONTINUOUS
10
6.8800359448818895
20
-4.0764838188976373
11
6.8853498818897636
21
-4.0688947244094491
0
LINE
8
BLACK
6
CONTINUOUS
10
6.8853498818897636
20
-4.0688947244094491
11
6.8919009448818898
21
-4.0623436614173229
0
LINE
8
BLACK
6
CONTINUOUS
10
6.8919009448818898
20
-4.0623436614173229
11
6.8994900393700789
21
-4.0570297244094489
0
LINE
8
BLACK
6
CONTINUOUS
10
6.8994900393700789
20
-4.0570297244094489
11
6.9078866141732282
21
-4.0531143307086612
0
LINE
8
BLACK
6
CONTINUOUS
10
6.9078866141732282
20
-4.0531143307086612
11
6.9168355118110236
21
-4.050716496062992
0
LINE
8
BLACK
6
CONTINUOUS
10
6.9168355118110236
20
-4.050716496062992
11
6.9260648425196845
21
-4.0499090157480317
0
LINE
8
BLACK
6
CONTINUOUS
10
6.9260648425196845
20
-4.0499090157480317
11
6.9352941732283462
21
-4.050716496062992
0
LINE
8
BLACK
6
CONTINUOUS
10
7.1352941732283464
20
-4.050716496062992
11
7.1442430708661417
21
-4.0531143307086612
0
LINE
8
BLACK
6
CONTINUOUS
10
7.1442430708661417
20
-4.0531143307086612
11
7.1526396456692911
21
-4.0570297244094489
0
LINE
8
BLACK
6
CONTINUOUS
10
7.1526396456692911
20
-4.0570297244094489
11
7.1602287401574802
21
-4.0623436614173229
0
LINE
8
BLACK
6
CONTINUOUS
10
7.1602287401574802
20
-4.0623436614173229
11
7.1667798031496064
21
-4.0688947244094491
0
LINE
8
BLACK
6
CONTINUOUS
10
7.1667798031496064
20
-4.0688947244094491
11
7.1720937401574805
21
-4.0764838188976373
0
LINE
8
BLACK
6
CONTINUOUS
10
7.1720937401574805
20
-4.0764838188976373
11
7.1760091338582672
21
-4.0848803937007876
0
LINE
8
BLACK
6
CONTINUOUS
10
7.1760091338582672
20
-4.0848803937007876
11
7.1784069685039364
21
-4.093829291338583
0
LINE
8
BLACK
6
CONTINUOUS
10
7.1784069685039364
20
-4.093829291338583
11
7.1792144488188976
21
-4.1030586220472438
0
LINE
8
BLACK
6
CONTINUOUS
10
7.1792144488188976
20
-4.1030586220472438
11
7.1784069685039364
21
-4.1122879527559055
0
LINE
8
BLACK
6
CONTINUOUS
10
7.1784069685039364
20
-4.1122879527559055
11
7.1760091338582672
21
-4.1212368503937009
0
LINE
8
BLACK
6
CONTINUOUS
10
7.1760091338582672
20
-4.1212368503937009
11
7.1720937401574805
21
-4.1296334251968503
0
LINE
8
BLACK
6
CONTINUOUS
10
7.1720937401574805
20
-4.1296334251968503
11
7.1667798031496064
21
-4.1372225196850394
0
LINE
8
BLACK
6
CONTINUOUS
10
7.1667798031496064
20
-4.1372225196850394
11
7.1602287401574802
21
-4.1437735826771656
0
LINE
8
BLACK
6
CONTINUOUS
10
7.1602287401574802
20
-4.1437735826771656
11
7.1526396456692911
21
-4.1490875196850396
0
LINE
8
BLACK
6
CONTINUOUS
10
7.1526396456692911
20
-4.1490875196850396
11
7.1442430708661417
21
-4.1530029133858264
0
LINE
8
BLACK
6
CONTINUOUS
10
7.1442430708661417
20
-4.1530029133858264
11
7.1352941732283464
21
-4.1554007480314956
0
LINE
8
BLACK
6
CONTINUOUS
10
7.1352941732283464
20
-4.1554007480314956
11
7.1260648425196846
21
-4.1562082283464568
0
LINE
8
BLACK
6
CONTINUOUS
10
7.1260648425196846
20
-4.1562082283464568
11
7.1168355118110238
21
-4.1554007480314956
0
LINE
8
BLACK
6
CONTINUOUS
10
7.1168355118110238
20
-4.1554007480314956
11
7.1078866141732284
21
-4.1530029133858264
0
LINE
8
BLACK
6
CONTINUOUS
10
7.1078866141732284
20
-4.1530029133858264
11
7.0994900393700782
21
-4.1490875196850396
0
LINE
8
BLACK
6
CONTINUOUS
10
7.0994900393700782
20
-4.1490875196850396
11
7.0919009448818899
21
-4.1437735826771656
0
LINE
8
BLACK
6
CONTINUOUS
10
7.0919009448818899
20
-4.1437735826771656
11
7.0853498818897638
21
-4.1372225196850394
0
LINE
8
BLACK
6
CONTINUOUS
10
7.0853498818897638
20
-4.1372225196850394
11
7.0800359448818897
21
-4.1296334251968503
0
LINE
8
BLACK
6
CONTINUOUS
10
7.0800359448818897
20
-4.1296334251968503
11
7.0761205511811021
21
-4.1212368503937009
0
LINE
8
BLACK
6
CONTINUOUS
10
7.0761205511811021
20
-4.1212368503937009
11
7.0737227165354328
21
-4.1122879527559055
0
LINE
8
BLACK
6
CONTINUOUS
10
7.0737227165354328
20
-4.1122879527559055
11
7.0729152362204726
21
-4.1030586220472438
0
LINE
8
BLACK
6
CONTINUOUS
10
7.0729152362204726
20
-4.1030586220472438
11
7.0737227165354328
21
-4.093829291338583
0
LINE
8
BLACK
6
CONTINUOUS
10
7.0737227165354328
20
-4.093829291338583
11
7.0761205511811021
21
-4.0848803937007876
0
LINE
8
BLACK
6
CONTINUOUS
10
7.0761205511811021
20
-4.0848803937007876
11
7.0800359448818897
21
-4.0764838188976373
0
LINE
8
BLACK
6
CONTINUOUS
10
7.0800359448818897
20
-4.0764838188976373
11
7.0853498818897638
21
-4.0688947244094491
0
LINE
8
BLACK
6
CONTINUOUS
10
7.0853498818897638
20
-4.0688947244094491
11
7.0919009448818899
21
-4.0623436614173229
0
LINE
8
BLACK
6
CONTINUOUS
10
7.0919009448818899
20
-4.0623436614173229
11
7.0994900393700782
21
-4.0570297244094489
0
LINE
8
BLACK
6
CONTINUOUS
10
7.0994900393700782
20
-4.0570297244094489
11
7.1078866141732284
21
-4.0531143307086612
0
LINE
8
BLACK
6
CONTINUOUS
10
7.1078866141732284
20
-4.0531143307086612
11
7.1168355118110238
21
-4.050716496062992
0
LINE
8
BLACK
6
CONTINUOUS
10
7.1168355118110238
20
-4.050716496062992
11
7.1260648425196846
21
-4.0499090157480317
0
LINE
8
BLACK
6
CONTINUOUS
10
7.1260648425196846
20
-4.0499090157480317
11
7.1352941732283464
21
-4.050716496062992
0
LINE
8
BLACK
6
CONTINUOUS
10
5.4710648425196853
20
-4.1250586220472441
11
5.3910648425196852
21
-4.1250586220472441
0
LINE
8
BLACK
6
CONTINUOUS
10
5.3910648425196852
20
-4.1250586220472441
11
5.3910648425196852
21
-3.9810586220472439
0
LINE
8
BLACK
6
CONTINUOUS
10
5.3910648425196852
20
-3.9810586220472439
11
5.4710648425196853
21
-3.9810586220472439
0
LINE
8
BLACK
6
CONTINUOUS
10
5.4710648425196853
20
-3.9810586220472439
11
5.4710648425196853
21
-4.1250586220472441
0
LINE
8
BLACK
6
CONTINUOUS
10
5.8158844488188972
20
-4.0829703543307083
11
5.8166827165354329
21
-4.0835037401574805
0
LINE
8
BLACK
6
CONTINUOUS
10
5.8166827165354329
20
-4.0835037401574805
11
5.8172161023622042
21
-4.0843020078740153
0
LINE
8
BLACK
6
CONTINUOUS
10
5.8172161023622042
20
-4.0843020078740153
11
5.8174034251968498
21
-4.0852436614173229
0
LINE
8
BLACK
6
CONTINUOUS
10
5.8174034251968498
20
-4.0852436614173229
11
5.8174034251968498
21
-4.1137869685039368
0
LINE
8
BLACK
6
CONTINUOUS
10
5.8174034251968498
20
-4.1137869685039368
11
5.8172161023622042
21
-4.1147286220472443
0
LINE
8
BLACK
6
CONTINUOUS
10
5.8172161023622042
20
-4.1147286220472443
11
5.8166827165354329
21
-4.1155268897637791
0
LINE
8
BLACK
6
CONTINUOUS
10
5.8166827165354329
20
-4.1155268897637791
11
5.8158844488188972
21
-4.1160602755905513
0
LINE
8
BLACK
6
CONTINUOUS
10
5.8158844488188972
20
-4.1160602755905513
11
5.8149427952755905
21
-4.1162475984251969
0
LINE
8
BLACK
6
CONTINUOUS
10
5.8149427952755905
20
-4.1162475984251969
11
5.8100215354330711
21
-4.1162475984251969
0
LINE
8
BLACK
6
CONTINUOUS
10
5.8100215354330711
20
-4.1162475984251969
11
5.8090798818897635
21
-4.1160602755905513
0
LINE
8
BLACK
6
CONTINUOUS
10
5.8090798818897635
20
-4.1160602755905513
11
5.8082816141732279
21
-4.1155268897637791
0
LINE
8
BLACK
6
CONTINUOUS
10
5.8082816141732279
20
-4.1155268897637791
11
5.8077482283464565
21
-4.1147286220472443
0
LINE
8
BLACK
6
CONTINUOUS
10
5.8077482283464565
20
-4.1147286220472443
11
5.8075609055118109
21
-4.1137869685039368
0
LINE
8
BLACK
6
CONTINUOUS
10
5.8075609055118109
20
-4.1137869685039368
11
5.8075609055118109
21
-4.0852436614173229
0
LINE
8
BLACK
6
CONTINUOUS
10
5.8075609055118109
20
-4.0852436614173229
11
5.8077482283464565
21
-4.0843020078740153
0
LINE
8
BLACK
6
CONTINUOUS
10
5.8077482283464565
20
-4.0843020078740153
11
5.8082816141732279
21
-4.0835037401574805
0
LINE
8
BLACK
6
CONTINUOUS
10
5.8082816141732279
20
-4.0835037401574805
11
5.8090798818897635
21
-4.0829703543307083
0
LINE
8
BLACK
6
CONTINUOUS
10
5.8090798818897635
20
-4.0829703543307083
11
5.8100215354330711
21
-4.0827830314960627
0
LINE
8
BLACK
6
CONTINUOUS
10
5.8100215354330711
20
-4.0827830314960627
11
5.8149427952755905
21
-4.0827830314960627
0
LINE
8
BLACK
6
CONTINUOUS
10
5.8149427952755905
20
-4.0827830314960627
11
5.8158844488188972
21
-4.0829703543307083
0
LINE
8
BLACK
6
CONTINUOUS
10
5.8355694881889759
20
-4.0829703543307083
11
5.8363677559055116
21
-4.0835037401574805
0
LINE
8
BLACK
6
CONTINUOUS
10
5.8363677559055116
20
-4.0835037401574805
11
5.8369011417322829
21
-4.0843020078740153
0
LINE
8
BLACK
6
CONTINUOUS
10
5.8369011417322829
20
-4.0843020078740153
11
5.8370884645669294
21
-4.0852436614173229
0
LINE
8
BLACK
6
CONTINUOUS
10
5.8370884645669294
20
-4.0852436614173229
11
5.8370884645669294
21
-4.1137869685039368
0
LINE
8
BLACK
6
CONTINUOUS
10
5.8370884645669294
20
-4.1137869685039368
11
5.8369011417322829
21
-4.1147286220472443
0
LINE
8
BLACK
6
CONTINUOUS
10
5.8369011417322829
20
-4.1147286220472443
11
5.8363677559055116
21
-4.1155268897637791
0
LINE
8
BLACK
6
CONTINUOUS
10
5.8363677559055116
20
-4.1155268897637791
11
5.8355694881889759
21
-4.1160602755905513
0
LINE
8
BLACK
6
CONTINUOUS
10
5.8355694881889759
20
-4.1160602755905513
11
5.8346278346456693
21
-4.1162475984251969
0
LINE
8
BLACK
6
CONTINUOUS
10
5.8346278346456693
20
-4.1162475984251969
11
5.8297065748031498
21
-4.1162475984251969
0
LINE
8
BLACK
6
CONTINUOUS
10
5.8297065748031498
20
-4.1162475984251969
11
5.8287649212598422
21
-4.1160602755905513
0
LINE
8
BLACK
6
CONTINUOUS
10
5.8287649212598422
20
-4.1160602755905513
11
5.8279666535433066
21
-4.1155268897637791
0
LINE
8
BLACK
6
CONTINUOUS
10
5.8279666535433066
20
-4.1155268897637791
11
5.8274332677165352
21
-4.1147286220472443
0
LINE
8
BLACK
6
CONTINUOUS
10
5.8274332677165352
20
-4.1147286220472443
11
5.8272459448818896
21
-4.1137869685039368
0
LINE
8
BLACK
6
CONTINUOUS
10
5.8272459448818896
20
-4.1137869685039368
11
5.8272459448818896
21
-4.0852436614173229
0
LINE
8
BLACK
6
CONTINUOUS
10
5.8272459448818896
20
-4.0852436614173229
11
5.8274332677165352
21
-4.0843020078740153
0
LINE
8
BLACK
6
CONTINUOUS
10
5.8274332677165352
20
-4.0843020078740153
11
5.8279666535433066
21
-4.0835037401574805
0
LINE
8
BLACK
6
CONTINUOUS
10
5.8279666535433066
20
-4.0835037401574805
11
5.8287649212598422
21
-4.0829703543307083
0
LINE
8
BLACK
6
CONTINUOUS
10
5.8287649212598422
20
-4.0829703543307083
11
5.8297065748031498
21
-4.0827830314960627
0
LINE
8
BLACK
6
CONTINUOUS
10
5.8297065748031498
20
-4.0827830314960627
11
5.8346278346456693
21
-4.0827830314960627
0
LINE
8
BLACK
6
CONTINUOUS
10
5.8346278346456693
20
-4.0827830314960627
11
5.8355694881889759
21
-4.0829703543307083
0
LINE
8
BLACK
6
CONTINUOUS
10
5.8552545275590546
20
-4.0829703543307083
11
5.8560527952755903
21
-4.0835037401574805
0
LINE
8
BLACK
6
CONTINUOUS
10
5.8560527952755903
20
-4.0835037401574805
11
5.8565861811023625
21
-4.0843020078740153
0
LINE
8
BLACK
6
CONTINUOUS
10
5.8565861811023625
20
-4.0843020078740153
11
5.8567735039370081
21
-4.0852436614173229
0
LINE
8
BLACK
6
CONTINUOUS
10
5.8567735039370081
20
-4.0852436614173229
11
5.8567735039370081
21
-4.1137869685039368
0
LINE
8
BLACK
6
CONTINUOUS
10
5.8567735039370081
20
-4.1137869685039368
11
5.8565861811023625
21
-4.1147286220472443
0
LINE
8
BLACK
6
CONTINUOUS
10
5.8565861811023625
20
-4.1147286220472443
11
5.8560527952755903
21
-4.1155268897637791
0
LINE
8
BLACK
6
CONTINUOUS
10
5.8560527952755903
20
-4.1155268897637791
11
5.8552545275590546
21
-4.1160602755905513
0
LINE
8
BLACK
6
CONTINUOUS
10
5.8552545275590546
20
-4.1160602755905513
11
5.854312874015748
21
-4.1162475984251969
0
LINE
8
BLACK
6
CONTINUOUS
10
5.854312874015748
20
-4.1162475984251969
11
5.8493916141732285
21
-4.1162475984251969
0
LINE
8
BLACK
6
CONTINUOUS
10
5.8493916141732285
20
-4.1162475984251969
11
5.848449960629921
21
-4.1160602755905513
0
LINE
8
BLACK
6
CONTINUOUS
10
5.848449960629921
20
-4.1160602755905513
11
5.8476516929133853
21
-4.1155268897637791
0
LINE
8
BLACK
6
CONTINUOUS
10
5.8476516929133853
20
-4.1155268897637791
11
5.847118307086614
21
-4.1147286220472443
0
LINE
8
BLACK
6
CONTINUOUS
10
5.847118307086614
20
-4.1147286220472443
11
5.8469309842519683
21
-4.1137869685039368
0
LINE
8
BLACK
6
CONTINUOUS
10
5.8469309842519683
20
-4.1137869685039368
11
5.8469309842519683
21
-4.0852436614173229
0
LINE
8
BLACK
6
CONTINUOUS
10
5.8469309842519683
20
-4.0852436614173229
11
5.847118307086614
21
-4.0843020078740153
0
LINE
8
BLACK
6
CONTINUOUS
10
5.847118307086614
20
-4.0843020078740153
11
5.8476516929133853
21
-4.0835037401574805
0
LINE
8
BLACK
6
CONTINUOUS
10
5.8476516929133853
20
-4.0835037401574805
11
5.848449960629921
21
-4.0829703543307083
0
LINE
8
BLACK
6
CONTINUOUS
10
5.848449960629921
20
-4.0829703543307083
11
5.8493916141732285
21
-4.0827830314960627
0
LINE
8
BLACK
6
CONTINUOUS
10
5.8493916141732285
20
-4.0827830314960627
11
5.854312874015748
21
-4.0827830314960627
0
LINE
8
BLACK
6
CONTINUOUS
10
5.854312874015748
20
-4.0827830314960627
11
5.8552545275590546
21
-4.0829703543307083
0
LINE
8
BLACK
6
CONTINUOUS
10
5.8749395669291333
20
-4.0829703543307083
11
5.875737834645669
21
-4.0835037401574805
0
LINE
8
BLACK
6
CONTINUOUS
10
5.875737834645669
20
-4.0835037401574805
11
5.8762712204724412
21
-4.0843020078740153
0
LINE
8
BLACK
6
CONTINUOUS
10
5.8762712204724412
20
-4.0843020078740153
11
5.8764585433070868
21
-4.0852436614173229
0
LINE
8
BLACK
6
CONTINUOUS
10
5.8764585433070868
20
-4.0852436614173229
11
5.8764585433070868
21
-4.1137869685039368
0
LINE
8
BLACK
6
CONTINUOUS
10
5.8764585433070868
20
-4.1137869685039368
11
5.8762712204724412
21
-4.1147286220472443
0
LINE
8
BLACK
6
CONTINUOUS
10
5.8762712204724412
20
-4.1147286220472443
11
5.875737834645669
21
-4.1155268897637791
0
LINE
8
BLACK
6
CONTINUOUS
10
5.875737834645669
20
-4.1155268897637791
11
5.8749395669291333
21
-4.1160602755905513
0
LINE
8
BLACK
6
CONTINUOUS
10
5.8749395669291333
20
-4.1160602755905513
11
5.8739979133858267
21
-4.1162475984251969
0
LINE
8
BLACK
6
CONTINUOUS
10
5.8739979133858267
20
-4.1162475984251969
11
5.8690766535433072
21
-4.1162475984251969
0
LINE
8
BLACK
6
CONTINUOUS
10
5.8690766535433072
20
-4.1162475984251969
11
5.8681349999999997
21
-4.1160602755905513
0
LINE
8
BLACK
6
CONTINUOUS
10
5.8681349999999997
20
-4.1160602755905513
11
5.8673367322834649
21
-4.1155268897637791
0
LINE
8
BLACK
6
CONTINUOUS
10
5.8673367322834649
20
-4.1155268897637791
11
5.8668033464566927
21
-4.1147286220472443
0
LINE
8
BLACK
6
CONTINUOUS
10
5.8668033464566927
20
-4.1147286220472443
11
5.866616023622047
21
-4.1137869685039368
0
LINE
8
BLACK
6
CONTINUOUS
10
5.866616023622047
20
-4.1137869685039368
11
5.866616023622047
21
-4.0852436614173229
0
LINE
8
BLACK
6
CONTINUOUS
10
5.866616023622047
20
-4.0852436614173229
11
5.8668033464566927
21
-4.0843020078740153
0
LINE
8
BLACK
6
CONTINUOUS
10
5.8668033464566927
20
-4.0843020078740153
11
5.8673367322834649
21
-4.0835037401574805
0
LINE
8
BLACK
6
CONTINUOUS
10
5.8673367322834649
20
-4.0835037401574805
11
5.8681349999999997
21
-4.0829703543307083
0
LINE
8
BLACK
6
CONTINUOUS
10
5.8681349999999997
20
-4.0829703543307083
11
5.8690766535433072
21
-4.0827830314960627
0
LINE
8
BLACK
6
CONTINUOUS
10
5.8690766535433072
20
-4.0827830314960627
11
5.8739979133858267
21
-4.0827830314960627
0
LINE
8
BLACK
6
CONTINUOUS
10
5.8739979133858267
20
-4.0827830314960627
11
5.8749395669291333
21
-4.0829703543307083
0
LINE
8
BLACK
6
CONTINUOUS
10
5.894624606299212
20
-4.0829703543307083
11
5.8954228740157477
21
-4.0835037401574805
0
LINE
8
BLACK
6
CONTINUOUS
10
5.8954228740157477
20
-4.0835037401574805
11
5.8959562598425199
21
-4.0843020078740153
0
LINE
8
BLACK
6
CONTINUOUS
10
5.8959562598425199
20
-4.0843020078740153
11
5.8961435826771655
21
-4.0852436614173229
0
LINE
8
BLACK
6
CONTINUOUS
10
5.8961435826771655
20
-4.0852436614173229
11
5.8961435826771655
21
-4.1137869685039368
0
LINE
8
BLACK
6
CONTINUOUS
10
5.8961435826771655
20
-4.1137869685039368
11
5.8959562598425199
21
-4.1147286220472443
0
LINE
8
BLACK
6
CONTINUOUS
10
5.8959562598425199
20
-4.1147286220472443
11
5.8954228740157477
21
-4.1155268897637791
0
LINE
8
BLACK
6
CONTINUOUS
10
5.8954228740157477
20
-4.1155268897637791
11
5.894624606299212
21
-4.1160602755905513
0
LINE
8
BLACK
6
CONTINUOUS
10
5.894624606299212
20
-4.1160602755905513
11
5.8936829527559054
21
-4.1162475984251969
0
LINE
8
BLACK
6
CONTINUOUS
10
5.8936829527559054
20
-4.1162475984251969
11
5.8887616929133859
21
-4.1162475984251969
0
LINE
8
BLACK
6
CONTINUOUS
10
5.8887616929133859
20
-4.1162475984251969
11
5.8878200393700784
21
-4.1160602755905513
0
LINE
8
BLACK
6
CONTINUOUS
10
5.8878200393700784
20
-4.1160602755905513
11
5.8870217716535436
21
-4.1155268897637791
0
LINE
8
BLACK
6
CONTINUOUS
10
5.8870217716535436
20
-4.1155268897637791
11
5.8864883858267714
21
-4.1147286220472443
0
LINE
8
BLACK
6
CONTINUOUS
10
5.8864883858267714
20
-4.1147286220472443
11
5.8863010629921257
21
-4.1137869685039368
0
LINE
8
BLACK
6
CONTINUOUS
10
5.8863010629921257
20
-4.1137869685039368
11
5.8863010629921257
21
-4.0852436614173229
0
LINE
8
BLACK
6
CONTINUOUS
10
5.8863010629921257
20
-4.0852436614173229
11
5.8864883858267714
21
-4.0843020078740153
0
LINE
8
BLACK
6
CONTINUOUS
10
5.8864883858267714
20
-4.0843020078740153
11
5.8870217716535436
21
-4.0835037401574805
0
LINE
8
BLACK
6
CONTINUOUS
10
5.8870217716535436
20
-4.0835037401574805
11
5.8878200393700784
21
-4.0829703543307083
0
LINE
8
BLACK
6
CONTINUOUS
10
5.8878200393700784
20
-4.0829703543307083
11
5.8887616929133859
21
-4.0827830314960627
0
LINE
8
BLACK
6
CONTINUOUS
10
5.8887616929133859
20
-4.0827830314960627
11
5.8936829527559054
21
-4.0827830314960627
0
LINE
8
BLACK
6
CONTINUOUS
10
5.8936829527559054
20
-4.0827830314960627
11
5.894624606299212
21
-4.0829703543307083
0
LINE
8
BLACK
6
CONTINUOUS
10
5.9143096456692916
20
-4.0829703543307083
11
5.9151079133858264
21
-4.0835037401574805
0
LINE
8
BLACK
6
CONTINUOUS
10
5.9151079133858264
20
-4.0835037401574805
11
5.9156412992125986
21
-4.0843020078740153
0
LINE
8
BLACK
6
CONTINUOUS
10
5.9156412992125986
20
-4.0843020078740153
11
5.9158286220472442
21
-4.0852436614173229
0
LINE
8
BLACK
6
CONTINUOUS
10
5.9158286220472442
20
-4.0852436614173229
11
5.9158286220472442
21
-4.1137869685039368
0
LINE
8
BLACK
6
CONTINUOUS
10
5.9158286220472442
20
-4.1137869685039368
11
5.9156412992125986
21
-4.1147286220472443
0
LINE
8
BLACK
6
CONTINUOUS
10
5.9156412992125986
20
-4.1147286220472443
11
5.9151079133858264
21
-4.1155268897637791
0
LINE
8
BLACK
6
CONTINUOUS
10
5.9151079133858264
20
-4.1155268897637791
11
5.9143096456692916
21
-4.1160602755905513
0
LINE
8
BLACK
6
CONTINUOUS
10
5.9143096456692916
20
-4.1160602755905513
11
5.9133679921259841
21
-4.1162475984251969
0
LINE
8
BLACK
6
CONTINUOUS
10
5.9133679921259841
20
-4.1162475984251969
11
5.9084467322834646
21
-4.1162475984251969
0
LINE
8
BLACK
6
CONTINUOUS
10
5.9084467322834646
20
-4.1162475984251969
11
5.9075050787401571
21
-4.1160602755905513
0
LINE
8
BLACK
6
CONTINUOUS
10
5.9075050787401571
20
-4.1160602755905513
11
5.9067068110236223
21
-4.1155268897637791
0
LINE
8
BLACK
6
CONTINUOUS
10
5.9067068110236223
20
-4.1155268897637791
11
5.9061734251968501
21
-4.1147286220472443
0
LINE
8
BLACK
6
CONTINUOUS
10
5.9061734251968501
20
-4.1147286220472443
11
5.9059861023622044
21
-4.1137869685039368
0
LINE
8
BLACK
6
CONTINUOUS
10
5.9059861023622044
20
-4.1137869685039368
11
5.9059861023622044
21
-4.0852436614173229
0
LINE
8
BLACK
6
CONTINUOUS
10
5.9059861023622044
20
-4.0852436614173229
11
5.9061734251968501
21
-4.0843020078740153
0
LINE
8
BLACK
6
CONTINUOUS
10
5.9061734251968501
20
-4.0843020078740153
11
5.9067068110236223
21
-4.0835037401574805
0
LINE
8
BLACK
6
CONTINUOUS
10
5.9067068110236223
20
-4.0835037401574805
11
5.9075050787401571
21
-4.0829703543307083
0
LINE
8
BLACK
6
CONTINUOUS
10
5.9075050787401571
20
-4.0829703543307083
11
5.9084467322834646
21
-4.0827830314960627
0
LINE
8
BLACK
6
CONTINUOUS
10
5.9084467322834646
20
-4.0827830314960627
11
5.9133679921259841
21
-4.0827830314960627
0
LINE
8
BLACK
6
CONTINUOUS
10
5.9133679921259841
20
-4.0827830314960627
11
5.9143096456692916
21
-4.0829703543307083
0
LINE
8
BLACK
6
CONTINUOUS
10
5.9339946850393703
20
-4.0829703543307083
11
5.9347929527559051
21
-4.0835037401574805
0
LINE
8
BLACK
6
CONTINUOUS
10
5.9347929527559051
20
-4.0835037401574805
11
5.9353263385826773
21
-4.0843020078740153
0
LINE
8
BLACK
6
CONTINUOUS
10
5.9353263385826773
20
-4.0843020078740153
11
5.935513661417323
21
-4.0852436614173229
0
LINE
8
BLACK
6
CONTINUOUS
10
5.935513661417323
20
-4.0852436614173229
11
5.935513661417323
21
-4.1137869685039368
0
LINE
8
BLACK
6
CONTINUOUS
10
5.935513661417323
20
-4.1137869685039368
11
5.9353263385826773
21
-4.1147286220472443
0
LINE
8
BLACK
6
CONTINUOUS
10
5.9353263385826773
20
-4.1147286220472443
11
5.9347929527559051
21
-4.1155268897637791
0
LINE
8
BLACK
6
CONTINUOUS
10
5.9347929527559051
20
-4.1155268897637791
11
5.9339946850393703
21
-4.1160602755905513
0
LINE
8
BLACK
6
CONTINUOUS
10
5.9339946850393703
20
-4.1160602755905513
11
5.9330530314960628
21
-4.1162475984251969
0
LINE
8
BLACK
6
CONTINUOUS
10
5.9330530314960628
20
-4.1162475984251969
11
5.9281317716535433
21
-4.1162475984251969
0
LINE
8
BLACK
6
CONTINUOUS
10
5.9281317716535433
20
-4.1162475984251969
11
5.9271901181102358
21
-4.1160602755905513
0
LINE
8
BLACK
6
CONTINUOUS
10
5.9271901181102358
20
-4.1160602755905513
11
5.926391850393701
21
-4.1155268897637791
0
LINE
8
BLACK
6
CONTINUOUS
10
5.926391850393701
20
-4.1155268897637791
11
5.9258584645669288
21
-4.1147286220472443
0
LINE
8
BLACK
6
CONTINUOUS
10
5.9258584645669288
20
-4.1147286220472443
11
5.9256711417322832
21
-4.1137869685039368
0
LINE
8
BLACK
6
CONTINUOUS
10
5.9256711417322832
20
-4.1137869685039368
11
5.9256711417322832
21
-4.0852436614173229
0
LINE
8
BLACK
6
CONTINUOUS
10
5.9256711417322832
20
-4.0852436614173229
11
5.9258584645669288
21
-4.0843020078740153
0
LINE
8
BLACK
6
CONTINUOUS
10
5.9258584645669288
20
-4.0843020078740153
11
5.926391850393701
21
-4.0835037401574805
0
LINE
8
BLACK
6
CONTINUOUS
10
5.926391850393701
20
-4.0835037401574805
11
5.9271901181102358
21
-4.0829703543307083
0
LINE
8
BLACK
6
CONTINUOUS
10
5.9271901181102358
20
-4.0829703543307083
11
5.9281317716535433
21
-4.0827830314960627
0
LINE
8
BLACK
6
CONTINUOUS
10
5.9281317716535433
20
-4.0827830314960627
11
5.9330530314960628
21
-4.0827830314960627
0
LINE
8
BLACK
6
CONTINUOUS
10
5.9330530314960628
20
-4.0827830314960627
11
5.9339946850393703
21
-4.0829703543307083
0
LINE
8
BLACK
6
CONTINUOUS
10
5.953679724409449
20
-4.0829703543307083
11
5.9544779921259838
21
-4.0835037401574805
0
LINE
8
BLACK
6
CONTINUOUS
10
5.9544779921259838
20
-4.0835037401574805
11
5.955011377952756
21
-4.0843020078740153
0
LINE
8
BLACK
6
CONTINUOUS
10
5.955011377952756
20
-4.0843020078740153
11
5.9551987007874017
21
-4.0852436614173229
0
LINE
8
BLACK
6
CONTINUOUS
10
5.9551987007874017
20
-4.0852436614173229
11
5.9551987007874017
21
-4.1137869685039368
0
LINE
8
BLACK
6
CONTINUOUS
10
5.9551987007874017
20
-4.1137869685039368
11
5.955011377952756
21
-4.1147286220472443
0
LINE
8
BLACK
6
CONTINUOUS
10
5.955011377952756
20
-4.1147286220472443
11
5.9544779921259838
21
-4.1155268897637791
0
LINE
8
BLACK
6
CONTINUOUS
10
5.9544779921259838
20
-4.1155268897637791
11
5.953679724409449
21
-4.1160602755905513
0
LINE
8
BLACK
6
CONTINUOUS
10
5.953679724409449
20
-4.1160602755905513
11
5.9527380708661415
21
-4.1162475984251969
0
LINE
8
BLACK
6
CONTINUOUS
10
5.9527380708661415
20
-4.1162475984251969
11
5.947816811023622
21
-4.1162475984251969
0
LINE
8
BLACK
6
CONTINUOUS
10
5.947816811023622
20
-4.1162475984251969
11
5.9468751574803145
21
-4.1160602755905513
0
LINE
8
BLACK
6
CONTINUOUS
10
5.9468751574803145
20
-4.1160602755905513
11
5.9460768897637797
21
-4.1155268897637791
0
LINE
8
BLACK
6
CONTINUOUS
10
5.9460768897637797
20
-4.1155268897637791
11
5.9455435039370075
21
-4.1147286220472443
0
LINE
8
BLACK
6
CONTINUOUS
10
5.9455435039370075
20
-4.1147286220472443
11
5.9453561811023619
21
-4.1137869685039368
0
LINE
8
BLACK
6
CONTINUOUS
10
5.9453561811023619
20
-4.1137869685039368
11
5.9453561811023619
21
-4.0852436614173229
0
LINE
8
BLACK
6
CONTINUOUS
10
5.9453561811023619
20
-4.0852436614173229
11
5.9455435039370075
21
-4.0843020078740153
0
LINE
8
BLACK
6
CONTINUOUS
10
5.9455435039370075
20
-4.0843020078740153
11
5.9460768897637797
21
-4.0835037401574805
0
LINE
8
BLACK
6
CONTINUOUS
10
5.9460768897637797
20
-4.0835037401574805
11
5.9468751574803145
21
-4.0829703543307083
0
LINE
8
BLACK
6
CONTINUOUS
10
5.9468751574803145
20
-4.0829703543307083
11
5.947816811023622
21
-4.0827830314960627
0
LINE
8
BLACK
6
CONTINUOUS
10
5.947816811023622
20
-4.0827830314960627
11
5.9527380708661415
21
-4.0827830314960627
0
LINE
8
BLACK
6
CONTINUOUS
10
5.9527380708661415
20
-4.0827830314960627
11
5.953679724409449
21
-4.0829703543307083
0
LINE
8
BLACK
6
CONTINUOUS
10
5.9733647637795277
20
-4.0829703543307083
11
5.9741630314960625
21
-4.0835037401574805
0
LINE
8
BLACK
6
CONTINUOUS
10
5.9741630314960625
20
-4.0835037401574805
11
5.9746964173228347
21
-4.0843020078740153
0
LINE
8
BLACK
6
CONTINUOUS
10
5.9746964173228347
20
-4.0843020078740153
11
5.9748837401574804
21
-4.0852436614173229
0
LINE
8
BLACK
6
CONTINUOUS
10
5.9748837401574804
20
-4.0852436614173229
11
5.9748837401574804
21
-4.1137869685039368
0
LINE
8
BLACK
6
CONTINUOUS
10
5.9748837401574804
20
-4.1137869685039368
11
5.9746964173228347
21
-4.1147286220472443
0
LINE
8
BLACK
6
CONTINUOUS
10
5.9746964173228347
20
-4.1147286220472443
11
5.9741630314960625
21
-4.1155268897637791
0
LINE
8
BLACK
6
CONTINUOUS
10
5.9741630314960625
20
-4.1155268897637791
11
5.9733647637795277
21
-4.1160602755905513
0
LINE
8
BLACK
6
CONTINUOUS
10
5.9733647637795277
20
-4.1160602755905513
11
5.9724231102362202
21
-4.1162475984251969
0
LINE
8
BLACK
6
CONTINUOUS
10
5.9724231102362202
20
-4.1162475984251969
11
5.9675018503937007
21
-4.1162475984251969
0
LINE
8
BLACK
6
CONTINUOUS
10
5.9675018503937007
20
-4.1162475984251969
11
5.9665601968503932
21
-4.1160602755905513
0
LINE
8
BLACK
6
CONTINUOUS
10
5.9665601968503932
20
-4.1160602755905513
11
5.9657619291338584
21
-4.1155268897637791
0
LINE
8
BLACK
6
CONTINUOUS
10
5.9657619291338584
20
-4.1155268897637791
11
5.9652285433070862
21
-4.1147286220472443
0
LINE
8
BLACK
6
CONTINUOUS
10
5.9652285433070862
20
-4.1147286220472443
11
5.9650412204724406
21
-4.1137869685039368
0
LINE
8
BLACK
6
CONTINUOUS
10
5.9650412204724406
20
-4.1137869685039368
11
5.9650412204724406
21
-4.0852436614173229
0
LINE
8
BLACK
6
CONTINUOUS
10
5.9650412204724406
20
-4.0852436614173229
11
5.9652285433070862
21
-4.0843020078740153
0
LINE
8
BLACK
6
CONTINUOUS
10
5.9652285433070862
20
-4.0843020078740153
11
5.9657619291338584
21
-4.0835037401574805
0
LINE
8
BLACK
6
CONTINUOUS
10
5.9657619291338584
20
-4.0835037401574805
11
5.9665601968503932
21
-4.0829703543307083
0
LINE
8
BLACK
6
CONTINUOUS
10
5.9665601968503932
20
-4.0829703543307083
11
5.9675018503937007
21
-4.0827830314960627
0
LINE
8
BLACK
6
CONTINUOUS
10
5.9675018503937007
20
-4.0827830314960627
11
5.9724231102362202
21
-4.0827830314960627
0
LINE
8
BLACK
6
CONTINUOUS
10
5.9724231102362202
20
-4.0827830314960627
11
5.9733647637795277
21
-4.0829703543307083
0
LINE
8
BLACK
6
CONTINUOUS
10
5.9930498031496064
20
-4.0829703543307083
11
5.9938480708661412
21
-4.0835037401574805
0
LINE
8
BLACK
6
CONTINUOUS
10
5.9938480708661412
20
-4.0835037401574805
11
5.9943814566929134
21
-4.0843020078740153
0
LINE
8
BLACK
6
CONTINUOUS
10
5.9943814566929134
20
-4.0843020078740153
11
5.9945687795275591
21
-4.0852436614173229
0
LINE
8
BLACK
6
CONTINUOUS
10
5.9945687795275591
20
-4.0852436614173229
11
5.9945687795275591
21
-4.1137869685039368
0
LINE
8
BLACK
6
CONTINUOUS
10
5.9945687795275591
20
-4.1137869685039368
11
5.9943814566929134
21
-4.1147286220472443
0
LINE
8
BLACK
6
CONTINUOUS
10
5.9943814566929134
20
-4.1147286220472443
11
5.9938480708661412
21
-4.1155268897637791
0
LINE
8
BLACK
6
CONTINUOUS
10
5.9938480708661412
20
-4.1155268897637791
11
5.9930498031496064
21
-4.1160602755905513
0
LINE
8
BLACK
6
CONTINUOUS
10
5.9930498031496064
20
-4.1160602755905513
11
5.9921081496062989
21
-4.1162475984251969
0
LINE
8
BLACK
6
CONTINUOUS
10
5.9921081496062989
20
-4.1162475984251969
11
5.9871868897637794
21
-4.1162475984251969
0
LINE
8
BLACK
6
CONTINUOUS
10
5.9871868897637794
20
-4.1162475984251969
11
5.9862452362204719
21
-4.1160602755905513
0
LINE
8
BLACK
6
CONTINUOUS
10
5.9862452362204719
20
-4.1160602755905513
11
5.9854469685039371
21
-4.1155268897637791
0
LINE
8
BLACK
6
CONTINUOUS
10
5.9854469685039371
20
-4.1155268897637791
11
5.9849135826771649
21
-4.1147286220472443
0
LINE
8
BLACK
6
CONTINUOUS
10
5.9849135826771649
20
-4.1147286220472443
11
5.9847262598425193
21
-4.1137869685039368
0
LINE
8
BLACK
6
CONTINUOUS
10
5.9847262598425193
20
-4.1137869685039368
11
5.9847262598425193
21
-4.0852436614173229
0
LINE
8
BLACK
6
CONTINUOUS
10
5.9847262598425193
20
-4.0852436614173229
11
5.9849135826771649
21
-4.0843020078740153
0
LINE
8
BLACK
6
CONTINUOUS
10
5.9849135826771649
20
-4.0843020078740153
11
5.9854469685039371
21
-4.0835037401574805
0
LINE
8
BLACK
6
CONTINUOUS
10
5.9854469685039371
20
-4.0835037401574805
11
5.9862452362204719
21
-4.0829703543307083
0
LINE
8
BLACK
6
CONTINUOUS
10
5.9862452362204719
20
-4.0829703543307083
11
5.9871868897637794
21
-4.0827830314960627
0
LINE
8
BLACK
6
CONTINUOUS
10
5.9871868897637794
20
-4.0827830314960627
11
5.9921081496062989
21
-4.0827830314960627
0
LINE
8
BLACK
6
CONTINUOUS
10
5.9921081496062989
20
-4.0827830314960627
11
5.9930498031496064
21
-4.0829703543307083
0
LINE
8
BLACK
6
CONTINUOUS
10
5.5535648425196849
20
-4.1105586220472441
11
5.4985648425196851
21
-4.1105586220472441
0
LINE
8
BLACK
6
CONTINUOUS
10
5.4985648425196851
20
-4.1105586220472441
11
5.4985648425196851
21
-4.075558622047244
0
LINE
8
BLACK
6
CONTINUOUS
10
5.4985648425196851
20
-4.075558622047244
11
5.5535648425196849
21
-4.075558622047244
0
LINE
8
BLACK
6
CONTINUOUS
10
5.5535648425196849
20
-4.075558622047244
11
5.5535648425196849
21
-4.1105586220472441
0
LINE
8
BLACK
6
CONTINUOUS
10
5.0785648425196852
20
-4.1080586220472437
11
5.0235648425196846
21
-4.1080586220472437
0
LINE
8
BLACK
6
CONTINUOUS
10
5.0235648425196846
20
-4.1080586220472437
11
5.0235648425196846
21
-4.0730586220472436
0
LINE
8
BLACK
6
CONTINUOUS
10
5.0235648425196846
20
-4.0730586220472436
11
5.0785648425196852
21
-4.0730586220472436
0
LINE
8
BLACK
6
CONTINUOUS
10
5.0785648425196852
20
-4.0730586220472436
11
5.0785648425196852
21
-4.1080586220472437
0
LINE
8
BLACK
6
CONTINUOUS
10
5.628564842519685
20
-4.1080586220472437
11
5.5735648425196853
21
-4.1080586220472437
0
LINE
8
BLACK
6
CONTINUOUS
10
5.5735648425196853
20
-4.1080586220472437
11
5.5735648425196853
21
-4.0730586220472436
0
LINE
8
BLACK
6
CONTINUOUS
10
5.5735648425196853
20
-4.0730586220472436
11
5.628564842519685
21
-4.0730586220472436
0
LINE
8
BLACK
6
CONTINUOUS
10
5.628564842519685
20
-4.0730586220472436
11
5.628564842519685
21
-4.1080586220472437
0
LINE
8
BLACK
6
CONTINUOUS
10
5.7035648425196852
20
-4.1080586220472437
11
5.6485648425196846
21
-4.1080586220472437
0
LINE
8
BLACK
6
CONTINUOUS
10
5.6485648425196846
20
-4.1080586220472437
11
5.6485648425196846
21
-4.0730586220472436
0
LINE
8
BLACK
6
CONTINUOUS
10
5.6485648425196846
20
-4.0730586220472436
11
5.7035648425196852
21
-4.0730586220472436
0
LINE
8
BLACK
6
CONTINUOUS
10
5.7035648425196852
20
-4.0730586220472436
11
5.7035648425196852
21
-4.1080586220472437
0
LINE
8
BLACK
6
CONTINUOUS
10
6.4085648425196853
20
-4.0990586220472442
11
6.3535648425196847
21
-4.0990586220472442
0
LINE
8
BLACK
6
CONTINUOUS
10
6.3535648425196847
20
-4.0990586220472442
11
6.3535648425196847
21
-4.0640586220472441
0
LINE
8
BLACK
6
CONTINUOUS
10
6.3535648425196847
20
-4.0640586220472441
11
6.4085648425196853
21
-4.0640586220472441
0
LINE
8
BLACK
6
CONTINUOUS
10
6.4085648425196853
20
-4.0640586220472441
11
6.4085648425196853
21
-4.0990586220472442
0
LINE
8
BLACK
6
CONTINUOUS
10
6.6085648425196846
20
-4.0990586220472442
11
6.5535648425196849
21
-4.0990586220472442
0
LINE
8
BLACK
6
CONTINUOUS
10
6.5535648425196849
20
-4.0990586220472442
11
6.5535648425196849
21
-4.0640586220472441
0
LINE
8
BLACK
6
CONTINUOUS
10
6.5535648425196849
20
-4.0640586220472441
11
6.6085648425196846
21
-4.0640586220472441
0
LINE
8
BLACK
6
CONTINUOUS
10
6.6085648425196846
20
-4.0640586220472441
11
6.6085648425196846
21
-4.0990586220472442
0
LINE
8
BLACK
6
CONTINUOUS
10
6.7585648425196849
20
-4.0990586220472442
11
6.7035648425196852
21
-4.0990586220472442
0
LINE
8
BLACK
6
CONTINUOUS
10
6.7035648425196852
20
-4.0990586220472442
11
6.7035648425196852
21
-4.0640586220472441
0
LINE
8
BLACK
6
CONTINUOUS
10
6.7035648425196852
20
-4.0640586220472441
11
6.7585648425196849
21
-4.0640586220472441
0
LINE
8
BLACK
6
CONTINUOUS
10
6.7585648425196849
20
-4.0640586220472441
11
6.7585648425196849
21
-4.0990586220472442
0
LINE
8
BLACK
6
CONTINUOUS
10
6.3285648425196852
20
-4.0830586220472442
11
6.2735648425196846
21
-4.0830586220472442
0
LINE
8
BLACK
6
CONTINUOUS
10
6.2735648425196846
20
-4.0830586220472442
11
6.2735648425196846
21
-4.0480586220472441
0
LINE
8
BLACK
6
CONTINUOUS
10
6.2735648425196846
20
-4.0480586220472441
11
6.3285648425196852
21
-4.0480586220472441
0
LINE
8
BLACK
6
CONTINUOUS
10
6.3285648425196852
20
-4.0480586220472441
11
6.3285648425196852
21
-4.0830586220472442
0
LINE
8
BLACK
6
CONTINUOUS
10
5.8001364173228342
20
-4.0672223228346454
11
5.8009346850393699
21
-4.0677557086614176
0
LINE
8
BLACK
6
CONTINUOUS
10
5.8009346850393699
20
-4.0677557086614176
11
5.8014680708661412
21
-4.0685539763779524
0
LINE
8
BLACK
6
CONTINUOUS
10
5.8014680708661412
20
-4.0685539763779524
11
5.8016553937007869
21
-4.0694956299212599
0
LINE
8
BLACK
6
CONTINUOUS
10
5.8016553937007869
20
-4.0694956299212599
11
5.8016553937007869
21
-4.0744168897637794
0
LINE
8
BLACK
6
CONTINUOUS
10
5.8016553937007869
20
-4.0744168897637794
11
5.8014680708661412
21
-4.0753585433070869
0
LINE
8
BLACK
6
CONTINUOUS
10
5.8014680708661412
20
-4.0753585433070869
11
5.8009346850393699
21
-4.0761568110236217
0
LINE
8
BLACK
6
CONTINUOUS
10
5.8009346850393699
20
-4.0761568110236217
11
5.8001364173228342
21
-4.0766901968503939
0
LINE
8
BLACK
6
CONTINUOUS
10
5.8001364173228342
20
-4.0766901968503939
11
5.7991947637795276
21
-4.0768775196850395
0
LINE
8
BLACK
6
CONTINUOUS
10
5.7991947637795276
20
-4.0768775196850395
11
5.7706514566929137
21
-4.0768775196850395
0
LINE
8
BLACK
6
CONTINUOUS
10
5.7706514566929137
20
-4.0768775196850395
11
5.7697098031496061
21
-4.0766901968503939
0
LINE
8
BLACK
6
CONTINUOUS
10
5.7697098031496061
20
-4.0766901968503939
11
5.7689115354330704
21
-4.0761568110236217
0
LINE
8
BLACK
6
CONTINUOUS
10
5.7689115354330704
20
-4.0761568110236217
11
5.7683781496062991
21
-4.0753585433070869
0
LINE
8
BLACK
6
CONTINUOUS
10
5.7683781496062991
20
-4.0753585433070869
11
5.7681908267716535
21
-4.0744168897637794
0
LINE
8
BLACK
6
CONTINUOUS
10
5.7681908267716535
20
-4.0744168897637794
11
5.7681908267716535
21
-4.0694956299212599
0
LINE
8
BLACK
6
CONTINUOUS
10
5.7681908267716535
20
-4.0694956299212599
11
5.7683781496062991
21
-4.0685539763779524
0
LINE
8
BLACK
6
CONTINUOUS
10
5.7683781496062991
20
-4.0685539763779524
11
5.7689115354330704
21
-4.0677557086614176
0
LINE
8
BLACK
6
CONTINUOUS
10
5.7689115354330704
20
-4.0677557086614176
11
5.7697098031496061
21
-4.0672223228346454
0
LINE
8
BLACK
6
CONTINUOUS
10
5.7697098031496061
20
-4.0672223228346454
11
5.7706514566929137
21
-4.0670349999999997
0
LINE
8
BLACK
6
CONTINUOUS
10
5.7706514566929137
20
-4.0670349999999997
11
5.7991947637795276
21
-4.0670349999999997
0
LINE
8
BLACK
6
CONTINUOUS
10
5.7991947637795276
20
-4.0670349999999997
11
5.8001364173228342
21
-4.0672223228346454
0
LINE
8
BLACK
6
CONTINUOUS
10
6.0324198818897639
20
-4.0672223228346454
11
6.0332181496062987
21
-4.0677557086614176
0
LINE
8
BLACK
6
CONTINUOUS
10
6.0332181496062987
20
-4.0677557086614176
11
6.0337515354330709
21
-4.0685539763779524
0
LINE
8
BLACK
6
CONTINUOUS
10
6.0337515354330709
20
-4.0685539763779524
11
6.0339388582677165
21
-4.0694956299212599
0
LINE
8
BLACK
6
CONTINUOUS
10
6.0339388582677165
20
-4.0694956299212599
11
6.0339388582677165
21
-4.0744168897637794
0
LINE
8
BLACK
6
CONTINUOUS
10
6.0339388582677165
20
-4.0744168897637794
11
6.0337515354330709
21
-4.0753585433070869
0
LINE
8
BLACK
6
CONTINUOUS
10
6.0337515354330709
20
-4.0753585433070869
11
6.0332181496062987
21
-4.0761568110236217
0
LINE
8
BLACK
6
CONTINUOUS
10
6.0332181496062987
20
-4.0761568110236217
11
6.0324198818897639
21
-4.0766901968503939
0
LINE
8
BLACK
6
CONTINUOUS
10
6.0324198818897639
20
-4.0766901968503939
11
6.0314782283464563
21
-4.0768775196850395
0
LINE
8
BLACK
6
CONTINUOUS
10
6.0314782283464563
20
-4.0768775196850395
11
6.0029349212598424
21
-4.0768775196850395
0
LINE
8
BLACK
6
CONTINUOUS
10
6.0029349212598424
20
-4.0768775196850395
11
6.0019932677165357
21
-4.0766901968503939
0
LINE
8
BLACK
6
CONTINUOUS
10
6.0019932677165357
20
-4.0766901968503939
11
6.0011950000000001
21
-4.0761568110236217
0
LINE
8
BLACK
6
CONTINUOUS
10
6.0011950000000001
20
-4.0761568110236217
11
6.0006616141732279
21
-4.0753585433070869
0
LINE
8
BLACK
6
CONTINUOUS
10
6.0006616141732279
20
-4.0753585433070869
11
6.0004742913385822
21
-4.0744168897637794
0
LINE
8
BLACK
6
CONTINUOUS
10
6.0004742913385822
20
-4.0744168897637794
11
6.0004742913385822
21
-4.0694956299212599
0
LINE
8
BLACK
6
CONTINUOUS
10
6.0004742913385822
20
-4.0694956299212599
11
6.0006616141732279
21
-4.0685539763779524
0
LINE
8
BLACK
6
CONTINUOUS
10
6.0006616141732279
20
-4.0685539763779524
11
6.0011950000000001
21
-4.0677557086614176
0
LINE
8
BLACK
6
CONTINUOUS
10
6.0011950000000001
20
-4.0677557086614176
11
6.0019932677165357
21
-4.0672223228346454
0
LINE
8
BLACK
6
CONTINUOUS
10
6.0019932677165357
20
-4.0672223228346454
11
6.0029349212598424
21
-4.0670349999999997
0
LINE
8
BLACK
6
CONTINUOUS
10
6.0029349212598424
20
-4.0670349999999997
11
6.0314782283464563
21
-4.0670349999999997
0
LINE
8
BLACK
6
CONTINUOUS
10
6.0314782283464563
20
-4.0670349999999997
11
6.0324198818897639
21
-4.0672223228346454
0
LINE
8
BLACK
6
CONTINUOUS
10
5.9756975984251968
20
-3.9329416929133858
11
5.9788907086614174
21
-3.9350752755905511
0
LINE
8
BLACK
6
CONTINUOUS
10
5.9788907086614174
20
-3.9350752755905511
11
5.9810242913385823
21
-3.9382683858267717
0
LINE
8
BLACK
6
CONTINUOUS
10
5.9810242913385823
20
-3.9382683858267717
11
5.9817735039370081
21
-3.9420349212598422
0
LINE
8
BLACK
6
CONTINUOUS
10
5.9817735039370081
20
-3.9420349212598422
11
5.9817735039370081
21
-4.0640823228346452
0
LINE
8
BLACK
6
CONTINUOUS
10
5.9817735039370081
20
-4.0640823228346452
11
5.9810242913385823
21
-4.0678488582677161
0
LINE
8
BLACK
6
CONTINUOUS
10
5.9810242913385823
20
-4.0678488582677161
11
5.9788907086614174
21
-4.0710419685039367
0
LINE
8
BLACK
6
CONTINUOUS
10
5.9788907086614174
20
-4.0710419685039367
11
5.9756975984251968
21
-4.0731755511811025
0
LINE
8
BLACK
6
CONTINUOUS
10
5.9756975984251968
20
-4.0731755511811025
11
5.9719310629921258
21
-4.0739247637795275
0
LINE
8
BLACK
6
CONTINUOUS
10
5.9719310629921258
20
-4.0739247637795275
11
5.8301986220472442
21
-4.0739247637795275
0
LINE
8
BLACK
6
CONTINUOUS
10
5.8301986220472442
20
-4.0739247637795275
11
5.8264320866141732
21
-4.0731755511811025
0
LINE
8
BLACK
6
CONTINUOUS
10
5.8264320866141732
20
-4.0731755511811025
11
5.8232389763779526
21
-4.0710419685039367
0
LINE
8
BLACK
6
CONTINUOUS
10
5.8232389763779526
20
-4.0710419685039367
11
5.8211053937007868
21
-4.0678488582677161
0
LINE
8
BLACK
6
CONTINUOUS
10
5.8211053937007868
20
-4.0678488582677161
11
5.8203561811023619
21
-4.0640823228346452
0
LINE
8
BLACK
6
CONTINUOUS
10
5.8203561811023619
20
-4.0640823228346452
11
5.8203561811023619
21
-3.9420349212598422
0
LINE
8
BLACK
6
CONTINUOUS
10
5.8203561811023619
20
-3.9420349212598422
11
5.8211053937007868
21
-3.9382683858267717
0
LINE
8
BLACK
6
CONTINUOUS
10
5.8211053937007868
20
-3.9382683858267717
11
5.8232389763779526
21
-3.9350752755905511
0
LINE
8
BLACK
6
CONTINUOUS
10
5.8232389763779526
20
-3.9350752755905511
11
5.8264320866141732
21
-3.9329416929133858
0
LINE
8
BLACK
6
CONTINUOUS
10
5.8264320866141732
20
-3.9329416929133858
11
5.8301986220472442
21
-3.9321924803149604
0
LINE
8
BLACK
6
CONTINUOUS
10
5.8301986220472442
20
-3.9321924803149604
11
5.9719310629921258
21
-3.9321924803149604
0
LINE
8
BLACK
6
CONTINUOUS
10
5.9719310629921258
20
-3.9321924803149604
11
5.9756975984251968
21
-3.9329416929133858
0
LINE
8
BLACK
6
CONTINUOUS
10
5.2110648425196846
20
-4.0730586220472436
11
5.1310648425196845
21
-4.0730586220472436
0
LINE
8
BLACK
6
CONTINUOUS
10
5.1310648425196845
20
-4.0730586220472436
11
5.1310648425196845
21
-4.0330586220472444
0
LINE
8
BLACK
6
CONTINUOUS
10
5.1310648425196845
20
-4.0330586220472444
11
5.2110648425196846
21
-4.0330586220472444
0
LINE
8
BLACK
6
CONTINUOUS
10
5.2110648425196846
20
-4.0330586220472444
11
5.2110648425196846
21
-4.0730586220472436
0
LINE
8
BLACK
6
CONTINUOUS
10
5.8001364173228342
20
-4.0475372834645666
11
5.8009346850393699
21
-4.0480706692913389
0
LINE
8
BLACK
6
CONTINUOUS
10
5.8009346850393699
20
-4.0480706692913389
11
5.8014680708661412
21
-4.0488689370078736
0
LINE
8
BLACK
6
CONTINUOUS
10
5.8014680708661412
20
-4.0488689370078736
11
5.8016553937007869
21
-4.0498105905511812
0
LINE
8
BLACK
6
CONTINUOUS
10
5.8016553937007869
20
-4.0498105905511812
11
5.8016553937007869
21
-4.0547318503937007
0
LINE
8
BLACK
6
CONTINUOUS
10
5.8016553937007869
20
-4.0547318503937007
11
5.8014680708661412
21
-4.0556735039370082
0
LINE
8
BLACK
6
CONTINUOUS
10
5.8014680708661412
20
-4.0556735039370082
11
5.8009346850393699
21
-4.056471771653543
0
LINE
8
BLACK
6
CONTINUOUS
10
5.8009346850393699
20
-4.056471771653543
11
5.8001364173228342
21
-4.0570051574803152
0
LINE
8
BLACK
6
CONTINUOUS
10
5.8001364173228342
20
-4.0570051574803152
11
5.7991947637795276
21
-4.0571924803149608
0
LINE
8
BLACK
6
CONTINUOUS
10
5.7991947637795276
20
-4.0571924803149608
11
5.7706514566929137
21
-4.0571924803149608
0
LINE
8
BLACK
6
CONTINUOUS
10
5.7706514566929137
20
-4.0571924803149608
11
5.7697098031496061
21
-4.0570051574803152
0
LINE
8
BLACK
6
CONTINUOUS
10
5.7697098031496061
20
-4.0570051574803152
11
5.7689115354330704
21
-4.056471771653543
0
LINE
8
BLACK
6
CONTINUOUS
10
5.7689115354330704
20
-4.056471771653543
11
5.7683781496062991
21
-4.0556735039370082
0
LINE
8
BLACK
6
CONTINUOUS
10
5.7683781496062991
20
-4.0556735039370082
11
5.7681908267716535
21
-4.0547318503937007
0
LINE
8
BLACK
6
CONTINUOUS
10
5.7681908267716535
20
-4.0547318503937007
11
5.7681908267716535
21
-4.0498105905511812
0
LINE
8
BLACK
6
CONTINUOUS
10
5.7681908267716535
20
-4.0498105905511812
11
5.7683781496062991
21
-4.0488689370078736
0
LINE
8
BLACK
6
CONTINUOUS
10
5.7683781496062991
20
-4.0488689370078736
11
5.7689115354330704
21
-4.0480706692913389
0
LINE
8
BLACK
6
CONTINUOUS
10
5.7689115354330704
20
-4.0480706692913389
11
5.7697098031496061
21
-4.0475372834645666
0
LINE
8
BLACK
6
CONTINUOUS
10
5.7697098031496061
20
-4.0475372834645666
11
5.7706514566929137
21
-4.047349960629921
0
LINE
8
BLACK
6
CONTINUOUS
10
5.7706514566929137
20
-4.047349960629921
11
5.7991947637795276
21
-4.047349960629921
0
LINE
8
BLACK
6
CONTINUOUS
10
5.7991947637795276
20
-4.047349960629921
11
5.8001364173228342
21
-4.0475372834645666
0
LINE
8
BLACK
6
CONTINUOUS
10
6.0324198818897639
20
-4.0475372834645666
11
6.0332181496062987
21
-4.0480706692913389
0
LINE
8
BLACK
6
CONTINUOUS
10
6.0332181496062987
20
-4.0480706692913389
11
6.0337515354330709
21
-4.0488689370078736
0
LINE
8
BLACK
6
CONTINUOUS
10
6.0337515354330709
20
-4.0488689370078736
11
6.0339388582677165
21
-4.0498105905511812
0
LINE
8
BLACK
6
CONTINUOUS
10
6.0339388582677165
20
-4.0498105905511812
11
6.0339388582677165
21
-4.0547318503937007
0
LINE
8
BLACK
6
CONTINUOUS
10
6.0339388582677165
20
-4.0547318503937007
11
6.0337515354330709
21
-4.0556735039370082
0
LINE
8
BLACK
6
CONTINUOUS
10
6.0337515354330709
20
-4.0556735039370082
11
6.0332181496062987
21
-4.056471771653543
0
LINE
8
BLACK
6
CONTINUOUS
10
6.0332181496062987
20
-4.056471771653543
11
6.0324198818897639
21
-4.0570051574803152
0
LINE
8
BLACK
6
CONTINUOUS
10
6.0324198818897639
20
-4.0570051574803152
11
6.0314782283464563
21
-4.0571924803149608
0
LINE
8
BLACK
6
CONTINUOUS
10
6.0314782283464563
20
-4.0571924803149608
11
6.0029349212598424
21
-4.0571924803149608
0
LINE
8
BLACK
6
CONTINUOUS
10
6.0029349212598424
20
-4.0571924803149608
11
6.0019932677165357
21
-4.0570051574803152
0
LINE
8
BLACK
6
CONTINUOUS
10
6.0019932677165357
20
-4.0570051574803152
11
6.0011950000000001
21
-4.056471771653543
0
LINE
8
BLACK
6
CONTINUOUS
10
6.0011950000000001
20
-4.056471771653543
11
6.0006616141732279
21
-4.0556735039370082
0
LINE
8
BLACK
6
CONTINUOUS
10
6.0006616141732279
20
-4.0556735039370082
11
6.0004742913385822
21
-4.0547318503937007
0
LINE
8
BLACK
6
CONTINUOUS
10
6.0004742913385822
20
-4.0547318503937007
11
6.0004742913385822
21
-4.0498105905511812
0
LINE
8
BLACK
6
CONTINUOUS
10
6.0004742913385822
20
-4.0498105905511812
11
6.0006616141732279
21
-4.0488689370078736
0
LINE
8
BLACK
6
CONTINUOUS
10
6.0006616141732279
20
-4.0488689370078736
11
6.0011950000000001
21
-4.0480706692913389
0
LINE
8
BLACK
6
CONTINUOUS
10
6.0011950000000001
20
-4.0480706692913389
11
6.0019932677165357
21
-4.0475372834645666
0
LINE
8
BLACK
6
CONTINUOUS
10
6.0019932677165357
20
-4.0475372834645666
11
6.0029349212598424
21
-4.047349960629921
0
LINE
8
BLACK
6
CONTINUOUS
10
6.0029349212598424
20
-4.047349960629921
11
6.0314782283464563
21
-4.047349960629921
0
LINE
8
BLACK
6
CONTINUOUS
10
6.0314782283464563
20
-4.047349960629921
11
6.0324198818897639
21
-4.0475372834645666
0
LINE
8
BLACK
6
CONTINUOUS
10
5.8001364173228342
20
-4.0278522440944879
11
5.8009346850393699
21
-4.0283856299212601
0
LINE
8
BLACK
6
CONTINUOUS
10
5.8009346850393699
20
-4.0283856299212601
11
5.8014680708661412
21
-4.0291838976377949
0
LINE
8
BLACK
6
CONTINUOUS
10
5.8014680708661412
20
-4.0291838976377949
11
5.8016553937007869
21
-4.0301255511811025
0
LINE
8
BLACK
6
CONTINUOUS
10
5.8016553937007869
20
-4.0301255511811025
11
5.8016553937007869
21
-4.0350468110236219
0
LINE
8
BLACK
6
CONTINUOUS
10
5.8016553937007869
20
-4.0350468110236219
11
5.8014680708661412
21
-4.0359884645669286
0
LINE
8
BLACK
6
CONTINUOUS
10
5.8014680708661412
20
-4.0359884645669286
11
5.8009346850393699
21
-4.0367867322834643
0
LINE
8
BLACK
6
CONTINUOUS
10
5.8009346850393699
20
-4.0367867322834643
11
5.8001364173228342
21
-4.0373201181102365
0
LINE
8
BLACK
6
CONTINUOUS
10
5.8001364173228342
20
-4.0373201181102365
11
5.7991947637795276
21
-4.0375074409448821
0
LINE
8
BLACK
6
CONTINUOUS
10
5.7991947637795276
20
-4.0375074409448821
11
5.7706514566929137
21
-4.0375074409448821
0
LINE
8
BLACK
6
CONTINUOUS
10
5.7706514566929137
20
-4.0375074409448821
11
5.7697098031496061
21
-4.0373201181102365
0
LINE
8
BLACK
6
CONTINUOUS
10
5.7697098031496061
20
-4.0373201181102365
11
5.7689115354330704
21
-4.0367867322834643
0
LINE
8
BLACK
6
CONTINUOUS
10
5.7689115354330704
20
-4.0367867322834643
11
5.7683781496062991
21
-4.0359884645669286
0
LINE
8
BLACK
6
CONTINUOUS
10
5.7683781496062991
20
-4.0359884645669286
11
5.7681908267716535
21
-4.0350468110236219
0
LINE
8
BLACK
6
CONTINUOUS
10
5.7681908267716535
20
-4.0350468110236219
11
5.7681908267716535
21
-4.0301255511811025
0
LINE
8
BLACK
6
CONTINUOUS
10
5.7681908267716535
20
-4.0301255511811025
11
5.7683781496062991
21
-4.0291838976377949
0
LINE
8
BLACK
6
CONTINUOUS
10
5.7683781496062991
20
-4.0291838976377949
11
5.7689115354330704
21
-4.0283856299212601
0
LINE
8
BLACK
6
CONTINUOUS
10
5.7689115354330704
20
-4.0283856299212601
11
5.7697098031496061
21
-4.0278522440944879
0
LINE
8
BLACK
6
CONTINUOUS
10
5.7697098031496061
20
-4.0278522440944879
11
5.7706514566929137
21
-4.0276649212598423
0
LINE
8
BLACK
6
CONTINUOUS
10
5.7706514566929137
20
-4.0276649212598423
11
5.7991947637795276
21
-4.0276649212598423
0
LINE
8
BLACK
6
CONTINUOUS
10
5.7991947637795276
20
-4.0276649212598423
11
5.8001364173228342
21
-4.0278522440944879
0
LINE
8
BLACK
6
CONTINUOUS
10
6.0324198818897639
20
-4.0278522440944879
11
6.0332181496062987
21
-4.0283856299212601
0
LINE
8
BLACK
6
CONTINUOUS
10
6.0332181496062987
20
-4.0283856299212601
11
6.0337515354330709
21
-4.0291838976377949
0
LINE
8
BLACK
6
CONTINUOUS
10
6.0337515354330709
20
-4.0291838976377949
11
6.0339388582677165
21
-4.0301255511811025
0
LINE
8
BLACK
6
CONTINUOUS
10
6.0339388582677165
20
-4.0301255511811025
11
6.0339388582677165
21
-4.0350468110236219
0
LINE
8
BLACK
6
CONTINUOUS
10
6.0339388582677165
20
-4.0350468110236219
11
6.0337515354330709
21
-4.0359884645669286
0
LINE
8
BLACK
6
CONTINUOUS
10
6.0337515354330709
20
-4.0359884645669286
11
6.0332181496062987
21
-4.0367867322834643
0
LINE
8
BLACK
6
CONTINUOUS
10
6.0332181496062987
20
-4.0367867322834643
11
6.0324198818897639
21
-4.0373201181102365
0
LINE
8
BLACK
6
CONTINUOUS
10
6.0324198818897639
20
-4.0373201181102365
11
6.0314782283464563
21
-4.0375074409448821
0
LINE
8
BLACK
6
CONTINUOUS
10
6.0314782283464563
20
-4.0375074409448821
11
6.0029349212598424
21
-4.0375074409448821
0
LINE
8
BLACK
6
CONTINUOUS
10
6.0029349212598424
20
-4.0375074409448821
11
6.0019932677165357
21
-4.0373201181102365
0
LINE
8
BLACK
6
CONTINUOUS
10
6.0019932677165357
20
-4.0373201181102365
11
6.0011950000000001
21
-4.0367867322834643
0
LINE
8
BLACK
6
CONTINUOUS
10
6.0011950000000001
20
-4.0367867322834643
11
6.0006616141732279
21
-4.0359884645669286
0
LINE
8
BLACK
6
CONTINUOUS
10
6.0006616141732279
20
-4.0359884645669286
11
6.0004742913385822
21
-4.0350468110236219
0
LINE
8
BLACK
6
CONTINUOUS
10
6.0004742913385822
20
-4.0350468110236219
11
6.0004742913385822
21
-4.0301255511811025
0
LINE
8
BLACK
6
CONTINUOUS
10
6.0004742913385822
20
-4.0301255511811025
11
6.0006616141732279
21
-4.0291838976377949
0
LINE
8
BLACK
6
CONTINUOUS
10
6.0006616141732279
20
-4.0291838976377949
11
6.0011950000000001
21
-4.0283856299212601
0
LINE
8
BLACK
6
CONTINUOUS
10
6.0011950000000001
20
-4.0283856299212601
11
6.0019932677165357
21
-4.0278522440944879
0
LINE
8
BLACK
6
CONTINUOUS
10
6.0019932677165357
20
-4.0278522440944879
11
6.0029349212598424
21
-4.0276649212598423
0
LINE
8
BLACK
6
CONTINUOUS
10
6.0029349212598424
20
-4.0276649212598423
11
6.0314782283464563
21
-4.0276649212598423
0
LINE
8
BLACK
6
CONTINUOUS
10
6.0314782283464563
20
-4.0276649212598423
11
6.0324198818897639
21
-4.0278522440944879
0
LINE
8
BLACK
6
CONTINUOUS
10
5.5535648425196849
20
-4.0355586220472439
11
5.4985648425196851
21
-4.0355586220472439
0
LINE
8
BLACK
6
CONTINUOUS
10
5.4985648425196851
20
-4.0355586220472439
11
5.4985648425196851
21
-4.0005586220472438
0
LINE
8
BLACK
6
CONTINUOUS
10
5.4985648425196851
20
-4.0005586220472438
11
5.5535648425196849
21
-4.0005586220472438
0
LINE
8
BLACK
6
CONTINUOUS
10
5.5535648425196849
20
-4.0005586220472438
11
5.5535648425196849
21
-4.0355586220472439
0
LINE
8
BLACK
6
CONTINUOUS
10
5.0785648425196852
20
-4.0330586220472444
11
5.0235648425196846
21
-4.0330586220472444
0
LINE
8
BLACK
6
CONTINUOUS
10
5.0235648425196846
20
-4.0330586220472444
11
5.0235648425196846
21
-3.9980586220472438
0
LINE
8
BLACK
6
CONTINUOUS
10
5.0235648425196846
20
-3.9980586220472438
11
5.0785648425196852
21
-3.9980586220472438
0
LINE
8
BLACK
6
CONTINUOUS
10
5.0785648425196852
20
-3.9980586220472438
11
5.0785648425196852
21
-4.0330586220472444
0
LINE
8
BLACK
6
CONTINUOUS
10
5.628564842519685
20
-4.0330586220472444
11
5.5735648425196853
21
-4.0330586220472444
0
LINE
8
BLACK
6
CONTINUOUS
10
5.5735648425196853
20
-4.0330586220472444
11
5.5735648425196853
21
-3.9980586220472438
0
LINE
8
BLACK
6
CONTINUOUS
10
5.5735648425196853
20
-3.9980586220472438
11
5.628564842519685
21
-3.9980586220472438
0
LINE
8
BLACK
6
CONTINUOUS
10
5.628564842519685
20
-3.9980586220472438
11
5.628564842519685
21
-4.0330586220472444
0
LINE
8
BLACK
6
CONTINUOUS
10
5.7035648425196852
20
-4.0330586220472444
11
5.6485648425196846
21
-4.0330586220472444
0
LINE
8
BLACK
6
CONTINUOUS
10
5.6485648425196846
20
-4.0330586220472444
11
5.6485648425196846
21
-3.9980586220472438
0
LINE
8
BLACK
6
CONTINUOUS
10
5.6485648425196846
20
-3.9980586220472438
11
5.7035648425196852
21
-3.9980586220472438
0
LINE
8
BLACK
6
CONTINUOUS
10
5.7035648425196852
20
-3.9980586220472438
11
5.7035648425196852
21
-4.0330586220472444
0
LINE
8
BLACK
6
CONTINUOUS
10
6.4085648425196853
20
-4.0240586220472441
11
6.3535648425196847
21
-4.0240586220472441
0
LINE
8
BLACK
6
CONTINUOUS
10
6.3535648425196847
20
-4.0240586220472441
11
6.3535648425196847
21
-3.9890586220472439
0
LINE
8
BLACK
6
CONTINUOUS
10
6.3535648425196847
20
-3.9890586220472439
11
6.4085648425196853
21
-3.9890586220472439
0
LINE
8
BLACK
6
CONTINUOUS
10
6.4085648425196853
20
-3.9890586220472439
11
6.4085648425196853
21
-4.0240586220472441
0
LINE
8
BLACK
6
CONTINUOUS
10
6.6085648425196846
20
-4.0240586220472441
11
6.5535648425196849
21
-4.0240586220472441
0
LINE
8
BLACK
6
CONTINUOUS
10
6.5535648425196849
20
-4.0240586220472441
11
6.5535648425196849
21
-3.9890586220472439
0
LINE
8
BLACK
6
CONTINUOUS
10
6.5535648425196849
20
-3.9890586220472439
11
6.6085648425196846
21
-3.9890586220472439
0
LINE
8
BLACK
6
CONTINUOUS
10
6.6085648425196846
20
-3.9890586220472439
11
6.6085648425196846
21
-4.0240586220472441
0
LINE
8
BLACK
6
CONTINUOUS
10
6.7585648425196849
20
-4.0240586220472441
11
6.7035648425196852
21
-4.0240586220472441
0
LINE
8
BLACK
6
CONTINUOUS
10
6.7035648425196852
20
-4.0240586220472441
11
6.7035648425196852
21
-3.9890586220472439
0
LINE
8
BLACK
6
CONTINUOUS
10
6.7035648425196852
20
-3.9890586220472439
11
6.7585648425196849
21
-3.9890586220472439
0
LINE
8
BLACK
6
CONTINUOUS
10
6.7585648425196849
20
-3.9890586220472439
11
6.7585648425196849
21
-4.0240586220472441
0
LINE
8
BLACK
6
CONTINUOUS
10
5.8001364173228342
20
-4.0081672047244092
11
5.8009346850393699
21
-4.0087005905511814
0
LINE
8
BLACK
6
CONTINUOUS
10
5.8009346850393699
20
-4.0087005905511814
11
5.8014680708661412
21
-4.0094988582677162
0
LINE
8
BLACK
6
CONTINUOUS
10
5.8014680708661412
20
-4.0094988582677162
11
5.8016553937007869
21
-4.0104405118110238
0
LINE
8
BLACK
6
CONTINUOUS
10
5.8016553937007869
20
-4.0104405118110238
11
5.8016553937007869
21
-4.0153617716535432
0
LINE
8
BLACK
6
CONTINUOUS
10
5.8016553937007869
20
-4.0153617716535432
11
5.8014680708661412
21
-4.0163034251968499
0
LINE
8
BLACK
6
CONTINUOUS
10
5.8014680708661412
20
-4.0163034251968499
11
5.8009346850393699
21
-4.0171016929133856
0
LINE
8
BLACK
6
CONTINUOUS
10
5.8009346850393699
20
-4.0171016929133856
11
5.8001364173228342
21
-4.0176350787401578
0
LINE
8
BLACK
6
CONTINUOUS
10
5.8001364173228342
20
-4.0176350787401578
11
5.7991947637795276
21
-4.0178224015748034
0
LINE
8
BLACK
6
CONTINUOUS
10
5.7991947637795276
20
-4.0178224015748034
11
5.7706514566929137
21
-4.0178224015748034
0
LINE
8
BLACK
6
CONTINUOUS
10
5.7706514566929137
20
-4.0178224015748034
11
5.7697098031496061
21
-4.0176350787401578
0
LINE
8
BLACK
6
CONTINUOUS
10
5.7697098031496061
20
-4.0176350787401578
11
5.7689115354330704
21
-4.0171016929133856
0
LINE
8
BLACK
6
CONTINUOUS
10
5.7689115354330704
20
-4.0171016929133856
11
5.7683781496062991
21
-4.0163034251968499
0
LINE
8
BLACK
6
CONTINUOUS
10
5.7683781496062991
20
-4.0163034251968499
11
5.7681908267716535
21
-4.0153617716535432
0
LINE
8
BLACK
6
CONTINUOUS
10
5.7681908267716535
20
-4.0153617716535432
11
5.7681908267716535
21
-4.0104405118110238
0
LINE
8
BLACK
6
CONTINUOUS
10
5.7681908267716535
20
-4.0104405118110238
11
5.7683781496062991
21
-4.0094988582677162
0
LINE
8
BLACK
6
CONTINUOUS
10
5.7683781496062991
20
-4.0094988582677162
11
5.7689115354330704
21
-4.0087005905511814
0
LINE
8
BLACK
6
CONTINUOUS
10
5.7689115354330704
20
-4.0087005905511814
11
5.7697098031496061
21
-4.0081672047244092
0
LINE
8
BLACK
6
CONTINUOUS
10
5.7697098031496061
20
-4.0081672047244092
11
5.7706514566929137
21
-4.0079798818897636
0
LINE
8
BLACK
6
CONTINUOUS
10
5.7706514566929137
20
-4.0079798818897636
11
5.7991947637795276
21
-4.0079798818897636
0
LINE
8
BLACK
6
CONTINUOUS
10
5.7991947637795276
20
-4.0079798818897636
11
5.8001364173228342
21
-4.0081672047244092
0
LINE
8
BLACK
6
CONTINUOUS
10
6.0324198818897639
20
-4.0081672047244092
11
6.0332181496062987
21
-4.0087005905511814
0
LINE
8
BLACK
6
CONTINUOUS
10
6.0332181496062987
20
-4.0087005905511814
11
6.0337515354330709
21
-4.0094988582677162
0
LINE
8
BLACK
6
CONTINUOUS
10
6.0337515354330709
20
-4.0094988582677162
11
6.0339388582677165
21
-4.0104405118110238
0
LINE
8
BLACK
6
CONTINUOUS
10
6.0339388582677165
20
-4.0104405118110238
11
6.0339388582677165
21
-4.0153617716535432
0
LINE
8
BLACK
6
CONTINUOUS
10
6.0339388582677165
20
-4.0153617716535432
11
6.0337515354330709
21
-4.0163034251968499
0
LINE
8
BLACK
6
CONTINUOUS
10
6.0337515354330709
20
-4.0163034251968499
11
6.0332181496062987
21
-4.0171016929133856
0
LINE
8
BLACK
6
CONTINUOUS
10
6.0332181496062987
20
-4.0171016929133856
11
6.0324198818897639
21
-4.0176350787401578
0
LINE
8
BLACK
6
CONTINUOUS
10
6.0324198818897639
20
-4.0176350787401578
11
6.0314782283464563
21
-4.0178224015748034
0
LINE
8
BLACK
6
CONTINUOUS
10
6.0314782283464563
20
-4.0178224015748034
11
6.0029349212598424
21
-4.0178224015748034
0
LINE
8
BLACK
6
CONTINUOUS
10
6.0029349212598424
20
-4.0178224015748034
11
6.0019932677165357
21
-4.0176350787401578
0
LINE
8
BLACK
6
CONTINUOUS
10
6.0019932677165357
20
-4.0176350787401578
11
6.0011950000000001
21
-4.0171016929133856
0
LINE
8
BLACK
6
CONTINUOUS
10
6.0011950000000001
20
-4.0171016929133856
11
6.0006616141732279
21
-4.0163034251968499
0
LINE
8
BLACK
6
CONTINUOUS
10
6.0006616141732279
20
-4.0163034251968499
11
6.0004742913385822
21
-4.0153617716535432
0
LINE
8
BLACK
6
CONTINUOUS
10
6.0004742913385822
20
-4.0153617716535432
11
6.0004742913385822
21
-4.0104405118110238
0
LINE
8
BLACK
6
CONTINUOUS
10
6.0004742913385822
20
-4.0104405118110238
11
6.0006616141732279
21
-4.0094988582677162
0
LINE
8
BLACK
6
CONTINUOUS
10
6.0006616141732279
20
-4.0094988582677162
11
6.0011950000000001
21
-4.0087005905511814
0
LINE
8
BLACK
6
CONTINUOUS
10
6.0011950000000001
20
-4.0087005905511814
11
6.0019932677165357
21
-4.0081672047244092
0
LINE
8
BLACK
6
CONTINUOUS
10
6.0019932677165357
20
-4.0081672047244092
11
6.0029349212598424
21
-4.0079798818897636
0
LINE
8
BLACK
6
CONTINUOUS
10
6.0029349212598424
20
-4.0079798818897636
11
6.0314782283464563
21
-4.0079798818897636
0
LINE
8
BLACK
6
CONTINUOUS
10
6.0314782283464563
20
-4.0079798818897636
11
6.0324198818897639
21
-4.0081672047244092
0
LINE
8
BLACK
6
CONTINUOUS
10
6.2285648425196847
20
-4.0080586220472441
11
6.173564842519685
21
-4.0080586220472441
0
LINE
8
BLACK
6
CONTINUOUS
10
6.173564842519685
20
-4.0080586220472441
11
6.173564842519685
21
-3.9730586220472439
0
LINE
8
BLACK
6
CONTINUOUS
10
6.173564842519685
20
-3.9730586220472439
11
6.2285648425196847
21
-3.9730586220472439
0
LINE
8
BLACK
6
CONTINUOUS
10
6.2285648425196847
20
-3.9730586220472439
11
6.2285648425196847
21
-4.0080586220472441
0
LINE
8
BLACK
6
CONTINUOUS
10
6.3285648425196852
20
-4.0080586220472441
11
6.2735648425196846
21
-4.0080586220472441
0
LINE
8
BLACK
6
CONTINUOUS
10
6.2735648425196846
20
-4.0080586220472441
11
6.2735648425196846
21
-3.9730586220472439
0
LINE
8
BLACK
6
CONTINUOUS
10
6.2735648425196846
20
-3.9730586220472439
11
6.3285648425196852
21
-3.9730586220472439
0
LINE
8
BLACK
6
CONTINUOUS
10
6.3285648425196852
20
-3.9730586220472439
11
6.3285648425196852
21
-4.0080586220472441
0
LINE
8
BLACK
6
CONTINUOUS
10
5.8001364173228342
20
-3.9884821653543305
11
5.8009346850393699
21
-3.9890155511811023
0
LINE
8
BLACK
6
CONTINUOUS
10
5.8009346850393699
20
-3.9890155511811023
11
5.8014680708661412
21
-3.9898138188976375
0
LINE
8
BLACK
6
CONTINUOUS
10
5.8014680708661412
20
-3.9898138188976375
11
5.8016553937007869
21
-3.9907554724409446
0
LINE
8
BLACK
6
CONTINUOUS
10
5.8016553937007869
20
-3.9907554724409446
11
5.8016553937007869
21
-3.9956767322834645
0
LINE
8
BLACK
6
CONTINUOUS
10
5.8016553937007869
20
-3.9956767322834645
11
5.8014680708661412
21
-3.9966183858267716
0
LINE
8
BLACK
6
CONTINUOUS
10
5.8014680708661412
20
-3.9966183858267716
11
5.8009346850393699
21
-3.9974166535433069
0
LINE
8
BLACK
6
CONTINUOUS
10
5.8009346850393699
20
-3.9974166535433069
11
5.8001364173228342
21
-3.9979500393700786
0
LINE
8
BLACK
6
CONTINUOUS
10
5.8001364173228342
20
-3.9979500393700786
11
5.7991947637795276
21
-3.9981373622047243
0
LINE
8
BLACK
6
CONTINUOUS
10
5.7991947637795276
20
-3.9981373622047243
11
5.7706514566929137
21
-3.9981373622047243
0
LINE
8
BLACK
6
CONTINUOUS
10
5.7706514566929137
20
-3.9981373622047243
11
5.7697098031496061
21
-3.9979500393700786
0
LINE
8
BLACK
6
CONTINUOUS
10
5.7697098031496061
20
-3.9979500393700786
11
5.7689115354330704
21
-3.9974166535433069
0
LINE
8
BLACK
6
CONTINUOUS
10
5.7689115354330704
20
-3.9974166535433069
11
5.7683781496062991
21
-3.9966183858267716
0
LINE
8
BLACK
6
CONTINUOUS
10
5.7683781496062991
20
-3.9966183858267716
11
5.7681908267716535
21
-3.9956767322834645
0
LINE
8
BLACK
6
CONTINUOUS
10
5.7681908267716535
20
-3.9956767322834645
11
5.7681908267716535
21
-3.9907554724409446
0
LINE
8
BLACK
6
CONTINUOUS
10
5.7681908267716535
20
-3.9907554724409446
11
5.7683781496062991
21
-3.9898138188976375
0
LINE
8
BLACK
6
CONTINUOUS
10
5.7683781496062991
20
-3.9898138188976375
11
5.7689115354330704
21
-3.9890155511811023
0
LINE
8
BLACK
6
CONTINUOUS
10
5.7689115354330704
20
-3.9890155511811023
11
5.7697098031496061
21
-3.9884821653543305
0
LINE
8
BLACK
6
CONTINUOUS
10
5.7697098031496061
20
-3.9884821653543305
11
5.7706514566929137
21
-3.9882948425196849
0
LINE
8
BLACK
6
CONTINUOUS
10
5.7706514566929137
20
-3.9882948425196849
11
5.7991947637795276
21
-3.9882948425196849
0
LINE
8
BLACK
6
CONTINUOUS
10
5.7991947637795276
20
-3.9882948425196849
11
5.8001364173228342
21
-3.9884821653543305
0
LINE
8
BLACK
6
CONTINUOUS
10
6.0324198818897639
20
-3.9884821653543305
11
6.0332181496062987
21
-3.9890155511811023
0
LINE
8
BLACK
6
CONTINUOUS
10
6.0332181496062987
20
-3.9890155511811023
11
6.0337515354330709
21
-3.9898138188976375
0
LINE
8
BLACK
6
CONTINUOUS
10
6.0337515354330709
20
-3.9898138188976375
11
6.0339388582677165
21
-3.9907554724409446
0
LINE
8
BLACK
6
CONTINUOUS
10
6.0339388582677165
20
-3.9907554724409446
11
6.0339388582677165
21
-3.9956767322834645
0
LINE
8
BLACK
6
CONTINUOUS
10
6.0339388582677165
20
-3.9956767322834645
11
6.0337515354330709
21
-3.9966183858267716
0
LINE
8
BLACK
6
CONTINUOUS
10
6.0337515354330709
20
-3.9966183858267716
11
6.0332181496062987
21
-3.9974166535433069
0
LINE
8
BLACK
6
CONTINUOUS
10
6.0332181496062987
20
-3.9974166535433069
11
6.0324198818897639
21
-3.9979500393700786
0
LINE
8
BLACK
6
CONTINUOUS
10
6.0324198818897639
20
-3.9979500393700786
11
6.0314782283464563
21
-3.9981373622047243
0
LINE
8
BLACK
6
CONTINUOUS
10
6.0314782283464563
20
-3.9981373622047243
11
6.0029349212598424
21
-3.9981373622047243
0
LINE
8
BLACK
6
CONTINUOUS
10
6.0029349212598424
20
-3.9981373622047243
11
6.0019932677165357
21
-3.9979500393700786
0
LINE
8
BLACK
6
CONTINUOUS
10
6.0019932677165357
20
-3.9979500393700786
11
6.0011950000000001
21
-3.9974166535433069
0
LINE
8
BLACK
6
CONTINUOUS
10
6.0011950000000001
20
-3.9974166535433069
11
6.0006616141732279
21
-3.9966183858267716
0
LINE
8
BLACK
6
CONTINUOUS
10
6.0006616141732279
20
-3.9966183858267716
11
6.0004742913385822
21
-3.9956767322834645
0
LINE
8
BLACK
6
CONTINUOUS
10
6.0004742913385822
20
-3.9956767322834645
11
6.0004742913385822
21
-3.9907554724409446
0
LINE
8
BLACK
6
CONTINUOUS
10
6.0004742913385822
20
-3.9907554724409446
11
6.0006616141732279
21
-3.9898138188976375
0
LINE
8
BLACK
6
CONTINUOUS
10
6.0006616141732279
20
-3.9898138188976375
11
6.0011950000000001
21
-3.9890155511811023
0
LINE
8
BLACK
6
CONTINUOUS
10
6.0011950000000001
20
-3.9890155511811023
11
6.0019932677165357
21
-3.9884821653543305
0
LINE
8
BLACK
6
CONTINUOUS
10
6.0019932677165357
20
-3.9884821653543305
11
6.0029349212598424
21
-3.9882948425196849
0
LINE
8
BLACK
6
CONTINUOUS
10
6.0029349212598424
20
-3.9882948425196849
11
6.0314782283464563
21
-3.9882948425196849
0
LINE
8
BLACK
6
CONTINUOUS
10
6.0314782283464563
20
-3.9882948425196849
11
6.0324198818897639
21
-3.9884821653543305
0
LINE
8
BLACK
6
CONTINUOUS
10
5.2110648425196846
20
-3.9830586220472441
11
5.1310648425196845
21
-3.9830586220472441
0
LINE
8
BLACK
6
CONTINUOUS
10
5.1310648425196845
20
-3.9830586220472441
11
5.1310648425196845
21
-3.9430586220472441
0
LINE
8
BLACK
6
CONTINUOUS
10
5.1310648425196845
20
-3.9430586220472441
11
5.2110648425196846
21
-3.9430586220472441
0
LINE
8
BLACK
6
CONTINUOUS
10
5.2110648425196846
20
-3.9430586220472441
11
5.2110648425196846
21
-3.9830586220472441
0
LINE
8
BLACK
6
CONTINUOUS
10
5.8001364173228342
20
-3.9687971259842518
11
5.8009346850393699
21
-3.9693305118110236
0
LINE
8
BLACK
6
CONTINUOUS
10
5.8009346850393699
20
-3.9693305118110236
11
5.8014680708661412
21
-3.9701287795275588
0
LINE
8
BLACK
6
CONTINUOUS
10
5.8014680708661412
20
-3.9701287795275588
11
5.8016553937007869
21
-3.9710704330708659
0
LINE
8
BLACK
6
CONTINUOUS
10
5.8016553937007869
20
-3.9710704330708659
11
5.8016553937007869
21
-3.9759916929133858
0
LINE
8
BLACK
6
CONTINUOUS
10
5.8016553937007869
20
-3.9759916929133858
11
5.8014680708661412
21
-3.9769333464566929
0
LINE
8
BLACK
6
CONTINUOUS
10
5.8014680708661412
20
-3.9769333464566929
11
5.8009346850393699
21
-3.9777316141732282
0
LINE
8
BLACK
6
CONTINUOUS
10
5.8009346850393699
20
-3.9777316141732282
11
5.8001364173228342
21
-3.9782649999999999
0
LINE
8
BLACK
6
CONTINUOUS
10
5.8001364173228342
20
-3.9782649999999999
11
5.7991947637795276
21
-3.9784523228346456
0
LINE
8
BLACK
6
CONTINUOUS
10
5.7991947637795276
20
-3.9784523228346456
11
5.7706514566929137
21
-3.9784523228346456
0
LINE
8
BLACK
6
CONTINUOUS
10
5.7706514566929137
20
-3.9784523228346456
11
5.7697098031496061
21
-3.9782649999999999
0
LINE
8
BLACK
6
CONTINUOUS
10
5.7697098031496061
20
-3.9782649999999999
11
5.7689115354330704
21
-3.9777316141732282
0
LINE
8
BLACK
6
CONTINUOUS
10
5.7689115354330704
20
-3.9777316141732282
11
5.7683781496062991
21
-3.9769333464566929
0
LINE
8
BLACK
6
CONTINUOUS
10
5.7683781496062991
20
-3.9769333464566929
11
5.7681908267716535
21
-3.9759916929133858
0
LINE
8
BLACK
6
CONTINUOUS
10
5.7681908267716535
20
-3.9759916929133858
11
5.7681908267716535
21
-3.9710704330708659
0
LINE
8
BLACK
6
CONTINUOUS
10
5.7681908267716535
20
-3.9710704330708659
11
5.7683781496062991
21
-3.9701287795275588
0
LINE
8
BLACK
6
CONTINUOUS
10
5.7683781496062991
20
-3.9701287795275588
11
5.7689115354330704
21
-3.9693305118110236
0
LINE
8
BLACK
6
CONTINUOUS
10
5.7689115354330704
20
-3.9693305118110236
11
5.7697098031496061
21
-3.9687971259842518
0
LINE
8
BLACK
6
CONTINUOUS
10
5.7697098031496061
20
-3.9687971259842518
11
5.7706514566929137
21
-3.9686098031496062
0
LINE
8
BLACK
6
CONTINUOUS
10
5.7706514566929137
20
-3.9686098031496062
11
5.7991947637795276
21
-3.9686098031496062
0
LINE
8
BLACK
6
CONTINUOUS
10
5.7991947637795276
20
-3.9686098031496062
11
5.8001364173228342
21
-3.9687971259842518
0
LINE
8
BLACK
6
CONTINUOUS
10
6.0324198818897639
20
-3.9687971259842518
11
6.0332181496062987
21
-3.9693305118110236
0
LINE
8
BLACK
6
CONTINUOUS
10
6.0332181496062987
20
-3.9693305118110236
11
6.0337515354330709
21
-3.9701287795275588
0
LINE
8
BLACK
6
CONTINUOUS
10
6.0337515354330709
20
-3.9701287795275588
11
6.0339388582677165
21
-3.9710704330708659
0
LINE
8
BLACK
6
CONTINUOUS
10
6.0339388582677165
20
-3.9710704330708659
11
6.0339388582677165
21
-3.9759916929133858
0
LINE
8
BLACK
6
CONTINUOUS
10
6.0339388582677165
20
-3.9759916929133858
11
6.0337515354330709
21
-3.9769333464566929
0
LINE
8
BLACK
6
CONTINUOUS
10
6.0337515354330709
20
-3.9769333464566929
11
6.0332181496062987
21
-3.9777316141732282
0
LINE
8
BLACK
6
CONTINUOUS
10
6.0332181496062987
20
-3.9777316141732282
11
6.0324198818897639
21
-3.9782649999999999
0
LINE
8
BLACK
6
CONTINUOUS
10
6.0324198818897639
20
-3.9782649999999999
11
6.0314782283464563
21
-3.9784523228346456
0
LINE
8
BLACK
6
CONTINUOUS
10
6.0314782283464563
20
-3.9784523228346456
11
6.0029349212598424
21
-3.9784523228346456
0
LINE
8
BLACK
6
CONTINUOUS
10
6.0029349212598424
20
-3.9784523228346456
11
6.0019932677165357
21
-3.9782649999999999
0
LINE
8
BLACK
6
CONTINUOUS
10
6.0019932677165357
20
-3.9782649999999999
11
6.0011950000000001
21
-3.9777316141732282
0
LINE
8
BLACK
6
CONTINUOUS
10
6.0011950000000001
20
-3.9777316141732282
11
6.0006616141732279
21
-3.9769333464566929
0
LINE
8
BLACK
6
CONTINUOUS
10
6.0006616141732279
20
-3.9769333464566929
11
6.0004742913385822
21
-3.9759916929133858
0
LINE
8
BLACK
6
CONTINUOUS
10
6.0004742913385822
20
-3.9759916929133858
11
6.0004742913385822
21
-3.9710704330708659
0
LINE
8
BLACK
6
CONTINUOUS
10
6.0004742913385822
20
-3.9710704330708659
11
6.0006616141732279
21
-3.9701287795275588
0
LINE
8
BLACK
6
CONTINUOUS
10
6.0006616141732279
20
-3.9701287795275588
11
6.0011950000000001
21
-3.9693305118110236
0
LINE
8
BLACK
6
CONTINUOUS
10
6.0011950000000001
20
-3.9693305118110236
11
6.0019932677165357
21
-3.9687971259842518
0
LINE
8
BLACK
6
CONTINUOUS
10
6.0019932677165357
20
-3.9687971259842518
11
6.0029349212598424
21
-3.9686098031496062
0
LINE
8
BLACK
6
CONTINUOUS
10
6.0029349212598424
20
-3.9686098031496062
11
6.0314782283464563
21
-3.9686098031496062
0
LINE
8
BLACK
6
CONTINUOUS
10
6.0314782283464563
20
-3.9686098031496062
11
6.0324198818897639
21
-3.9687971259842518
0
LINE
8
BLACK
6
CONTINUOUS
10
5.8001364173228342
20
-3.9491120866141731
11
5.8009346850393699
21
-3.9496454724409449
0
LINE
8
BLACK
6
CONTINUOUS
10
5.8009346850393699
20
-3.9496454724409449
11
5.8014680708661412
21
-3.9504437401574801
0
LINE
8
BLACK
6
CONTINUOUS
10
5.8014680708661412
20
-3.9504437401574801
11
5.8016553937007869
21
-3.9513853937007872
0
LINE
8
BLACK
6
CONTINUOUS
10
5.8016553937007869
20
-3.9513853937007872
11
5.8016553937007869
21
-3.9563066535433071
0
LINE
8
BLACK
6
CONTINUOUS
10
5.8016553937007869
20
-3.9563066535433071
11
5.8014680708661412
21
-3.9572483070866142
0
LINE
8
BLACK
6
CONTINUOUS
10
5.8014680708661412
20
-3.9572483070866142
11
5.8009346850393699
21
-3.9580465748031495
0
LINE
8
BLACK
6
CONTINUOUS
10
5.8009346850393699
20
-3.9580465748031495
11
5.8001364173228342
21
-3.9585799606299212
0
LINE
8
BLACK
6
CONTINUOUS
10
5.8001364173228342
20
-3.9585799606299212
11
5.7991947637795276
21
-3.9587672834645669
0
LINE
8
BLACK
6
CONTINUOUS
10
5.7991947637795276
20
-3.9587672834645669
11
5.7706514566929137
21
-3.9587672834645669
0
LINE
8
BLACK
6
CONTINUOUS
10
5.7706514566929137
20
-3.9587672834645669
11
5.7697098031496061
21
-3.9585799606299212
0
LINE
8
BLACK
6
CONTINUOUS
10
5.7697098031496061
20
-3.9585799606299212
11
5.7689115354330704
21
-3.9580465748031495
0
LINE
8
BLACK
6
CONTINUOUS
10
5.7689115354330704
20
-3.9580465748031495
11
5.7683781496062991
21
-3.9572483070866142
0
LINE
8
BLACK
6
CONTINUOUS
10
5.7683781496062991
20
-3.9572483070866142
11
5.7681908267716535
21
-3.9563066535433071
0
LINE
8
BLACK
6
CONTINUOUS
10
5.7681908267716535
20
-3.9563066535433071
11
5.7681908267716535
21
-3.9513853937007872
0
LINE
8
BLACK
6
CONTINUOUS
10
5.7681908267716535
20
-3.9513853937007872
11
5.7683781496062991
21
-3.9504437401574801
0
LINE
8
BLACK
6
CONTINUOUS
10
5.7683781496062991
20
-3.9504437401574801
11
5.7689115354330704
21
-3.9496454724409449
0
LINE
8
BLACK
6
CONTINUOUS
10
5.7689115354330704
20
-3.9496454724409449
11
5.7697098031496061
21
-3.9491120866141731
0
LINE
8
BLACK
6
CONTINUOUS
10
5.7697098031496061
20
-3.9491120866141731
11
5.7706514566929137
21
-3.9489247637795275
0
LINE
8
BLACK
6
CONTINUOUS
10
5.7706514566929137
20
-3.9489247637795275
11
5.7991947637795276
21
-3.9489247637795275
0
LINE
8
BLACK
6
CONTINUOUS
10
5.7991947637795276
20
-3.9489247637795275
11
5.8001364173228342
21
-3.9491120866141731
0
LINE
8
BLACK
6
CONTINUOUS
10
6.0324198818897639
20
-3.9491120866141731
11
6.0332181496062987
21
-3.9496454724409449
0
LINE
8
BLACK
6
CONTINUOUS
10
6.0332181496062987
20
-3.9496454724409449
11
6.0337515354330709
21
-3.9504437401574801
0
LINE
8
BLACK
6
CONTINUOUS
10
6.0337515354330709
20
-3.9504437401574801
11
6.0339388582677165
21
-3.9513853937007872
0
LINE
8
BLACK
6
CONTINUOUS
10
6.0339388582677165
20
-3.9513853937007872
11
6.0339388582677165
21
-3.9563066535433071
0
LINE
8
BLACK
6
CONTINUOUS
10
6.0339388582677165
20
-3.9563066535433071
11
6.0337515354330709
21
-3.9572483070866142
0
LINE
8
BLACK
6
CONTINUOUS
10
6.0337515354330709
20
-3.9572483070866142
11
6.0332181496062987
21
-3.9580465748031495
0
LINE
8
BLACK
6
CONTINUOUS
10
6.0332181496062987
20
-3.9580465748031495
11
6.0324198818897639
21
-3.9585799606299212
0
LINE
8
BLACK
6
CONTINUOUS
10
6.0324198818897639
20
-3.9585799606299212
11
6.0314782283464563
21
-3.9587672834645669
0
LINE
8
BLACK
6
CONTINUOUS
10
6.0314782283464563
20
-3.9587672834645669
11
6.0029349212598424
21
-3.9587672834645669
0
LINE
8
BLACK
6
CONTINUOUS
10
6.0029349212598424
20
-3.9587672834645669
11
6.0019932677165357
21
-3.9585799606299212
0
LINE
8
BLACK
6
CONTINUOUS
10
6.0019932677165357
20
-3.9585799606299212
11
6.0011950000000001
21
-3.9580465748031495
0
LINE
8
BLACK
6
CONTINUOUS
10
6.0011950000000001
20
-3.9580465748031495
11
6.0006616141732279
21
-3.9572483070866142
0
LINE
8
BLACK
6
CONTINUOUS
10
6.0006616141732279
20
-3.9572483070866142
11
6.0004742913385822
21
-3.9563066535433071
0
LINE
8
BLACK
6
CONTINUOUS
10
6.0004742913385822
20
-3.9563066535433071
11
6.0004742913385822
21
-3.9513853937007872
0
LINE
8
BLACK
6
CONTINUOUS
10
6.0004742913385822
20
-3.9513853937007872
11
6.0006616141732279
21
-3.9504437401574801
0
LINE
8
BLACK
6
CONTINUOUS
10
6.0006616141732279
20
-3.9504437401574801
11
6.0011950000000001
21
-3.9496454724409449
0
LINE
8
BLACK
6
CONTINUOUS
10
6.0011950000000001
20
-3.9496454724409449
11
6.0019932677165357
21
-3.9491120866141731
0
LINE
8
BLACK
6
CONTINUOUS
10
6.0019932677165357
20
-3.9491120866141731
11
6.0029349212598424
21
-3.9489247637795275
0
LINE
8
BLACK
6
CONTINUOUS
10
6.0029349212598424
20
-3.9489247637795275
11
6.0314782283464563
21
-3.9489247637795275
0
LINE
8
BLACK
6
CONTINUOUS
10
6.0314782283464563
20
-3.9489247637795275
11
6.0324198818897639
21
-3.9491120866141731
0
LINE
8
BLACK
6
CONTINUOUS
10
5.628564842519685
20
-3.9580586220472438
11
5.5735648425196853
21
-3.9580586220472438
0
LINE
8
BLACK
6
CONTINUOUS
10
5.5735648425196853
20
-3.9580586220472438
11
5.5735648425196853
21
-3.9230586220472441
0
LINE
8
BLACK
6
CONTINUOUS
10
5.5735648425196853
20
-3.9230586220472441
11
5.628564842519685
21
-3.9230586220472441
0
LINE
8
BLACK
6
CONTINUOUS
10
5.628564842519685
20
-3.9230586220472441
11
5.628564842519685
21
-3.9580586220472438
0
LINE
8
BLACK
6
CONTINUOUS
10
6.3110648425196851
20
-3.9465586220472439
11
6.276064842519685
21
-3.9465586220472439
0
LINE
8
BLACK
6
CONTINUOUS
10
6.276064842519685
20
-3.9465586220472439
11
6.276064842519685
21
-3.8915586220472438
0
LINE
8
BLACK
6
CONTINUOUS
10
6.276064842519685
20
-3.8915586220472438
11
6.3110648425196851
21
-3.8915586220472438
0
LINE
8
BLACK
6
CONTINUOUS
10
6.3110648425196851
20
-3.8915586220472438
11
6.3110648425196851
21
-3.9465586220472439
0
LINE
8
BLACK
6
CONTINUOUS
10
6.3860648425196853
20
-3.9465586220472439
11
6.3510648425196852
21
-3.9465586220472439
0
LINE
8
BLACK
6
CONTINUOUS
10
6.3510648425196852
20
-3.9465586220472439
11
6.3510648425196852
21
-3.8915586220472438
0
LINE
8
BLACK
6
CONTINUOUS
10
6.3510648425196852
20
-3.8915586220472438
11
6.3860648425196853
21
-3.8915586220472438
0
LINE
8
BLACK
6
CONTINUOUS
10
6.3860648425196853
20
-3.8915586220472438
11
6.3860648425196853
21
-3.9465586220472439
0
LINE
8
BLACK
6
CONTINUOUS
10
6.4610648425196846
20
-3.9465586220472439
11
6.4260648425196845
21
-3.9465586220472439
0
LINE
8
BLACK
6
CONTINUOUS
10
6.4260648425196845
20
-3.9465586220472439
11
6.4260648425196845
21
-3.8915586220472438
0
LINE
8
BLACK
6
CONTINUOUS
10
6.4260648425196845
20
-3.8915586220472438
11
6.4610648425196846
21
-3.8915586220472438
0
LINE
8
BLACK
6
CONTINUOUS
10
6.4610648425196846
20
-3.8915586220472438
11
6.4610648425196846
21
-3.9465586220472439
0
LINE
8
BLACK
6
CONTINUOUS
10
6.5360648425196848
20
-3.9465586220472439
11
6.5010648425196846
21
-3.9465586220472439
0
LINE
8
BLACK
6
CONTINUOUS
10
6.5010648425196846
20
-3.9465586220472439
11
6.5010648425196846
21
-3.8915586220472438
0
LINE
8
BLACK
6
CONTINUOUS
10
6.5010648425196846
20
-3.8915586220472438
11
6.5360648425196848
21
-3.8915586220472438
0
LINE
8
BLACK
6
CONTINUOUS
10
6.5360648425196848
20
-3.8915586220472438
11
6.5360648425196848
21
-3.9465586220472439
0
LINE
8
BLACK
6
CONTINUOUS
10
6.611064842519685
20
-3.9465586220472439
11
6.5760648425196848
21
-3.9465586220472439
0
LINE
8
BLACK
6
CONTINUOUS
10
6.5760648425196848
20
-3.9465586220472439
11
6.5760648425196848
21
-3.8915586220472438
0
LINE
8
BLACK
6
CONTINUOUS
10
6.5760648425196848
20
-3.8915586220472438
11
6.611064842519685
21
-3.8915586220472438
0
LINE
8
BLACK
6
CONTINUOUS
10
6.611064842519685
20
-3.8915586220472438
11
6.611064842519685
21
-3.9465586220472439
0
LINE
8
BLACK
6
CONTINUOUS
10
6.6860648425196851
20
-3.9465586220472439
11
6.651064842519685
21
-3.9465586220472439
0
LINE
8
BLACK
6
CONTINUOUS
10
6.651064842519685
20
-3.9465586220472439
11
6.651064842519685
21
-3.8915586220472438
0
LINE
8
BLACK
6
CONTINUOUS
10
6.651064842519685
20
-3.8915586220472438
11
6.6860648425196851
21
-3.8915586220472438
0
LINE
8
BLACK
6
CONTINUOUS
10
6.6860648425196851
20
-3.8915586220472438
11
6.6860648425196851
21
-3.9465586220472439
0
LINE
8
BLACK
6
CONTINUOUS
10
6.7560648425196845
20
-3.9455586220472441
11
6.7210648425196853
21
-3.9455586220472441
0
LINE
8
BLACK
6
CONTINUOUS
10
6.7210648425196853
20
-3.9455586220472441
11
6.7210648425196853
21
-3.8905586220472439
0
LINE
8
BLACK
6
CONTINUOUS
10
6.7210648425196853
20
-3.8905586220472439
11
6.7560648425196845
21
-3.8905586220472439
0
LINE
8
BLACK
6
CONTINUOUS
10
6.7560648425196845
20
-3.8905586220472439
11
6.7560648425196845
21
-3.9455586220472441
0
LINE
8
BLACK
6
CONTINUOUS
10
6.8310648425196847
20
-3.9455586220472441
11
6.7960648425196846
21
-3.9455586220472441
0
LINE
8
BLACK
6
CONTINUOUS
10
6.7960648425196846
20
-3.9455586220472441
11
6.7960648425196846
21
-3.8905586220472439
0
LINE
8
BLACK
6
CONTINUOUS
10
6.7960648425196846
20
-3.8905586220472439
11
6.8310648425196847
21
-3.8905586220472439
0
LINE
8
BLACK
6
CONTINUOUS
10
6.8310648425196847
20
-3.8905586220472439
11
6.8310648425196847
21
-3.9455586220472441
0
LINE
8
BLACK
6
CONTINUOUS
10
5.8001364173228342
20
-3.9294270472440944
11
5.8009346850393699
21
-3.9299604330708662
0
LINE
8
BLACK
6
CONTINUOUS
10
5.8009346850393699
20
-3.9299604330708662
11
5.8014680708661412
21
-3.9307587007874014
0
LINE
8
BLACK
6
CONTINUOUS
10
5.8014680708661412
20
-3.9307587007874014
11
5.8016553937007869
21
-3.9317003543307085
0
LINE
8
BLACK
6
CONTINUOUS
10
5.8016553937007869
20
-3.9317003543307085
11
5.8016553937007869
21
-3.9366216141732284
0
LINE
8
BLACK
6
CONTINUOUS
10
5.8016553937007869
20
-3.9366216141732284
11
5.8014680708661412
21
-3.9375632677165355
0
LINE
8
BLACK
6
CONTINUOUS
10
5.8014680708661412
20
-3.9375632677165355
11
5.8009346850393699
21
-3.9383615354330708
0
LINE
8
BLACK
6
CONTINUOUS
10
5.8009346850393699
20
-3.9383615354330708
11
5.8001364173228342
21
-3.9388949212598425
0
LINE
8
BLACK
6
CONTINUOUS
10
5.8001364173228342
20
-3.9388949212598425
11
5.7991947637795276
21
-3.9390822440944881
0
LINE
8
BLACK
6
CONTINUOUS
10
5.7991947637795276
20
-3.9390822440944881
11
5.7706514566929137
21
-3.9390822440944881
0
LINE
8
BLACK
6
CONTINUOUS
10
5.7706514566929137
20
-3.9390822440944881
11
5.7697098031496061
21
-3.9388949212598425
0
LINE
8
BLACK
6
CONTINUOUS
10
5.7697098031496061
20
-3.9388949212598425
11
5.7689115354330704
21
-3.9383615354330708
0
LINE
8
BLACK
6
CONTINUOUS
10
5.7689115354330704
20
-3.9383615354330708
11
5.7683781496062991
21
-3.9375632677165355
0
LINE
8
BLACK
6
CONTINUOUS
10
5.7683781496062991
20
-3.9375632677165355
11
5.7681908267716535
21
-3.9366216141732284
0
LINE
8
BLACK
6
CONTINUOUS
10
5.7681908267716535
20
-3.9366216141732284
11
5.7681908267716535
21
-3.9317003543307085
0
LINE
8
BLACK
6
CONTINUOUS
10
5.7681908267716535
20
-3.9317003543307085
11
5.7683781496062991
21
-3.9307587007874014
0
LINE
8
BLACK
6
CONTINUOUS
10
5.7683781496062991
20
-3.9307587007874014
11
5.7689115354330704
21
-3.9299604330708662
0
LINE
8
BLACK
6
CONTINUOUS
10
5.7689115354330704
20
-3.9299604330708662
11
5.7697098031496061
21
-3.9294270472440944
0
LINE
8
BLACK
6
CONTINUOUS
10
5.7697098031496061
20
-3.9294270472440944
11
5.7706514566929137
21
-3.9292397244094488
0
LINE
8
BLACK
6
CONTINUOUS
10
5.7706514566929137
20
-3.9292397244094488
11
5.7991947637795276
21
-3.9292397244094488
0
LINE
8
BLACK
6
CONTINUOUS
10
5.7991947637795276
20
-3.9292397244094488
11
5.8001364173228342
21
-3.9294270472440944
0
LINE
8
BLACK
6
CONTINUOUS
10
6.0324198818897639
20
-3.9294270472440944
11
6.0332181496062987
21
-3.9299604330708662
0
LINE
8
BLACK
6
CONTINUOUS
10
6.0332181496062987
20
-3.9299604330708662
11
6.0337515354330709
21
-3.9307587007874014
0
LINE
8
BLACK
6
CONTINUOUS
10
6.0337515354330709
20
-3.9307587007874014
11
6.0339388582677165
21
-3.9317003543307085
0
LINE
8
BLACK
6
CONTINUOUS
10
6.0339388582677165
20
-3.9317003543307085
11
6.0339388582677165
21
-3.9366216141732284
0
LINE
8
BLACK
6
CONTINUOUS
10
6.0339388582677165
20
-3.9366216141732284
11
6.0337515354330709
21
-3.9375632677165355
0
LINE
8
BLACK
6
CONTINUOUS
10
6.0337515354330709
20
-3.9375632677165355
11
6.0332181496062987
21
-3.9383615354330708
0
LINE
8
BLACK
6
CONTINUOUS
10
6.0332181496062987
20
-3.9383615354330708
11
6.0324198818897639
21
-3.9388949212598425
0
LINE
8
BLACK
6
CONTINUOUS
10
6.0324198818897639
20
-3.9388949212598425
11
6.0314782283464563
21
-3.9390822440944881
0
LINE
8
BLACK
6
CONTINUOUS
10
6.0314782283464563
20
-3.9390822440944881
11
6.0029349212598424
21
-3.9390822440944881
0
LINE
8
BLACK
6
CONTINUOUS
10
6.0029349212598424
20
-3.9390822440944881
11
6.0019932677165357
21
-3.9388949212598425
0
LINE
8
BLACK
6
CONTINUOUS
10
6.0019932677165357
20
-3.9388949212598425
11
6.0011950000000001
21
-3.9383615354330708
0
LINE
8
BLACK
6
CONTINUOUS
10
6.0011950000000001
20
-3.9383615354330708
11
6.0006616141732279
21
-3.9375632677165355
0
LINE
8
BLACK
6
CONTINUOUS
10
6.0006616141732279
20
-3.9375632677165355
11
6.0004742913385822
21
-3.9366216141732284
0
LINE
8
BLACK
6
CONTINUOUS
10
6.0004742913385822
20
-3.9366216141732284
11
6.0004742913385822
21
-3.9317003543307085
0
LINE
8
BLACK
6
CONTINUOUS
10
6.0004742913385822
20
-3.9317003543307085
11
6.0006616141732279
21
-3.9307587007874014
0
LINE
8
BLACK
6
CONTINUOUS
10
6.0006616141732279
20
-3.9307587007874014
11
6.0011950000000001
21
-3.9299604330708662
0
LINE
8
BLACK
6
CONTINUOUS
10
6.0011950000000001
20
-3.9299604330708662
11
6.0019932677165357
21
-3.9294270472440944
0
LINE
8
BLACK
6
CONTINUOUS
10
6.0019932677165357
20
-3.9294270472440944
11
6.0029349212598424
21
-3.9292397244094488
0
LINE
8
BLACK
6
CONTINUOUS
10
6.0029349212598424
20
-3.9292397244094488
11
6.0314782283464563
21
-3.9292397244094488
0
LINE
8
BLACK
6
CONTINUOUS
10
6.0314782283464563
20
-3.9292397244094488
11
6.0324198818897639
21
-3.9294270472440944
0
LINE
8
BLACK
6
CONTINUOUS
10
6.2285648425196847
20
-3.9330586220472439
11
6.173564842519685
21
-3.9330586220472439
0
LINE
8
BLACK
6
CONTINUOUS
10
6.173564842519685
20
-3.9330586220472439
11
6.173564842519685
21
-3.8980586220472442
0
LINE
8
BLACK
6
CONTINUOUS
10
6.173564842519685
20
-3.8980586220472442
11
6.2285648425196847
21
-3.8980586220472442
0
LINE
8
BLACK
6
CONTINUOUS
10
6.2285648425196847
20
-3.8980586220472442
11
6.2285648425196847
21
-3.9330586220472439
0
LINE
8
BLACK
6
CONTINUOUS
10
6.9352941732283462
20
-3.8257164960629919
11
6.9442430708661416
21
-3.8281143307086611
0
LINE
8
BLACK
6
CONTINUOUS
10
6.9442430708661416
20
-3.8281143307086611
11
6.9526396456692909
21
-3.8320297244094488
0
LINE
8
BLACK
6
CONTINUOUS
10
6.9526396456692909
20
-3.8320297244094488
11
6.9602287401574801
21
-3.8373436614173229
0
LINE
8
BLACK
6
CONTINUOUS
10
6.9602287401574801
20
-3.8373436614173229
11
6.9667798031496062
21
-3.8438947244094486
0
LINE
8
BLACK
6
CONTINUOUS
10
6.9667798031496062
20
-3.8438947244094486
11
6.9720937401574803
21
-3.8514838188976377
0
LINE
8
BLACK
6
CONTINUOUS
10
6.9720937401574803
20
-3.8514838188976377
11
6.9760091338582679
21
-3.8598803937007875
0
LINE
8
BLACK
6
CONTINUOUS
10
6.9760091338582679
20
-3.8598803937007875
11
6.9784069685039372
21
-3.8688292913385824
0
LINE
8
BLACK
6
CONTINUOUS
10
6.9784069685039372
20
-3.8688292913385824
11
6.9792144488188974
21
-3.8780586220472442
0
LINE
8
BLACK
6
CONTINUOUS
10
6.9792144488188974
20
-3.8780586220472442
11
6.9784069685039372
21
-3.8872879527559054
0
LINE
8
BLACK
6
CONTINUOUS
10
6.9784069685039372
20
-3.8872879527559054
11
6.9760091338582679
21
-3.8962368503937008
0
LINE
8
BLACK
6
CONTINUOUS
10
6.9760091338582679
20
-3.8962368503937008
11
6.9720937401574803
21
-3.9046334251968502
0
LINE
8
BLACK
6
CONTINUOUS
10
6.9720937401574803
20
-3.9046334251968502
11
6.9667798031496062
21
-3.9122225196850393
0
LINE
8
BLACK
6
CONTINUOUS
10
6.9667798031496062
20
-3.9122225196850393
11
6.9602287401574801
21
-3.9187735826771655
0
LINE
8
BLACK
6
CONTINUOUS
10
6.9602287401574801
20
-3.9187735826771655
11
6.9526396456692909
21
-3.9240875196850391
0
LINE
8
BLACK
6
CONTINUOUS
10
6.9526396456692909
20
-3.9240875196850391
11
6.9442430708661416
21
-3.9280029133858267
0
LINE
8
BLACK
6
CONTINUOUS
10
6.9442430708661416
20
-3.9280029133858267
11
6.9352941732283462
21
-3.930400748031496
0
LINE
8
BLACK
6
CONTINUOUS
10
6.9352941732283462
20
-3.930400748031496
11
6.9260648425196845
21
-3.9312082283464567
0
LINE
8
BLACK
6
CONTINUOUS
10
6.9260648425196845
20
-3.9312082283464567
11
6.9168355118110236
21
-3.930400748031496
0
LINE
8
BLACK
6
CONTINUOUS
10
6.9168355118110236
20
-3.930400748031496
11
6.9078866141732282
21
-3.9280029133858267
0
LINE
8
BLACK
6
CONTINUOUS
10
6.9078866141732282
20
-3.9280029133858267
11
6.8994900393700789
21
-3.9240875196850391
0
LINE
8
BLACK
6
CONTINUOUS
10
6.8994900393700789
20
-3.9240875196850391
11
6.8919009448818898
21
-3.9187735826771655
0
LINE
8
BLACK
6
CONTINUOUS
10
6.8919009448818898
20
-3.9187735826771655
11
6.8853498818897636
21
-3.9122225196850393
0
LINE
8
BLACK
6
CONTINUOUS
10
6.8853498818897636
20
-3.9122225196850393
11
6.8800359448818895
21
-3.9046334251968502
0
LINE
8
BLACK
6
CONTINUOUS
10
6.8800359448818895
20
-3.9046334251968502
11
6.8761205511811019
21
-3.8962368503937008
0
LINE
8
BLACK
6
CONTINUOUS
10
6.8761205511811019
20
-3.8962368503937008
11
6.8737227165354327
21
-3.8872879527559054
0
LINE
8
BLACK
6
CONTINUOUS
10
6.8737227165354327
20
-3.8872879527559054
11
6.8729152362204724
21
-3.8780586220472442
0
LINE
8
BLACK
6
CONTINUOUS
10
6.8729152362204724
20
-3.8780586220472442
11
6.8737227165354327
21
-3.8688292913385824
0
LINE
8
BLACK
6
CONTINUOUS
10
6.8737227165354327
20
-3.8688292913385824
11
6.8761205511811019
21
-3.8598803937007875
0
LINE
8
BLACK
6
CONTINUOUS
10
6.8761205511811019
20
-3.8598803937007875
11
6.8800359448818895
21
-3.8514838188976377
0
LINE
8
BLACK
6
CONTINUOUS
10
6.8800359448818895
20
-3.8514838188976377
11
6.8853498818897636
21
-3.8438947244094486
0
LINE
8
BLACK
6
CONTINUOUS
10
6.8853498818897636
20
-3.8438947244094486
11
6.8919009448818898
21
-3.8373436614173229
0
LINE
8
BLACK
6
CONTINUOUS
10
6.8919009448818898
20
-3.8373436614173229
11
6.8994900393700789
21
-3.8320297244094488
0
LINE
8
BLACK
6
CONTINUOUS
10
6.8994900393700789
20
-3.8320297244094488
11
6.9078866141732282
21
-3.8281143307086611
0
LINE
8
BLACK
6
CONTINUOUS
10
6.9078866141732282
20
-3.8281143307086611
11
6.9168355118110236
21
-3.8257164960629919
0
LINE
8
BLACK
6
CONTINUOUS
10
6.9168355118110236
20
-3.8257164960629919
11
6.9260648425196845
21
-3.8249090157480312
0
LINE
8
BLACK
6
CONTINUOUS
10
6.9260648425196845
20
-3.8249090157480312
11
6.9352941732283462
21
-3.8257164960629919
0
LINE
8
BLACK
6
CONTINUOUS
10
7.1352941732283464
20
-3.8257164960629919
11
7.1442430708661417
21
-3.8281143307086611
0
LINE
8
BLACK
6
CONTINUOUS
10
7.1442430708661417
20
-3.8281143307086611
11
7.1526396456692911
21
-3.8320297244094488
0
LINE
8
BLACK
6
CONTINUOUS
10
7.1526396456692911
20
-3.8320297244094488
11
7.1602287401574802
21
-3.8373436614173229
0
LINE
8
BLACK
6
CONTINUOUS
10
7.1602287401574802
20
-3.8373436614173229
11
7.1667798031496064
21
-3.8438947244094486
0
LINE
8
BLACK
6
CONTINUOUS
10
7.1667798031496064
20
-3.8438947244094486
11
7.1720937401574805
21
-3.8514838188976377
0
LINE
8
BLACK
6
CONTINUOUS
10
7.1720937401574805
20
-3.8514838188976377
11
7.1760091338582672
21
-3.8598803937007875
0
LINE
8
BLACK
6
CONTINUOUS
10
7.1760091338582672
20
-3.8598803937007875
11
7.1784069685039364
21
-3.8688292913385824
0
LINE
8
BLACK
6
CONTINUOUS
10
7.1784069685039364
20
-3.8688292913385824
11
7.1792144488188976
21
-3.8780586220472442
0
LINE
8
BLACK
6
CONTINUOUS
10
7.1792144488188976
20
-3.8780586220472442
11
7.1784069685039364
21
-3.8872879527559054
0
LINE
8
BLACK
6
CONTINUOUS
10
7.1784069685039364
20
-3.8872879527559054
11
7.1760091338582672
21
-3.8962368503937008
0
LINE
8
BLACK
6
CONTINUOUS
10
7.1760091338582672
20
-3.8962368503937008
11
7.1720937401574805
21
-3.9046334251968502
0
LINE
8
BLACK
6
CONTINUOUS
10
7.1720937401574805
20
-3.9046334251968502
11
7.1667798031496064
21
-3.9122225196850393
0
LINE
8
BLACK
6
CONTINUOUS
10
7.1667798031496064
20
-3.9122225196850393
11
7.1602287401574802
21
-3.9187735826771655
0
LINE
8
BLACK
6
CONTINUOUS
10
7.1602287401574802
20
-3.9187735826771655
11
7.1526396456692911
21
-3.9240875196850391
0
LINE
8
BLACK
6
CONTINUOUS
10
7.1526396456692911
20
-3.9240875196850391
11
7.1442430708661417
21
-3.9280029133858267
0
LINE
8
BLACK
6
CONTINUOUS
10
7.1442430708661417
20
-3.9280029133858267
11
7.1352941732283464
21
-3.930400748031496
0
LINE
8
BLACK
6
CONTINUOUS
10
7.1352941732283464
20
-3.930400748031496
11
7.1260648425196846
21
-3.9312082283464567
0
LINE
8
BLACK
6
CONTINUOUS
10
7.1260648425196846
20
-3.9312082283464567
11
7.1168355118110238
21
-3.930400748031496
0
LINE
8
BLACK
6
CONTINUOUS
10
7.1168355118110238
20
-3.930400748031496
11
7.1078866141732284
21
-3.9280029133858267
0
LINE
8
BLACK
6
CONTINUOUS
10
7.1078866141732284
20
-3.9280029133858267
11
7.0994900393700782
21
-3.9240875196850391
0
LINE
8
BLACK
6
CONTINUOUS
10
7.0994900393700782
20
-3.9240875196850391
11
7.0919009448818899
21
-3.9187735826771655
0
LINE
8
BLACK
6
CONTINUOUS
10
7.0919009448818899
20
-3.9187735826771655
11
7.0853498818897638
21
-3.9122225196850393
0
LINE
8
BLACK
6
CONTINUOUS
10
7.0853498818897638
20
-3.9122225196850393
11
7.0800359448818897
21
-3.9046334251968502
0
LINE
8
BLACK
6
CONTINUOUS
10
7.0800359448818897
20
-3.9046334251968502
11
7.0761205511811021
21
-3.8962368503937008
0
LINE
8
BLACK
6
CONTINUOUS
10
7.0761205511811021
20
-3.8962368503937008
11
7.0737227165354328
21
-3.8872879527559054
0
LINE
8
BLACK
6
CONTINUOUS
10
7.0737227165354328
20
-3.8872879527559054
11
7.0729152362204726
21
-3.8780586220472442
0
LINE
8
BLACK
6
CONTINUOUS
10
7.0729152362204726
20
-3.8780586220472442
11
7.0737227165354328
21
-3.8688292913385824
0
LINE
8
BLACK
6
CONTINUOUS
10
7.0737227165354328
20
-3.8688292913385824
11
7.0761205511811021
21
-3.8598803937007875
0
LINE
8
BLACK
6
CONTINUOUS
10
7.0761205511811021
20
-3.8598803937007875
11
7.0800359448818897
21
-3.8514838188976377
0
LINE
8
BLACK
6
CONTINUOUS
10
7.0800359448818897
20
-3.8514838188976377
11
7.0853498818897638
21
-3.8438947244094486
0
LINE
8
BLACK
6
CONTINUOUS
10
7.0853498818897638
20
-3.8438947244094486
11
7.0919009448818899
21
-3.8373436614173229
0
LINE
8
BLACK
6
CONTINUOUS
10
7.0919009448818899
20
-3.8373436614173229
11
7.0994900393700782
21
-3.8320297244094488
0
LINE
8
BLACK
6
CONTINUOUS
10
7.0994900393700782
20
-3.8320297244094488
11
7.1078866141732284
21
-3.8281143307086611
0
LINE
8
BLACK
6
CONTINUOUS
10
7.1078866141732284
20
-3.8281143307086611
11
7.1168355118110238
21
-3.8257164960629919
0
LINE
8
BLACK
6
CONTINUOUS
10
7.1168355118110238
20
-3.8257164960629919
11
7.1260648425196846
21
-3.8249090157480312
0
LINE
8
BLACK
6
CONTINUOUS
10
7.1260648425196846
20
-3.8249090157480312
11
7.1352941732283464
21
-3.8257164960629919
0
LINE
8
BLACK
6
CONTINUOUS
10
5.8158844488188972
20
-3.890056968503937
11
5.8166827165354329
21
-3.8905903543307088
0
LINE
8
BLACK
6
CONTINUOUS
10
5.8166827165354329
20
-3.8905903543307088
11
5.8172161023622042
21
-3.891388622047244
0
LINE
8
BLACK
6
CONTINUOUS
10
5.8172161023622042
20
-3.891388622047244
11
5.8174034251968498
21
-3.8923302755905511
0
LINE
8
BLACK
6
CONTINUOUS
10
5.8174034251968498
20
-3.8923302755905511
11
5.8174034251968498
21
-3.9208735826771655
0
LINE
8
BLACK
6
CONTINUOUS
10
5.8174034251968498
20
-3.9208735826771655
11
5.8172161023622042
21
-3.9218152362204726
0
LINE
8
BLACK
6
CONTINUOUS
10
5.8172161023622042
20
-3.9218152362204726
11
5.8166827165354329
21
-3.9226135039370078
0
LINE
8
BLACK
6
CONTINUOUS
10
5.8166827165354329
20
-3.9226135039370078
11
5.8158844488188972
21
-3.9231468897637796
0
LINE
8
BLACK
6
CONTINUOUS
10
5.8158844488188972
20
-3.9231468897637796
11
5.8149427952755905
21
-3.9233342125984252
0
LINE
8
BLACK
6
CONTINUOUS
10
5.8149427952755905
20
-3.9233342125984252
11
5.8100215354330711
21
-3.9233342125984252
0
LINE
8
BLACK
6
CONTINUOUS
10
5.8100215354330711
20
-3.9233342125984252
11
5.8090798818897635
21
-3.9231468897637796
0
LINE
8
BLACK
6
CONTINUOUS
10
5.8090798818897635
20
-3.9231468897637796
11
5.8082816141732279
21
-3.9226135039370078
0
LINE
8
BLACK
6
CONTINUOUS
10
5.8082816141732279
20
-3.9226135039370078
11
5.8077482283464565
21
-3.9218152362204726
0
LINE
8
BLACK
6
CONTINUOUS
10
5.8077482283464565
20
-3.9218152362204726
11
5.8075609055118109
21
-3.9208735826771655
0
LINE
8
BLACK
6
CONTINUOUS
10
5.8075609055118109
20
-3.9208735826771655
11
5.8075609055118109
21
-3.8923302755905511
0
LINE
8
BLACK
6
CONTINUOUS
10
5.8075609055118109
20
-3.8923302755905511
11
5.8077482283464565
21
-3.891388622047244
0
LINE
8
BLACK
6
CONTINUOUS
10
5.8077482283464565
20
-3.891388622047244
11
5.8082816141732279
21
-3.8905903543307088
0
LINE
8
BLACK
6
CONTINUOUS
10
5.8082816141732279
20
-3.8905903543307088
11
5.8090798818897635
21
-3.890056968503937
0
LINE
8
BLACK
6
CONTINUOUS
10
5.8090798818897635
20
-3.890056968503937
11
5.8100215354330711
21
-3.8898696456692914
0
LINE
8
BLACK
6
CONTINUOUS
10
5.8100215354330711
20
-3.8898696456692914
11
5.8149427952755905
21
-3.8898696456692914
0
LINE
8
BLACK
6
CONTINUOUS
10
5.8149427952755905
20
-3.8898696456692914
11
5.8158844488188972
21
-3.890056968503937
0
LINE
8
BLACK
6
CONTINUOUS
10
5.8355694881889759
20
-3.890056968503937
11
5.8363677559055116
21
-3.8905903543307088
0
LINE
8
BLACK
6
CONTINUOUS
10
5.8363677559055116
20
-3.8905903543307088
11
5.8369011417322829
21
-3.891388622047244
0
LINE
8
BLACK
6
CONTINUOUS
10
5.8369011417322829
20
-3.891388622047244
11
5.8370884645669294
21
-3.8923302755905511
0
LINE
8
BLACK
6
CONTINUOUS
10
5.8370884645669294
20
-3.8923302755905511
11
5.8370884645669294
21
-3.9208735826771655
0
LINE
8
BLACK
6
CONTINUOUS
10
5.8370884645669294
20
-3.9208735826771655
11
5.8369011417322829
21
-3.9218152362204726
0
LINE
8
BLACK
6
CONTINUOUS
10
5.8369011417322829
20
-3.9218152362204726
11
5.8363677559055116
21
-3.9226135039370078
0
LINE
8
BLACK
6
CONTINUOUS
10
5.8363677559055116
20
-3.9226135039370078
11
5.8355694881889759
21
-3.9231468897637796
0
LINE
8
BLACK
6
CONTINUOUS
10
5.8355694881889759
20
-3.9231468897637796
11
5.8346278346456693
21
-3.9233342125984252
0
LINE
8
BLACK
6
CONTINUOUS
10
5.8346278346456693
20
-3.9233342125984252
11
5.8297065748031498
21
-3.9233342125984252
0
LINE
8
BLACK
6
CONTINUOUS
10
5.8297065748031498
20
-3.9233342125984252
11
5.8287649212598422
21
-3.9231468897637796
0
LINE
8
BLACK
6
CONTINUOUS
10
5.8287649212598422
20
-3.9231468897637796
11
5.8279666535433066
21
-3.9226135039370078
0
LINE
8
BLACK
6
CONTINUOUS
10
5.8279666535433066
20
-3.9226135039370078
11
5.8274332677165352
21
-3.9218152362204726
0
LINE
8
BLACK
6
CONTINUOUS
10
5.8274332677165352
20
-3.9218152362204726
11
5.8272459448818896
21
-3.9208735826771655
0
LINE
8
BLACK
6
CONTINUOUS
10
5.8272459448818896
20
-3.9208735826771655
11
5.8272459448818896
21
-3.8923302755905511
0
LINE
8
BLACK
6
CONTINUOUS
10
5.8272459448818896
20
-3.8923302755905511
11
5.8274332677165352
21
-3.891388622047244
0
LINE
8
BLACK
6
CONTINUOUS
10
5.8274332677165352
20
-3.891388622047244
11
5.8279666535433066
21
-3.8905903543307088
0
LINE
8
BLACK
6
CONTINUOUS
10
5.8279666535433066
20
-3.8905903543307088
11
5.8287649212598422
21
-3.890056968503937
0
LINE
8
BLACK
6
CONTINUOUS
10
5.8287649212598422
20
-3.890056968503937
11
5.8297065748031498
21
-3.8898696456692914
0
LINE
8
BLACK
6
CONTINUOUS
10
5.8297065748031498
20
-3.8898696456692914
11
5.8346278346456693
21
-3.8898696456692914
0
LINE
8
BLACK
6
CONTINUOUS
10
5.8346278346456693
20
-3.8898696456692914
11
5.8355694881889759
21
-3.890056968503937
0
LINE
8
BLACK
6
CONTINUOUS
10
5.8552545275590546
20
-3.890056968503937
11
5.8560527952755903
21
-3.8905903543307088
0
LINE
8
BLACK
6
CONTINUOUS
10
5.8560527952755903
20
-3.8905903543307088
11
5.8565861811023625
21
-3.891388622047244
0
LINE
8
BLACK
6
CONTINUOUS
10
5.8565861811023625
20
-3.891388622047244
11
5.8567735039370081
21
-3.8923302755905511
0
LINE
8
BLACK
6
CONTINUOUS
10
5.8567735039370081
20
-3.8923302755905511
11
5.8567735039370081
21
-3.9208735826771655
0
LINE
8
BLACK
6
CONTINUOUS
10
5.8567735039370081
20
-3.9208735826771655
11
5.8565861811023625
21
-3.9218152362204726
0
LINE
8
BLACK
6
CONTINUOUS
10
5.8565861811023625
20
-3.9218152362204726
11
5.8560527952755903
21
-3.9226135039370078
0
LINE
8
BLACK
6
CONTINUOUS
10
5.8560527952755903
20
-3.9226135039370078
11
5.8552545275590546
21
-3.9231468897637796
0
LINE
8
BLACK
6
CONTINUOUS
10
5.8552545275590546
20
-3.9231468897637796
11
5.854312874015748
21
-3.9233342125984252
0
LINE
8
BLACK
6
CONTINUOUS
10
5.854312874015748
20
-3.9233342125984252
11
5.8493916141732285
21
-3.9233342125984252
0
LINE
8
BLACK
6
CONTINUOUS
10
5.8493916141732285
20
-3.9233342125984252
11
5.848449960629921
21
-3.9231468897637796
0
LINE
8
BLACK
6
CONTINUOUS
10
5.848449960629921
20
-3.9231468897637796
11
5.8476516929133853
21
-3.9226135039370078
0
LINE
8
BLACK
6
CONTINUOUS
10
5.8476516929133853
20
-3.9226135039370078
11
5.847118307086614
21
-3.9218152362204726
0
LINE
8
BLACK
6
CONTINUOUS
10
5.847118307086614
20
-3.9218152362204726
11
5.8469309842519683
21
-3.9208735826771655
0
LINE
8
BLACK
6
CONTINUOUS
10
5.8469309842519683
20
-3.9208735826771655
11
5.8469309842519683
21
-3.8923302755905511
0
LINE
8
BLACK
6
CONTINUOUS
10
5.8469309842519683
20
-3.8923302755905511
11
5.847118307086614
21
-3.891388622047244
0
LINE
8
BLACK
6
CONTINUOUS
10
5.847118307086614
20
-3.891388622047244
11
5.8476516929133853
21
-3.8905903543307088
0
LINE
8
BLACK
6
CONTINUOUS
10
5.8476516929133853
20
-3.8905903543307088
11
5.848449960629921
21
-3.890056968503937
0
LINE
8
BLACK
6
CONTINUOUS
10
5.848449960629921
20
-3.890056968503937
11
5.8493916141732285
21
-3.8898696456692914
0
LINE
8
BLACK
6
CONTINUOUS
10
5.8493916141732285
20
-3.8898696456692914
11
5.854312874015748
21
-3.8898696456692914
0
LINE
8
BLACK
6
CONTINUOUS
10
5.854312874015748
20
-3.8898696456692914
11
5.8552545275590546
21
-3.890056968503937
0
LINE
8
BLACK
6
CONTINUOUS
10
5.8749395669291333
20
-3.890056968503937
11
5.875737834645669
21
-3.8905903543307088
0
LINE
8
BLACK
6
CONTINUOUS
10
5.875737834645669
20
-3.8905903543307088
11
5.8762712204724412
21
-3.891388622047244
0
LINE
8
BLACK
6
CONTINUOUS
10
5.8762712204724412
20
-3.891388622047244
11
5.8764585433070868
21
-3.8923302755905511
0
LINE
8
BLACK
6
CONTINUOUS
10
5.8764585433070868
20
-3.8923302755905511
11
5.8764585433070868
21
-3.9208735826771655
0
LINE
8
BLACK
6
CONTINUOUS
10
5.8764585433070868
20
-3.9208735826771655
11
5.8762712204724412
21
-3.9218152362204726
0
LINE
8
BLACK
6
CONTINUOUS
10
5.8762712204724412
20
-3.9218152362204726
11
5.875737834645669
21
-3.9226135039370078
0
LINE
8
BLACK
6
CONTINUOUS
10
5.875737834645669
20
-3.9226135039370078
11
5.8749395669291333
21
-3.9231468897637796
0
LINE
8
BLACK
6
CONTINUOUS
10
5.8749395669291333
20
-3.9231468897637796
11
5.8739979133858267
21
-3.9233342125984252
0
LINE
8
BLACK
6
CONTINUOUS
10
5.8739979133858267
20
-3.9233342125984252
11
5.8690766535433072
21
-3.9233342125984252
0
LINE
8
BLACK
6
CONTINUOUS
10
5.8690766535433072
20
-3.9233342125984252
11
5.8681349999999997
21
-3.9231468897637796
0
LINE
8
BLACK
6
CONTINUOUS
10
5.8681349999999997
20
-3.9231468897637796
11
5.8673367322834649
21
-3.9226135039370078
0
LINE
8
BLACK
6
CONTINUOUS
10
5.8673367322834649
20
-3.9226135039370078
11
5.8668033464566927
21
-3.9218152362204726
0
LINE
8
BLACK
6
CONTINUOUS
10
5.8668033464566927
20
-3.9218152362204726
11
5.866616023622047
21
-3.9208735826771655
0
LINE
8
BLACK
6
CONTINUOUS
10
5.866616023622047
20
-3.9208735826771655
11
5.866616023622047
21
-3.8923302755905511
0
LINE
8
BLACK
6
CONTINUOUS
10
5.866616023622047
20
-3.8923302755905511
11
5.8668033464566927
21
-3.891388622047244
0
LINE
8
BLACK
6
CONTINUOUS
10
5.8668033464566927
20
-3.891388622047244
11
5.8673367322834649
21
-3.8905903543307088
0
LINE
8
BLACK
6
CONTINUOUS
10
5.8673367322834649
20
-3.8905903543307088
11
5.8681349999999997
21
-3.890056968503937
0
LINE
8
BLACK
6
CONTINUOUS
10
5.8681349999999997
20
-3.890056968503937
11
5.8690766535433072
21
-3.8898696456692914
0
LINE
8
BLACK
6
CONTINUOUS
10
5.8690766535433072
20
-3.8898696456692914
11
5.8739979133858267
21
-3.8898696456692914
0
LINE
8
BLACK
6
CONTINUOUS
10
5.8739979133858267
20
-3.8898696456692914
11
5.8749395669291333
21
-3.890056968503937
0
LINE
8
BLACK
6
CONTINUOUS
10
5.894624606299212
20
-3.890056968503937
11
5.8954228740157477
21
-3.8905903543307088
0
LINE
8
BLACK
6
CONTINUOUS
10
5.8954228740157477
20
-3.8905903543307088
11
5.8959562598425199
21
-3.891388622047244
0
LINE
8
BLACK
6
CONTINUOUS
10
5.8959562598425199
20
-3.891388622047244
11
5.8961435826771655
21
-3.8923302755905511
0
LINE
8
BLACK
6
CONTINUOUS
10
5.8961435826771655
20
-3.8923302755905511
11
5.8961435826771655
21
-3.9208735826771655
0
LINE
8
BLACK
6
CONTINUOUS
10
5.8961435826771655
20
-3.9208735826771655
11
5.8959562598425199
21
-3.9218152362204726
0
LINE
8
BLACK
6
CONTINUOUS
10
5.8959562598425199
20
-3.9218152362204726
11
5.8954228740157477
21
-3.9226135039370078
0
LINE
8
BLACK
6
CONTINUOUS
10
5.8954228740157477
20
-3.9226135039370078
11
5.894624606299212
21
-3.9231468897637796
0
LINE
8
BLACK
6
CONTINUOUS
10
5.894624606299212
20
-3.9231468897637796
11
5.8936829527559054
21
-3.9233342125984252
0
LINE
8
BLACK
6
CONTINUOUS
10
5.8936829527559054
20
-3.9233342125984252
11
5.8887616929133859
21
-3.9233342125984252
0
LINE
8
BLACK
6
CONTINUOUS
10
5.8887616929133859
20
-3.9233342125984252
11
5.8878200393700784
21
-3.9231468897637796
0
LINE
8
BLACK
6
CONTINUOUS
10
5.8878200393700784
20
-3.9231468897637796
11
5.8870217716535436
21
-3.9226135039370078
0
LINE
8
BLACK
6
CONTINUOUS
10
5.8870217716535436
20
-3.9226135039370078
11
5.8864883858267714
21
-3.9218152362204726
0
LINE
8
BLACK
6
CONTINUOUS
10
5.8864883858267714
20
-3.9218152362204726
11
5.8863010629921257
21
-3.9208735826771655
0
LINE
8
BLACK
6
CONTINUOUS
10
5.8863010629921257
20
-3.9208735826771655
11
5.8863010629921257
21
-3.8923302755905511
0
LINE
8
BLACK
6
CONTINUOUS
10
5.8863010629921257
20
-3.8923302755905511
11
5.8864883858267714
21
-3.891388622047244
0
LINE
8
BLACK
6
CONTINUOUS
10
5.8864883858267714
20
-3.891388622047244
11
5.8870217716535436
21
-3.8905903543307088
0
LINE
8
BLACK
6
CONTINUOUS
10
5.8870217716535436
20
-3.8905903543307088
11
5.8878200393700784
21
-3.890056968503937
0
LINE
8
BLACK
6
CONTINUOUS
10
5.8878200393700784
20
-3.890056968503937
11
5.8887616929133859
21
-3.8898696456692914
0
LINE
8
BLACK
6
CONTINUOUS
10
5.8887616929133859
20
-3.8898696456692914
11
5.8936829527559054
21
-3.8898696456692914
0
LINE
8
BLACK
6
CONTINUOUS
10
5.8936829527559054
20
-3.8898696456692914
11
5.894624606299212
21
-3.890056968503937
0
LINE
8
BLACK
6
CONTINUOUS
10
5.9143096456692916
20
-3.890056968503937
11
5.9151079133858264
21
-3.8905903543307088
0
LINE
8
BLACK
6
CONTINUOUS
10
5.9151079133858264
20
-3.8905903543307088
11
5.9156412992125986
21
-3.891388622047244
0
LINE
8
BLACK
6
CONTINUOUS
10
5.9156412992125986
20
-3.891388622047244
11
5.9158286220472442
21
-3.8923302755905511
0
LINE
8
BLACK
6
CONTINUOUS
10
5.9158286220472442
20
-3.8923302755905511
11
5.9158286220472442
21
-3.9208735826771655
0
LINE
8
BLACK
6
CONTINUOUS
10
5.9158286220472442
20
-3.9208735826771655
11
5.9156412992125986
21
-3.9218152362204726
0
LINE
8
BLACK
6
CONTINUOUS
10
5.9156412992125986
20
-3.9218152362204726
11
5.9151079133858264
21
-3.9226135039370078
0
LINE
8
BLACK
6
CONTINUOUS
10
5.9151079133858264
20
-3.9226135039370078
11
5.9143096456692916
21
-3.9231468897637796
0
LINE
8
BLACK
6
CONTINUOUS
10
5.9143096456692916
20
-3.9231468897637796
11
5.9133679921259841
21
-3.9233342125984252
0
LINE
8
BLACK
6
CONTINUOUS
10
5.9133679921259841
20
-3.9233342125984252
11
5.9084467322834646
21
-3.9233342125984252
0
LINE
8
BLACK
6
CONTINUOUS
10
5.9084467322834646
20
-3.9233342125984252
11
5.9075050787401571
21
-3.9231468897637796
0
LINE
8
BLACK
6
CONTINUOUS
10
5.9075050787401571
20
-3.9231468897637796
11
5.9067068110236223
21
-3.9226135039370078
0
LINE
8
BLACK
6
CONTINUOUS
10
5.9067068110236223
20
-3.9226135039370078
11
5.9061734251968501
21
-3.9218152362204726
0
LINE
8
BLACK
6
CONTINUOUS
10
5.9061734251968501
20
-3.9218152362204726
11
5.9059861023622044
21
-3.9208735826771655
0
LINE
8
BLACK
6
CONTINUOUS
10
5.9059861023622044
20
-3.9208735826771655
11
5.9059861023622044
21
-3.8923302755905511
0
LINE
8
BLACK
6
CONTINUOUS
10
5.9059861023622044
20
-3.8923302755905511
11
5.9061734251968501
21
-3.891388622047244
0
LINE
8
BLACK
6
CONTINUOUS
10
5.9061734251968501
20
-3.891388622047244
11
5.9067068110236223
21
-3.8905903543307088
0
LINE
8
BLACK
6
CONTINUOUS
10
5.9067068110236223
20
-3.8905903543307088
11
5.9075050787401571
21
-3.890056968503937
0
LINE
8
BLACK
6
CONTINUOUS
10
5.9075050787401571
20
-3.890056968503937
11
5.9084467322834646
21
-3.8898696456692914
0
LINE
8
BLACK
6
CONTINUOUS
10
5.9084467322834646
20
-3.8898696456692914
11
5.9133679921259841
21
-3.8898696456692914
0
LINE
8
BLACK
6
CONTINUOUS
10
5.9133679921259841
20
-3.8898696456692914
11
5.9143096456692916
21
-3.890056968503937
0
LINE
8
BLACK
6
CONTINUOUS
10
5.9339946850393703
20
-3.890056968503937
11
5.9347929527559051
21
-3.8905903543307088
0
LINE
8
BLACK
6
CONTINUOUS
10
5.9347929527559051
20
-3.8905903543307088
11
5.9353263385826773
21
-3.891388622047244
0
LINE
8
BLACK
6
CONTINUOUS
10
5.9353263385826773
20
-3.891388622047244
11
5.935513661417323
21
-3.8923302755905511
0
LINE
8
BLACK
6
CONTINUOUS
10
5.935513661417323
20
-3.8923302755905511
11
5.935513661417323
21
-3.9208735826771655
0
LINE
8
BLACK
6
CONTINUOUS
10
5.935513661417323
20
-3.9208735826771655
11
5.9353263385826773
21
-3.9218152362204726
0
LINE
8
BLACK
6
CONTINUOUS
10
5.9353263385826773
20
-3.9218152362204726
11
5.9347929527559051
21
-3.9226135039370078
0
LINE
8
BLACK
6
CONTINUOUS
10
5.9347929527559051
20
-3.9226135039370078
11
5.9339946850393703
21
-3.9231468897637796
0
LINE
8
BLACK
6
CONTINUOUS
10
5.9339946850393703
20
-3.9231468897637796
11
5.9330530314960628
21
-3.9233342125984252
0
LINE
8
BLACK
6
CONTINUOUS
10
5.9330530314960628
20
-3.9233342125984252
11
5.9281317716535433
21
-3.9233342125984252
0
LINE
8
BLACK
6
CONTINUOUS
10
5.9281317716535433
20
-3.9233342125984252
11
5.9271901181102358
21
-3.9231468897637796
0
LINE
8
BLACK
6
CONTINUOUS
10
5.9271901181102358
20
-3.9231468897637796
11
5.926391850393701
21
-3.9226135039370078
0
LINE
8
BLACK
6
CONTINUOUS
10
5.926391850393701
20
-3.9226135039370078
11
5.9258584645669288
21
-3.9218152362204726
0
LINE
8
BLACK
6
CONTINUOUS
10
5.9258584645669288
20
-3.9218152362204726
11
5.9256711417322832
21
-3.9208735826771655
0
LINE
8
BLACK
6
CONTINUOUS
10
5.9256711417322832
20
-3.9208735826771655
11
5.9256711417322832
21
-3.8923302755905511
0
LINE
8
BLACK
6
CONTINUOUS
10
5.9256711417322832
20
-3.8923302755905511
11
5.9258584645669288
21
-3.891388622047244
0
LINE
8
BLACK
6
CONTINUOUS
10
5.9258584645669288
20
-3.891388622047244
11
5.926391850393701
21
-3.8905903543307088
0
LINE
8
BLACK
6
CONTINUOUS
10
5.926391850393701
20
-3.8905903543307088
11
5.9271901181102358
21
-3.890056968503937
0
LINE
8
BLACK
6
CONTINUOUS
10
5.9271901181102358
20
-3.890056968503937
11
5.9281317716535433
21
-3.8898696456692914
0
LINE
8
BLACK
6
CONTINUOUS
10
5.9281317716535433
20
-3.8898696456692914
11
5.9330530314960628
21
-3.8898696456692914
0
LINE
8
BLACK
6
CONTINUOUS
10
5.9330530314960628
20
-3.8898696456692914
11
5.9339946850393703
21
-3.890056968503937
0
LINE
8
BLACK
6
CONTINUOUS
10
5.953679724409449
20
-3.890056968503937
11
5.9544779921259838
21
-3.8905903543307088
0
LINE
8
BLACK
6
CONTINUOUS
10
5.9544779921259838
20
-3.8905903543307088
11
5.955011377952756
21
-3.891388622047244
0
LINE
8
BLACK
6
CONTINUOUS
10
5.955011377952756
20
-3.891388622047244
11
5.9551987007874017
21
-3.8923302755905511
0
LINE
8
BLACK
6
CONTINUOUS
10
5.9551987007874017
20
-3.8923302755905511
11
5.9551987007874017
21
-3.9208735826771655
0
LINE
8
BLACK
6
CONTINUOUS
10
5.9551987007874017
20
-3.9208735826771655
11
5.955011377952756
21
-3.9218152362204726
0
LINE
8
BLACK
6
CONTINUOUS
10
5.955011377952756
20
-3.9218152362204726
11
5.9544779921259838
21
-3.9226135039370078
0
LINE
8
BLACK
6
CONTINUOUS
10
5.9544779921259838
20
-3.9226135039370078
11
5.953679724409449
21
-3.9231468897637796
0
LINE
8
BLACK
6
CONTINUOUS
10
5.953679724409449
20
-3.9231468897637796
11
5.9527380708661415
21
-3.9233342125984252
0
LINE
8
BLACK
6
CONTINUOUS
10
5.9527380708661415
20
-3.9233342125984252
11
5.947816811023622
21
-3.9233342125984252
0
LINE
8
BLACK
6
CONTINUOUS
10
5.947816811023622
20
-3.9233342125984252
11
5.9468751574803145
21
-3.9231468897637796
0
LINE
8
BLACK
6
CONTINUOUS
10
5.9468751574803145
20
-3.9231468897637796
11
5.9460768897637797
21
-3.9226135039370078
0
LINE
8
BLACK
6
CONTINUOUS
10
5.9460768897637797
20
-3.9226135039370078
11
5.9455435039370075
21
-3.9218152362204726
0
LINE
8
BLACK
6
CONTINUOUS
10
5.9455435039370075
20
-3.9218152362204726
11
5.9453561811023619
21
-3.9208735826771655
0
LINE
8
BLACK
6
CONTINUOUS
10
5.9453561811023619
20
-3.9208735826771655
11
5.9453561811023619
21
-3.8923302755905511
0
LINE
8
BLACK
6
CONTINUOUS
10
5.9453561811023619
20
-3.8923302755905511
11
5.9455435039370075
21
-3.891388622047244
0
LINE
8
BLACK
6
CONTINUOUS
10
5.9455435039370075
20
-3.891388622047244
11
5.9460768897637797
21
-3.8905903543307088
0
LINE
8
BLACK
6
CONTINUOUS
10
5.9460768897637797
20
-3.8905903543307088
11
5.9468751574803145
21
-3.890056968503937
0
LINE
8
BLACK
6
CONTINUOUS
10
5.9468751574803145
20
-3.890056968503937
11
5.947816811023622
21
-3.8898696456692914
0
LINE
8
BLACK
6
CONTINUOUS
10
5.947816811023622
20
-3.8898696456692914
11
5.9527380708661415
21
-3.8898696456692914
0
LINE
8
BLACK
6
CONTINUOUS
10
5.9527380708661415
20
-3.8898696456692914
11
5.953679724409449
21
-3.890056968503937
0
LINE
8
BLACK
6
CONTINUOUS
10
5.9733647637795277
20
-3.890056968503937
11
5.9741630314960625
21
-3.8905903543307088
0
LINE
8
BLACK
6
CONTINUOUS
10
5.9741630314960625
20
-3.8905903543307088
11
5.9746964173228347
21
-3.891388622047244
0
LINE
8
BLACK
6
CONTINUOUS
10
5.9746964173228347
20
-3.891388622047244
11
5.9748837401574804
21
-3.8923302755905511
0
LINE
8
BLACK
6
CONTINUOUS
10
5.9748837401574804
20
-3.8923302755905511
11
5.9748837401574804
21
-3.9208735826771655
0
LINE
8
BLACK
6
CONTINUOUS
10
5.9748837401574804
20
-3.9208735826771655
11
5.9746964173228347
21
-3.9218152362204726
0
LINE
8
BLACK
6
CONTINUOUS
10
5.9746964173228347
20
-3.9218152362204726
11
5.9741630314960625
21
-3.9226135039370078
0
LINE
8
BLACK
6
CONTINUOUS
10
5.9741630314960625
20
-3.9226135039370078
11
5.9733647637795277
21
-3.9231468897637796
0
LINE
8
BLACK
6
CONTINUOUS
10
5.9733647637795277
20
-3.9231468897637796
11
5.9724231102362202
21
-3.9233342125984252
0
LINE
8
BLACK
6
CONTINUOUS
10
5.9724231102362202
20
-3.9233342125984252
11
5.9675018503937007
21
-3.9233342125984252
0
LINE
8
BLACK
6
CONTINUOUS
10
5.9675018503937007
20
-3.9233342125984252
11
5.9665601968503932
21
-3.9231468897637796
0
LINE
8
BLACK
6
CONTINUOUS
10
5.9665601968503932
20
-3.9231468897637796
11
5.9657619291338584
21
-3.9226135039370078
0
LINE
8
BLACK
6
CONTINUOUS
10
5.9657619291338584
20
-3.9226135039370078
11
5.9652285433070862
21
-3.9218152362204726
0
LINE
8
BLACK
6
CONTINUOUS
10
5.9652285433070862
20
-3.9218152362204726
11
5.9650412204724406
21
-3.9208735826771655
0
LINE
8
BLACK
6
CONTINUOUS
10
5.9650412204724406
20
-3.9208735826771655
11
5.9650412204724406
21
-3.8923302755905511
0
LINE
8
BLACK
6
CONTINUOUS
10
5.9650412204724406
20
-3.8923302755905511
11
5.9652285433070862
21
-3.891388622047244
0
LINE
8
BLACK
6
CONTINUOUS
10
5.9652285433070862
20
-3.891388622047244
11
5.9657619291338584
21
-3.8905903543307088
0
LINE
8
BLACK
6
CONTINUOUS
10
5.9657619291338584
20
-3.8905903543307088
11
5.9665601968503932
21
-3.890056968503937
0
LINE
8
BLACK
6
CONTINUOUS
10
5.9665601968503932
20
-3.890056968503937
11
5.9675018503937007
21
-3.8898696456692914
0
LINE
8
BLACK
6
CONTINUOUS
10
5.9675018503937007
20
-3.8898696456692914
11
5.9724231102362202
21
-3.8898696456692914
0
LINE
8
BLACK
6
CONTINUOUS
10
5.9724231102362202
20
-3.8898696456692914
11
5.9733647637795277
21
-3.890056968503937
0
LINE
8
BLACK
6
CONTINUOUS
10
5.9930498031496064
20
-3.890056968503937
11
5.9938480708661412
21
-3.8905903543307088
0
LINE
8
BLACK
6
CONTINUOUS
10
5.9938480708661412
20
-3.8905903543307088
11
5.9943814566929134
21
-3.891388622047244
0
LINE
8
BLACK
6
CONTINUOUS
10
5.9943814566929134
20
-3.891388622047244
11
5.9945687795275591
21
-3.8923302755905511
0
LINE
8
BLACK
6
CONTINUOUS
10
5.9945687795275591
20
-3.8923302755905511
11
5.9945687795275591
21
-3.9208735826771655
0
LINE
8
BLACK
6
CONTINUOUS
10
5.9945687795275591
20
-3.9208735826771655
11
5.9943814566929134
21
-3.9218152362204726
0
LINE
8
BLACK
6
CONTINUOUS
10
5.9943814566929134
20
-3.9218152362204726
11
5.9938480708661412
21
-3.9226135039370078
0
LINE
8
BLACK
6
CONTINUOUS
10
5.9938480708661412
20
-3.9226135039370078
11
5.9930498031496064
21
-3.9231468897637796
0
LINE
8
BLACK
6
CONTINUOUS
10
5.9930498031496064
20
-3.9231468897637796
11
5.9921081496062989
21
-3.9233342125984252
0
LINE
8
BLACK
6
CONTINUOUS
10
5.9921081496062989
20
-3.9233342125984252
11
5.9871868897637794
21
-3.9233342125984252
0
LINE
8
BLACK
6
CONTINUOUS
10
5.9871868897637794
20
-3.9233342125984252
11
5.9862452362204719
21
-3.9231468897637796
0
LINE
8
BLACK
6
CONTINUOUS
10
5.9862452362204719
20
-3.9231468897637796
11
5.9854469685039371
21
-3.9226135039370078
0
LINE
8
BLACK
6
CONTINUOUS
10
5.9854469685039371
20
-3.9226135039370078
11
5.9849135826771649
21
-3.9218152362204726
0
LINE
8
BLACK
6
CONTINUOUS
10
5.9849135826771649
20
-3.9218152362204726
11
5.9847262598425193
21
-3.9208735826771655
0
LINE
8
BLACK
6
CONTINUOUS
10
5.9847262598425193
20
-3.9208735826771655
11
5.9847262598425193
21
-3.8923302755905511
0
LINE
8
BLACK
6
CONTINUOUS
10
5.9847262598425193
20
-3.8923302755905511
11
5.9849135826771649
21
-3.891388622047244
0
LINE
8
BLACK
6
CONTINUOUS
10
5.9849135826771649
20
-3.891388622047244
11
5.9854469685039371
21
-3.8905903543307088
0
LINE
8
BLACK
6
CONTINUOUS
10
5.9854469685039371
20
-3.8905903543307088
11
5.9862452362204719
21
-3.890056968503937
0
LINE
8
BLACK
6
CONTINUOUS
10
5.9862452362204719
20
-3.890056968503937
11
5.9871868897637794
21
-3.8898696456692914
0
LINE
8
BLACK
6
CONTINUOUS
10
5.9871868897637794
20
-3.8898696456692914
11
5.9921081496062989
21
-3.8898696456692914
0
LINE
8
BLACK
6
CONTINUOUS
10
5.9921081496062989
20
-3.8898696456692914
11
5.9930498031496064
21
-3.890056968503937
0
LINE
8
BLACK
6
CONTINUOUS
10
4.9560648425196847
20
-3.908058622047244
11
4.8960648425196851
21
-3.908058622047244
0
LINE
8
BLACK
6
CONTINUOUS
10
4.8960648425196851
20
-3.908058622047244
11
4.8960648425196851
21
-3.8480586220472439
0
LINE
8
BLACK
6
CONTINUOUS
10
4.8960648425196851
20
-3.8480586220472439
11
4.9560648425196847
21
-3.8480586220472439
0
LINE
8
BLACK
6
CONTINUOUS
10
4.9560648425196847
20
-3.8480586220472439
11
4.9560648425196847
21
-3.908058622047244
0
LINE
8
BLACK
6
CONTINUOUS
10
5.0560648425196852
20
-3.908058622047244
11
4.9960648425196847
21
-3.908058622047244
0
LINE
8
BLACK
6
CONTINUOUS
10
4.9960648425196847
20
-3.908058622047244
11
4.9960648425196847
21
-3.8480586220472439
0
LINE
8
BLACK
6
CONTINUOUS
10
4.9960648425196847
20
-3.8480586220472439
11
5.0560648425196852
21
-3.8480586220472439
0
LINE
8
BLACK
6
CONTINUOUS
10
5.0560648425196852
20
-3.8480586220472439
11
5.0560648425196852
21
-3.908058622047244
0
LINE
8
BLACK
6
CONTINUOUS
10
5.628564842519685
20
-3.8830586220472441
11
5.5735648425196853
21
-3.8830586220472441
0
LINE
8
BLACK
6
CONTINUOUS
10
5.5735648425196853
20
-3.8830586220472441
11
5.5735648425196853
21
-3.8480586220472439
0
LINE
8
BLACK
6
CONTINUOUS
10
5.5735648425196853
20
-3.8480586220472439
11
5.628564842519685
21
-3.8480586220472439
0
LINE
8
BLACK
6
CONTINUOUS
10
5.628564842519685
20
-3.8480586220472439
11
5.628564842519685
21
-3.8830586220472441
0
LINE
8
BLACK
6
CONTINUOUS
10
5.2585648425196849
20
-3.8755586220472442
11
5.2235648425196848
21
-3.8755586220472442
0
LINE
8
BLACK
6
CONTINUOUS
10
5.2235648425196848
20
-3.8755586220472442
11
5.2235648425196848
21
-3.8205586220472441
0
LINE
8
BLACK
6
CONTINUOUS
10
5.2235648425196848
20
-3.8205586220472441
11
5.2585648425196849
21
-3.8205586220472441
0
LINE
8
BLACK
6
CONTINUOUS
10
5.2585648425196849
20
-3.8205586220472441
11
5.2585648425196849
21
-3.8755586220472442
0
LINE
8
BLACK
6
CONTINUOUS
10
5.3335648425196851
20
-3.8755586220472442
11
5.298564842519685
21
-3.8755586220472442
0
LINE
8
BLACK
6
CONTINUOUS
10
5.298564842519685
20
-3.8755586220472442
11
5.298564842519685
21
-3.8205586220472441
0
LINE
8
BLACK
6
CONTINUOUS
10
5.298564842519685
20
-3.8205586220472441
11
5.3335648425196851
21
-3.8205586220472441
0
LINE
8
BLACK
6
CONTINUOUS
10
5.3335648425196851
20
-3.8205586220472441
11
5.3335648425196851
21
-3.8755586220472442
0
LINE
8
BLACK
6
CONTINUOUS
10
5.1845294094488183
20
-3.8475468110236219
11
5.1176002755905508
21
-3.8475468110236219
0
LINE
8
BLACK
6
CONTINUOUS
10
5.1176002755905508
20
-3.8475468110236219
11
5.1176002755905508
21
-3.7963657086614173
0
LINE
8
BLACK
6
CONTINUOUS
10
5.1176002755905508
20
-3.7963657086614173
11
5.1845294094488183
21
-3.7963657086614173
0
LINE
8
BLACK
6
CONTINUOUS
10
5.1845294094488183
20
-3.7963657086614173
11
5.1845294094488183
21
-3.8475468110236219
0
LINE
8
BLACK
6
CONTINUOUS
10
7.0346105118110236
20
-3.7295936614173226
11
7.042896535433071
21
-3.731813897637795
0
LINE
8
BLACK
6
CONTINUOUS
10
7.042896535433071
20
-3.731813897637795
11
7.0506711417322832
21
-3.7354392519685038
0
LINE
8
BLACK
6
CONTINUOUS
10
7.0506711417322832
20
-3.7354392519685038
11
7.0576981102362204
21
-3.7403595669291336
0
LINE
8
BLACK
6
CONTINUOUS
10
7.0576981102362204
20
-3.7403595669291336
11
7.063763897637795
21
-3.7464253543307087
0
LINE
8
BLACK
6
CONTINUOUS
10
7.063763897637795
20
-3.7464253543307087
11
7.0686842125984253
21
-3.7534523228346455
0
LINE
8
BLACK
6
CONTINUOUS
10
7.0686842125984253
20
-3.7534523228346455
11
7.0723095669291336
21
-3.761226929133858
0
LINE
8
BLACK
6
CONTINUOUS
10
7.0723095669291336
20
-3.761226929133858
11
7.0745298031496064
21
-3.7695129527559055
0
LINE
8
BLACK
6
CONTINUOUS
10
7.0745298031496064
20
-3.7695129527559055
11
7.0752774409448813
21
-3.7780586220472441
0
LINE
8
BLACK
6
CONTINUOUS
10
7.0752774409448813
20
-3.7780586220472441
11
7.0745298031496064
21
-3.7866042913385827
0
LINE
8
BLACK
6
CONTINUOUS
10
7.0745298031496064
20
-3.7866042913385827
11
7.0723095669291336
21
-3.7948903149606297
0
LINE
8
BLACK
6
CONTINUOUS
10
7.0723095669291336
20
-3.7948903149606297
11
7.0686842125984253
21
-3.8026649212598422
0
LINE
8
BLACK
6
CONTINUOUS
10
7.0686842125984253
20
-3.8026649212598422
11
7.063763897637795
21
-3.8096918897637795
0
LINE
8
BLACK
6
CONTINUOUS
10
7.063763897637795
20
-3.8096918897637795
11
7.0576981102362204
21
-3.8157576771653541
0
LINE
8
BLACK
6
CONTINUOUS
10
7.0576981102362204
20
-3.8157576771653541
11
7.0506711417322832
21
-3.8206779921259844
0
LINE
8
BLACK
6
CONTINUOUS
10
7.0506711417322832
20
-3.8206779921259844
11
7.042896535433071
21
-3.8243033464566927
0
LINE
8
BLACK
6
CONTINUOUS
10
7.042896535433071
20
-3.8243033464566927
11
7.0346105118110236
21
-3.8265235826771651
0
LINE
8
BLACK
6
CONTINUOUS
10
7.0346105118110236
20
-3.8265235826771651
11
7.026064842519685
21
-3.8272712204724408
0
LINE
8
BLACK
6
CONTINUOUS
10
7.026064842519685
20
-3.8272712204724408
11
7.0175191732283464
21
-3.8265235826771651
0
LINE
8
BLACK
6
CONTINUOUS
10
7.0175191732283464
20
-3.8265235826771651
11
7.009233149606299
21
-3.8243033464566927
0
LINE
8
BLACK
6
CONTINUOUS
10
7.009233149606299
20
-3.8243033464566927
11
7.0014585433070868
21
-3.8206779921259844
0
LINE
8
BLACK
6
CONTINUOUS
10
7.0014585433070868
20
-3.8206779921259844
11
6.9944315748031496
21
-3.8157576771653541
0
LINE
8
BLACK
6
CONTINUOUS
10
6.9944315748031496
20
-3.8157576771653541
11
6.988365787401575
21
-3.8096918897637795
0
LINE
8
BLACK
6
CONTINUOUS
10
6.988365787401575
20
-3.8096918897637795
11
6.9834454724409447
21
-3.8026649212598422
0
LINE
8
BLACK
6
CONTINUOUS
10
6.9834454724409447
20
-3.8026649212598422
11
6.9798201181102364
21
-3.7948903149606297
0
LINE
8
BLACK
6
CONTINUOUS
10
6.9798201181102364
20
-3.7948903149606297
11
6.9775998818897635
21
-3.7866042913385827
0
LINE
8
BLACK
6
CONTINUOUS
10
6.9775998818897635
20
-3.7866042913385827
11
6.9768522440944878
21
-3.7780586220472441
0
LINE
8
BLACK
6
CONTINUOUS
10
6.9768522440944878
20
-3.7780586220472441
11
6.9775998818897635
21
-3.7695129527559055
0
LINE
8
BLACK
6
CONTINUOUS
10
6.9775998818897635
20
-3.7695129527559055
11
6.9798201181102364
21
-3.761226929133858
0
LINE
8
BLACK
6
CONTINUOUS
10
6.9798201181102364
20
-3.761226929133858
11
6.9834454724409447
21
-3.7534523228346455
0
LINE
8
BLACK
6
CONTINUOUS
10
6.9834454724409447
20
-3.7534523228346455
11
6.988365787401575
21
-3.7464253543307087
0
LINE
8
BLACK
6
CONTINUOUS
10
6.988365787401575
20
-3.7464253543307087
11
6.9944315748031496
21
-3.7403595669291336
0
LINE
8
BLACK
6
CONTINUOUS
10
6.9944315748031496
20
-3.7403595669291336
11
7.0014585433070868
21
-3.7354392519685038
0
LINE
8
BLACK
6
CONTINUOUS
10
7.0014585433070868
20
-3.7354392519685038
11
7.009233149606299
21
-3.731813897637795
0
LINE
8
BLACK
6
CONTINUOUS
10
7.009233149606299
20
-3.731813897637795
11
7.0175191732283464
21
-3.7295936614173226
0
LINE
8
BLACK
6
CONTINUOUS
10
7.0175191732283464
20
-3.7295936614173226
11
7.026064842519685
21
-3.7288460236220473
0
LINE
8
BLACK
6
CONTINUOUS
10
7.026064842519685
20
-3.7288460236220473
11
7.0346105118110236
21
-3.7295936614173226
0
LINE
8
BLACK
6
CONTINUOUS
10
5.6673246850393699
20
-3.8134916929133857
11
5.6279546062992125
21
-3.8134916929133857
0
LINE
8
BLACK
6
CONTINUOUS
10
5.6279546062992125
20
-3.8134916929133857
11
5.6279546062992125
21
-3.7426255511811024
0
LINE
8
BLACK
6
CONTINUOUS
10
5.6279546062992125
20
-3.7426255511811024
11
5.6673246850393699
21
-3.7426255511811024
0
LINE
8
BLACK
6
CONTINUOUS
10
5.6673246850393699
20
-3.7426255511811024
11
5.6673246850393699
21
-3.8134916929133857
0
LINE
8
BLACK
6
CONTINUOUS
10
5.7657498818897635
20
-3.8134916929133857
11
5.726379803149606
21
-3.8134916929133857
0
LINE
8
BLACK
6
CONTINUOUS
10
5.726379803149606
20
-3.8134916929133857
11
5.726379803149606
21
-3.7426255511811024
0
LINE
8
BLACK
6
CONTINUOUS
10
5.726379803149606
20
-3.7426255511811024
11
5.7657498818897635
21
-3.7426255511811024
0
LINE
8
BLACK
6
CONTINUOUS
10
5.7657498818897635
20
-3.7426255511811024
11
5.7657498818897635
21
-3.8134916929133857
0
LINE
8
BLACK
6
CONTINUOUS
10
4.9560648425196847
20
-3.8080586220472439
11
4.8960648425196851
21
-3.8080586220472439
0
LINE
8
BLACK
6
CONTINUOUS
10
4.8960648425196851
20
-3.8080586220472439
11
4.8960648425196851
21
-3.7480586220472438
0
LINE
8
BLACK
6
CONTINUOUS
10
4.8960648425196851
20
-3.7480586220472438
11
4.9560648425196847
21
-3.7480586220472438
0
LINE
8
BLACK
6
CONTINUOUS
10
4.9560648425196847
20
-3.7480586220472438
11
4.9560648425196847
21
-3.8080586220472439
0
LINE
8
BLACK
6
CONTINUOUS
10
5.0560648425196852
20
-3.8080586220472439
11
4.9960648425196847
21
-3.8080586220472439
0
LINE
8
BLACK
6
CONTINUOUS
10
4.9960648425196847
20
-3.8080586220472439
11
4.9960648425196847
21
-3.7480586220472438
0
LINE
8
BLACK
6
CONTINUOUS
10
4.9960648425196847
20
-3.7480586220472438
11
5.0560648425196852
21
-3.7480586220472438
0
LINE
8
BLACK
6
CONTINUOUS
10
5.0560648425196852
20
-3.7480586220472438
11
5.0560648425196852
21
-3.8080586220472439
0
LINE
8
BLACK
6
CONTINUOUS
10
6.2810648425196849
20
-3.8055586220472439
11
6.2460648425196847
21
-3.8055586220472439
0
LINE
8
BLACK
6
CONTINUOUS
10
6.2460648425196847
20
-3.8055586220472439
11
6.2460648425196847
21
-3.7505586220472442
0
LINE
8
BLACK
6
CONTINUOUS
10
6.2460648425196847
20
-3.7505586220472442
11
6.2810648425196849
21
-3.7505586220472442
0
LINE
8
BLACK
6
CONTINUOUS
10
6.2810648425196849
20
-3.7505586220472442
11
6.2810648425196849
21
-3.8055586220472439
0
LINE
8
BLACK
6
CONTINUOUS
10
6.3560648425196851
20
-3.8055586220472439
11
6.3210648425196849
21
-3.8055586220472439
0
LINE
8
BLACK
6
CONTINUOUS
10
6.3210648425196849
20
-3.8055586220472439
11
6.3210648425196849
21
-3.7505586220472442
0
LINE
8
BLACK
6
CONTINUOUS
10
6.3210648425196849
20
-3.7505586220472442
11
6.3560648425196851
21
-3.7505586220472442
0
LINE
8
BLACK
6
CONTINUOUS
10
6.3560648425196851
20
-3.7505586220472442
11
6.3560648425196851
21
-3.8055586220472439
0
LINE
8
BLACK
6
CONTINUOUS
10
6.4310648425196852
20
-3.8055586220472439
11
6.3960648425196851
21
-3.8055586220472439
0
LINE
8
BLACK
6
CONTINUOUS
10
6.3960648425196851
20
-3.8055586220472439
11
6.3960648425196851
21
-3.7505586220472442
0
LINE
8
BLACK
6
CONTINUOUS
10
6.3960648425196851
20
-3.7505586220472442
11
6.4310648425196852
21
-3.7505586220472442
0
LINE
8
BLACK
6
CONTINUOUS
10
6.4310648425196852
20
-3.7505586220472442
11
6.4310648425196852
21
-3.8055586220472439
0
LINE
8
BLACK
6
CONTINUOUS
10
6.5060648425196845
20
-3.8055586220472439
11
6.4710648425196853
21
-3.8055586220472439
0
LINE
8
BLACK
6
CONTINUOUS
10
6.4710648425196853
20
-3.8055586220472439
11
6.4710648425196853
21
-3.7505586220472442
0
LINE
8
BLACK
6
CONTINUOUS
10
6.4710648425196853
20
-3.7505586220472442
11
6.5060648425196845
21
-3.7505586220472442
0
LINE
8
BLACK
6
CONTINUOUS
10
6.5060648425196845
20
-3.7505586220472442
11
6.5060648425196845
21
-3.8055586220472439
0
LINE
8
BLACK
6
CONTINUOUS
10
6.5810648425196847
20
-3.8055586220472439
11
6.5460648425196846
21
-3.8055586220472439
0
LINE
8
BLACK
6
CONTINUOUS
10
6.5460648425196846
20
-3.8055586220472439
11
6.5460648425196846
21
-3.7505586220472442
0
LINE
8
BLACK
6
CONTINUOUS
10
6.5460648425196846
20
-3.7505586220472442
11
6.5810648425196847
21
-3.7505586220472442
0
LINE
8
BLACK
6
CONTINUOUS
10
6.5810648425196847
20
-3.7505586220472442
11
6.5810648425196847
21
-3.8055586220472439
0
LINE
8
BLACK
6
CONTINUOUS
10
6.6560648425196849
20
-3.8055586220472439
11
6.6210648425196847
21
-3.8055586220472439
0
LINE
8
BLACK
6
CONTINUOUS
10
6.6210648425196847
20
-3.8055586220472439
11
6.6210648425196847
21
-3.7505586220472442
0
LINE
8
BLACK
6
CONTINUOUS
10
6.6210648425196847
20
-3.7505586220472442
11
6.6560648425196849
21
-3.7505586220472442
0
LINE
8
BLACK
6
CONTINUOUS
10
6.6560648425196849
20
-3.7505586220472442
11
6.6560648425196849
21
-3.8055586220472439
0
LINE
8
BLACK
6
CONTINUOUS
10
6.7310648425196851
20
-3.8055586220472439
11
6.6960648425196849
21
-3.8055586220472439
0
LINE
8
BLACK
6
CONTINUOUS
10
6.6960648425196849
20
-3.8055586220472439
11
6.6960648425196849
21
-3.7505586220472442
0
LINE
8
BLACK
6
CONTINUOUS
10
6.6960648425196849
20
-3.7505586220472442
11
6.7310648425196851
21
-3.7505586220472442
0
LINE
8
BLACK
6
CONTINUOUS
10
6.7310648425196851
20
-3.7505586220472442
11
6.7310648425196851
21
-3.8055586220472439
0
LINE
8
BLACK
6
CONTINUOUS
10
6.8060648425196852
20
-3.8055586220472439
11
6.7710648425196851
21
-3.8055586220472439
0
LINE
8
BLACK
6
CONTINUOUS
10
6.7710648425196851
20
-3.8055586220472439
11
6.7710648425196851
21
-3.7505586220472442
0
LINE
8
BLACK
6
CONTINUOUS
10
6.7710648425196851
20
-3.7505586220472442
11
6.8060648425196852
21
-3.7505586220472442
0
LINE
8
BLACK
6
CONTINUOUS
10
6.8060648425196852
20
-3.7505586220472442
11
6.8060648425196852
21
-3.8055586220472439
0
LINE
8
BLACK
6
CONTINUOUS
10
5.9077577559055117
20
-3.7961688582677167
11
5.8368916141732283
21
-3.7961688582677167
0
LINE
8
BLACK
6
CONTINUOUS
10
5.8368916141732283
20
-3.7961688582677167
11
5.8368916141732283
21
-3.7489247637795273
0
LINE
8
BLACK
6
CONTINUOUS
10
5.8368916141732283
20
-3.7489247637795273
11
5.9077577559055117
21
-3.7489247637795273
0
LINE
8
BLACK
6
CONTINUOUS
10
5.9077577559055117
20
-3.7489247637795273
11
5.9077577559055117
21
-3.7961688582677167
0
LINE
8
BLACK
6
CONTINUOUS
10
6.0652380708661413
20
-3.7961688582677167
11
5.994371929133858
21
-3.7961688582677167
0
LINE
8
BLACK
6
CONTINUOUS
10
5.994371929133858
20
-3.7961688582677167
11
5.994371929133858
21
-3.7489247637795273
0
LINE
8
BLACK
6
CONTINUOUS
10
5.994371929133858
20
-3.7489247637795273
11
6.0652380708661413
21
-3.7489247637795273
0
LINE
8
BLACK
6
CONTINUOUS
10
6.0652380708661413
20
-3.7489247637795273
11
6.0652380708661413
21
-3.7961688582677167
0
LINE
8
BLACK
6
CONTINUOUS
10
5.2585648425196849
20
-3.7955586220472441
11
5.2235648425196848
21
-3.7955586220472441
0
LINE
8
BLACK
6
CONTINUOUS
10
5.2235648425196848
20
-3.7955586220472441
11
5.2235648425196848
21
-3.740558622047244
0
LINE
8
BLACK
6
CONTINUOUS
10
5.2235648425196848
20
-3.740558622047244
11
5.2585648425196849
21
-3.740558622047244
0
LINE
8
BLACK
6
CONTINUOUS
10
5.2585648425196849
20
-3.740558622047244
11
5.2585648425196849
21
-3.7955586220472441
0
LINE
8
BLACK
6
CONTINUOUS
10
5.3335648425196851
20
-3.7955586220472441
11
5.298564842519685
21
-3.7955586220472441
0
LINE
8
BLACK
6
CONTINUOUS
10
5.298564842519685
20
-3.7955586220472441
11
5.298564842519685
21
-3.740558622047244
0
LINE
8
BLACK
6
CONTINUOUS
10
5.298564842519685
20
-3.740558622047244
11
5.3335648425196851
21
-3.740558622047244
0
LINE
8
BLACK
6
CONTINUOUS
10
5.3335648425196851
20
-3.740558622047244
11
5.3335648425196851
21
-3.7955586220472441
0
LINE
8
BLACK
6
CONTINUOUS
10
5.503564842519685
20
-3.7855586220472439
11
5.4485648425196853
21
-3.7855586220472439
0
LINE
8
BLACK
6
CONTINUOUS
10
5.4485648425196853
20
-3.7855586220472439
11
5.4485648425196853
21
-3.7505586220472442
0
LINE
8
BLACK
6
CONTINUOUS
10
5.4485648425196853
20
-3.7505586220472442
11
5.503564842519685
21
-3.7505586220472442
0
LINE
8
BLACK
6
CONTINUOUS
10
5.503564842519685
20
-3.7505586220472442
11
5.503564842519685
21
-3.7855586220472439
0
LINE
8
BLACK
6
CONTINUOUS
10
6.2035648425196852
20
-3.783058622047244
11
6.1485648425196846
21
-3.783058622047244
0
LINE
8
BLACK
6
CONTINUOUS
10
6.1485648425196846
20
-3.783058622047244
11
6.1485648425196846
21
-3.7480586220472438
0
LINE
8
BLACK
6
CONTINUOUS
10
6.1485648425196846
20
-3.7480586220472438
11
6.2035648425196852
21
-3.7480586220472438
0
LINE
8
BLACK
6
CONTINUOUS
10
6.2035648425196852
20
-3.7480586220472438
11
6.2035648425196852
21
-3.783058622047244
0
LINE
8
BLACK
6
CONTINUOUS
10
6.9352941732283462
20
-3.6257164960629922
11
6.9442430708661416
21
-3.6281143307086614
0
LINE
8
BLACK
6
CONTINUOUS
10
6.9442430708661416
20
-3.6281143307086614
11
6.9526396456692909
21
-3.6320297244094486
0
LINE
8
BLACK
6
CONTINUOUS
10
6.9526396456692909
20
-3.6320297244094486
11
6.9602287401574801
21
-3.6373436614173227
0
LINE
8
BLACK
6
CONTINUOUS
10
6.9602287401574801
20
-3.6373436614173227
11
6.9667798031496062
21
-3.6438947244094488
0
LINE
8
BLACK
6
CONTINUOUS
10
6.9667798031496062
20
-3.6438947244094488
11
6.9720937401574803
21
-3.6514838188976375
0
LINE
8
BLACK
6
CONTINUOUS
10
6.9720937401574803
20
-3.6514838188976375
11
6.9760091338582679
21
-3.6598803937007873
0
LINE
8
BLACK
6
CONTINUOUS
10
6.9760091338582679
20
-3.6598803937007873
11
6.9784069685039372
21
-3.6688292913385827
0
LINE
8
BLACK
6
CONTINUOUS
10
6.9784069685039372
20
-3.6688292913385827
11
6.9792144488188974
21
-3.678058622047244
0
LINE
8
BLACK
6
CONTINUOUS
10
6.9792144488188974
20
-3.678058622047244
11
6.9784069685039372
21
-3.6872879527559053
0
LINE
8
BLACK
6
CONTINUOUS
10
6.9784069685039372
20
-3.6872879527559053
11
6.9760091338582679
21
-3.6962368503937006
0
LINE
8
BLACK
6
CONTINUOUS
10
6.9760091338582679
20
-3.6962368503937006
11
6.9720937401574803
21
-3.7046334251968505
0
LINE
8
BLACK
6
CONTINUOUS
10
6.9720937401574803
20
-3.7046334251968505
11
6.9667798031496062
21
-3.7122225196850391
0
LINE
8
BLACK
6
CONTINUOUS
10
6.9667798031496062
20
-3.7122225196850391
11
6.9602287401574801
21
-3.7187735826771653
0
LINE
8
BLACK
6
CONTINUOUS
10
6.9602287401574801
20
-3.7187735826771653
11
6.9526396456692909
21
-3.7240875196850394
0
LINE
8
BLACK
6
CONTINUOUS
10
6.9526396456692909
20
-3.7240875196850394
11
6.9442430708661416
21
-3.7280029133858266
0
LINE
8
BLACK
6
CONTINUOUS
10
6.9442430708661416
20
-3.7280029133858266
11
6.9352941732283462
21
-3.7304007480314958
0
LINE
8
BLACK
6
CONTINUOUS
10
6.9352941732283462
20
-3.7304007480314958
11
6.9260648425196845
21
-3.7312082283464565
0
LINE
8
BLACK
6
CONTINUOUS
10
6.9260648425196845
20
-3.7312082283464565
11
6.9168355118110236
21
-3.7304007480314958
0
LINE
8
BLACK
6
CONTINUOUS
10
6.9168355118110236
20
-3.7304007480314958
11
6.9078866141732282
21
-3.7280029133858266
0
LINE
8
BLACK
6
CONTINUOUS
10
6.9078866141732282
20
-3.7280029133858266
11
6.8994900393700789
21
-3.7240875196850394
0
LINE
8
BLACK
6
CONTINUOUS
10
6.8994900393700789
20
-3.7240875196850394
11
6.8919009448818898
21
-3.7187735826771653
0
LINE
8
BLACK
6
CONTINUOUS
10
6.8919009448818898
20
-3.7187735826771653
11
6.8853498818897636
21
-3.7122225196850391
0
LINE
8
BLACK
6
CONTINUOUS
10
6.8853498818897636
20
-3.7122225196850391
11
6.8800359448818895
21
-3.7046334251968505
0
LINE
8
BLACK
6
CONTINUOUS
10
6.8800359448818895
20
-3.7046334251968505
11
6.8761205511811019
21
-3.6962368503937006
0
LINE
8
BLACK
6
CONTINUOUS
10
6.8761205511811019
20
-3.6962368503937006
11
6.8737227165354327
21
-3.6872879527559053
0
LINE
8
BLACK
6
CONTINUOUS
10
6.8737227165354327
20
-3.6872879527559053
11
6.8729152362204724
21
-3.678058622047244
0
LINE
8
BLACK
6
CONTINUOUS
10
6.8729152362204724
20
-3.678058622047244
11
6.8737227165354327
21
-3.6688292913385827
0
LINE
8
BLACK
6
CONTINUOUS
10
6.8737227165354327
20
-3.6688292913385827
11
6.8761205511811019
21
-3.6598803937007873
0
LINE
8
BLACK
6
CONTINUOUS
10
6.8761205511811019
20
-3.6598803937007873
11
6.8800359448818895
21
-3.6514838188976375
0
LINE
8
BLACK
6
CONTINUOUS
10
6.8800359448818895
20
-3.6514838188976375
11
6.8853498818897636
21
-3.6438947244094488
0
LINE
8
BLACK
6
CONTINUOUS
10
6.8853498818897636
20
-3.6438947244094488
11
6.8919009448818898
21
-3.6373436614173227
0
LINE
8
BLACK
6
CONTINUOUS
10
6.8919009448818898
20
-3.6373436614173227
11
6.8994900393700789
21
-3.6320297244094486
0
LINE
8
BLACK
6
CONTINUOUS
10
6.8994900393700789
20
-3.6320297244094486
11
6.9078866141732282
21
-3.6281143307086614
0
LINE
8
BLACK
6
CONTINUOUS
10
6.9078866141732282
20
-3.6281143307086614
11
6.9168355118110236
21
-3.6257164960629922
0
LINE
8
BLACK
6
CONTINUOUS
10
6.9168355118110236
20
-3.6257164960629922
11
6.9260648425196845
21
-3.6249090157480315
0
LINE
8
BLACK
6
CONTINUOUS
10
6.9260648425196845
20
-3.6249090157480315
11
6.9352941732283462
21
-3.6257164960629922
0
LINE
8
BLACK
6
CONTINUOUS
10
7.1352941732283464
20
-3.6257164960629922
11
7.1442430708661417
21
-3.6281143307086614
0
LINE
8
BLACK
6
CONTINUOUS
10
7.1442430708661417
20
-3.6281143307086614
11
7.1526396456692911
21
-3.6320297244094486
0
LINE
8
BLACK
6
CONTINUOUS
10
7.1526396456692911
20
-3.6320297244094486
11
7.1602287401574802
21
-3.6373436614173227
0
LINE
8
BLACK
6
CONTINUOUS
10
7.1602287401574802
20
-3.6373436614173227
11
7.1667798031496064
21
-3.6438947244094488
0
LINE
8
BLACK
6
CONTINUOUS
10
7.1667798031496064
20
-3.6438947244094488
11
7.1720937401574805
21
-3.6514838188976375
0
LINE
8
BLACK
6
CONTINUOUS
10
7.1720937401574805
20
-3.6514838188976375
11
7.1760091338582672
21
-3.6598803937007873
0
LINE
8
BLACK
6
CONTINUOUS
10
7.1760091338582672
20
-3.6598803937007873
11
7.1784069685039364
21
-3.6688292913385827
0
LINE
8
BLACK
6
CONTINUOUS
10
7.1784069685039364
20
-3.6688292913385827
11
7.1792144488188976
21
-3.678058622047244
0
LINE
8
BLACK
6
CONTINUOUS
10
7.1792144488188976
20
-3.678058622047244
11
7.1784069685039364
21
-3.6872879527559053
0
LINE
8
BLACK
6
CONTINUOUS
10
7.1784069685039364
20
-3.6872879527559053
11
7.1760091338582672
21
-3.6962368503937006
0
LINE
8
BLACK
6
CONTINUOUS
10
7.1760091338582672
20
-3.6962368503937006
11
7.1720937401574805
21
-3.7046334251968505
0
LINE
8
BLACK
6
CONTINUOUS
10
7.1720937401574805
20
-3.7046334251968505
11
7.1667798031496064
21
-3.7122225196850391
0
LINE
8
BLACK
6
CONTINUOUS
10
7.1667798031496064
20
-3.7122225196850391
11
7.1602287401574802
21
-3.7187735826771653
0
LINE
8
BLACK
6
CONTINUOUS
10
7.1602287401574802
20
-3.7187735826771653
11
7.1526396456692911
21
-3.7240875196850394
0
LINE
8
BLACK
6
CONTINUOUS
10
7.1526396456692911
20
-3.7240875196850394
11
7.1442430708661417
21
-3.7280029133858266
0
LINE
8
BLACK
6
CONTINUOUS
10
7.1442430708661417
20
-3.7280029133858266
11
7.1352941732283464
21
-3.7304007480314958
0
LINE
8
BLACK
6
CONTINUOUS
10
7.1352941732283464
20
-3.7304007480314958
11
7.1260648425196846
21
-3.7312082283464565
0
LINE
8
BLACK
6
CONTINUOUS
10
7.1260648425196846
20
-3.7312082283464565
11
7.1168355118110238
21
-3.7304007480314958
0
LINE
8
BLACK
6
CONTINUOUS
10
7.1168355118110238
20
-3.7304007480314958
11
7.1078866141732284
21
-3.7280029133858266
0
LINE
8
BLACK
6
CONTINUOUS
10
7.1078866141732284
20
-3.7280029133858266
11
7.0994900393700782
21
-3.7240875196850394
0
LINE
8
BLACK
6
CONTINUOUS
10
7.0994900393700782
20
-3.7240875196850394
11
7.0919009448818899
21
-3.7187735826771653
0
LINE
8
BLACK
6
CONTINUOUS
10
7.0919009448818899
20
-3.7187735826771653
11
7.0853498818897638
21
-3.7122225196850391
0
LINE
8
BLACK
6
CONTINUOUS
10
7.0853498818897638
20
-3.7122225196850391
11
7.0800359448818897
21
-3.7046334251968505
0
LINE
8
BLACK
6
CONTINUOUS
10
7.0800359448818897
20
-3.7046334251968505
11
7.0761205511811021
21
-3.6962368503937006
0
LINE
8
BLACK
6
CONTINUOUS
10
7.0761205511811021
20
-3.6962368503937006
11
7.0737227165354328
21
-3.6872879527559053
0
LINE
8
BLACK
6
CONTINUOUS
10
7.0737227165354328
20
-3.6872879527559053
11
7.0729152362204726
21
-3.678058622047244
0
LINE
8
BLACK
6
CONTINUOUS
10
7.0729152362204726
20
-3.678058622047244
11
7.0737227165354328
21
-3.6688292913385827
0
LINE
8
BLACK
6
CONTINUOUS
10
7.0737227165354328
20
-3.6688292913385827
11
7.0761205511811021
21
-3.6598803937007873
0
LINE
8
BLACK
6
CONTINUOUS
10
7.0761205511811021
20
-3.6598803937007873
11
7.0800359448818897
21
-3.6514838188976375
0
LINE
8
BLACK
6
CONTINUOUS
10
7.0800359448818897
20
-3.6514838188976375
11
7.0853498818897638
21
-3.6438947244094488
0
LINE
8
BLACK
6
CONTINUOUS
10
7.0853498818897638
20
-3.6438947244094488
11
7.0919009448818899
21
-3.6373436614173227
0
LINE
8
BLACK
6
CONTINUOUS
10
7.0919009448818899
20
-3.6373436614173227
11
7.0994900393700782
21
-3.6320297244094486
0
LINE
8
BLACK
6
CONTINUOUS
10
7.0994900393700782
20
-3.6320297244094486
11
7.1078866141732284
21
-3.6281143307086614
0
LINE
8
BLACK
6
CONTINUOUS
10
7.1078866141732284
20
-3.6281143307086614
11
7.1168355118110238
21
-3.6257164960629922
0
LINE
8
BLACK
6
CONTINUOUS
10
7.1168355118110238
20
-3.6257164960629922
11
7.1260648425196846
21
-3.6249090157480315
0
LINE
8
BLACK
6
CONTINUOUS
10
7.1260648425196846
20
-3.6249090157480315
11
7.1352941732283464
21
-3.6257164960629922
0
LINE
8
BLACK
6
CONTINUOUS
10
5.503564842519685
20
-3.7105586220472442
11
5.4485648425196853
21
-3.7105586220472442
0
LINE
8
BLACK
6
CONTINUOUS
10
5.4485648425196853
20
-3.7105586220472442
11
5.4485648425196853
21
-3.675558622047244
0
LINE
8
BLACK
6
CONTINUOUS
10
5.4485648425196853
20
-3.675558622047244
11
5.503564842519685
21
-3.675558622047244
0
LINE
8
BLACK
6
CONTINUOUS
10
5.503564842519685
20
-3.675558622047244
11
5.503564842519685
21
-3.7105586220472442
0
LINE
8
BLACK
6
CONTINUOUS
10
5.1845294094488183
20
-3.7097515354330706
11
5.1176002755905508
21
-3.7097515354330706
0
LINE
8
BLACK
6
CONTINUOUS
10
5.1176002755905508
20
-3.7097515354330706
11
5.1176002755905508
21
-3.6585704330708659
0
LINE
8
BLACK
6
CONTINUOUS
10
5.1176002755905508
20
-3.6585704330708659
11
5.1845294094488183
21
-3.6585704330708659
0
LINE
8
BLACK
6
CONTINUOUS
10
5.1845294094488183
20
-3.6585704330708659
11
5.1845294094488183
21
-3.7097515354330706
0
LINE
8
BLACK
6
CONTINUOUS
10
4.9560648425196847
20
-3.7080586220472438
11
4.8960648425196851
21
-3.7080586220472438
0
LINE
8
BLACK
6
CONTINUOUS
10
4.8960648425196851
20
-3.7080586220472438
11
4.8960648425196851
21
-3.6480586220472442
0
LINE
8
BLACK
6
CONTINUOUS
10
4.8960648425196851
20
-3.6480586220472442
11
4.9560648425196847
21
-3.6480586220472442
0
LINE
8
BLACK
6
CONTINUOUS
10
4.9560648425196847
20
-3.6480586220472442
11
4.9560648425196847
21
-3.7080586220472438
0
LINE
8
BLACK
6
CONTINUOUS
10
5.0560648425196852
20
-3.7080586220472438
11
4.9960648425196847
21
-3.7080586220472438
0
LINE
8
BLACK
6
CONTINUOUS
10
4.9960648425196847
20
-3.7080586220472438
11
4.9960648425196847
21
-3.6480586220472442
0
LINE
8
BLACK
6
CONTINUOUS
10
4.9960648425196847
20
-3.6480586220472442
11
5.0560648425196852
21
-3.6480586220472442
0
LINE
8
BLACK
6
CONTINUOUS
10
5.0560648425196852
20
-3.6480586220472442
11
5.0560648425196852
21
-3.7080586220472438
0
LINE
8
BLACK
6
CONTINUOUS
10
6.2035648425196852
20
-3.7080586220472438
11
6.1485648425196846
21
-3.7080586220472438
0
LINE
8
BLACK
6
CONTINUOUS
10
6.1485648425196846
20
-3.7080586220472438
11
6.1485648425196846
21
-3.6730586220472441
0
LINE
8
BLACK
6
CONTINUOUS
10
6.1485648425196846
20
-3.6730586220472441
11
6.2035648425196852
21
-3.6730586220472441
0
LINE
8
BLACK
6
CONTINUOUS
10
6.2035648425196852
20
-3.6730586220472441
11
6.2035648425196852
21
-3.7080586220472438
0
LINE
8
BLACK
6
CONTINUOUS
10
6.4535648425196852
20
-3.7080586220472438
11
6.3985648425196846
21
-3.7080586220472438
0
LINE
8
BLACK
6
CONTINUOUS
10
6.3985648425196846
20
-3.7080586220472438
11
6.3985648425196846
21
-3.6730586220472441
0
LINE
8
BLACK
6
CONTINUOUS
10
6.3985648425196846
20
-3.6730586220472441
11
6.4535648425196852
21
-3.6730586220472441
0
LINE
8
BLACK
6
CONTINUOUS
10
6.4535648425196852
20
-3.6730586220472441
11
6.4535648425196852
21
-3.7080586220472438
0
LINE
8
BLACK
6
CONTINUOUS
10
6.5785648425196852
20
-3.7080586220472438
11
6.5235648425196846
21
-3.7080586220472438
0
LINE
8
BLACK
6
CONTINUOUS
10
6.5235648425196846
20
-3.7080586220472438
11
6.5235648425196846
21
-3.6730586220472441
0
LINE
8
BLACK
6
CONTINUOUS
10
6.5235648425196846
20
-3.6730586220472441
11
6.5785648425196852
21
-3.6730586220472441
0
LINE
8
BLACK
6
CONTINUOUS
10
6.5785648425196852
20
-3.6730586220472441
11
6.5785648425196852
21
-3.7080586220472438
0
LINE
8
BLACK
6
CONTINUOUS
10
6.7035648425196852
20
-3.7080586220472438
11
6.6485648425196846
21
-3.7080586220472438
0
LINE
8
BLACK
6
CONTINUOUS
10
6.6485648425196846
20
-3.7080586220472438
11
6.6485648425196846
21
-3.6730586220472441
0
LINE
8
BLACK
6
CONTINUOUS
10
6.6485648425196846
20
-3.6730586220472441
11
6.7035648425196852
21
-3.6730586220472441
0
LINE
8
BLACK
6
CONTINUOUS
10
6.7035648425196852
20
-3.6730586220472441
11
6.7035648425196852
21
-3.7080586220472438
0
LINE
8
BLACK
6
CONTINUOUS
10
6.2810648425196849
20
-3.7055586220472438
11
6.2460648425196847
21
-3.7055586220472438
0
LINE
8
BLACK
6
CONTINUOUS
10
6.2460648425196847
20
-3.7055586220472438
11
6.2460648425196847
21
-3.6505586220472441
0
LINE
8
BLACK
6
CONTINUOUS
10
6.2460648425196847
20
-3.6505586220472441
11
6.2810648425196849
21
-3.6505586220472441
0
LINE
8
BLACK
6
CONTINUOUS
10
6.2810648425196849
20
-3.6505586220472441
11
6.2810648425196849
21
-3.7055586220472438
0
LINE
8
BLACK
6
CONTINUOUS
10
6.3560648425196851
20
-3.7055586220472438
11
6.3210648425196849
21
-3.7055586220472438
0
LINE
8
BLACK
6
CONTINUOUS
10
6.3210648425196849
20
-3.7055586220472438
11
6.3210648425196849
21
-3.6505586220472441
0
LINE
8
BLACK
6
CONTINUOUS
10
6.3210648425196849
20
-3.6505586220472441
11
6.3560648425196851
21
-3.6505586220472441
0
LINE
8
BLACK
6
CONTINUOUS
10
6.3560648425196851
20
-3.6505586220472441
11
6.3560648425196851
21
-3.7055586220472438
0
LINE
8
BLACK
6
CONTINUOUS
10
5.9077577559055117
20
-3.7016806692913384
11
5.8368916141732283
21
-3.7016806692913384
0
LINE
8
BLACK
6
CONTINUOUS
10
5.8368916141732283
20
-3.7016806692913384
11
5.8368916141732283
21
-3.6544365748031495
0
LINE
8
BLACK
6
CONTINUOUS
10
5.8368916141732283
20
-3.6544365748031495
11
5.9077577559055117
21
-3.6544365748031495
0
LINE
8
BLACK
6
CONTINUOUS
10
5.9077577559055117
20
-3.6544365748031495
11
5.9077577559055117
21
-3.7016806692913384
0
LINE
8
BLACK
6
CONTINUOUS
10
6.0652380708661413
20
-3.7016806692913384
11
5.994371929133858
21
-3.7016806692913384
0
LINE
8
BLACK
6
CONTINUOUS
10
5.994371929133858
20
-3.7016806692913384
11
5.994371929133858
21
-3.6544365748031495
0
LINE
8
BLACK
6
CONTINUOUS
10
5.994371929133858
20
-3.6544365748031495
11
6.0652380708661413
21
-3.6544365748031495
0
LINE
8
BLACK
6
CONTINUOUS
10
6.0652380708661413
20
-3.6544365748031495
11
6.0652380708661413
21
-3.7016806692913384
0
LINE
8
BLACK
6
CONTINUOUS
10
6.4535648425196852
20
-3.6330586220472441
11
6.3985648425196846
21
-3.6330586220472441
0
LINE
8
BLACK
6
CONTINUOUS
10
6.3985648425196846
20
-3.6330586220472441
11
6.3985648425196846
21
-3.5980586220472439
0
LINE
8
BLACK
6
CONTINUOUS
10
6.3985648425196846
20
-3.5980586220472439
11
6.4535648425196852
21
-3.5980586220472439
0
LINE
8
BLACK
6
CONTINUOUS
10
6.4535648425196852
20
-3.5980586220472439
11
6.4535648425196852
21
-3.6330586220472441
0
LINE
8
BLACK
6
CONTINUOUS
10
6.5785648425196852
20
-3.6330586220472441
11
6.5235648425196846
21
-3.6330586220472441
0
LINE
8
BLACK
6
CONTINUOUS
10
6.5235648425196846
20
-3.6330586220472441
11
6.5235648425196846
21
-3.5980586220472439
0
LINE
8
BLACK
6
CONTINUOUS
10
6.5235648425196846
20
-3.5980586220472439
11
6.5785648425196852
21
-3.5980586220472439
0
LINE
8
BLACK
6
CONTINUOUS
10
6.5785648425196852
20
-3.5980586220472439
11
6.5785648425196852
21
-3.6330586220472441
0
LINE
8
BLACK
6
CONTINUOUS
10
6.7035648425196852
20
-3.6330586220472441
11
6.6485648425196846
21
-3.6330586220472441
0
LINE
8
BLACK
6
CONTINUOUS
10
6.6485648425196846
20
-3.6330586220472441
11
6.6485648425196846
21
-3.5980586220472439
0
LINE
8
BLACK
6
CONTINUOUS
10
6.6485648425196846
20
-3.5980586220472439
11
6.7035648425196852
21
-3.5980586220472439
0
LINE
8
BLACK
6
CONTINUOUS
10
6.7035648425196852
20
-3.5980586220472439
11
6.7035648425196852
21
-3.6330586220472441
0
LINE
8
BLACK
6
CONTINUOUS
10
6.2935648425196851
20
-3.6105586220472441
11
6.2385648425196845
21
-3.6105586220472441
0
LINE
8
BLACK
6
CONTINUOUS
10
6.2385648425196845
20
-3.6105586220472441
11
6.2385648425196845
21
-3.575558622047244
0
LINE
8
BLACK
6
CONTINUOUS
10
6.2385648425196845
20
-3.575558622047244
11
6.2935648425196851
21
-3.575558622047244
0
LINE
8
BLACK
6
CONTINUOUS
10
6.2935648425196851
20
-3.575558622047244
11
6.2935648425196851
21
-3.6105586220472441
0
LINE
8
BLACK
6
CONTINUOUS
10
5.3035648425196849
20
-3.6080586220472441
11
5.2485648425196851
21
-3.6080586220472441
0
LINE
8
BLACK
6
CONTINUOUS
10
5.2485648425196851
20
-3.6080586220472441
11
5.2485648425196851
21
-3.573058622047244
0
LINE
8
BLACK
6
CONTINUOUS
10
5.2485648425196851
20
-3.573058622047244
11
5.3035648425196849
21
-3.573058622047244
0
LINE
8
BLACK
6
CONTINUOUS
10
5.3035648425196849
20
-3.573058622047244
11
5.3035648425196849
21
-3.6080586220472441
0
LINE
8
BLACK
6
CONTINUOUS
10
5.4035648425196845
20
-3.6080586220472441
11
5.3485648425196848
21
-3.6080586220472441
0
LINE
8
BLACK
6
CONTINUOUS
10
5.3485648425196848
20
-3.6080586220472441
11
5.3485648425196848
21
-3.573058622047244
0
LINE
8
BLACK
6
CONTINUOUS
10
5.3485648425196848
20
-3.573058622047244
11
5.4035648425196845
21
-3.573058622047244
0
LINE
8
BLACK
6
CONTINUOUS
10
5.4035648425196845
20
-3.573058622047244
11
5.4035648425196845
21
-3.6080586220472441
0
LINE
8
BLACK
6
CONTINUOUS
10
5.503564842519685
20
-3.6080586220472441
11
5.4485648425196853
21
-3.6080586220472441
0
LINE
8
BLACK
6
CONTINUOUS
10
5.4485648425196853
20
-3.6080586220472441
11
5.4485648425196853
21
-3.573058622047244
0
LINE
8
BLACK
6
CONTINUOUS
10
5.4485648425196853
20
-3.573058622047244
11
5.503564842519685
21
-3.573058622047244
0
LINE
8
BLACK
6
CONTINUOUS
10
5.503564842519685
20
-3.573058622047244
11
5.503564842519685
21
-3.6080586220472441
0
LINE
8
BLACK
6
CONTINUOUS
10
5.6035648425196847
20
-3.6080586220472441
11
5.548564842519685
21
-3.6080586220472441
0
LINE
8
BLACK
6
CONTINUOUS
10
5.548564842519685
20
-3.6080586220472441
11
5.548564842519685
21
-3.573058622047244
0
LINE
8
BLACK
6
CONTINUOUS
10
5.548564842519685
20
-3.573058622047244
11
5.6035648425196847
21
-3.573058622047244
0
LINE
8
BLACK
6
CONTINUOUS
10
5.6035648425196847
20
-3.573058622047244
11
5.6035648425196847
21
-3.6080586220472441
0
LINE
8
BLACK
6
CONTINUOUS
10
5.7035648425196852
20
-3.6080586220472441
11
5.6485648425196846
21
-3.6080586220472441
0
LINE
8
BLACK
6
CONTINUOUS
10
5.6485648425196846
20
-3.6080586220472441
11
5.6485648425196846
21
-3.573058622047244
0
LINE
8
BLACK
6
CONTINUOUS
10
5.6485648425196846
20
-3.573058622047244
11
5.7035648425196852
21
-3.573058622047244
0
LINE
8
BLACK
6
CONTINUOUS
10
5.7035648425196852
20
-3.573058622047244
11
5.7035648425196852
21
-3.6080586220472441
0
LINE
8
BLACK
6
CONTINUOUS
10
5.8035648425196849
20
-3.6080586220472441
11
5.7485648425196851
21
-3.6080586220472441
0
LINE
8
BLACK
6
CONTINUOUS
10
5.7485648425196851
20
-3.6080586220472441
11
5.7485648425196851
21
-3.573058622047244
0
LINE
8
BLACK
6
CONTINUOUS
10
5.7485648425196851
20
-3.573058622047244
11
5.8035648425196849
21
-3.573058622047244
0
LINE
8
BLACK
6
CONTINUOUS
10
5.8035648425196849
20
-3.573058622047244
11
5.8035648425196849
21
-3.6080586220472441
0
LINE
8
BLACK
6
CONTINUOUS
10
5.9035648425196845
20
-3.6080586220472441
11
5.8485648425196848
21
-3.6080586220472441
0
LINE
8
BLACK
6
CONTINUOUS
10
5.8485648425196848
20
-3.6080586220472441
11
5.8485648425196848
21
-3.573058622047244
0
LINE
8
BLACK
6
CONTINUOUS
10
5.8485648425196848
20
-3.573058622047244
11
5.9035648425196845
21
-3.573058622047244
0
LINE
8
BLACK
6
CONTINUOUS
10
5.9035648425196845
20
-3.573058622047244
11
5.9035648425196845
21
-3.6080586220472441
0
LINE
8
BLACK
6
CONTINUOUS
10
5.9785648425196847
20
-3.6080586220472441
11
5.923564842519685
21
-3.6080586220472441
0
LINE
8
BLACK
6
CONTINUOUS
10
5.923564842519685
20
-3.6080586220472441
11
5.923564842519685
21
-3.573058622047244
0
LINE
8
BLACK
6
CONTINUOUS
10
5.923564842519685
20
-3.573058622047244
11
5.9785648425196847
21
-3.573058622047244
0
LINE
8
BLACK
6
CONTINUOUS
10
5.9785648425196847
20
-3.573058622047244
11
5.9785648425196847
21
-3.6080586220472441
0
LINE
8
BLACK
6
CONTINUOUS
10
6.0535648425196849
20
-3.6080586220472441
11
5.9985648425196851
21
-3.6080586220472441
0
LINE
8
BLACK
6
CONTINUOUS
10
5.9985648425196851
20
-3.6080586220472441
11
5.9985648425196851
21
-3.573058622047244
0
LINE
8
BLACK
6
CONTINUOUS
10
5.9985648425196851
20
-3.573058622047244
11
6.0535648425196849
21
-3.573058622047244
0
LINE
8
BLACK
6
CONTINUOUS
10
6.0535648425196849
20
-3.573058622047244
11
6.0535648425196849
21
-3.6080586220472441
0
LINE
8
BLACK
6
CONTINUOUS
10
6.1335648425196849
20
-3.6055586220472442
11
6.0785648425196852
21
-3.6055586220472442
0
LINE
8
BLACK
6
CONTINUOUS
10
6.0785648425196852
20
-3.6055586220472442
11
6.0785648425196852
21
-3.5705586220472441
0
LINE
8
BLACK
6
CONTINUOUS
10
6.0785648425196852
20
-3.5705586220472441
11
6.1335648425196849
21
-3.5705586220472441
0
LINE
8
BLACK
6
CONTINUOUS
10
6.1335648425196849
20
-3.5705586220472441
11
6.1335648425196849
21
-3.6055586220472442
0
LINE
8
BLACK
6
CONTINUOUS
10
5.046574488188976
20
-3.3117427559055117
11
5.0599392519685038
21
-3.3149102362204723
0
LINE
8
BLACK
6
CONTINUOUS
10
5.0599392519685038
20
-3.3149102362204723
11
5.0728459055118105
21
-3.3196079133858265
0
LINE
8
BLACK
6
CONTINUOUS
10
5.0728459055118105
20
-3.3196079133858265
11
5.0851199606299211
21
-3.3257721653543308
0
LINE
8
BLACK
6
CONTINUOUS
10
5.0851199606299211
20
-3.3257721653543308
11
5.0965953937007873
21
-3.3333196456692913
0
LINE
8
BLACK
6
CONTINUOUS
10
5.0965953937007873
20
-3.3333196456692913
11
5.1071170078740158
21
-3.342148346456693
0
LINE
8
BLACK
6
CONTINUOUS
10
5.1071170078740158
20
-3.342148346456693
11
5.1165425196850389
21
-3.3521388188976378
0
LINE
8
BLACK
6
CONTINUOUS
10
5.1165425196850389
20
-3.3521388188976378
11
5.1247444881889761
21
-3.3631559842519683
0
LINE
8
BLACK
6
CONTINUOUS
10
5.1247444881889761
20
-3.3631559842519683
11
5.1316120078740157
21
-3.3750508267716532
0
LINE
8
BLACK
6
CONTINUOUS
10
5.1316120078740157
20
-3.3750508267716532
11
5.1370521653543308
21
-3.3876625590551179
0
LINE
8
BLACK
6
CONTINUOUS
10
5.1370521653543308
20
-3.3876625590551179
11
5.1409914173228346
21
-3.4008205118110237
0
LINE
8
BLACK
6
CONTINUOUS
10
5.1409914173228346
20
-3.4008205118110237
11
5.1433764566929137
21
-3.4143468503937009
0
LINE
8
BLACK
6
CONTINUOUS
10
5.1433764566929137
20
-3.4143468503937009
11
5.1441750787401572
21
-3.428058622047244
0
LINE
8
BLACK
6
CONTINUOUS
10
5.1441750787401572
20
-3.428058622047244
11
5.1433764566929137
21
-3.4417703937007875
0
LINE
8
BLACK
6
CONTINUOUS
10
5.1433764566929137
20
-3.4417703937007875
11
5.1409914173228346
21
-3.4552967322834647
0
LINE
8
BLACK
6
CONTINUOUS
10
5.1409914173228346
20
-3.4552967322834647
11
5.1370521653543308
21
-3.46845468503937
0
LINE
8
BLACK
6
CONTINUOUS
10
5.1370521653543308
20
-3.46845468503937
11
5.1316120078740157
21
-3.4810664173228347
0
LINE
8
BLACK
6
CONTINUOUS
10
5.1316120078740157
20
-3.4810664173228347
11
5.1247444881889761
21
-3.4929612598425197
0
LINE
8
BLACK
6
CONTINUOUS
10
5.1247444881889761
20
-3.4929612598425197
11
5.1165425196850389
21
-3.5039784251968502
0
LINE
8
BLACK
6
CONTINUOUS
10
5.1165425196850389
20
-3.5039784251968502
11
5.1071170078740158
21
-3.5139688976377954
0
LINE
8
BLACK
6
CONTINUOUS
10
5.1071170078740158
20
-3.5139688976377954
11
5.0965953937007873
21
-3.5227975984251967
0
LINE
8
BLACK
6
CONTINUOUS
10
5.0965953937007873
20
-3.5227975984251967
11
5.0851199606299211
21
-3.5303450787401576
0
LINE
8
BLACK
6
CONTINUOUS
10
5.0851199606299211
20
-3.5303450787401576
11
5.0728459055118105
21
-3.5365093307086615
0
LINE
8
BLACK
6
CONTINUOUS
10
5.0728459055118105
20
-3.5365093307086615
11
5.0599392519685038
21
-3.5412070078740157
0
LINE
8
BLACK
6
CONTINUOUS
10
5.0599392519685038
20
-3.5412070078740157
11
5.046574488188976
21
-3.5443744881889763
0
LINE
8
BLACK
6
CONTINUOUS
10
5.046574488188976
20
-3.5443744881889763
11
5.0329323228346459
21
-3.5459690157480313
0
LINE
8
BLACK
6
CONTINUOUS
10
5.0329323228346459
20
-3.5459690157480313
11
5.0191973622047241
21
-3.5459690157480313
0
LINE
8
BLACK
6
CONTINUOUS
10
5.0191973622047241
20
-3.5459690157480313
11
5.005555196850394
21
-3.5443744881889763
0
LINE
8
BLACK
6
CONTINUOUS
10
5.005555196850394
20
-3.5443744881889763
11
4.9921904330708662
21
-3.5412070078740157
0
LINE
8
BLACK
6
CONTINUOUS
10
4.9921904330708662
20
-3.5412070078740157
11
4.9792837795275586
21
-3.5365093307086615
0
LINE
8
BLACK
6
CONTINUOUS
10
4.9792837795275586
20
-3.5365093307086615
11
4.9670097244094489
21
-3.5303450787401576
0
LINE
8
BLACK
6
CONTINUOUS
10
4.9670097244094489
20
-3.5303450787401576
11
4.9555342913385827
21
-3.5227975984251967
0
LINE
8
BLACK
6
CONTINUOUS
10
4.9555342913385827
20
-3.5227975984251967
11
4.9450126771653542
21
-3.5139688976377954
0
LINE
8
BLACK
6
CONTINUOUS
10
4.9450126771653542
20
-3.5139688976377954
11
4.9355871653543302
21
-3.5039784251968502
0
LINE
8
BLACK
6
CONTINUOUS
10
4.9355871653543302
20
-3.5039784251968502
11
4.9273851968503939
21
-3.4929612598425197
0
LINE
8
BLACK
6
CONTINUOUS
10
4.9273851968503939
20
-3.4929612598425197
11
4.9205176771653543
21
-3.4810664173228347
0
LINE
8
BLACK
6
CONTINUOUS
10
4.9205176771653543
20
-3.4810664173228347
11
4.9150775196850391
21
-3.46845468503937
0
LINE
8
BLACK
6
CONTINUOUS
10
4.9150775196850391
20
-3.46845468503937
11
4.9111382677165354
21
-3.4552967322834647
0
LINE
8
BLACK
6
CONTINUOUS
10
4.9111382677165354
20
-3.4552967322834647
11
4.9087532283464563
21
-3.4417703937007875
0
LINE
8
BLACK
6
CONTINUOUS
10
4.9087532283464563
20
-3.4417703937007875
11
4.9079546062992128
21
-3.428058622047244
0
LINE
8
BLACK
6
CONTINUOUS
10
4.9079546062992128
20
-3.428058622047244
11
4.9087532283464563
21
-3.4143468503937009
0
LINE
8
BLACK
6
CONTINUOUS
10
4.9087532283464563
20
-3.4143468503937009
11
4.9111382677165354
21
-3.4008205118110237
0
LINE
8
BLACK
6
CONTINUOUS
10
4.9111382677165354
20
-3.4008205118110237
11
4.9150775196850391
21
-3.3876625590551179
0
LINE
8
BLACK
6
CONTINUOUS
10
4.9150775196850391
20
-3.3876625590551179
11
4.9205176771653543
21
-3.3750508267716532
0
LINE
8
BLACK
6
CONTINUOUS
10
4.9205176771653543
20
-3.3750508267716532
11
4.9273851968503939
21
-3.3631559842519683
0
LINE
8
BLACK
6
CONTINUOUS
10
4.9273851968503939
20
-3.3631559842519683
11
4.9355871653543302
21
-3.3521388188976378
0
LINE
8
BLACK
6
CONTINUOUS
10
4.9355871653543302
20
-3.3521388188976378
11
4.9450126771653542
21
-3.342148346456693
0
LINE
8
BLACK
6
CONTINUOUS
10
4.9450126771653542
20
-3.342148346456693
11
4.9555342913385827
21
-3.3333196456692913
0
LINE
8
BLACK
6
CONTINUOUS
10
4.9555342913385827
20
-3.3333196456692913
11
4.9670097244094489
21
-3.3257721653543308
0
LINE
8
BLACK
6
CONTINUOUS
10
4.9670097244094489
20
-3.3257721653543308
11
4.9792837795275586
21
-3.3196079133858265
0
LINE
8
BLACK
6
CONTINUOUS
10
4.9792837795275586
20
-3.3196079133858265
11
4.9921904330708662
21
-3.3149102362204723
0
LINE
8
BLACK
6
CONTINUOUS
10
4.9921904330708662
20
-3.3149102362204723
11
5.005555196850394
21
-3.3117427559055117
0
LINE
8
BLACK
6
CONTINUOUS
10
5.005555196850394
20
-3.3117427559055117
11
5.0191973622047241
21
-3.3101482283464567
0
LINE
8
BLACK
6
CONTINUOUS
10
5.0191973622047241
20
-3.3101482283464567
11
5.0329323228346459
21
-3.3101482283464567
0
LINE
8
BLACK
6
CONTINUOUS
10
5.0329323228346459
20
-3.3101482283464567
11
5.046574488188976
21
-3.3117427559055117
0
LINE
8
BLACK
6
CONTINUOUS
10
7.046574488188976
20
-3.3117427559055117
11
7.0599392519685038
21
-3.3149102362204723
0
LINE
8
BLACK
6
CONTINUOUS
10
7.0599392519685038
20
-3.3149102362204723
11
7.0728459055118105
21
-3.3196079133858265
0
LINE
8
BLACK
6
CONTINUOUS
10
7.0728459055118105
20
-3.3196079133858265
11
7.0851199606299211
21
-3.3257721653543308
0
LINE
8
BLACK
6
CONTINUOUS
10
7.0851199606299211
20
-3.3257721653543308
11
7.0965953937007873
21
-3.3333196456692913
0
LINE
8
BLACK
6
CONTINUOUS
10
7.0965953937007873
20
-3.3333196456692913
11
7.1071170078740158
21
-3.342148346456693
0
LINE
8
BLACK
6
CONTINUOUS
10
7.1071170078740158
20
-3.342148346456693
11
7.1165425196850389
21
-3.3521388188976378
0
LINE
8
BLACK
6
CONTINUOUS
10
7.1165425196850389
20
-3.3521388188976378
11
7.1247444881889761
21
-3.3631559842519683
0
LINE
8
BLACK
6
CONTINUOUS
10
7.1247444881889761
20
-3.3631559842519683
11
7.1316120078740157
21
-3.3750508267716532
0
LINE
8
BLACK
6
CONTINUOUS
10
7.1316120078740157
20
-3.3750508267716532
11
7.1370521653543308
21
-3.3876625590551179
0
LINE
8
BLACK
6
CONTINUOUS
10
7.1370521653543308
20
-3.3876625590551179
11
7.1409914173228346
21
-3.4008205118110237
0
LINE
8
BLACK
6
CONTINUOUS
10
7.1409914173228346
20
-3.4008205118110237
11
7.1433764566929137
21
-3.4143468503937009
0
LINE
8
BLACK
6
CONTINUOUS
10
7.1433764566929137
20
-3.4143468503937009
11
7.1441750787401572
21
-3.428058622047244
0
LINE
8
BLACK
6
CONTINUOUS
10
7.1441750787401572
20
-3.428058622047244
11
7.1433764566929137
21
-3.4417703937007875
0
LINE
8
BLACK
6
CONTINUOUS
10
7.1433764566929137
20
-3.4417703937007875
11
7.1409914173228346
21
-3.4552967322834647
0
LINE
8
BLACK
6
CONTINUOUS
10
7.1409914173228346
20
-3.4552967322834647
11
7.1370521653543308
21
-3.46845468503937
0
LINE
8
BLACK
6
CONTINUOUS
10
7.1370521653543308
20
-3.46845468503937
11
7.1316120078740157
21
-3.4810664173228347
0
LINE
8
BLACK
6
CONTINUOUS
10
7.1316120078740157
20
-3.4810664173228347
11
7.1247444881889761
21
-3.4929612598425197
0
LINE
8
BLACK
6
CONTINUOUS
10
7.1247444881889761
20
-3.4929612598425197
11
7.1165425196850389
21
-3.5039784251968502
0
LINE
8
BLACK
6
CONTINUOUS
10
7.1165425196850389
20
-3.5039784251968502
11
7.1071170078740158
21
-3.5139688976377954
0
LINE
8
BLACK
6
CONTINUOUS
10
7.1071170078740158
20
-3.5139688976377954
11
7.0965953937007873
21
-3.5227975984251967
0
LINE
8
BLACK
6
CONTINUOUS
10
7.0965953937007873
20
-3.5227975984251967
11
7.0851199606299211
21
-3.5303450787401576
0
LINE
8
BLACK
6
CONTINUOUS
10
7.0851199606299211
20
-3.5303450787401576
11
7.0728459055118105
21
-3.5365093307086615
0
LINE
8
BLACK
6
CONTINUOUS
10
7.0728459055118105
20
-3.5365093307086615
11
7.0599392519685038
21
-3.5412070078740157
0
LINE
8
BLACK
6
CONTINUOUS
10
7.0599392519685038
20
-3.5412070078740157
11
7.046574488188976
21
-3.5443744881889763
0
LINE
8
BLACK
6
CONTINUOUS
10
7.046574488188976
20
-3.5443744881889763
11
7.0329323228346459
21
-3.5459690157480313
0
LINE
8
BLACK
6
CONTINUOUS
10
7.0329323228346459
20
-3.5459690157480313
11
7.0191973622047241
21
-3.5459690157480313
0
LINE
8
BLACK
6
CONTINUOUS
10
7.0191973622047241
20
-3.5459690157480313
11
7.005555196850394
21
-3.5443744881889763
0
LINE
8
BLACK
6
CONTINUOUS
10
7.005555196850394
20
-3.5443744881889763
11
6.9921904330708662
21
-3.5412070078740157
0
LINE
8
BLACK
6
CONTINUOUS
10
6.9921904330708662
20
-3.5412070078740157
11
6.9792837795275586
21
-3.5365093307086615
0
LINE
8
BLACK
6
CONTINUOUS
10
6.9792837795275586
20
-3.5365093307086615
11
6.9670097244094489
21
-3.5303450787401576
0
LINE
8
BLACK
6
CONTINUOUS
10
6.9670097244094489
20
-3.5303450787401576
11
6.9555342913385827
21
-3.5227975984251967
0
LINE
8
BLACK
6
CONTINUOUS
10
6.9555342913385827
20
-3.5227975984251967
11
6.9450126771653542
21
-3.5139688976377954
0
LINE
8
BLACK
6
CONTINUOUS
10
6.9450126771653542
20
-3.5139688976377954
11
6.9355871653543302
21
-3.5039784251968502
0
LINE
8
BLACK
6
CONTINUOUS
10
6.9355871653543302
20
-3.5039784251968502
11
6.9273851968503939
21
-3.4929612598425197
0
LINE
8
BLACK
6
CONTINUOUS
10
6.9273851968503939
20
-3.4929612598425197
11
6.9205176771653543
21
-3.4810664173228347
0
LINE
8
BLACK
6
CONTINUOUS
10
6.9205176771653543
20
-3.4810664173228347
11
6.9150775196850391
21
-3.46845468503937
0
LINE
8
BLACK
6
CONTINUOUS
10
6.9150775196850391
20
-3.46845468503937
11
6.9111382677165354
21
-3.4552967322834647
0
LINE
8
BLACK
6
CONTINUOUS
10
6.9111382677165354
20
-3.4552967322834647
11
6.9087532283464563
21
-3.4417703937007875
0
LINE
8
BLACK
6
CONTINUOUS
10
6.9087532283464563
20
-3.4417703937007875
11
6.9079546062992128
21
-3.428058622047244
0
LINE
8
BLACK
6
CONTINUOUS
10
6.9079546062992128
20
-3.428058622047244
11
6.9087532283464563
21
-3.4143468503937009
0
LINE
8
BLACK
6
CONTINUOUS
10
6.9087532283464563
20
-3.4143468503937009
11
6.9111382677165354
21
-3.4008205118110237
0
LINE
8
BLACK
6
CONTINUOUS
10
6.9111382677165354
20
-3.4008205118110237
11
6.9150775196850391
21
-3.3876625590551179
0
LINE
8
BLACK
6
CONTINUOUS
10
6.9150775196850391
20
-3.3876625590551179
11
6.9205176771653543
21
-3.3750508267716532
0
LINE
8
BLACK
6
CONTINUOUS
10
6.9205176771653543
20
-3.3750508267716532
11
6.9273851968503939
21
-3.3631559842519683
0
LINE
8
BLACK
6
CONTINUOUS
10
6.9273851968503939
20
-3.3631559842519683
11
6.9355871653543302
21
-3.3521388188976378
0
LINE
8
BLACK
6
CONTINUOUS
10
6.9355871653543302
20
-3.3521388188976378
11
6.9450126771653542
21
-3.342148346456693
0
LINE
8
BLACK
6
CONTINUOUS
10
6.9450126771653542
20
-3.342148346456693
11
6.9555342913385827
21
-3.3333196456692913
0
LINE
8
BLACK
6
CONTINUOUS
10
6.9555342913385827
20
-3.3333196456692913
11
6.9670097244094489
21
-3.3257721653543308
0
LINE
8
BLACK
6
CONTINUOUS
10
6.9670097244094489
20
-3.3257721653543308
11
6.9792837795275586
21
-3.3196079133858265
0
LINE
8
BLACK
6
CONTINUOUS
10
6.9792837795275586
20
-3.3196079133858265
11
6.9921904330708662
21
-3.3149102362204723
0
LINE
8
BLACK
6
CONTINUOUS
10
6.9921904330708662
20
-3.3149102362204723
11
7.005555196850394
21
-3.3117427559055117
0
LINE
8
BLACK
6
CONTINUOUS
10
7.005555196850394
20
-3.3117427559055117
11
7.0191973622047241
21
-3.3101482283464567
0
LINE
8
BLACK
6
CONTINUOUS
10
7.0191973622047241
20
-3.3101482283464567
11
7.0329323228346459
21
-3.3101482283464567
0
LINE
8
BLACK
6
CONTINUOUS
10
7.0329323228346459
20
-3.3101482283464567
11
7.046574488188976
21
-3.3117427559055117
0
LINE
8
BLACK
6
CONTINUOUS
10
6.2935648425196851
20
-3.5355586220472439
11
6.2385648425196845
21
-3.5355586220472439
0
LINE
8
BLACK
6
CONTINUOUS
10
6.2385648425196845
20
-3.5355586220472439
11
6.2385648425196845
21
-3.5005586220472442
0
LINE
8
BLACK
6
CONTINUOUS
10
6.2385648425196845
20
-3.5005586220472442
11
6.2935648425196851
21
-3.5005586220472442
0
LINE
8
BLACK
6
CONTINUOUS
10
6.2935648425196851
20
-3.5005586220472442
11
6.2935648425196851
21
-3.5355586220472439
0
LINE
8
BLACK
6
CONTINUOUS
10
5.3035648425196849
20
-3.533058622047244
11
5.2485648425196851
21
-3.533058622047244
0
LINE
8
BLACK
6
CONTINUOUS
10
5.2485648425196851
20
-3.533058622047244
11
5.2485648425196851
21
-3.4980586220472438
0
LINE
8
BLACK
6
CONTINUOUS
10
5.2485648425196851
20
-3.4980586220472438
11
5.3035648425196849
21
-3.4980586220472438
0
LINE
8
BLACK
6
CONTINUOUS
10
5.3035648425196849
20
-3.4980586220472438
11
5.3035648425196849
21
-3.533058622047244
0
LINE
8
BLACK
6
CONTINUOUS
10
5.4035648425196845
20
-3.533058622047244
11
5.3485648425196848
21
-3.533058622047244
0
LINE
8
BLACK
6
CONTINUOUS
10
5.3485648425196848
20
-3.533058622047244
11
5.3485648425196848
21
-3.4980586220472438
0
LINE
8
BLACK
6
CONTINUOUS
10
5.3485648425196848
20
-3.4980586220472438
11
5.4035648425196845
21
-3.4980586220472438
0
LINE
8
BLACK
6
CONTINUOUS
10
5.4035648425196845
20
-3.4980586220472438
11
5.4035648425196845
21
-3.533058622047244
0
LINE
8
BLACK
6
CONTINUOUS
10
5.503564842519685
20
-3.533058622047244
11
5.4485648425196853
21
-3.533058622047244
0
LINE
8
BLACK
6
CONTINUOUS
10
5.4485648425196853
20
-3.533058622047244
11
5.4485648425196853
21
-3.4980586220472438
0
LINE
8
BLACK
6
CONTINUOUS
10
5.4485648425196853
20
-3.4980586220472438
11
5.503564842519685
21
-3.4980586220472438
0
LINE
8
BLACK
6
CONTINUOUS
10
5.503564842519685
20
-3.4980586220472438
11
5.503564842519685
21
-3.533058622047244
0
LINE
8
BLACK
6
CONTINUOUS
10
5.6035648425196847
20
-3.533058622047244
11
5.548564842519685
21
-3.533058622047244
0
LINE
8
BLACK
6
CONTINUOUS
10
5.548564842519685
20
-3.533058622047244
11
5.548564842519685
21
-3.4980586220472438
0
LINE
8
BLACK
6
CONTINUOUS
10
5.548564842519685
20
-3.4980586220472438
11
5.6035648425196847
21
-3.4980586220472438
0
LINE
8
BLACK
6
CONTINUOUS
10
5.6035648425196847
20
-3.4980586220472438
11
5.6035648425196847
21
-3.533058622047244
0
LINE
8
BLACK
6
CONTINUOUS
10
5.7035648425196852
20
-3.533058622047244
11
5.6485648425196846
21
-3.533058622047244
0
LINE
8
BLACK
6
CONTINUOUS
10
5.6485648425196846
20
-3.533058622047244
11
5.6485648425196846
21
-3.4980586220472438
0
LINE
8
BLACK
6
CONTINUOUS
10
5.6485648425196846
20
-3.4980586220472438
11
5.7035648425196852
21
-3.4980586220472438
0
LINE
8
BLACK
6
CONTINUOUS
10
5.7035648425196852
20
-3.4980586220472438
11
5.7035648425196852
21
-3.533058622047244
0
LINE
8
BLACK
6
CONTINUOUS
10
5.8035648425196849
20
-3.533058622047244
11
5.7485648425196851
21
-3.533058622047244
0
LINE
8
BLACK
6
CONTINUOUS
10
5.7485648425196851
20
-3.533058622047244
11
5.7485648425196851
21
-3.4980586220472438
0
LINE
8
BLACK
6
CONTINUOUS
10
5.7485648425196851
20
-3.4980586220472438
11
5.8035648425196849
21
-3.4980586220472438
0
LINE
8
BLACK
6
CONTINUOUS
10
5.8035648425196849
20
-3.4980586220472438
11
5.8035648425196849
21
-3.533058622047244
0
LINE
8
BLACK
6
CONTINUOUS
10
5.9035648425196845
20
-3.533058622047244
11
5.8485648425196848
21
-3.533058622047244
0
LINE
8
BLACK
6
CONTINUOUS
10
5.8485648425196848
20
-3.533058622047244
11
5.8485648425196848
21
-3.4980586220472438
0
LINE
8
BLACK
6
CONTINUOUS
10
5.8485648425196848
20
-3.4980586220472438
11
5.9035648425196845
21
-3.4980586220472438
0
LINE
8
BLACK
6
CONTINUOUS
10
5.9035648425196845
20
-3.4980586220472438
11
5.9035648425196845
21
-3.533058622047244
0
LINE
8
BLACK
6
CONTINUOUS
10
5.9785648425196847
20
-3.533058622047244
11
5.923564842519685
21
-3.533058622047244
0
LINE
8
BLACK
6
CONTINUOUS
10
5.923564842519685
20
-3.533058622047244
11
5.923564842519685
21
-3.4980586220472438
0
LINE
8
BLACK
6
CONTINUOUS
10
5.923564842519685
20
-3.4980586220472438
11
5.9785648425196847
21
-3.4980586220472438
0
LINE
8
BLACK
6
CONTINUOUS
10
5.9785648425196847
20
-3.4980586220472438
11
5.9785648425196847
21
-3.533058622047244
0
LINE
8
BLACK
6
CONTINUOUS
10
6.0535648425196849
20
-3.533058622047244
11
5.9985648425196851
21
-3.533058622047244
0
LINE
8
BLACK
6
CONTINUOUS
10
5.9985648425196851
20
-3.533058622047244
11
5.9985648425196851
21
-3.4980586220472438
0
LINE
8
BLACK
6
CONTINUOUS
10
5.9985648425196851
20
-3.4980586220472438
11
6.0535648425196849
21
-3.4980586220472438
0
LINE
8
BLACK
6
CONTINUOUS
10
6.0535648425196849
20
-3.4980586220472438
11
6.0535648425196849
21
-3.533058622047244
0
LINE
8
BLACK
6
CONTINUOUS
10
6.1335648425196849
20
-3.530558622047244
11
6.0785648425196852
21
-3.530558622047244
0
LINE
8
BLACK
6
CONTINUOUS
10
6.0785648425196852
20
-3.530558622047244
11
6.0785648425196852
21
-3.4955586220472439
0
LINE
8
BLACK
6
CONTINUOUS
10
6.0785648425196852
20
-3.4955586220472439
11
6.1335648425196849
21
-3.4955586220472439
0
LINE
8
BLACK
6
CONTINUOUS
10
6.1335648425196849
20
-3.4955586220472439
11
6.1335648425196849
21
-3.530558622047244
0
LINE
8
BLACK
6
CONTINUOUS
10
5.3060648425196852
20
-3.4580586220472442
11
5.2460648425196847
21
-3.4580586220472442
0
LINE
8
BLACK
6
CONTINUOUS
10
5.2460648425196847
20
-3.4580586220472442
11
5.2460648425196847
21
-3.3980586220472442
0
LINE
8
BLACK
6
CONTINUOUS
10
5.2460648425196847
20
-3.3980586220472442
11
5.3060648425196852
21
-3.3980586220472442
0
LINE
8
BLACK
6
CONTINUOUS
10
5.3060648425196852
20
-3.3980586220472442
11
5.3060648425196852
21
-3.4580586220472442
0
LINE
8
BLACK
6
CONTINUOUS
10
5.4060648425196849
20
-3.4580586220472442
11
5.3460648425196853
21
-3.4580586220472442
0
LINE
8
BLACK
6
CONTINUOUS
10
5.3460648425196853
20
-3.4580586220472442
11
5.3460648425196853
21
-3.3980586220472442
0
LINE
8
BLACK
6
CONTINUOUS
10
5.3460648425196853
20
-3.3980586220472442
11
5.4060648425196849
21
-3.3980586220472442
0
LINE
8
BLACK
6
CONTINUOUS
10
5.4060648425196849
20
-3.3980586220472442
11
5.4060648425196849
21
-3.4580586220472442
0
LINE
8
BLACK
6
CONTINUOUS
10
5.5060648425196845
20
-3.4580586220472442
11
5.4460648425196849
21
-3.4580586220472442
0
LINE
8
BLACK
6
CONTINUOUS
10
5.4460648425196849
20
-3.4580586220472442
11
5.4460648425196849
21
-3.3980586220472442
0
LINE
8
BLACK
6
CONTINUOUS
10
5.4460648425196849
20
-3.3980586220472442
11
5.5060648425196845
21
-3.3980586220472442
0
LINE
8
BLACK
6
CONTINUOUS
10
5.5060648425196845
20
-3.3980586220472442
11
5.5060648425196845
21
-3.4580586220472442
0
LINE
8
BLACK
6
CONTINUOUS
10
5.6060648425196851
20
-3.4580586220472442
11
5.5460648425196846
21
-3.4580586220472442
0
LINE
8
BLACK
6
CONTINUOUS
10
5.5460648425196846
20
-3.4580586220472442
11
5.5460648425196846
21
-3.3980586220472442
0
LINE
8
BLACK
6
CONTINUOUS
10
5.5460648425196846
20
-3.3980586220472442
11
5.6060648425196851
21
-3.3980586220472442
0
LINE
8
BLACK
6
CONTINUOUS
10
5.6060648425196851
20
-3.3980586220472442
11
5.6060648425196851
21
-3.4580586220472442
0
LINE
8
BLACK
6
CONTINUOUS
10
5.7060648425196847
20
-3.4580586220472442
11
5.6460648425196851
21
-3.4580586220472442
0
LINE
8
BLACK
6
CONTINUOUS
10
5.6460648425196851
20
-3.4580586220472442
11
5.6460648425196851
21
-3.3980586220472442
0
LINE
8
BLACK
6
CONTINUOUS
10
5.6460648425196851
20
-3.3980586220472442
11
5.7060648425196847
21
-3.3980586220472442
0
LINE
8
BLACK
6
CONTINUOUS
10
5.7060648425196847
20
-3.3980586220472442
11
5.7060648425196847
21
-3.4580586220472442
0
LINE
8
BLACK
6
CONTINUOUS
10
5.8060648425196852
20
-3.4580586220472442
11
5.7460648425196847
21
-3.4580586220472442
0
LINE
8
BLACK
6
CONTINUOUS
10
5.7460648425196847
20
-3.4580586220472442
11
5.7460648425196847
21
-3.3980586220472442
0
LINE
8
BLACK
6
CONTINUOUS
10
5.7460648425196847
20
-3.3980586220472442
11
5.8060648425196852
21
-3.3980586220472442
0
LINE
8
BLACK
6
CONTINUOUS
10
5.8060648425196852
20
-3.3980586220472442
11
5.8060648425196852
21
-3.4580586220472442
0
LINE
8
BLACK
6
CONTINUOUS
10
5.9060648425196849
20
-3.4580586220472442
11
5.8460648425196853
21
-3.4580586220472442
0
LINE
8
BLACK
6
CONTINUOUS
10
5.8460648425196853
20
-3.4580586220472442
11
5.8460648425196853
21
-3.3980586220472442
0
LINE
8
BLACK
6
CONTINUOUS
10
5.8460648425196853
20
-3.3980586220472442
11
5.9060648425196849
21
-3.3980586220472442
0
LINE
8
BLACK
6
CONTINUOUS
10
5.9060648425196849
20
-3.3980586220472442
11
5.9060648425196849
21
-3.4580586220472442
0
LINE
8
BLACK
6
CONTINUOUS
10
6.0060648425196845
20
-3.4580586220472442
11
5.9460648425196849
21
-3.4580586220472442
0
LINE
8
BLACK
6
CONTINUOUS
10
5.9460648425196849
20
-3.4580586220472442
11
5.9460648425196849
21
-3.3980586220472442
0
LINE
8
BLACK
6
CONTINUOUS
10
5.9460648425196849
20
-3.3980586220472442
11
6.0060648425196845
21
-3.3980586220472442
0
LINE
8
BLACK
6
CONTINUOUS
10
6.0060648425196845
20
-3.3980586220472442
11
6.0060648425196845
21
-3.4580586220472442
0
LINE
8
BLACK
6
CONTINUOUS
10
6.1060648425196851
20
-3.4580586220472442
11
6.0460648425196846
21
-3.4580586220472442
0
LINE
8
BLACK
6
CONTINUOUS
10
6.0460648425196846
20
-3.4580586220472442
11
6.0460648425196846
21
-3.3980586220472442
0
LINE
8
BLACK
6
CONTINUOUS
10
6.0460648425196846
20
-3.3980586220472442
11
6.1060648425196851
21
-3.3980586220472442
0
LINE
8
BLACK
6
CONTINUOUS
10
6.1060648425196851
20
-3.3980586220472442
11
6.1060648425196851
21
-3.4580586220472442
0
LINE
8
BLACK
6
CONTINUOUS
10
6.213564842519685
20
-3.4555586220472438
11
6.1585648425196853
21
-3.4555586220472438
0
LINE
8
BLACK
6
CONTINUOUS
10
6.1585648425196853
20
-3.4555586220472438
11
6.1585648425196853
21
-3.4205586220472441
0
LINE
8
BLACK
6
CONTINUOUS
10
6.1585648425196853
20
-3.4205586220472441
11
6.213564842519685
21
-3.4205586220472441
0
LINE
8
BLACK
6
CONTINUOUS
10
6.213564842519685
20
-3.4205586220472441
11
6.213564842519685
21
-3.4555586220472438
0
LINE
8
BLACK
6
CONTINUOUS
10
6.213564842519685
20
-3.3805586220472441
11
6.1585648425196853
21
-3.3805586220472441
0
LINE
8
BLACK
6
CONTINUOUS
10
6.1585648425196853
20
-3.3805586220472441
11
6.1585648425196853
21
-3.345558622047244
0
LINE
8
BLACK
6
CONTINUOUS
10
6.1585648425196853
20
-3.345558622047244
11
6.213564842519685
21
-3.345558622047244
0
LINE
8
BLACK
6
CONTINUOUS
10
6.213564842519685
20
-3.345558622047244
11
6.213564842519685
21
-3.3805586220472441
0
LINE
8
BLACK
6
CONTINUOUS
10
5.3060648425196852
20
-3.3580586220472441
11
5.2460648425196847
21
-3.3580586220472441
0
LINE
8
BLACK
6
CONTINUOUS
10
5.2460648425196847
20
-3.3580586220472441
11
5.2460648425196847
21
-3.2980586220472441
0
LINE
8
BLACK
6
CONTINUOUS
10
5.2460648425196847
20
-3.2980586220472441
11
5.3060648425196852
21
-3.2980586220472441
0
LINE
8
BLACK
6
CONTINUOUS
10
5.3060648425196852
20
-3.2980586220472441
11
5.3060648425196852
21
-3.3580586220472441
0
LINE
8
BLACK
6
CONTINUOUS
10
5.4060648425196849
20
-3.3580586220472441
11
5.3460648425196853
21
-3.3580586220472441
0
LINE
8
BLACK
6
CONTINUOUS
10
5.3460648425196853
20
-3.3580586220472441
11
5.3460648425196853
21
-3.2980586220472441
0
LINE
8
BLACK
6
CONTINUOUS
10
5.3460648425196853
20
-3.2980586220472441
11
5.4060648425196849
21
-3.2980586220472441
0
LINE
8
BLACK
6
CONTINUOUS
10
5.4060648425196849
20
-3.2980586220472441
11
5.4060648425196849
21
-3.3580586220472441
0
LINE
8
BLACK
6
CONTINUOUS
10
5.5060648425196845
20
-3.3580586220472441
11
5.4460648425196849
21
-3.3580586220472441
0
LINE
8
BLACK
6
CONTINUOUS
10
5.4460648425196849
20
-3.3580586220472441
11
5.4460648425196849
21
-3.2980586220472441
0
LINE
8
BLACK
6
CONTINUOUS
10
5.4460648425196849
20
-3.2980586220472441
11
5.5060648425196845
21
-3.2980586220472441
0
LINE
8
BLACK
6
CONTINUOUS
10
5.5060648425196845
20
-3.2980586220472441
11
5.5060648425196845
21
-3.3580586220472441
0
LINE
8
BLACK
6
CONTINUOUS
10
5.6060648425196851
20
-3.3580586220472441
11
5.5460648425196846
21
-3.3580586220472441
0
LINE
8
BLACK
6
CONTINUOUS
10
5.5460648425196846
20
-3.3580586220472441
11
5.5460648425196846
21
-3.2980586220472441
0
LINE
8
BLACK
6
CONTINUOUS
10
5.5460648425196846
20
-3.2980586220472441
11
5.6060648425196851
21
-3.2980586220472441
0
LINE
8
BLACK
6
CONTINUOUS
10
5.6060648425196851
20
-3.2980586220472441
11
5.6060648425196851
21
-3.3580586220472441
0
LINE
8
BLACK
6
CONTINUOUS
10
5.7060648425196847
20
-3.3580586220472441
11
5.6460648425196851
21
-3.3580586220472441
0
LINE
8
BLACK
6
CONTINUOUS
10
5.6460648425196851
20
-3.3580586220472441
11
5.6460648425196851
21
-3.2980586220472441
0
LINE
8
BLACK
6
CONTINUOUS
10
5.6460648425196851
20
-3.2980586220472441
11
5.7060648425196847
21
-3.2980586220472441
0
LINE
8
BLACK
6
CONTINUOUS
10
5.7060648425196847
20
-3.2980586220472441
11
5.7060648425196847
21
-3.3580586220472441
0
LINE
8
BLACK
6
CONTINUOUS
10
5.8060648425196852
20
-3.3580586220472441
11
5.7460648425196847
21
-3.3580586220472441
0
LINE
8
BLACK
6
CONTINUOUS
10
5.7460648425196847
20
-3.3580586220472441
11
5.7460648425196847
21
-3.2980586220472441
0
LINE
8
BLACK
6
CONTINUOUS
10
5.7460648425196847
20
-3.2980586220472441
11
5.8060648425196852
21
-3.2980586220472441
0
LINE
8
BLACK
6
CONTINUOUS
10
5.8060648425196852
20
-3.2980586220472441
11
5.8060648425196852
21
-3.3580586220472441
0
LINE
8
BLACK
6
CONTINUOUS
10
5.9060648425196849
20
-3.3580586220472441
11
5.8460648425196853
21
-3.3580586220472441
0
LINE
8
BLACK
6
CONTINUOUS
10
5.8460648425196853
20
-3.3580586220472441
11
5.8460648425196853
21
-3.2980586220472441
0
LINE
8
BLACK
6
CONTINUOUS
10
5.8460648425196853
20
-3.2980586220472441
11
5.9060648425196849
21
-3.2980586220472441
0
LINE
8
BLACK
6
CONTINUOUS
10
5.9060648425196849
20
-3.2980586220472441
11
5.9060648425196849
21
-3.3580586220472441
0
LINE
8
BLACK
6
CONTINUOUS
10
6.0060648425196845
20
-3.3580586220472441
11
5.9460648425196849
21
-3.3580586220472441
0
LINE
8
BLACK
6
CONTINUOUS
10
5.9460648425196849
20
-3.3580586220472441
11
5.9460648425196849
21
-3.2980586220472441
0
LINE
8
BLACK
6
CONTINUOUS
10
5.9460648425196849
20
-3.2980586220472441
11
6.0060648425196845
21
-3.2980586220472441
0
LINE
8
BLACK
6
CONTINUOUS
10
6.0060648425196845
20
-3.2980586220472441
11
6.0060648425196845
21
-3.3580586220472441
0
LINE
8
BLACK
6
CONTINUOUS
10
6.1060648425196851
20
-3.3580586220472441
11
6.0460648425196846
21
-3.3580586220472441
0
LINE
8
BLACK
6
CONTINUOUS
10
6.0460648425196846
20
-3.3580586220472441
11
6.0460648425196846
21
-3.2980586220472441
0
LINE
8
BLACK
6
CONTINUOUS
10
6.0460648425196846
20
-3.2980586220472441
11
6.1060648425196851
21
-3.2980586220472441
0
LINE
8
BLACK
6
CONTINUOUS
10
6.1060648425196851
20
-3.2980586220472441
11
6.1060648425196851
21
-3.3580586220472441
  0
ENDSEC
  0
EOF
